{"sha":"0003b2324bc8b5c59d868549070bf26e195786f2","commit":{"author":{"name":"Vitalii Parfonov","email":"vparfonov@codenvy.com","date":"2016-10-05T15:41:00Z"},"committer":{"name":"GitHub","email":"noreply@github.com","date":"2016-10-05T15:41:00Z"},"message":"che#2608: added vfs exlude filters, small vfs watcher fix, improved project tree changes detection algorithm (#2713)\n\nSigned-off-by: Dmitry Kuleshov <dkuleshov@codenvy.com>","tree":{"sha":"27846a47da9428bd7f99c23d483c38a9dd788405","url":"https://api.github.com/repos/eclipse/che/git/trees/27846a47da9428bd7f99c23d483c38a9dd788405"},"url":"https://api.github.com/repos/eclipse/che/git/commits/0003b2324bc8b5c59d868549070bf26e195786f2","comment_count":0,"verification":{"verified":false,"reason":"unsigned","signature":null,"payload":null}},"url":"https://api.github.com/repos/eclipse/che/commits/0003b2324bc8b5c59d868549070bf26e195786f2","html_url":"https://github.com/eclipse/che/commit/0003b2324bc8b5c59d868549070bf26e195786f2","comments_url":"https://api.github.com/repos/eclipse/che/commits/0003b2324bc8b5c59d868549070bf26e195786f2/comments","author":{"login":"vparfonov","id":1636592,"avatar_url":"https://avatars1.githubusercontent.com/u/1636592?v=4","gravatar_id":"","url":"https://api.github.com/users/vparfonov","html_url":"https://github.com/vparfonov","followers_url":"https://api.github.com/users/vparfonov/followers","following_url":"https://api.github.com/users/vparfonov/following{/other_user}","gists_url":"https://api.github.com/users/vparfonov/gists{/gist_id}","starred_url":"https://api.github.com/users/vparfonov/starred{/owner}{/repo}","subscriptions_url":"https://api.github.com/users/vparfonov/subscriptions","organizations_url":"https://api.github.com/users/vparfonov/orgs","repos_url":"https://api.github.com/users/vparfonov/repos","events_url":"https://api.github.com/users/vparfonov/events{/privacy}","received_events_url":"https://api.github.com/users/vparfonov/received_events","type":"User","site_admin":false},"committer":{"login":"web-flow","id":19864447,"avatar_url":"https://avatars3.githubusercontent.com/u/19864447?v=4","gravatar_id":"","url":"https://api.github.com/users/web-flow","html_url":"https://github.com/web-flow","followers_url":"https://api.github.com/users/web-flow/followers","following_url":"https://api.github.com/users/web-flow/following{/other_user}","gists_url":"https://api.github.com/users/web-flow/gists{/gist_id}","starred_url":"https://api.github.com/users/web-flow/starred{/owner}{/repo}","subscriptions_url":"https://api.github.com/users/web-flow/subscriptions","organizations_url":"https://api.github.com/users/web-flow/orgs","repos_url":"https://api.github.com/users/web-flow/repos","events_url":"https://api.github.com/users/web-flow/events{/privacy}","received_events_url":"https://api.github.com/users/web-flow/received_events","type":"User","site_admin":false},"parents":[{"sha":"9c8f85fb88f24d00dcc0be59c60641ae374fde47","url":"https://api.github.com/repos/eclipse/che/commits/9c8f85fb88f24d00dcc0be59c60641ae374fde47","html_url":"https://github.com/eclipse/che/commit/9c8f85fb88f24d00dcc0be59c60641ae374fde47"}],"stats":{"total":157,"additions":112,"deletions":45},"files":[{"sha":"9f56771f8ff6b93b1420aad95ada7ba999e1e7fb","filename":"ide/che-core-ide-api/src/main/java/org/eclipse/che/ide/api/event/ng/ProjectTreeStatusNotificationReceiver.java","status":"modified","additions":7,"deletions":2,"changes":9,"blob_url":"https://github.com/eclipse/che/blob/0003b2324bc8b5c59d868549070bf26e195786f2/ide/che-core-ide-api/src/main/java/org/eclipse/che/ide/api/event/ng/ProjectTreeStatusNotificationReceiver.java","raw_url":"https://github.com/eclipse/che/raw/0003b2324bc8b5c59d868549070bf26e195786f2/ide/che-core-ide-api/src/main/java/org/eclipse/che/ide/api/event/ng/ProjectTreeStatusNotificationReceiver.java","contents_url":"https://api.github.com/repos/eclipse/che/contents/ide/che-core-ide-api/src/main/java/org/eclipse/che/ide/api/event/ng/ProjectTreeStatusNotificationReceiver.java?ref=0003b2324bc8b5c59d868549070bf26e195786f2","patch":"@@ -24,6 +24,7 @@\n \n import javax.inject.Inject;\n import javax.inject.Singleton;\n+import java.util.Objects;\n \n import static org.eclipse.che.ide.api.resources.ResourceDelta.ADDED;\n import static org.eclipse.che.ide.api.resources.ResourceDelta.REMOVED;\n@@ -80,8 +81,12 @@ public void receive(JsonRpcRequest request) {\n             }\n         }\n \n-        Log.debug(getClass(), \"Received request\\npath: \" + path +\"\\ntype:\"+ type +\"\\nstatus:\" + status);\n+        Log.debug(getClass(), \"Received request\\npath: \" + path + \"\\ntype:\" + type + \"\\nstatus:\" + status);\n \n-        appContext.getWorkspaceRoot().synchronize(new ExternalResourceDelta(Path.valueOf(path), Path.valueOf(path), status));\n+        if (path == null || path.isEmpty()) {\n+            appContext.getWorkspaceRoot().synchronize();\n+        } else {\n+            appContext.getWorkspaceRoot().synchronize(new ExternalResourceDelta(Path.valueOf(path), Path.valueOf(path), status));\n+        }\n     }\n }"},{"sha":"9f243430797ab1b7879a87be40df65a0af6c05e4","filename":"plugins/plugin-java/che-plugin-java-plain/che-plugin-java-plain-server/src/test/java/org/eclipse/che/plugin/java/plain/server/BaseTest.java","status":"modified","additions":4,"deletions":4,"changes":8,"blob_url":"https://github.com/eclipse/che/blob/0003b2324bc8b5c59d868549070bf26e195786f2/plugins/plugin-java/che-plugin-java-plain/che-plugin-java-plain-server/src/test/java/org/eclipse/che/plugin/java/plain/server/BaseTest.java","raw_url":"https://github.com/eclipse/che/raw/0003b2324bc8b5c59d868549070bf26e195786f2/plugins/plugin-java/che-plugin-java-plain/che-plugin-java-plain-server/src/test/java/org/eclipse/che/plugin/java/plain/server/BaseTest.java","contents_url":"https://api.github.com/repos/eclipse/che/contents/plugins/plugin-java/che-plugin-java-plain/che-plugin-java-plain-server/src/test/java/org/eclipse/che/plugin/java/plain/server/BaseTest.java?ref=0003b2324bc8b5c59d868549070bf26e195786f2","patch":"@@ -51,6 +51,8 @@\n import java.util.List;\n import java.util.Set;\n \n+import static org.mockito.Mockito.mock;\n+\n /**\n  * @author Valeriy Svydenko\n  */\n@@ -62,7 +64,6 @@\n     protected ProjectRegistry                projectRegistry;\n     protected ProjectManager                 projectManager;\n     protected LocalVirtualFileSystemProvider vfsProvider;\n-    protected ProjectTreeChangesDetector     projectTreeChangesDetector;\n \n     @BeforeClass\n     protected void initProjectApi() throws Exception {\n@@ -105,8 +106,6 @@ protected void initProjectApi() throws Exception {\n         FileWatcherNotificationHandler fileWatcherNotificationHandler = new DefaultFileWatcherNotificationHandler(vfsProvider);\n         FileTreeWatcher fileTreeWatcher = new FileTreeWatcher(root, new HashSet<>(), fileWatcherNotificationHandler);\n \n-        projectTreeChangesDetector = new ProjectTreeChangesDetector(null);\n-\n         projectManager = new ProjectManager(vfsProvider,\n                                             eventService,\n                                             projectTypeRegistry,\n@@ -115,7 +114,8 @@ protected void initProjectApi() throws Exception {\n                                             importerRegistry,\n                                             fileWatcherNotificationHandler,\n                                             fileTreeWatcher,\n-                                            new TestWorkspaceHolder(new ArrayList<>()), projectTreeChangesDetector);\n+                                            new TestWorkspaceHolder(new ArrayList<>()),\n+                                            mock(ProjectTreeChangesDetector.class));\n \n         ResourcesPlugin plugin = new ResourcesPlugin(\"target/index\", wsPath, () -> projectRegistry, () -> projectManager);\n "},{"sha":"3648d18b758ec345d2a61e50e43a1667921db535","filename":"plugins/plugin-maven/che-plugin-maven-server/src/test/java/org/eclipse/che/plugin/maven/server/BaseTest.java","status":"modified","additions":3,"deletions":4,"changes":7,"blob_url":"https://github.com/eclipse/che/blob/0003b2324bc8b5c59d868549070bf26e195786f2/plugins/plugin-maven/che-plugin-maven-server/src/test/java/org/eclipse/che/plugin/maven/server/BaseTest.java","raw_url":"https://github.com/eclipse/che/raw/0003b2324bc8b5c59d868549070bf26e195786f2/plugins/plugin-maven/che-plugin-maven-server/src/test/java/org/eclipse/che/plugin/maven/server/BaseTest.java","contents_url":"https://api.github.com/repos/eclipse/che/contents/plugins/plugin-maven/che-plugin-maven-server/src/test/java/org/eclipse/che/plugin/maven/server/BaseTest.java?ref=0003b2324bc8b5c59d868549070bf26e195786f2","patch":"@@ -33,11 +33,11 @@\n import org.eclipse.che.api.vfs.search.impl.FSLuceneSearcherProvider;\n import org.eclipse.che.api.workspace.shared.dto.ProjectConfigDto;\n import org.eclipse.che.commons.lang.IoUtil;\n+import org.eclipse.che.jdt.core.resources.ResourceChangedEvent;\n import org.eclipse.che.plugin.java.server.projecttype.JavaProjectType;\n import org.eclipse.che.plugin.java.server.projecttype.JavaValueProviderFactory;\n import org.eclipse.che.plugin.maven.server.projecttype.MavenProjectType;\n import org.eclipse.che.plugin.maven.server.projecttype.MavenValueProviderFactory;\n-import org.eclipse.che.jdt.core.resources.ResourceChangedEvent;\n import org.eclipse.core.internal.filebuffers.FileBuffersPlugin;\n import org.eclipse.core.resources.ResourcesPlugin;\n import org.eclipse.jdt.core.JavaCore;\n@@ -58,6 +58,7 @@\n import java.util.Set;\n \n import static org.eclipse.che.plugin.maven.shared.MavenAttributes.MAVEN_ID;\n+import static org.mockito.Mockito.mock;\n \n /**\n  * @author Evgen Vidolob\n@@ -87,7 +88,6 @@\n     protected ProjectHandlerRegistry         projectHandlerRegistry;\n     protected ProjectImporterRegistry        importerRegistry;\n     protected MavenServerManager             mavenServerManager;\n-    protected ProjectTreeChangesDetector     projectTreeChangesDetector;\n \n     public BaseTest() {\n         options.put(JavaCore.COMPILER_COMPLIANCE, JavaCore.VERSION_1_8);\n@@ -146,11 +146,10 @@ protected void initProjectApi() throws Exception {\n         fileWatcherNotificationHandler = new DefaultFileWatcherNotificationHandler(vfsProvider);\n         fileTreeWatcher = new FileTreeWatcher(root, new HashSet<>(), fileWatcherNotificationHandler);\n \n-        projectTreeChangesDetector = new ProjectTreeChangesDetector(null);\n \n         pm = new ProjectManager(vfsProvider, eventService, projectTypeRegistry, projectRegistry, projectHandlerRegistry,\n                                 importerRegistry, fileWatcherNotificationHandler, fileTreeWatcher, new TestWorkspaceHolder(new ArrayList<>()),\n-                                projectTreeChangesDetector);\n+                                mock(ProjectTreeChangesDetector.class));\n \n         plugin = new ResourcesPlugin(\"target/index\", wsPath, () -> projectRegistry, () -> pm);\n "},{"sha":"fd20a250290cfd143fd132c51bc1ba99f92f074b","filename":"plugins/plugin-nodejs/che-plugin-nodejs-lang-server/src/main/java/org/eclipse/che/plugin/nodejs/inject/NodeJsModule.java","status":"modified","additions":19,"deletions":0,"changes":19,"blob_url":"https://github.com/eclipse/che/blob/0003b2324bc8b5c59d868549070bf26e195786f2/plugins/plugin-nodejs/che-plugin-nodejs-lang-server/src/main/java/org/eclipse/che/plugin/nodejs/inject/NodeJsModule.java","raw_url":"https://github.com/eclipse/che/raw/0003b2324bc8b5c59d868549070bf26e195786f2/plugins/plugin-nodejs/che-plugin-nodejs-lang-server/src/main/java/org/eclipse/che/plugin/nodejs/inject/NodeJsModule.java","contents_url":"https://api.github.com/repos/eclipse/che/contents/plugins/plugin-nodejs/che-plugin-nodejs-lang-server/src/main/java/org/eclipse/che/plugin/nodejs/inject/NodeJsModule.java?ref=0003b2324bc8b5c59d868549070bf26e195786f2","patch":"@@ -12,13 +12,17 @@\n \n import com.google.inject.AbstractModule;\n import com.google.inject.multibindings.Multibinder;\n+import com.google.inject.name.Names;\n \n import org.eclipse.che.api.project.server.handlers.ProjectHandler;\n import org.eclipse.che.api.project.server.type.ProjectTypeDef;\n import org.eclipse.che.inject.DynaModule;\n import org.eclipse.che.plugin.nodejs.generator.NodeJsProjectGenerator;\n import org.eclipse.che.plugin.nodejs.projecttype.NodeJsProjectType;\n \n+import java.nio.file.Path;\n+import java.nio.file.PathMatcher;\n+\n import static com.google.inject.multibindings.Multibinder.newSetBinder;\n \n /**\n@@ -34,5 +38,20 @@ protected void configure() {\n \n         Multibinder<ProjectHandler> projectHandlerMultibinder = newSetBinder(binder(), ProjectHandler.class);\n         projectHandlerMultibinder.addBinding().to(NodeJsProjectGenerator.class);\n+\n+        configureVfsExcludeFilter();\n+    }\n+\n+    private void configureVfsExcludeFilter() {\n+        newSetBinder(binder(), PathMatcher.class, Names.named(\"vfs.index_filter_matcher\"))\n+                .addBinding()\n+                .toInstance(path -> {\n+                    for (Path pathElement : path) {\n+                        if (pathElement == null || \"node_modules\".equals(pathElement.toString())) {\n+                            return true;\n+                        }\n+                    }\n+                    return false;\n+                });\n     }\n }"},{"sha":"d8b679e460f5ca9848331a272143801ddff11232","filename":"wsagent/che-core-api-project/pom.xml","status":"modified","additions":4,"deletions":0,"changes":4,"blob_url":"https://github.com/eclipse/che/blob/0003b2324bc8b5c59d868549070bf26e195786f2/wsagent/che-core-api-project/pom.xml","raw_url":"https://github.com/eclipse/che/raw/0003b2324bc8b5c59d868549070bf26e195786f2/wsagent/che-core-api-project/pom.xml","contents_url":"https://api.github.com/repos/eclipse/che/contents/wsagent/che-core-api-project/pom.xml?ref=0003b2324bc8b5c59d868549070bf26e195786f2","patch":"@@ -115,6 +115,10 @@\n             <groupId>org.eclipse.che.core</groupId>\n             <artifactId>che-core-commons-lang</artifactId>\n         </dependency>\n+        <dependency>\n+            <groupId>org.eclipse.che.core</groupId>\n+            <artifactId>che-core-commons-schedule</artifactId>\n+        </dependency>\n         <dependency>\n             <groupId>org.eclipse.che.core</groupId>\n             <artifactId>wsagent-local</artifactId>"},{"sha":"0219c47e2e6db8b206e3002879c2f91feb8e79ae","filename":"wsagent/che-core-api-project/src/main/java/org/eclipse/che/api/project/server/ProjectApiModule.java","status":"modified","additions":29,"deletions":10,"changes":39,"blob_url":"https://github.com/eclipse/che/blob/0003b2324bc8b5c59d868549070bf26e195786f2/wsagent/che-core-api-project/src/main/java/org/eclipse/che/api/project/server/ProjectApiModule.java","raw_url":"https://github.com/eclipse/che/raw/0003b2324bc8b5c59d868549070bf26e195786f2/wsagent/che-core-api-project/src/main/java/org/eclipse/che/api/project/server/ProjectApiModule.java","contents_url":"https://api.github.com/repos/eclipse/che/contents/wsagent/che-core-api-project/src/main/java/org/eclipse/che/api/project/server/ProjectApiModule.java?ref=0003b2324bc8b5c59d868549070bf26e195786f2","patch":"@@ -41,8 +41,11 @@\n import org.eclipse.che.api.vfs.search.SearcherProvider;\n import org.eclipse.che.api.vfs.search.impl.FSLuceneSearcherProvider;\n \n+import java.nio.file.Path;\n import java.nio.file.PathMatcher;\n \n+import static com.google.inject.multibindings.Multibinder.newSetBinder;\n+\n /**\n  * Guice module contains configuration of Project API components.\n  *\n@@ -54,12 +57,12 @@\n \n     @Override\n     protected void configure() {\n-        Multibinder<ProjectImporter> projectImportersMultibinder = Multibinder.newSetBinder(binder(), ProjectImporter.class);\n+        Multibinder<ProjectImporter> projectImportersMultibinder = newSetBinder(binder(), ProjectImporter.class);\n         projectImportersMultibinder.addBinding().to(ZipProjectImporter.class);\n \n-        Multibinder.newSetBinder(binder(), ProjectTypeDef.class).addBinding().to(BaseProjectType.class);\n+        newSetBinder(binder(), ProjectTypeDef.class).addBinding().to(BaseProjectType.class);\n \n-        Multibinder<ProjectHandler> projectHandlersMultibinder = Multibinder.newSetBinder(binder(), ProjectHandler.class);\n+        Multibinder<ProjectHandler> projectHandlersMultibinder = newSetBinder(binder(), ProjectHandler.class);\n         projectHandlersMultibinder.addBinding().to(CreateBaseProjectTypeHandler.class);\n         projectHandlersMultibinder.addBinding().to(InitBaseProjectTypeHandler.class);\n \n@@ -71,30 +74,46 @@ protected void configure() {\n         bind(WorkspaceProjectsSyncer.class).to(WorkspaceHolder.class);\n \n         // configure VFS\n-        Multibinder<VirtualFileFilter> filtersMultibinder = Multibinder.newSetBinder(binder(),\n-                                                                                     VirtualFileFilter.class,\n-                                                                                     Names.named(\"vfs.index_filter\"));\n+        Multibinder<VirtualFileFilter> filtersMultibinder =\n+                newSetBinder(binder(), VirtualFileFilter.class, Names.named(\"vfs.index_filter\"));\n+\n         filtersMultibinder.addBinding().to(MediaTypeFilter.class);\n \n-        Multibinder<PathMatcher> pathMatcherMultibinder = Multibinder.newSetBinder(binder(),\n-                                                                                   PathMatcher.class,\n-                                                                                   Names.named(\"vfs.index_filter_matcher\"));\n+        Multibinder<PathMatcher> excludeMatcher = newSetBinder(binder(), PathMatcher.class, Names.named(\"vfs.index_filter_matcher\"));\n \n         bind(SearcherProvider.class).to(FSLuceneSearcherProvider.class);\n         bind(VirtualFileSystemProvider.class).to(LocalVirtualFileSystemProvider.class);\n \n         bind(FileWatcherNotificationHandler.class).to(DefaultFileWatcherNotificationHandler.class);\n \n+        configureVfsFilters(excludeMatcher);\n         configureVfsEvent();\n     }\n \n+    private void configureVfsFilters(Multibinder<PathMatcher> excludeMatcher) {\n+        addVfsFilter(excludeMatcher, \".che\");\n+        addVfsFilter(excludeMatcher, \".codenvy\");\n+        addVfsFilter(excludeMatcher, \".#\");\n+    }\n+\n+    private void addVfsFilter(Multibinder<PathMatcher> excludeMatcher, String filter) {\n+        excludeMatcher.addBinding().toInstance(path -> {\n+            for (Path pathElement : path) {\n+                if (pathElement == null || filter.equals(pathElement.toString())) {\n+                    return true;\n+                }\n+            }\n+            return false;\n+        });\n+    }\n+\n     private void configureVfsEvent() {\n         bind(LoEventListener.class);\n         bind(LoEventService.class);\n         bind(HiEventService.class);\n \n         Multibinder<HiEventDetector<?>> highLevelVfsEventDetectorMultibinder =\n-                Multibinder.newSetBinder(binder(), new TypeLiteral<HiEventDetector<?>>() {\n+                newSetBinder(binder(), new TypeLiteral<HiEventDetector<?>>() {\n                 });\n \n         highLevelVfsEventDetectorMultibinder.addBinding().to(FileStatusDetector.class);"},{"sha":"9f7e995833174683db4d1fa12cb6d519a773f506","filename":"wsagent/che-core-api-project/src/main/java/org/eclipse/che/api/vfs/impl/file/FileTreeWatcher.java","status":"modified","additions":3,"deletions":0,"changes":3,"blob_url":"https://github.com/eclipse/che/blob/0003b2324bc8b5c59d868549070bf26e195786f2/wsagent/che-core-api-project/src/main/java/org/eclipse/che/api/vfs/impl/file/FileTreeWatcher.java","raw_url":"https://github.com/eclipse/che/raw/0003b2324bc8b5c59d868549070bf26e195786f2/wsagent/che-core-api-project/src/main/java/org/eclipse/che/api/vfs/impl/file/FileTreeWatcher.java","contents_url":"https://api.github.com/repos/eclipse/che/contents/wsagent/che-core-api-project/src/main/java/org/eclipse/che/api/vfs/impl/file/FileTreeWatcher.java?ref=0003b2324bc8b5c59d868549070bf26e195786f2","patch":"@@ -278,6 +278,9 @@ private void processPendingEvents(Collection<PendingEvent> pendingEvents) throws\n         for (PendingEvent pendingEvent : pendingEvents) {\n             Path eventDirectoryPath = pendingEvent.getPath();\n             WatchedDirectory watchedDirectory = watchedDirectories.get(eventDirectoryPath);\n+            if (watchedDirectory == null){\n+                continue;\n+            }\n             if (Files.exists(eventDirectoryPath)) {\n                 boolean isModifiedNotYetReported = true;\n "},{"sha":"50eda5474ad2843b13d4b60aeed75d4eebe8e672","filename":"wsagent/che-core-api-project/src/main/java/org/eclipse/che/api/vfs/impl/file/event/detectors/ProjectTreeChangesDetector.java","status":"modified","additions":40,"deletions":23,"changes":63,"blob_url":"https://github.com/eclipse/che/blob/0003b2324bc8b5c59d868549070bf26e195786f2/wsagent/che-core-api-project/src/main/java/org/eclipse/che/api/vfs/impl/file/event/detectors/ProjectTreeChangesDetector.java","raw_url":"https://github.com/eclipse/che/raw/0003b2324bc8b5c59d868549070bf26e195786f2/wsagent/che-core-api-project/src/main/java/org/eclipse/che/api/vfs/impl/file/event/detectors/ProjectTreeChangesDetector.java","contents_url":"https://api.github.com/repos/eclipse/che/contents/wsagent/che-core-api-project/src/main/java/org/eclipse/che/api/vfs/impl/file/event/detectors/ProjectTreeChangesDetector.java?ref=0003b2324bc8b5c59d868549070bf26e195786f2","patch":"@@ -19,6 +19,7 @@\n import org.eclipse.che.api.vfs.impl.file.event.EventTreeNode;\n import org.eclipse.che.api.vfs.impl.file.event.HiEvent;\n import org.eclipse.che.api.vfs.impl.file.event.HiEventDetector;\n+import org.eclipse.che.commons.schedule.executor.ThreadPullLauncher;\n import org.slf4j.Logger;\n \n import javax.annotation.PostConstruct;\n@@ -28,7 +29,9 @@\n import java.util.Optional;\n import java.util.Set;\n \n-import static java.util.stream.Collectors.toSet;\n+import static java.lang.Math.min;\n+import static java.util.concurrent.TimeUnit.MILLISECONDS;\n+import static java.util.concurrent.TimeUnit.SECONDS;\n import static org.eclipse.che.dto.server.DtoFactory.newDto;\n import static org.slf4j.LoggerFactory.getLogger;\n \n@@ -41,17 +44,34 @@\n     private static final Logger LOG = getLogger(ProjectTreeChangesDetector.class);\n \n     private final JsonRpcRequestTransmitter transmitter;\n+    private final ThreadPullLauncher        launcher;\n+\n+    private final Set<EventTreeNode> trees = new HashSet<>();\n \n     private State state;\n \n     @Inject\n-    public ProjectTreeChangesDetector(JsonRpcRequestTransmitter transmitter) {\n+    public ProjectTreeChangesDetector(JsonRpcRequestTransmitter transmitter, ThreadPullLauncher launcher) {\n         this.transmitter = transmitter;\n+        this.launcher = launcher;\n+    }\n+\n+    public static String findLongestPrefix(String s1, String s2) {\n+        if (s1 == null) {\n+            return s2;\n+        }\n+\n+        for (int i = min(s1.length(), s2.length()); ; i--) {\n+            if (s2.startsWith(s1.substring(0, i))) {\n+                return s1.substring(0, i);\n+            }\n+        }\n     }\n \n     @PostConstruct\n     public void postConstruct() {\n         this.state = State.RESUMED;\n+        launcher.scheduleWithFixedDelay(this::transmit, 20_000L, 1_500L, MILLISECONDS);\n     }\n \n     public void suspend() {\n@@ -73,33 +93,30 @@ public void resume() {\n \n     @Override\n     public Optional<HiEvent<ProjectTreeChangesDetector>> detect(EventTreeNode eventTreeNode) {\n-        if (!eventTreeNode.isRoot() || eventTreeNode.getChildren().isEmpty()) {\n-            return Optional.empty();\n+        if (eventTreeNode.isRoot() && !eventTreeNode.getChildren().isEmpty()) {\n+            trees.add(eventTreeNode);\n         }\n \n-        if (state == State.RESUMED) {\n-            final Set<EventTreeNode> directories = new HashSet<>();\n-\n-            for (EventTreeNode candidateDir : eventTreeNode.stream()\n-                                                           .filter(EventTreeNode::modificationOccurred)\n-                                                           .filter(EventTreeNode::isDir)\n-                                                           .collect(toSet())) {\n-                directories.removeIf(dir -> dir.getPath().contains(candidateDir.getPath()));\n-\n-                if (directories.stream().noneMatch(dir -> candidateDir.getPath().contains(dir.getPath()))) {\n-                    directories.add(candidateDir);\n-                }\n-            }\n+        return Optional.empty();\n+    }\n \n-            for (EventTreeNode node : directories) {\n-                final String path = node.getPath();\n-                final FileWatcherEventType lastEventType = node.getLastEventType();\n+    private void transmit() {\n+        if (state == State.SUSPENDED) {\n+            return;\n+        }\n \n-                transmit(path, lastEventType);\n-            }\n+        final Optional<String> commonSubstring = trees.stream()\n+                                                      .flatMap(EventTreeNode::stream)\n+                                                      .filter(EventTreeNode::modificationOccurred)\n+                                                      .map(EventTreeNode::getPath)\n+                                                      .reduce(ProjectTreeChangesDetector::findLongestPrefix);\n+        if (commonSubstring.isPresent()) {\n+            final String s = commonSubstring.get();\n+            final String path = s.substring(0, s.lastIndexOf('/'));\n+            transmit(path, FileWatcherEventType.MODIFIED);\n         }\n \n-        return Optional.empty();\n+        trees.clear();\n     }\n \n     private void transmit(String path, FileWatcherEventType type) {"},{"sha":"34bc7bfc7c560bcd41f3883cc96f2c9b2a94cbe3","filename":"wsagent/che-core-api-project/src/test/java/org/eclipse/che/api/project/server/WsAgentTestBase.java","status":"modified","additions":3,"deletions":2,"changes":5,"blob_url":"https://github.com/eclipse/che/blob/0003b2324bc8b5c59d868549070bf26e195786f2/wsagent/che-core-api-project/src/test/java/org/eclipse/che/api/project/server/WsAgentTestBase.java","raw_url":"https://github.com/eclipse/che/raw/0003b2324bc8b5c59d868549070bf26e195786f2/wsagent/che-core-api-project/src/test/java/org/eclipse/che/api/project/server/WsAgentTestBase.java","contents_url":"https://api.github.com/repos/eclipse/che/contents/wsagent/che-core-api-project/src/test/java/org/eclipse/che/api/project/server/WsAgentTestBase.java?ref=0003b2324bc8b5c59d868549070bf26e195786f2","patch":"@@ -44,6 +44,8 @@\n import java.util.Map;\n import java.util.Set;\n \n+import static org.mockito.Mockito.mock;\n+\n /**\n  * @author gazarenkov\n  */\n@@ -120,11 +122,10 @@ public void setUp() throws Exception {\n \n         TestWorkspaceHolder wsHolder = new  TestWorkspaceHolder();\n \n-        projectTreeChangesDetector = new ProjectTreeChangesDetector(null);\n \n         pm = new ProjectManager(vfsProvider, eventService, projectTypeRegistry, projectRegistry, projectHandlerRegistry,\n                                 importerRegistry, fileWatcherNotificationHandler, fileTreeWatcher, wsHolder,\n-                                projectTreeChangesDetector);\n+                                mock(ProjectTreeChangesDetector.class));\n         pm.initWatcher();\n     }\n "}]}
