{"sha":"0013889501f85814f50c74bf4155e6755864029a","commit":{"author":{"name":"Michail Kuznetsov","email":"mkuznyetsov@codenvy.com","date":"2016-04-29T11:08:13Z"},"committer":{"name":"Michail Kuznetsov","email":"mkuznyetsov@codenvy.com","date":"2016-04-29T11:08:13Z"},"message":"Merge pull request #1158 from eclipse/websocket-url-fix\n\nFix path to websocket connection","tree":{"sha":"b5a8827ccc595c132655850572ff27e47495c3e9","url":"https://api.github.com/repos/eclipse/che/git/trees/b5a8827ccc595c132655850572ff27e47495c3e9"},"url":"https://api.github.com/repos/eclipse/che/git/commits/0013889501f85814f50c74bf4155e6755864029a","comment_count":0,"verification":{"verified":false,"reason":"unsigned","signature":null,"payload":null}},"url":"https://api.github.com/repos/eclipse/che/commits/0013889501f85814f50c74bf4155e6755864029a","html_url":"https://github.com/eclipse/che/commit/0013889501f85814f50c74bf4155e6755864029a","comments_url":"https://api.github.com/repos/eclipse/che/commits/0013889501f85814f50c74bf4155e6755864029a/comments","author":null,"committer":null,"parents":[{"sha":"8fbc4f16571a33e963383eafae5c929fba56118e","url":"https://api.github.com/repos/eclipse/che/commits/8fbc4f16571a33e963383eafae5c929fba56118e","html_url":"https://github.com/eclipse/che/commit/8fbc4f16571a33e963383eafae5c929fba56118e"},{"sha":"d1062616ca6155f4c81ad89890953d66b36deef8","url":"https://api.github.com/repos/eclipse/che/commits/d1062616ca6155f4c81ad89890953d66b36deef8","html_url":"https://github.com/eclipse/che/commit/d1062616ca6155f4c81ad89890953d66b36deef8"}],"stats":{"total":2,"additions":1,"deletions":1},"files":[{"sha":"f71c2e3b71d5c750090a702de1df121e1d14d62a","filename":"dashboard/src/components/api/che-workspace.factory.js","status":"modified","additions":1,"deletions":1,"changes":2,"blob_url":"https://github.com/eclipse/che/blob/0013889501f85814f50c74bf4155e6755864029a/dashboard/src/components/api/che-workspace.factory.js","raw_url":"https://github.com/eclipse/che/raw/0013889501f85814f50c74bf4155e6755864029a/dashboard/src/components/api/che-workspace.factory.js","contents_url":"https://api.github.com/repos/eclipse/che/contents/dashboard/src/components/api/che-workspace.factory.js?ref=0013889501f85814f50c74bf4155e6755864029a","patch":"@@ -300,7 +300,7 @@ export class CheWorkspace {\n \n     var contextPath;\n \n-    return 'ws://' + wsagentServerAddress + '/' + '/wsagent/ext/ws/' + workspaceId;\n+    return 'ws://' + wsagentServerAddress + '/wsagent/ext/ws/' + workspaceId;\n   }\n \n   getIdeUrl(workspaceName) {"}]}
