{"sha":"003804df7cd2135defc8a29e23859db1db4b2421","commit":{"author":{"name":"Victor V. Rubezhny","email":"vrubezhny@redhat.com","date":"2017-06-30T10:40:54Z"},"committer":{"name":"Vitalii Parfonov","email":"vparfono@redhat.com","date":"2017-06-30T10:40:54Z"},"message":"Fix for DefaultOutputCustomizerTest.java - wrong API is used in place of org.junit.Assert (#5509)\n\nSigned-off-by: Victor Rubezhny <vrubezhny@redhat.com>","tree":{"sha":"e4efa35b4ed84f816d9a937ae1449fa4fae6a769","url":"https://api.github.com/repos/eclipse/che/git/trees/e4efa35b4ed84f816d9a937ae1449fa4fae6a769"},"url":"https://api.github.com/repos/eclipse/che/git/commits/003804df7cd2135defc8a29e23859db1db4b2421","comment_count":0,"verification":{"verified":false,"reason":"unsigned","signature":null,"payload":null}},"url":"https://api.github.com/repos/eclipse/che/commits/003804df7cd2135defc8a29e23859db1db4b2421","html_url":"https://github.com/eclipse/che/commit/003804df7cd2135defc8a29e23859db1db4b2421","comments_url":"https://api.github.com/repos/eclipse/che/commits/003804df7cd2135defc8a29e23859db1db4b2421/comments","author":{"login":"vrubezhny","id":620781,"avatar_url":"https://avatars1.githubusercontent.com/u/620781?v=4","gravatar_id":"","url":"https://api.github.com/users/vrubezhny","html_url":"https://github.com/vrubezhny","followers_url":"https://api.github.com/users/vrubezhny/followers","following_url":"https://api.github.com/users/vrubezhny/following{/other_user}","gists_url":"https://api.github.com/users/vrubezhny/gists{/gist_id}","starred_url":"https://api.github.com/users/vrubezhny/starred{/owner}{/repo}","subscriptions_url":"https://api.github.com/users/vrubezhny/subscriptions","organizations_url":"https://api.github.com/users/vrubezhny/orgs","repos_url":"https://api.github.com/users/vrubezhny/repos","events_url":"https://api.github.com/users/vrubezhny/events{/privacy}","received_events_url":"https://api.github.com/users/vrubezhny/received_events","type":"User","site_admin":false},"committer":{"login":"vparfonov","id":1636592,"avatar_url":"https://avatars1.githubusercontent.com/u/1636592?v=4","gravatar_id":"","url":"https://api.github.com/users/vparfonov","html_url":"https://github.com/vparfonov","followers_url":"https://api.github.com/users/vparfonov/followers","following_url":"https://api.github.com/users/vparfonov/following{/other_user}","gists_url":"https://api.github.com/users/vparfonov/gists{/gist_id}","starred_url":"https://api.github.com/users/vparfonov/starred{/owner}{/repo}","subscriptions_url":"https://api.github.com/users/vparfonov/subscriptions","organizations_url":"https://api.github.com/users/vparfonov/orgs","repos_url":"https://api.github.com/users/vparfonov/repos","events_url":"https://api.github.com/users/vparfonov/events{/privacy}","received_events_url":"https://api.github.com/users/vparfonov/received_events","type":"User","site_admin":false},"parents":[{"sha":"832509c5a4d44ad9574984edf8a3b299636d7944","url":"https://api.github.com/repos/eclipse/che/commits/832509c5a4d44ad9574984edf8a3b299636d7944","html_url":"https://github.com/eclipse/che/commit/832509c5a4d44ad9574984edf8a3b299636d7944"}],"stats":{"total":12,"additions":7,"deletions":5},"files":[{"sha":"089a3c51994854009bdf05628e2a94a84fb1f2bb","filename":"ide/che-core-ide-app/src/test/java/org/eclipse/che/ide/console/DefaultOutputCustomizerTest.java","status":"modified","additions":7,"deletions":5,"changes":12,"blob_url":"https://github.com/eclipse/che/blob/003804df7cd2135defc8a29e23859db1db4b2421/ide/che-core-ide-app/src/test/java/org/eclipse/che/ide/console/DefaultOutputCustomizerTest.java","raw_url":"https://github.com/eclipse/che/raw/003804df7cd2135defc8a29e23859db1db4b2421/ide/che-core-ide-app/src/test/java/org/eclipse/che/ide/console/DefaultOutputCustomizerTest.java","contents_url":"https://api.github.com/repos/eclipse/che/contents/ide/che-core-ide-app/src/test/java/org/eclipse/che/ide/console/DefaultOutputCustomizerTest.java?ref=003804df7cd2135defc8a29e23859db1db4b2421","patch":"@@ -12,11 +12,11 @@\n \n import org.eclipse.che.ide.api.app.AppContext;\n import org.eclipse.che.ide.api.editor.EditorAgent;\n+import org.junit.Assert;\n import org.junit.Before;\n import org.junit.Test;\n import org.junit.runner.RunWith;\n import org.mockito.Mock;\n-import org.testng.Assert;\n \n import com.google.gwtmockito.GwtMockitoTestRunner;\n \n@@ -40,13 +40,15 @@ public void setUp() throws Exception {\n     }\n \n     private void testStackTraceLine(boolean shouldBeCustomizable, String line, String expectedCustomization) throws Exception {\n-        Assert.assertEquals(outputCustomizer.canCustomize(line), shouldBeCustomizable, \n+        Assert.assertEquals( \n                 \"Line [\" + line + \"] is \" + (shouldBeCustomizable ? \"\" : \"not \") +\n                 \"customizable while it should\" +\n-                (shouldBeCustomizable ? \"n\\'t \" : \" \") + \"be: \");\n+                (shouldBeCustomizable ? \"n\\'t \" : \" \") + \"be: \",\n+                Boolean.valueOf(outputCustomizer.canCustomize(line)), \n+                Boolean.valueOf(shouldBeCustomizable));\n         if (shouldBeCustomizable) {\n-            Assert.assertEquals(outputCustomizer.customize(line), expectedCustomization, \n-                    \"Wrong customization result:\");\n+            Assert.assertEquals(\"Wrong customization result:\",\n+                    outputCustomizer.customize(line), expectedCustomization);\n         }       \n     }\n "}]}
