{"sha":"00421dd624355630860c0d12737e6ce39b5c83d5","commit":{"author":{"name":"Aleksandr Andriienko","email":"oandriie@redhat.com","date":"2017-07-05T10:02:16Z"},"committer":{"name":"Oleksandr Andriienko","email":"oandriie@redhat.com","date":"2017-07-05T13:04:53Z"},"message":"CHE-5424: Fix refactor rename from 'Rename' window\n\nSigned-off-by: Aleksandr Andriienko <oandriie@redhat.com>","tree":{"sha":"61d591186ee24957826ddc491f87115616a5b3bd","url":"https://api.github.com/repos/eclipse/che/git/trees/61d591186ee24957826ddc491f87115616a5b3bd"},"url":"https://api.github.com/repos/eclipse/che/git/commits/00421dd624355630860c0d12737e6ce39b5c83d5","comment_count":0,"verification":{"verified":false,"reason":"unsigned","signature":null,"payload":null}},"url":"https://api.github.com/repos/eclipse/che/commits/00421dd624355630860c0d12737e6ce39b5c83d5","html_url":"https://github.com/eclipse/che/commit/00421dd624355630860c0d12737e6ce39b5c83d5","comments_url":"https://api.github.com/repos/eclipse/che/commits/00421dd624355630860c0d12737e6ce39b5c83d5/comments","author":{"login":"AndrienkoAleksandr","id":6873095,"avatar_url":"https://avatars2.githubusercontent.com/u/6873095?v=4","gravatar_id":"","url":"https://api.github.com/users/AndrienkoAleksandr","html_url":"https://github.com/AndrienkoAleksandr","followers_url":"https://api.github.com/users/AndrienkoAleksandr/followers","following_url":"https://api.github.com/users/AndrienkoAleksandr/following{/other_user}","gists_url":"https://api.github.com/users/AndrienkoAleksandr/gists{/gist_id}","starred_url":"https://api.github.com/users/AndrienkoAleksandr/starred{/owner}{/repo}","subscriptions_url":"https://api.github.com/users/AndrienkoAleksandr/subscriptions","organizations_url":"https://api.github.com/users/AndrienkoAleksandr/orgs","repos_url":"https://api.github.com/users/AndrienkoAleksandr/repos","events_url":"https://api.github.com/users/AndrienkoAleksandr/events{/privacy}","received_events_url":"https://api.github.com/users/AndrienkoAleksandr/received_events","type":"User","site_admin":false},"committer":{"login":"AndrienkoAleksandr","id":6873095,"avatar_url":"https://avatars2.githubusercontent.com/u/6873095?v=4","gravatar_id":"","url":"https://api.github.com/users/AndrienkoAleksandr","html_url":"https://github.com/AndrienkoAleksandr","followers_url":"https://api.github.com/users/AndrienkoAleksandr/followers","following_url":"https://api.github.com/users/AndrienkoAleksandr/following{/other_user}","gists_url":"https://api.github.com/users/AndrienkoAleksandr/gists{/gist_id}","starred_url":"https://api.github.com/users/AndrienkoAleksandr/starred{/owner}{/repo}","subscriptions_url":"https://api.github.com/users/AndrienkoAleksandr/subscriptions","organizations_url":"https://api.github.com/users/AndrienkoAleksandr/orgs","repos_url":"https://api.github.com/users/AndrienkoAleksandr/repos","events_url":"https://api.github.com/users/AndrienkoAleksandr/events{/privacy}","received_events_url":"https://api.github.com/users/AndrienkoAleksandr/received_events","type":"User","site_admin":false},"parents":[{"sha":"22fecf27d0d69427742ddfa3492bc80a1d035830","url":"https://api.github.com/repos/eclipse/che/commits/22fecf27d0d69427742ddfa3492bc80a1d035830","html_url":"https://github.com/eclipse/che/commit/22fecf27d0d69427742ddfa3492bc80a1d035830"}],"stats":{"total":15,"additions":4,"deletions":11},"files":[{"sha":"38f2402287f2e824f60d3b5083fb128543c341f9","filename":"ide/che-core-ide-app/src/main/java/org/eclipse/che/ide/editor/synchronization/EditorGroupSynchronizationImpl.java","status":"modified","additions":4,"deletions":4,"changes":8,"blob_url":"https://github.com/eclipse/che/blob/00421dd624355630860c0d12737e6ce39b5c83d5/ide/che-core-ide-app/src/main/java/org/eclipse/che/ide/editor/synchronization/EditorGroupSynchronizationImpl.java","raw_url":"https://github.com/eclipse/che/raw/00421dd624355630860c0d12737e6ce39b5c83d5/ide/che-core-ide-app/src/main/java/org/eclipse/che/ide/editor/synchronization/EditorGroupSynchronizationImpl.java","contents_url":"https://api.github.com/repos/eclipse/che/contents/ide/che-core-ide-app/src/main/java/org/eclipse/che/ide/editor/synchronization/EditorGroupSynchronizationImpl.java?ref=00421dd624355630860c0d12737e6ce39b5c83d5","patch":"@@ -168,7 +168,7 @@ public void onDocumentLoadFailure(final Throwable caught) {\n         });\n     }\n \n-    private void updateContent(String newContent, String oldStamp, VirtualFile virtualFile) {\n+    private void updateContent(String newContent, String eventModificationStamp, VirtualFile virtualFile) {\n         final DocumentHandle documentHandle = getDocumentHandleFor(groupLeaderEditor);\n         if (documentHandle == null) {\n             return;\n@@ -184,14 +184,14 @@ private void updateContent(String newContent, String oldStamp, VirtualFile virtu\n         }\n \n         final File file = (File)virtualFile;\n-        final String newStamp = file.getModificationStamp();\n+        final String currentStamp = file.getModificationStamp();\n \n-        if (oldStamp == null && !Objects.equals(newContent, oldContent)) {\n+        if (eventModificationStamp == null && !Objects.equals(newContent, oldContent)) {\n             replaceContent(document, newContent, oldContent, cursorPosition);\n             return;\n         }\n \n-        if (!Objects.equals(oldStamp, newStamp)) {\n+        if (!Objects.equals(eventModificationStamp, currentStamp)) {\n             replaceContent(document, newContent, oldContent, cursorPosition);\n \n             notificationManager.notify(\"External operation\", \"File '\" + file.getName() + \"' is updated\", SUCCESS, EMERGE_MODE);"},{"sha":"a31fd3c4226343aac5564e6a433194bf1287a427","filename":"plugins/plugin-java/che-plugin-java-ext-lang-client/src/main/java/org/eclipse/che/ide/ext/java/client/refactoring/RefactoringUpdater.java","status":"modified","additions":0,"deletions":7,"changes":7,"blob_url":"https://github.com/eclipse/che/blob/00421dd624355630860c0d12737e6ce39b5c83d5/plugins/plugin-java/che-plugin-java-ext-lang-client/src/main/java/org/eclipse/che/ide/ext/java/client/refactoring/RefactoringUpdater.java","raw_url":"https://github.com/eclipse/che/raw/00421dd624355630860c0d12737e6ce39b5c83d5/plugins/plugin-java/che-plugin-java-ext-lang-client/src/main/java/org/eclipse/che/ide/ext/java/client/refactoring/RefactoringUpdater.java","contents_url":"https://api.github.com/repos/eclipse/che/contents/plugins/plugin-java/che-plugin-java-ext-lang-client/src/main/java/org/eclipse/che/ide/ext/java/client/refactoring/RefactoringUpdater.java?ref=00421dd624355630860c0d12737e6ce39b5c83d5","patch":"@@ -26,7 +26,6 @@\n import org.eclipse.che.ide.api.parts.PartPresenter;\n import org.eclipse.che.ide.api.parts.WorkspaceAgent;\n import org.eclipse.che.ide.api.resources.ExternalResourceDelta;\n-import org.eclipse.che.ide.api.resources.ModificationTracker;\n import org.eclipse.che.ide.api.resources.ResourceDelta;\n import org.eclipse.che.ide.api.resources.VirtualFile;\n import org.eclipse.che.ide.ext.java.shared.dto.refactoring.ChangeInfo;\n@@ -167,12 +166,6 @@ public RefactoringUpdater(AppContext appContext,\n     private void updateFileContent(VirtualFile virtualFile) {\n         String path = virtualFile.getLocation().toString();\n \n-        if (virtualFile instanceof ModificationTracker) {\n-            String modificationStamp = ((ModificationTracker)virtualFile).getModificationStamp();\n-            eventBus.fireEvent(new FileContentUpdateEvent(path, modificationStamp));\n-            return;\n-        }\n-\n         eventBus.fireEvent(new FileContentUpdateEvent(path));\n     }\n "}]}
