{"sha":"0071c55f5628e483c49c8b09799f12acd6415494","node_id":"MDY6Q29tbWl0MzI5MzU3NDU6MDA3MWM1NWY1NjI4ZTQ4M2M0OWM4YjA5Nzk5ZjEyYWNkNjQxNTQ5NA==","commit":{"author":{"name":"Vitalii Parfonov","email":"vparfono@redhat.com","date":"2018-06-01T16:08:07Z"},"committer":{"name":"GitHub","email":"noreply@github.com","date":"2018-06-01T16:08:07Z"},"message":"Path provider should return absolute path (#9910)\n\n* Path provider should return absolut path\r\n\r\nSigned-off-by: Vitalii Parfonov <vparfonov@redhat.com>\r\n\r\n* Throw exception if root path fro project not absolute\r\n\r\nSigned-off-by: Vitalii Parfonov <vparfonov@redhat.com>\r\n\r\n* Add test\r\n\r\nSigned-off-by: Vitalii Parfonov <vparfonov@redhat.com>\r\n\r\n* Code cleanup\r\n\r\nSigned-off-by: Vitalii Parfonov <vparfonov@redhat.com>\r\n\r\n* Fix path in test\r\n\r\nSigned-off-by: Vitalii Parfonov <vparfonov@redhat.com>","tree":{"sha":"514a72851941f780543897ce1e8dbf7f3556fb7c","url":"https://api.github.com/repos/eclipse/che/git/trees/514a72851941f780543897ce1e8dbf7f3556fb7c"},"url":"https://api.github.com/repos/eclipse/che/git/commits/0071c55f5628e483c49c8b09799f12acd6415494","comment_count":0,"verification":{"verified":true,"reason":"valid","signature":"-----BEGIN PGP SIGNATURE-----\n\nwsBcBAABCAAQBQJbEW9nCRBK7hj4Ov3rIwAAdHIIAFVVuAxazQqo5vNZ3bXeCioC\nM3yTk6Pt1Az1N80vDGyFA22eFN8wPZ1KLCrrJ17OR2Xx7NtGzQoSbQH1/GXwQXO8\ntO0vA0OMmsjbR94EVn+ad5AJOLUm3lHtFmUnCJS9zDyk3KgzIKo9ypaMqyKsY0gR\nZtnRPK5EwxHcNxhdrxlDKeYeJBrUoVi/z5adT9it1p6V+/9ycG4BJ+yg0sxVKldf\nhX+mw+rgQTKQb5Bsw8ateznSq+64zcw6BbG6qYGvny+fDdE0wJBuWRLfgiKs7XgH\nBbyxECcCBXP91JdtPNNxgZpAqT1un/bgfaEz0HxHmM0kIJlwJVaatLF+ho3N2i8=\n=aSE0\n-----END PGP SIGNATURE-----\n","payload":"tree 514a72851941f780543897ce1e8dbf7f3556fb7c\nparent c546d1eedb93d33bdcefd1514ec25a288cc998b4\nauthor Vitalii Parfonov <vparfono@redhat.com> 1527869287 +0300\ncommitter GitHub <noreply@github.com> 1527869287 +0300\n\nPath provider should return absolute path (#9910)\n\n* Path provider should return absolut path\r\n\r\nSigned-off-by: Vitalii Parfonov <vparfonov@redhat.com>\r\n\r\n* Throw exception if root path fro project not absolute\r\n\r\nSigned-off-by: Vitalii Parfonov <vparfonov@redhat.com>\r\n\r\n* Add test\r\n\r\nSigned-off-by: Vitalii Parfonov <vparfonov@redhat.com>\r\n\r\n* Code cleanup\r\n\r\nSigned-off-by: Vitalii Parfonov <vparfonov@redhat.com>\r\n\r\n* Fix path in test\r\n\r\nSigned-off-by: Vitalii Parfonov <vparfonov@redhat.com>\r\n"}},"url":"https://api.github.com/repos/eclipse/che/commits/0071c55f5628e483c49c8b09799f12acd6415494","html_url":"https://github.com/eclipse/che/commit/0071c55f5628e483c49c8b09799f12acd6415494","comments_url":"https://api.github.com/repos/eclipse/che/commits/0071c55f5628e483c49c8b09799f12acd6415494/comments","author":{"login":"vparfonov","id":1636592,"node_id":"MDQ6VXNlcjE2MzY1OTI=","avatar_url":"https://avatars1.githubusercontent.com/u/1636592?v=4","gravatar_id":"","url":"https://api.github.com/users/vparfonov","html_url":"https://github.com/vparfonov","followers_url":"https://api.github.com/users/vparfonov/followers","following_url":"https://api.github.com/users/vparfonov/following{/other_user}","gists_url":"https://api.github.com/users/vparfonov/gists{/gist_id}","starred_url":"https://api.github.com/users/vparfonov/starred{/owner}{/repo}","subscriptions_url":"https://api.github.com/users/vparfonov/subscriptions","organizations_url":"https://api.github.com/users/vparfonov/orgs","repos_url":"https://api.github.com/users/vparfonov/repos","events_url":"https://api.github.com/users/vparfonov/events{/privacy}","received_events_url":"https://api.github.com/users/vparfonov/received_events","type":"User","site_admin":false},"committer":{"login":"web-flow","id":19864447,"node_id":"MDQ6VXNlcjE5ODY0NDQ3","avatar_url":"https://avatars3.githubusercontent.com/u/19864447?v=4","gravatar_id":"","url":"https://api.github.com/users/web-flow","html_url":"https://github.com/web-flow","followers_url":"https://api.github.com/users/web-flow/followers","following_url":"https://api.github.com/users/web-flow/following{/other_user}","gists_url":"https://api.github.com/users/web-flow/gists{/gist_id}","starred_url":"https://api.github.com/users/web-flow/starred{/owner}{/repo}","subscriptions_url":"https://api.github.com/users/web-flow/subscriptions","organizations_url":"https://api.github.com/users/web-flow/orgs","repos_url":"https://api.github.com/users/web-flow/repos","events_url":"https://api.github.com/users/web-flow/events{/privacy}","received_events_url":"https://api.github.com/users/web-flow/received_events","type":"User","site_admin":false},"parents":[{"sha":"c546d1eedb93d33bdcefd1514ec25a288cc998b4","url":"https://api.github.com/repos/eclipse/che/commits/c546d1eedb93d33bdcefd1514ec25a288cc998b4","html_url":"https://github.com/eclipse/che/commit/c546d1eedb93d33bdcefd1514ec25a288cc998b4"}],"stats":{"total":59,"additions":52,"deletions":7},"files":[{"sha":"8060f2021f07f1ba8094d9bcdca6c1f3c5ca66cd","filename":"plugins/plugin-java-debugger/che-plugin-java-debugger-server/src/test/java/org/eclipse/che/plugin/jdb/server/util/ProjectApiUtils.java","status":"modified","additions":1,"deletions":1,"changes":2,"blob_url":"https://github.com/eclipse/che/blob/0071c55f5628e483c49c8b09799f12acd6415494/plugins/plugin-java-debugger/che-plugin-java-debugger-server/src/test/java/org/eclipse/che/plugin/jdb/server/util/ProjectApiUtils.java","raw_url":"https://github.com/eclipse/che/raw/0071c55f5628e483c49c8b09799f12acd6415494/plugins/plugin-java-debugger/che-plugin-java-debugger-server/src/test/java/org/eclipse/che/plugin/jdb/server/util/ProjectApiUtils.java","contents_url":"https://api.github.com/repos/eclipse/che/contents/plugins/plugin-java-debugger/che-plugin-java-debugger-server/src/test/java/org/eclipse/che/plugin/jdb/server/util/ProjectApiUtils.java?ref=0071c55f5628e483c49c8b09799f12acd6415494","patch":"@@ -69,7 +69,7 @@ public static void ensure() throws Exception {\n \n   /** Initialize project API for tests. */\n   private static void init() throws Exception {\n-    File root = new File(\"target/test-classes/workspace\");\n+    File root = new File(\"target/test-classes/workspace\").getAbsoluteFile();\n     File indexDir = new File(\"target/test-classes/workspace/index\");\n \n     Injector injector ="},{"sha":"b42424373e34d33bfb0981c3fc13a56837f43dcf","filename":"wsagent/che-core-api-project/src/main/java/org/eclipse/che/api/project/server/impl/RootDirPathProvider.java","status":"modified","additions":11,"deletions":6,"changes":17,"blob_url":"https://github.com/eclipse/che/blob/0071c55f5628e483c49c8b09799f12acd6415494/wsagent/che-core-api-project/src/main/java/org/eclipse/che/api/project/server/impl/RootDirPathProvider.java","raw_url":"https://github.com/eclipse/che/raw/0071c55f5628e483c49c8b09799f12acd6415494/wsagent/che-core-api-project/src/main/java/org/eclipse/che/api/project/server/impl/RootDirPathProvider.java","contents_url":"https://api.github.com/repos/eclipse/che/contents/wsagent/che-core-api-project/src/main/java/org/eclipse/che/api/project/server/impl/RootDirPathProvider.java?ref=0071c55f5628e483c49c8b09799f12acd6415494","patch":"@@ -12,21 +12,23 @@\n \n import com.google.inject.Inject;\n import java.io.File;\n+import java.nio.file.Paths;\n import javax.inject.Named;\n import javax.inject.Provider;\n import javax.inject.Singleton;\n \n /**\n- * Provides path for projects root directory using: env variable 'CHE_PROJECTS_ROOT' (which is set\n- * by workspace API == \"project\" volume configured) if not - uses 'che.user.workspaces.storage'\n- * property otherwise - default with '/project' directory (backward compatible solution)\n+ * Provides ABSOLUTE path for projects root directory using: env variable 'CHE_PROJECTS_ROOT' (which\n+ * is set by workspace API == \"project\" volume configured) if not - uses\n+ * 'che.user.workspaces.storage' property otherwise - default with '/project' directory (backward\n+ * compatible solution)\n  *\n  * @author gazarenkov\n  */\n @Singleton\n public class RootDirPathProvider implements Provider<String> {\n \n-  private static String DEF = \"/projects\";\n+  public static String DEFAULT = \"/projects\";\n \n   @Inject(optional = true)\n   @Named(\"che.user.workspaces.storage\")\n@@ -40,9 +42,12 @@ public String get() {\n       path = rootFile.getPath();\n     }\n     if (path == null) {\n-      path = DEF;\n+      path = DEFAULT;\n     }\n \n-    return path;\n+    if (Paths.get(path).isAbsolute()) {\n+      return path;\n+    }\n+    throw new IllegalArgumentException(\"Path to the project should be declared as absolute path\");\n   }\n }"},{"sha":"c748e0d2e57a4518f365bf1f49ec511027f31522","filename":"wsagent/che-core-api-project/src/test/java/org/eclipse/che/api/RootDirPathProviderTest.java","status":"added","additions":40,"deletions":0,"changes":40,"blob_url":"https://github.com/eclipse/che/blob/0071c55f5628e483c49c8b09799f12acd6415494/wsagent/che-core-api-project/src/test/java/org/eclipse/che/api/RootDirPathProviderTest.java","raw_url":"https://github.com/eclipse/che/raw/0071c55f5628e483c49c8b09799f12acd6415494/wsagent/che-core-api-project/src/test/java/org/eclipse/che/api/RootDirPathProviderTest.java","contents_url":"https://api.github.com/repos/eclipse/che/contents/wsagent/che-core-api-project/src/test/java/org/eclipse/che/api/RootDirPathProviderTest.java?ref=0071c55f5628e483c49c8b09799f12acd6415494","patch":"@@ -0,0 +1,40 @@\n+/*\n+ * Copyright (c) 2012-2018 Red Hat, Inc.\n+ * All rights reserved. This program and the accompanying materials\n+ * are made available under the terms of the Eclipse Public License v1.0\n+ * which accompanies this distribution, and is available at\n+ * http://www.eclipse.org/legal/epl-v10.html\n+ *\n+ * Contributors:\n+ *   Red Hat, Inc. - initial API and implementation\n+ */\n+package org.eclipse.che.api;\n+\n+import com.google.inject.AbstractModule;\n+import com.google.inject.Guice;\n+import com.google.inject.Injector;\n+import com.google.inject.name.Names;\n+import java.io.File;\n+import org.eclipse.che.api.project.server.impl.RootDirPathProvider;\n+import org.testng.annotations.Test;\n+\n+public class RootDirPathProviderTest {\n+\n+  @Test(expectedExceptions = IllegalArgumentException.class)\n+  public void test() {\n+    File root = new File(\"target\");\n+    Injector injector =\n+        Guice.createInjector(\n+            new AbstractModule() {\n+              @Override\n+              protected void configure() {\n+                bind(File.class)\n+                    .annotatedWith(Names.named(\"che.user.workspaces.storage\"))\n+                    .toInstance(root);\n+              }\n+            });\n+\n+    RootDirPathProvider pathProvider = injector.getInstance(RootDirPathProvider.class);\n+    pathProvider.get();\n+  }\n+}"}]}
