{"sha":"00907835ee0f0211b6c90865f89af17e52c5f416","commit":{"author":{"name":"Eugene Ivantsov","email":"eivantsov@codenvy.com","date":"2017-04-10T11:09:45Z"},"committer":{"name":"GitHub","email":"noreply@github.com","date":"2017-04-10T11:09:45Z"},"message":"Upgrade node version (#4496)","tree":{"sha":"f5d4aa60e6982524872b854468141588455e365e","url":"https://api.github.com/repos/eclipse/che/git/trees/f5d4aa60e6982524872b854468141588455e365e"},"url":"https://api.github.com/repos/eclipse/che/git/commits/00907835ee0f0211b6c90865f89af17e52c5f416","comment_count":0,"verification":{"verified":false,"reason":"unsigned","signature":null,"payload":null}},"url":"https://api.github.com/repos/eclipse/che/commits/00907835ee0f0211b6c90865f89af17e52c5f416","html_url":"https://github.com/eclipse/che/commit/00907835ee0f0211b6c90865f89af17e52c5f416","comments_url":"https://api.github.com/repos/eclipse/che/commits/00907835ee0f0211b6c90865f89af17e52c5f416/comments","author":null,"committer":{"login":"web-flow","id":19864447,"avatar_url":"https://avatars3.githubusercontent.com/u/19864447?v=4","gravatar_id":"","url":"https://api.github.com/users/web-flow","html_url":"https://github.com/web-flow","followers_url":"https://api.github.com/users/web-flow/followers","following_url":"https://api.github.com/users/web-flow/following{/other_user}","gists_url":"https://api.github.com/users/web-flow/gists{/gist_id}","starred_url":"https://api.github.com/users/web-flow/starred{/owner}{/repo}","subscriptions_url":"https://api.github.com/users/web-flow/subscriptions","organizations_url":"https://api.github.com/users/web-flow/orgs","repos_url":"https://api.github.com/users/web-flow/repos","events_url":"https://api.github.com/users/web-flow/events{/privacy}","received_events_url":"https://api.github.com/users/web-flow/received_events","type":"User","site_admin":false},"parents":[{"sha":"7ee747cebf454cc4d2c3bd5229eeb4ea07d04705","url":"https://api.github.com/repos/eclipse/che/commits/7ee747cebf454cc4d2c3bd5229eeb4ea07d04705","html_url":"https://github.com/eclipse/che/commit/7ee747cebf454cc4d2c3bd5229eeb4ea07d04705"}],"stats":{"total":19,"additions":11,"deletions":8},"files":[{"sha":"91a8fa36ce24fabbd969cc0658bb4920a00fe88f","filename":"dockerfiles/dev/Dockerfile","status":"modified","additions":11,"deletions":8,"changes":19,"blob_url":"https://github.com/eclipse/che/blob/00907835ee0f0211b6c90865f89af17e52c5f416/dockerfiles/dev/Dockerfile","raw_url":"https://github.com/eclipse/che/raw/00907835ee0f0211b6c90865f89af17e52c5f416/dockerfiles/dev/Dockerfile","contents_url":"https://api.github.com/repos/eclipse/che/contents/dockerfiles/dev/Dockerfile?ref=00907835ee0f0211b6c90865f89af17e52c5f416","patch":"@@ -28,7 +28,7 @@\n #\n \n FROM codenvy/debian_jdk8\n-ENV NODE_VERSION=0.12.9 \\\n+ENV NODE_VERSION=4.8.0 \\\n     NODE_PATH=/usr/local/lib/node_modules\n \n RUN sudo apt-get update && \\\n@@ -40,14 +40,17 @@ RUN sudo apt-get update && \\\n     sudo rm -rf /var/lib/apt/lists/* && \\\n     set -ex \\\n     && for key in \\\n-      9554F04D7259F04124DE6B476D5A82AC7E37093B \\\n-      94AE36675C464D64BAFA68DD7434390BDBE9B9C5 \\\n-      0034A06D9D9B0064CE8ADF6BF1747F4AD2306D93 \\\n-      FD3A5288F042B6850C66B31F09FE44734EB7990E \\\n-      71DCFD284A79C3B38668286BC97EC7A07EDE3FC1 \\\n-      DD8F2338BAE7501E3DD5AC78C273792F7D83545D \\\n+    9554F04D7259F04124DE6B476D5A82AC7E37093B \\\n+    94AE36675C464D64BAFA68DD7434390BDBE9B9C5 \\\n+    0034A06D9D9B0064CE8ADF6BF1747F4AD2306D93 \\\n+    FD3A5288F042B6850C66B31F09FE44734EB7990E \\\n+    71DCFD284A79C3B38668286BC97EC7A07EDE3FC1 \\\n+    DD8F2338BAE7501E3DD5AC78C273792F7D83545D \\\n+    B9AE9905FFD7803F25714661B63B535A4C206CA9 \\\n+    C4F0DFFF4E8C1A8236409D08E73BC641CC11F4C8 \\\n+    56730D5401028683275BD23C23EFEFE93C4CFFFE \\\n     ; do \\\n-      gpg --keyserver ha.pool.sks-keyservers.net --recv-keys \"$key\"; \\\n+    gpg --keyserver ha.pool.sks-keyservers.net --recv-keys \"$key\"; \\\n     done && \\\n     cd /home/user && curl --insecure -SLO \"https://nodejs.org/dist/v$NODE_VERSION/node-v$NODE_VERSION-linux-x64.tar.gz\" \\\n     && curl --insecure -SLO \"https://nodejs.org/dist/v$NODE_VERSION/SHASUMS256.txt.asc\" \\"}]}
