{"sha":"009918d8b7e1c8c9b4dd242f616d88235f0dc306","commit":{"author":{"name":"Oleksii Kurinnyi","email":"okurinnyi@codenvy.com","date":"2017-05-28T13:38:20Z"},"committer":{"name":"Anna Shumilova","email":"ashumilo@redhat.com","date":"2017-07-10T11:16:56Z"},"message":"CHE-5166: add import-zip-project component\n\nSigned-off-by: Oleksii Kurinnyi <okurinny@redhat.com>","tree":{"sha":"20a77fe3ead9018ad08013da97ab4d748d50f936","url":"https://api.github.com/repos/eclipse/che/git/trees/20a77fe3ead9018ad08013da97ab4d748d50f936"},"url":"https://api.github.com/repos/eclipse/che/git/commits/009918d8b7e1c8c9b4dd242f616d88235f0dc306","comment_count":0,"verification":{"verified":false,"reason":"unsigned","signature":null,"payload":null}},"url":"https://api.github.com/repos/eclipse/che/commits/009918d8b7e1c8c9b4dd242f616d88235f0dc306","html_url":"https://github.com/eclipse/che/commit/009918d8b7e1c8c9b4dd242f616d88235f0dc306","comments_url":"https://api.github.com/repos/eclipse/che/commits/009918d8b7e1c8c9b4dd242f616d88235f0dc306/comments","author":{"login":"akurinnoy","id":16220722,"avatar_url":"https://avatars2.githubusercontent.com/u/16220722?v=4","gravatar_id":"","url":"https://api.github.com/users/akurinnoy","html_url":"https://github.com/akurinnoy","followers_url":"https://api.github.com/users/akurinnoy/followers","following_url":"https://api.github.com/users/akurinnoy/following{/other_user}","gists_url":"https://api.github.com/users/akurinnoy/gists{/gist_id}","starred_url":"https://api.github.com/users/akurinnoy/starred{/owner}{/repo}","subscriptions_url":"https://api.github.com/users/akurinnoy/subscriptions","organizations_url":"https://api.github.com/users/akurinnoy/orgs","repos_url":"https://api.github.com/users/akurinnoy/repos","events_url":"https://api.github.com/users/akurinnoy/events{/privacy}","received_events_url":"https://api.github.com/users/akurinnoy/received_events","type":"User","site_admin":false},"committer":{"login":"ashumilova","id":1611939,"avatar_url":"https://avatars1.githubusercontent.com/u/1611939?v=4","gravatar_id":"","url":"https://api.github.com/users/ashumilova","html_url":"https://github.com/ashumilova","followers_url":"https://api.github.com/users/ashumilova/followers","following_url":"https://api.github.com/users/ashumilova/following{/other_user}","gists_url":"https://api.github.com/users/ashumilova/gists{/gist_id}","starred_url":"https://api.github.com/users/ashumilova/starred{/owner}{/repo}","subscriptions_url":"https://api.github.com/users/ashumilova/subscriptions","organizations_url":"https://api.github.com/users/ashumilova/orgs","repos_url":"https://api.github.com/users/ashumilova/repos","events_url":"https://api.github.com/users/ashumilova/events{/privacy}","received_events_url":"https://api.github.com/users/ashumilova/received_events","type":"User","site_admin":false},"parents":[{"sha":"1d9799f08ee870708d67c635a20180bc57e4e687","url":"https://api.github.com/repos/eclipse/che/commits/1d9799f08ee870708d67c635a20180bc57e4e687","html_url":"https://github.com/eclipse/che/commit/1d9799f08ee870708d67c635a20180bc57e4e687"}],"stats":{"total":285,"additions":285,"deletions":0},"files":[{"sha":"d6b295698baaa4d9ca5422212eb197964bae099b","filename":"dashboard/src/app/workspaces/create-workspace/project-source-selector/import-zip-project/import-zip-project.controller.ts","status":"added","additions":110,"deletions":0,"changes":110,"blob_url":"https://github.com/eclipse/che/blob/009918d8b7e1c8c9b4dd242f616d88235f0dc306/dashboard/src/app/workspaces/create-workspace/project-source-selector/import-zip-project/import-zip-project.controller.ts","raw_url":"https://github.com/eclipse/che/raw/009918d8b7e1c8c9b4dd242f616d88235f0dc306/dashboard/src/app/workspaces/create-workspace/project-source-selector/import-zip-project/import-zip-project.controller.ts","contents_url":"https://api.github.com/repos/eclipse/che/contents/dashboard/src/app/workspaces/create-workspace/project-source-selector/import-zip-project/import-zip-project.controller.ts?ref=009918d8b7e1c8c9b4dd242f616d88235f0dc306","patch":"@@ -0,0 +1,110 @@\n+/*\n+ * Copyright (c) 2015-2017 Codenvy, S.A.\n+ * All rights reserved. This program and the accompanying materials\n+ * are made available under the terms of the Eclipse Public License v1.0\n+ * which accompanies this distribution, and is available at\n+ * http://www.eclipse.org/legal/epl-v10.html\n+ *\n+ * Contributors:\n+ *   Codenvy, S.A. - initial API and implementation\n+ */\n+'use strict';\n+\n+import {ImportZipProjectService} from './import-zip-project.service';\n+import {ProjectSourceSelectorService} from '../project-source-selector.service';\n+import {IProjectSourceSelectorServiceObserver} from '../project-source-selector-service.observer';\n+import {ProjectSource} from '../project-source.enum';\n+\n+/**\n+ * This class is handling the controller for the Zip project import.\n+ *\n+ * @author Oleksii Kurinnyi\n+ */\n+export class ImportZipProjectController implements IProjectSourceSelectorServiceObserver {\n+  /**\n+   * Import Zip project service.\n+   */\n+  private importZipProjectService: ImportZipProjectService;\n+  /**\n+   * Project source selector service.\n+   */\n+  private projectSourceSelectorService: ProjectSourceSelectorService;\n+  /**\n+   * Zip repository location.\n+   */\n+  private location: string;\n+  /**\n+   * Skip the root folder of archive if <code>true</code>\n+   */\n+  private skipFirstLevel: boolean;\n+  /**\n+   * Directive's form.\n+   */\n+  private form: ng.IFormController;\n+\n+  /**\n+   * Default constructor that is using resource injection\n+   * @ngInject for Dependency injection\n+   */\n+  constructor(importZipProjectService: ImportZipProjectService, projectSourceSelectorService: ProjectSourceSelectorService) {\n+    this.importZipProjectService = importZipProjectService;\n+    this.projectSourceSelectorService = projectSourceSelectorService;\n+\n+    this.location = this.importZipProjectService.location;\n+    this.skipFirstLevel = this.importZipProjectService.skipFirstLevel;\n+\n+    this.projectSourceSelectorService.subscribe(this.onProjectSourceSelectorServicePublish.bind(this));\n+  }\n+\n+  /**\n+   * Callback which is called when project template is added to the list of ready-to-import projects.\n+   * Clears project's location.\n+   *\n+   * @param {ProjectSource} source the project's source\n+   */\n+  onProjectSourceSelectorServicePublish(source: ProjectSource): void {\n+    if (source !== ProjectSource.ZIP) {\n+      return;\n+    }\n+\n+    this.location = '';\n+    this.skipFirstLevel = false;\n+\n+    this.importZipProjectService.onChanged();\n+\n+    this.refreshForm();\n+  }\n+\n+  /**\n+   * Register directive's form.\n+   *\n+   * @param {ng.IFormController} form\n+   */\n+  registerForm(form: ng.IFormController): void {\n+    this.form = form;\n+  }\n+\n+  /**\n+   * Refresh form to eliminate all errors.\n+   */\n+  refreshForm(): void {\n+    this.form.$setUntouched();\n+    this.form.$setPristine();\n+  }\n+\n+  /**\n+   * Callback which is called when location or source parameter is changed.\n+   *\n+   * @param {string} location the zip project's location\n+   */\n+  onUrlChanged(location: string): void {\n+    this.importZipProjectService.onChanged(location, this.skipFirstLevel);\n+  }\n+\n+  /**\n+   * Callback which is called when location or source parameter is changed.\n+   */\n+  onCheckboxChanged(): void {\n+    this.importZipProjectService.onChanged(this.location, this.skipFirstLevel);\n+  }\n+}"},{"sha":"6963db33715485ef8a0c518e3990fe6ae48cf601","filename":"dashboard/src/app/workspaces/create-workspace/project-source-selector/import-zip-project/import-zip-project.directive.ts","status":"added","additions":40,"deletions":0,"changes":40,"blob_url":"https://github.com/eclipse/che/blob/009918d8b7e1c8c9b4dd242f616d88235f0dc306/dashboard/src/app/workspaces/create-workspace/project-source-selector/import-zip-project/import-zip-project.directive.ts","raw_url":"https://github.com/eclipse/che/raw/009918d8b7e1c8c9b4dd242f616d88235f0dc306/dashboard/src/app/workspaces/create-workspace/project-source-selector/import-zip-project/import-zip-project.directive.ts","contents_url":"https://api.github.com/repos/eclipse/che/contents/dashboard/src/app/workspaces/create-workspace/project-source-selector/import-zip-project/import-zip-project.directive.ts?ref=009918d8b7e1c8c9b4dd242f616d88235f0dc306","patch":"@@ -0,0 +1,40 @@\n+/*\n+ * Copyright (c) 2015-2017 Codenvy, S.A.\n+ * All rights reserved. This program and the accompanying materials\n+ * are made available under the terms of the Eclipse Public License v1.0\n+ * which accompanies this distribution, and is available at\n+ * http://www.eclipse.org/legal/epl-v10.html\n+ *\n+ * Contributors:\n+ *   Codenvy, S.A. - initial API and implementation\n+ */\n+'use strict';\n+\n+/**\n+ * Defines a directive for the Zip project import.\n+ *\n+ * @author Oleksii Kurinnyi\n+ */\n+export class ImportZipProject implements ng.IDirective {\n+  restrict: string = 'E';\n+  templateUrl: string = 'app/workspaces/create-workspace/project-source-selector/import-zip-project/import-zip-project.html';\n+  replace: boolean = true;\n+\n+  controller: string = 'ImportZipProjectController';\n+  controllerAs: string = 'importZipProjectController';\n+\n+  bindToController: boolean = true;\n+\n+  scope: {\n+    [propName: string]: string;\n+  };\n+\n+  /**\n+   * Default constructor that is using resource\n+   * @ngInject for Dependency injection\n+   */\n+  constructor() {\n+    this.scope = {};\n+  }\n+\n+}"},{"sha":"33de08c372a5777712e4a0681c38eb1d897db218","filename":"dashboard/src/app/workspaces/create-workspace/project-source-selector/import-zip-project/import-zip-project.html","status":"added","additions":26,"deletions":0,"changes":26,"blob_url":"https://github.com/eclipse/che/blob/009918d8b7e1c8c9b4dd242f616d88235f0dc306/dashboard/src/app/workspaces/create-workspace/project-source-selector/import-zip-project/import-zip-project.html","raw_url":"https://github.com/eclipse/che/raw/009918d8b7e1c8c9b4dd242f616d88235f0dc306/dashboard/src/app/workspaces/create-workspace/project-source-selector/import-zip-project/import-zip-project.html","contents_url":"https://api.github.com/repos/eclipse/che/contents/dashboard/src/app/workspaces/create-workspace/project-source-selector/import-zip-project/import-zip-project.html?ref=009918d8b7e1c8c9b4dd242f616d88235f0dc306","patch":"@@ -0,0 +1,26 @@\n+<div class=\"import-zip\">\n+  <form name=\"importZipProjectForm\">\n+\n+    <che-input-box ng-init=\"importZipProjectController.registerForm(importZipProjectForm)\"\n+                   che-form=\"importZipProjectForm\"\n+                   che-name=\"remoteZipURL\"\n+                   che-label-name=\"Zip URL\"\n+                   che-place-holder=\"Url of the zip file\"\n+                   aria-label=\"Url of the zip file\"\n+                   che-width=\"auto\"\n+                   che-on-change=\"importZipProjectController.onUrlChanged($value)\"\n+                   ng-model=\"importZipProjectController.location\"\n+                   required>\n+    </che-input-box>\n+\n+    <div layout=\"row\" layout-align=\"left\"\n+         flex flex-offset=\"15\">\n+      <md-checkbox ng-model=\"importZipProjectController.skipFirstLevel\"\n+                   ng-change=\"importZipProjectController.onCheckboxChanged()\"\n+                   aria-label=\"Skip the root folder of the archive\">\n+        Skip the root folder of the archive\n+      </md-checkbox>\n+    </div>\n+\n+  </form>\n+</div>"},{"sha":"839e12b28461a9bd3aeae9665d5541d2bd4ec707","filename":"dashboard/src/app/workspaces/create-workspace/project-source-selector/import-zip-project/import-zip-project.service.ts","status":"added","additions":83,"deletions":0,"changes":83,"blob_url":"https://github.com/eclipse/che/blob/009918d8b7e1c8c9b4dd242f616d88235f0dc306/dashboard/src/app/workspaces/create-workspace/project-source-selector/import-zip-project/import-zip-project.service.ts","raw_url":"https://github.com/eclipse/che/raw/009918d8b7e1c8c9b4dd242f616d88235f0dc306/dashboard/src/app/workspaces/create-workspace/project-source-selector/import-zip-project/import-zip-project.service.ts","contents_url":"https://api.github.com/repos/eclipse/che/contents/dashboard/src/app/workspaces/create-workspace/project-source-selector/import-zip-project/import-zip-project.service.ts?ref=009918d8b7e1c8c9b4dd242f616d88235f0dc306","patch":"@@ -0,0 +1,83 @@\n+/*\n+ * Copyright (c) 2015-2017 Codenvy, S.A.\n+ * All rights reserved. This program and the accompanying materials\n+ * are made available under the terms of the Eclipse Public License v1.0\n+ * which accompanies this distribution, and is available at\n+ * http://www.eclipse.org/legal/epl-v10.html\n+ *\n+ * Contributors:\n+ *   Codenvy, S.A. - initial API and implementation\n+ */\n+'use strict';\n+\n+/**\n+ * This class is handling the service for the Zip project import.\n+ *\n+ * @author Oleksii Kurinnyi\n+ */\n+export class ImportZipProjectService {\n+  /**\n+   * Zip project location.\n+   */\n+  private _location: string;\n+  /**\n+   * Skip root folder if <code>true</code>.\n+   */\n+  private _skipFirstLevel: boolean;\n+\n+  /**\n+   * Default constructor that is using resource\n+   * @ngInject for Dependency injection\n+   */\n+  constructor() {\n+    this._location = '';\n+    this._skipFirstLevel = false;\n+  }\n+\n+  get location(): string {\n+    return this._location;\n+  }\n+\n+  get skipFirstLevel(): boolean {\n+    return this._skipFirstLevel;\n+  }\n+\n+  /**\n+   * Callback which is called when location is changed.\n+   *\n+   * @param {string=\"\"} location Zip project location\n+   * @param {boolean=false} skipFirstLevel skip root folder if <code>true</code>\n+   */\n+  onChanged(location: string = '', skipFirstLevel: boolean = false): void {\n+    this._location = location;\n+    this._skipFirstLevel = skipFirstLevel;\n+  }\n+\n+  /**\n+   * Returns project's properties.\n+   *\n+   * @return {che.IProjectTemplate}\n+   */\n+  getProjectProps(): che.IProjectTemplate {\n+    const props = {} as che.IProjectTemplate;\n+\n+    const [ , name] = /\\/([^\\/]+)\\.zip$/i.exec(this._location);\n+    const path = '/' +  name.replace(/[^\\w-_]/g, '_');\n+    props.name = name;\n+    props.displayName = name;\n+    props.description = '';\n+    props.path = path;\n+    props.category = '';\n+\n+    props.source = {\n+      type: 'zip',\n+      location: this._location,\n+      parameters: {\n+        skipFirstLevel: this._skipFirstLevel\n+      }\n+    };\n+\n+    return props;\n+  }\n+\n+}"},{"sha":"568d8ceb6c8a21d746e052d761a269f5062304c8","filename":"dashboard/src/app/workspaces/create-workspace/project-source-selector/import-zip-project/import-zip-project.styl","status":"added","additions":20,"deletions":0,"changes":20,"blob_url":"https://github.com/eclipse/che/blob/009918d8b7e1c8c9b4dd242f616d88235f0dc306/dashboard/src/app/workspaces/create-workspace/project-source-selector/import-zip-project/import-zip-project.styl","raw_url":"https://github.com/eclipse/che/raw/009918d8b7e1c8c9b4dd242f616d88235f0dc306/dashboard/src/app/workspaces/create-workspace/project-source-selector/import-zip-project/import-zip-project.styl","contents_url":"https://api.github.com/repos/eclipse/che/contents/dashboard/src/app/workspaces/create-workspace/project-source-selector/import-zip-project/import-zip-project.styl?ref=009918d8b7e1c8c9b4dd242f616d88235f0dc306","patch":"@@ -0,0 +1,20 @@\n+.import-zip\n+  .che-input-box\n+    font-size 13px !important\n+    margin-bottom 30px\n+\n+    input\n+      margin-top -3px\n+      height 32px\n+\n+    label > span\n+      color $grey-input-label-color\n+\n+  md-checkbox\n+    font-size 13px !important\n+    margin-left 0\n+    margin-bottom 0\n+\n+    span\n+      color $label-primary-color\n+      vertical-align text-top"},{"sha":"d6c667bebe73c19e4a0940efd23cb26ecd265d83","filename":"dashboard/src/app/workspaces/workspaces-config.ts","status":"modified","additions":6,"deletions":0,"changes":6,"blob_url":"https://github.com/eclipse/che/blob/009918d8b7e1c8c9b4dd242f616d88235f0dc306/dashboard/src/app/workspaces/workspaces-config.ts","raw_url":"https://github.com/eclipse/che/raw/009918d8b7e1c8c9b4dd242f616d88235f0dc306/dashboard/src/app/workspaces/workspaces-config.ts","contents_url":"https://api.github.com/repos/eclipse/che/contents/dashboard/src/app/workspaces/workspaces-config.ts?ref=009918d8b7e1c8c9b4dd242f616d88235f0dc306","patch":"@@ -59,6 +59,9 @@ import {ImportBlankProject} from './create-workspace/project-source-selector/imp\n import {ImportGitProjectController} from './create-workspace/project-source-selector/import-git-project/import-git-project.controller';\n import {ImportGitProjectService} from './create-workspace/project-source-selector/import-git-project/import-git-project.service';\n import {ImportGitProject} from './create-workspace/project-source-selector/import-git-project/import-git-project.directive';\n+import {ImportZipProjectController} from './create-workspace/project-source-selector/import-zip-project/import-zip-project.controller';\n+import {ImportZipProjectService} from './create-workspace/project-source-selector/import-zip-project/import-zip-project.service';\n+import {ImportZipProject} from './create-workspace/project-source-selector/import-zip-project/import-zip-project.directive';\n import {TemplateSelectorController} from './create-workspace/project-source-selector/template-selector/template-selector.controller';\n import {TemplateSelectorSvc} from './create-workspace/project-source-selector/template-selector/template-selector.service';\n import {TemplateSelector} from './create-workspace/project-source-selector/template-selector/template-selector.directive';\n@@ -185,6 +188,9 @@ export class WorkspacesConfig {\n     register.controller('ImportGitProjectController', ImportGitProjectController);\n     register.service('importGitProjectService', ImportGitProjectService);\n     register.directive('importGitProject', ImportGitProject);\n+    register.controller('ImportZipProjectController', ImportZipProjectController);\n+    register.service('importZipProjectService', ImportZipProjectService);\n+    register.directive('importZipProject', ImportZipProject);\n     register.controller('TemplateSelectorController', TemplateSelectorController);\n     register.service('templateSelectorSvc', TemplateSelectorSvc);\n     register.directive('templateSelector', TemplateSelector);"}]}
