{"sha":"00cbcef2638cf561a9d3f4f993166c2f47b7d6d3","commit":{"author":{"name":"Oleksandr Garagatyi","email":"ogaragat@redhat.com","date":"2017-09-14T13:38:41Z"},"committer":{"name":"Oleksandr Garagatyi","email":"ogaragat@redhat.com","date":"2017-09-15T09:56:55Z"},"message":"CHE-6083: Refactor webdriver.sh script to simplify it\n\nMoved all the code from script main body to its functions to simplify it.\nAdd set -e directive to prevent ignorance of possible bugs.\nSigned-off-by: Oleksandr Garagatyi <ogaragat@redhat.com>","tree":{"sha":"b04957b8f9c2bc7c09f9d3775d5c1cda4c37c87e","url":"https://api.github.com/repos/eclipse/che/git/trees/b04957b8f9c2bc7c09f9d3775d5c1cda4c37c87e"},"url":"https://api.github.com/repos/eclipse/che/git/commits/00cbcef2638cf561a9d3f4f993166c2f47b7d6d3","comment_count":0,"verification":{"verified":false,"reason":"unsigned","signature":null,"payload":null}},"url":"https://api.github.com/repos/eclipse/che/commits/00cbcef2638cf561a9d3f4f993166c2f47b7d6d3","html_url":"https://github.com/eclipse/che/commit/00cbcef2638cf561a9d3f4f993166c2f47b7d6d3","comments_url":"https://api.github.com/repos/eclipse/che/commits/00cbcef2638cf561a9d3f4f993166c2f47b7d6d3/comments","author":{"login":"garagatyi","id":1851863,"avatar_url":"https://avatars0.githubusercontent.com/u/1851863?v=4","gravatar_id":"","url":"https://api.github.com/users/garagatyi","html_url":"https://github.com/garagatyi","followers_url":"https://api.github.com/users/garagatyi/followers","following_url":"https://api.github.com/users/garagatyi/following{/other_user}","gists_url":"https://api.github.com/users/garagatyi/gists{/gist_id}","starred_url":"https://api.github.com/users/garagatyi/starred{/owner}{/repo}","subscriptions_url":"https://api.github.com/users/garagatyi/subscriptions","organizations_url":"https://api.github.com/users/garagatyi/orgs","repos_url":"https://api.github.com/users/garagatyi/repos","events_url":"https://api.github.com/users/garagatyi/events{/privacy}","received_events_url":"https://api.github.com/users/garagatyi/received_events","type":"User","site_admin":false},"committer":{"login":"garagatyi","id":1851863,"avatar_url":"https://avatars0.githubusercontent.com/u/1851863?v=4","gravatar_id":"","url":"https://api.github.com/users/garagatyi","html_url":"https://github.com/garagatyi","followers_url":"https://api.github.com/users/garagatyi/followers","following_url":"https://api.github.com/users/garagatyi/following{/other_user}","gists_url":"https://api.github.com/users/garagatyi/gists{/gist_id}","starred_url":"https://api.github.com/users/garagatyi/starred{/owner}{/repo}","subscriptions_url":"https://api.github.com/users/garagatyi/subscriptions","organizations_url":"https://api.github.com/users/garagatyi/orgs","repos_url":"https://api.github.com/users/garagatyi/repos","events_url":"https://api.github.com/users/garagatyi/events{/privacy}","received_events_url":"https://api.github.com/users/garagatyi/received_events","type":"User","site_admin":false},"parents":[{"sha":"acce13f30cbdd1550bdc52afd07b0af107d0bf34","url":"https://api.github.com/repos/eclipse/che/commits/acce13f30cbdd1550bdc52afd07b0af107d0bf34","html_url":"https://github.com/eclipse/che/commit/acce13f30cbdd1550bdc52afd07b0af107d0bf34"}],"stats":{"total":202,"additions":103,"deletions":99},"files":[{"sha":"e1f9072af7ecc6384405cd4eff868e768410591b","filename":"selenium/che-selenium-core/bin/webdriver.sh","status":"modified","additions":103,"deletions":99,"changes":202,"blob_url":"https://github.com/eclipse/che/blob/00cbcef2638cf561a9d3f4f993166c2f47b7d6d3/selenium/che-selenium-core/bin/webdriver.sh","raw_url":"https://github.com/eclipse/che/raw/00cbcef2638cf561a9d3f4f993166c2f47b7d6d3/selenium/che-selenium-core/bin/webdriver.sh","contents_url":"https://api.github.com/repos/eclipse/che/contents/selenium/che-selenium-core/bin/webdriver.sh?ref=00cbcef2638cf561a9d3f4f993166c2f47b7d6d3","patch":"@@ -10,11 +10,6 @@\n #   Red Hat, Inc. - initial API and implementation\n #\n \n-# we need to have at least 2 threads for tests which start several WebDriver instances at once, for example, tests of File Watcher\n-readonly MIN_THREAD_COUNT=2\n-# having more than 5 threads doesn't impact on performance significantly\n-readonly MAX_THREAD_COUNT=5\n-\n getRecommendedThreadCount() {\n     local threadCount=$MIN_THREAD_COUNT\n \n@@ -55,58 +50,59 @@ detectDockerInterfaceIp() {\n     return 1\n }\n \n-####################################################################################\n+initVariables() {\n+    # we need to have at least 2 threads for tests which start several WebDriver instances at once, for example, tests of File Watcher\n+    readonly MIN_THREAD_COUNT=2\n+    # having more than 5 threads doesn't impact on performance significantly\n+    readonly MAX_THREAD_COUNT=5\n \n-trap cleanUpEnvironment EXIT\n+    readonly FAILSAFE_DIR=\"target/failsafe-reports\"\n+    readonly TESTNG_FAILED_SUITE=${FAILSAFE_DIR}\"/testng-failed.xml\"\n+    readonly FAILSAFE_REPORT=\"target/site/failsafe-report.html\"\n \n-############################\n-### Default variables\n-############################\n-unset TMP_DIR\n+    readonly TEST_INCLUSION_STABLE=\"STABLE\"\n+    readonly TEST_INCLUSION_UNSTABLE=\"UNSTABLE\"\n+    readonly TEST_INCLUSION_STABLE_AND_UNSTABLE=\"STABLE_AND_UNSTABLE\"\n+    readonly TEST_INCLUSION_SINGLE_TEST=\"SINGLE_TEST\"\n \n-readonly FAILSAFE_DIR=\"target/failsafe-reports\"\n-readonly TESTNG_FAILED_SUITE=${FAILSAFE_DIR}\"/testng-failed.xml\"\n-readonly FAILSAFE_REPORT=\"target/site/failsafe-report.html\"\n+    readonly STABLE_MSG=\"stable tests\"\n+    readonly UNSTABLE_MSG=\"unstable tests\"\n+    readonly STABLE_AND_UNSTABLE_MSG=\"stable and unstable tests\"\n+    readonly SINGLE_TEST_MSG=\"single test/package\"\n \n-# CALLER variable contains parent caller script name\n-# CUR_DIR variable contains the current directory where CALLER is executed\n-[[ -z ${CALLER+x} ]] && { CALLER=$(basename $0); }\n-[[ -z ${CUR_DIR+x} ]] && { CUR_DIR=$(cd \"$(dirname \"$0\")\"; pwd); }\n+    readonly MAX_RERUN=2\n \n-[[ -z ${API_SUFFIX+x} ]] && { API_SUFFIX=\":8080/api/\"; }\n-[[ -z ${BASE_ACTUAL_RESULTS_URL+x} ]] && { BASE_ACTUAL_RESULTS_URL=\"https://ci.codenvycorp.com/view/qa/job/che-integration-tests/\"; }\n+    # CALLER variable contains parent caller script name\n+    # CUR_DIR variable contains the current directory where CALLER is executed\n+    [[ -z ${CALLER+x} ]] && { CALLER=$(basename $0); }\n+    [[ -z ${CUR_DIR+x} ]] && { CUR_DIR=$(cd \"$(dirname \"$0\")\"; pwd); }\n \n-MODE=\"grid\"\n-GRID_OPTIONS=\"-Dgrid.mode=true\"\n-RERUN=false\n-readonly MAX_RERUN=2\n-BROWSER=\"GOOGLE_CHROME\"\n-WEBDRIVER_VERSION=$(curl -s http://chromedriver.storage.googleapis.com/LATEST_RELEASE)\n-WEBDRIVER_PORT=\"9515\"\n-NODE_CHROME_DEBUG_SUFFIX=\n-THREADS=$(getRecommendedThreadCount)\n+    [[ -z ${API_SUFFIX+x} ]] && { API_SUFFIX=\":8080/api/\"; }\n+    [[ -z ${BASE_ACTUAL_RESULTS_URL+x} ]] && { BASE_ACTUAL_RESULTS_URL=\"https://ci.codenvycorp.com/view/qa/job/che-integration-tests/\"; }\n \n-ACTUAL_RESULTS=()\n-COMPARE_WITH_CI=false\n+    MODE=\"grid\"\n+    GRID_OPTIONS=\"-Dgrid.mode=true\"\n+    RERUN=false\n \n-readonly TEST_INCLUSION_STABLE=\"STABLE\"\n-readonly TEST_INCLUSION_UNSTABLE=\"UNSTABLE\"\n-readonly TEST_INCLUSION_STABLE_AND_UNSTABLE=\"STABLE_AND_UNSTABLE\"\n-readonly TEST_INCLUSION_SINGLE_TEST=\"SINGLE_TEST\"\n+    BROWSER=\"GOOGLE_CHROME\"\n+    WEBDRIVER_VERSION=$(curl -s http://chromedriver.storage.googleapis.com/LATEST_RELEASE)\n+    WEBDRIVER_PORT=\"9515\"\n+    NODE_CHROME_DEBUG_SUFFIX=\n+    THREADS=$(getRecommendedThreadCount)\n \n-readonly STABLE_MSG=\"stable tests\"\n-readonly UNSTABLE_MSG=\"unstable tests\"\n-readonly STABLE_AND_UNSTABLE_MSG=\"stable and unstable tests\"\n-readonly SINGLE_TEST_MSG=\"single test/package\"\n+    ACTUAL_RESULTS=()\n+    COMPARE_WITH_CI=false\n \n-PRODUCT_PROTOCOL=\"http\"\n-PRODUCT_HOST=$(detectDockerInterfaceIp)\n+    PRODUCT_PROTOCOL=\"http\"\n+    PRODUCT_HOST=$(detectDockerInterfaceIp)\n \n-unset TEST_INCLUSION\n-unset DEBUG_OPTIONS\n-unset MAVEN_OPTIONS\n-unset TMP_SUITE_PATH\n-unset ORIGIN_TESTS_SCOPE\n+    unset TEST_INCLUSION\n+    unset DEBUG_OPTIONS\n+    unset MAVEN_OPTIONS\n+    unset TMP_SUITE_PATH\n+    unset ORIGIN_TESTS_SCOPE\n+    unset TMP_DIR\n+}\n \n cleanUpEnvironment() {\n     if [[ ${MODE} == \"grid\" ]]; then\n@@ -120,7 +116,7 @@ checkParameters() {\n         if [[ \"$var\" =~ --web-driver-version=.* ]]; then :\n         elif [[ \"$var\" =~ --web-driver-port=[0-9]+$ ]]; then :\n         elif [[ \"$var\" == \"--http\" ]]; then :\n-        elif [[ \"$var\" == \"--https\" ]]; then  :\n+        elif [[ \"$var\" == \"--https\" ]]; then :\n         elif [[ \"$var\" == \"--che\" ]]; then :\n         elif [[ \"$var\" =~ --host=.* ]]; then :\n         elif [[ \"$var\" =~ --threads=[0-9]+$ ]]; then :\n@@ -875,69 +871,77 @@ testProduct() {\n     fi\n }\n \n-if [[ $@ =~ --help ]]; then\n-    printHelp\n-    exit\n-fi\n+run() {\n+    if [[ $@ =~ --help ]]; then\n+        printHelp\n+        exit\n+    fi\n \n-START_TIME=$(date +%s)\n-init\n-checkBuild\n+    START_TIME=$(date +%s)\n \n-checkParameters $@\n-defineOperationSystemSpecificVariables\n-defineRunMode $@\n+    trap cleanUpEnvironment EXIT\n \n-defineTestsScope $@\n-applyCustomOptions $@\n+    initVariables\n+    init\n+    checkBuild\n \n-if [[ ${COMPARE_WITH_CI} == true ]]; then\n-    fetchActualResults $@\n-else\n-    prepareToFirstRun\n+    checkParameters $@\n+    defineOperationSystemSpecificVariables\n+    defineRunMode $@\n \n-    if [[ ${TEST_INCLUSION} == ${TEST_INCLUSION_STABLE} ]]; then\n-        echo \"[TEST]\"\n-        echo -e \"[TEST] ${YELLOW}---------------------------------------------------${NO_COLOUR}\"\n-        echo -e \"[TEST] ${YELLOW} RUN STABLE TESTS${NO_COLOUR}\"\n-        echo -e \"[TEST] ${YELLOW}---------------------------------------------------${NO_COLOUR}\"\n-        echo \"[TEST]\"\n+    defineTestsScope $@\n+    applyCustomOptions $@\n+\n+    if [[ ${COMPARE_WITH_CI} == true ]]; then\n+        fetchActualResults $@\n+    else\n+        prepareToFirstRun\n+\n+        if [[ ${TEST_INCLUSION} == ${TEST_INCLUSION_STABLE} ]]; then\n+            echo \"[TEST]\"\n+            echo -e \"[TEST] ${YELLOW}---------------------------------------------------${NO_COLOUR}\"\n+            echo -e \"[TEST] ${YELLOW} RUN STABLE TESTS${NO_COLOUR}\"\n+            echo -e \"[TEST] ${YELLOW}---------------------------------------------------${NO_COLOUR}\"\n+            echo \"[TEST]\"\n+        fi\n+\n+        testProduct $@\n     fi\n \n-    testProduct $@\n-fi\n+    analyseTestsResults $@\n+    generateFailSafeReport\n+    printProposals $@\n+    storeTestReport\n+    printElapsedTime\n \n-analyseTestsResults $@\n-generateFailSafeReport\n-printProposals $@\n-storeTestReport\n-printElapsedTime\n+    if [[ ${TESTS_SCOPE} =~ -DrunSuite ]] \\\n+        && [[ $(fetchFailedTestsNumber) == 0 ]] \\\n+        && [[ ${COMPARE_WITH_CI} == false ]] \\\n+        && [[ ${TEST_INCLUSION} == ${TEST_INCLUSION_STABLE} ]]; then\n \n-if [[ ${TESTS_SCOPE} =~ -DrunSuite ]] \\\n-      && [[ $(fetchFailedTestsNumber) == 0 ]] \\\n-      && [[ ${COMPARE_WITH_CI} == false ]] \\\n-      && [[ ${TEST_INCLUSION} == ${TEST_INCLUSION_STABLE} ]]; then\n+        if [[ $(suiteContainsUnstableTests) != 0 ]]; then\n+            echo \"[TEST]\"\n+            echo \"[TEST] Test suite '${ORIGIN_TESTS_SCOPE:11}' doesn't have tests which are marked as unstable.\"\n+            echo \"[TEST] No more tests will be run.\"\n+            echo \"[TEST]\"\n+            exit\n+        fi\n+\n+        TEST_INCLUSION=${TEST_INCLUSION_UNSTABLE}\n+        START_TIME=$(date +%s)\n \n-    if [[ $(suiteContainsUnstableTests) != 0 ]]; then\n         echo \"[TEST]\"\n-        echo \"[TEST] Test suite '${ORIGIN_TESTS_SCOPE:11}' doesn't have tests which are marked as unstable.\"\n-        echo \"[TEST] No more tests will be run.\"\n         echo \"[TEST]\"\n-        exit\n-    fi\n-\n-    TEST_INCLUSION=${TEST_INCLUSION_UNSTABLE}\n-    START_TIME=$(date +%s)\n+        echo -e \"[TEST] ${YELLOW}---------------------------------------------------${NO_COLOUR}\"\n+        echo -e \"[TEST] ${YELLOW} RUN UNSTABLE TESTS${NO_COLOUR}\"\n+        echo -e \"[TEST] ${YELLOW}---------------------------------------------------${NO_COLOUR}\"\n+        echo \"[TEST]\"\n \n-    echo \"[TEST]\"\n-    echo \"[TEST]\"\n-    echo -e \"[TEST] ${YELLOW}---------------------------------------------------${NO_COLOUR}\"\n-    echo -e \"[TEST] ${YELLOW} RUN UNSTABLE TESTS${NO_COLOUR}\"\n-    echo -e \"[TEST] ${YELLOW}---------------------------------------------------${NO_COLOUR}\"\n-    echo \"[TEST]\"\n+        testProduct $@\n+        generateFailSafeReport\n+        storeTestReport\n+        printElapsedTime\n+    fi\n+}\n \n-    testProduct $@\n-    generateFailSafeReport\n-    storeTestReport\n-    printElapsedTime\n-fi\n+run \"$@\""}]}
