{"sha":"00d449a88063281738b1f19cee98ddec2bff828f","commit":{"author":{"name":"Sergey Skorik","email":"sskorik@codenvy.com","date":"2017-11-21T10:54:58Z"},"committer":{"name":"GitHub","email":"noreply@github.com","date":"2017-11-21T10:54:58Z"},"message":"Remove test method from the CheckFileWatcherExcludeFeatureTest selenium test \n\nRemove checkIsNotExcludeOperationEventAboutIgnoreFile test method from the CheckFileWatcherExcludeFeatureTest selenium test","tree":{"sha":"aa8226926da4119f1e35dff8da5dc717421d42b0","url":"https://api.github.com/repos/eclipse/che/git/trees/aa8226926da4119f1e35dff8da5dc717421d42b0"},"url":"https://api.github.com/repos/eclipse/che/git/commits/00d449a88063281738b1f19cee98ddec2bff828f","comment_count":0,"verification":{"verified":true,"reason":"valid","signature":"-----BEGIN PGP SIGNATURE-----\n\nwsBcBAABCAAQBQJaFAYCCRBK7hj4Ov3rIwAAdHIIAJSDa7uTgBi0FJs13QBjtGXA\novfrhNDf8sVxkW0D9lfA8mMADdluO/t6slXqzL2sGRyaViYfzBn5l0fhRM60ZDDT\nd1WfWzi+SUTo8lIDsQhIjT1qK0P801VPdpsgdQKLJd5uOdG6+oYnQAy5nK2pE5uU\nyVbNdxRUO237rROXU/ga4WrAOFIKzMBP09cJynaeM6o3s71ukFFkPny3gLEhbPBM\nSgyEDKv5uEC8rY1onZ8g5vD5M2il+3JFnQCW+vz21idrFS6W2VsVMXqqpCEm6Gs2\naLUBIQZUkmAU9CIt0YOvSaAXtXJNVVbzaAajrJDeEQnRBGW1EYfBfk5KV+oIlJY=\n=Wjex\n-----END PGP SIGNATURE-----\n","payload":"tree aa8226926da4119f1e35dff8da5dc717421d42b0\nparent 76461bddd130a5ee5c628fdd014a452ca965a9b0\nparent 09e58f70cf4e71e6edb84f121f817efe7b97a300\nauthor Sergey Skorik <sskorik@codenvy.com> 1511261698 +0200\ncommitter GitHub <noreply@github.com> 1511261698 +0200\n\nRemove test method from the CheckFileWatcherExcludeFeatureTest selenium test \n\nRemove checkIsNotExcludeOperationEventAboutIgnoreFile test method from the CheckFileWatcherExcludeFeatureTest selenium test "}},"url":"https://api.github.com/repos/eclipse/che/commits/00d449a88063281738b1f19cee98ddec2bff828f","html_url":"https://github.com/eclipse/che/commit/00d449a88063281738b1f19cee98ddec2bff828f","comments_url":"https://api.github.com/repos/eclipse/che/commits/00d449a88063281738b1f19cee98ddec2bff828f/comments","author":{"login":"SkorikSergey","id":7760565,"avatar_url":"https://avatars1.githubusercontent.com/u/7760565?v=4","gravatar_id":"","url":"https://api.github.com/users/SkorikSergey","html_url":"https://github.com/SkorikSergey","followers_url":"https://api.github.com/users/SkorikSergey/followers","following_url":"https://api.github.com/users/SkorikSergey/following{/other_user}","gists_url":"https://api.github.com/users/SkorikSergey/gists{/gist_id}","starred_url":"https://api.github.com/users/SkorikSergey/starred{/owner}{/repo}","subscriptions_url":"https://api.github.com/users/SkorikSergey/subscriptions","organizations_url":"https://api.github.com/users/SkorikSergey/orgs","repos_url":"https://api.github.com/users/SkorikSergey/repos","events_url":"https://api.github.com/users/SkorikSergey/events{/privacy}","received_events_url":"https://api.github.com/users/SkorikSergey/received_events","type":"User","site_admin":false},"committer":{"login":"web-flow","id":19864447,"avatar_url":"https://avatars3.githubusercontent.com/u/19864447?v=4","gravatar_id":"","url":"https://api.github.com/users/web-flow","html_url":"https://github.com/web-flow","followers_url":"https://api.github.com/users/web-flow/followers","following_url":"https://api.github.com/users/web-flow/following{/other_user}","gists_url":"https://api.github.com/users/web-flow/gists{/gist_id}","starred_url":"https://api.github.com/users/web-flow/starred{/owner}{/repo}","subscriptions_url":"https://api.github.com/users/web-flow/subscriptions","organizations_url":"https://api.github.com/users/web-flow/orgs","repos_url":"https://api.github.com/users/web-flow/repos","events_url":"https://api.github.com/users/web-flow/events{/privacy}","received_events_url":"https://api.github.com/users/web-flow/received_events","type":"User","site_admin":false},"parents":[{"sha":"76461bddd130a5ee5c628fdd014a452ca965a9b0","url":"https://api.github.com/repos/eclipse/che/commits/76461bddd130a5ee5c628fdd014a452ca965a9b0","html_url":"https://github.com/eclipse/che/commit/76461bddd130a5ee5c628fdd014a452ca965a9b0"},{"sha":"09e58f70cf4e71e6edb84f121f817efe7b97a300","url":"https://api.github.com/repos/eclipse/che/commits/09e58f70cf4e71e6edb84f121f817efe7b97a300","html_url":"https://github.com/eclipse/che/commit/09e58f70cf4e71e6edb84f121f817efe7b97a300"}],"stats":{"total":18,"additions":0,"deletions":18},"files":[{"sha":"8e5ccf6bb7c538703e282efca20f241f0802bcf0","filename":"selenium/che-selenium-test/src/test/java/org/eclipse/che/selenium/filewatcher/CheckFileWatcherExcludeFeatureTest.java","status":"modified","additions":0,"deletions":18,"changes":18,"blob_url":"https://github.com/eclipse/che/blob/00d449a88063281738b1f19cee98ddec2bff828f/selenium/che-selenium-test/src/test/java/org/eclipse/che/selenium/filewatcher/CheckFileWatcherExcludeFeatureTest.java","raw_url":"https://github.com/eclipse/che/raw/00d449a88063281738b1f19cee98ddec2bff828f/selenium/che-selenium-test/src/test/java/org/eclipse/che/selenium/filewatcher/CheckFileWatcherExcludeFeatureTest.java","contents_url":"https://api.github.com/repos/eclipse/che/contents/selenium/che-selenium-test/src/test/java/org/eclipse/che/selenium/filewatcher/CheckFileWatcherExcludeFeatureTest.java?ref=00d449a88063281738b1f19cee98ddec2bff828f","patch":"@@ -171,24 +171,6 @@ public void checkFileWatcherExcludeFeatureAfterChangingIgnoreFile() {\n         ProjectExplorer.FileWatcherExcludeOperations.REMOVE_FROM_FILE_WATCHER_EXCLUDES);\n   }\n \n-  @Test(priority = 5)\n-  public void checkIsNotExcludeOperationEventAboutIgnoreFile() {\n-    events.clickProjectEventsTab();\n-    events.clearAllMessages();\n-\n-    doFileWatcherExcludeOperation(\n-        PATH_FOR_EXCLUDED_FILE,\n-        ProjectExplorer.FileWatcherExcludeOperations.ADD_TO_FILE_WATCHER_EXCLUDES);\n-    editor.selectTabByName(FILE_WATCHER_IGNORE_FILE_NAME);\n-    editor.waitTextIntoEditor(FILE_NAME_FOR_EXCLUDE);\n-    doFileWatcherExcludeOperation(\n-        PATH_FOR_EXCLUDED_FILE,\n-        ProjectExplorer.FileWatcherExcludeOperations.REMOVE_FROM_FILE_WATCHER_EXCLUDES);\n-    editor.waitTextNotPresentIntoEditor(FILE_NAME_FOR_EXCLUDE);\n-    // This test fails because of issue: https://github.com/eclipse/che/issues/5883.\n-    events.waitMessageIsNotPresent(\"File 'fileWatcherIgnore' is updated\");\n-  }\n-\n   private void doFileWatcherExcludeOperation(String itemName, String typeOfOperation) {\n     projectExplorer.selectItem(itemName);\n     projectExplorer.openContextMenuByPathSelectedItem(itemName);"}]}
