{"sha":"00f73530ae117f9a24ad861974babb78f4f56cad","commit":{"author":{"name":"Roman Iuvshin","email":"riuvshin@codenvy.com","date":"2016-06-04T20:26:06Z"},"committer":{"name":"Roman Iuvshin","email":"riuvshin@codenvy.com","date":"2016-06-04T20:26:06Z"},"message":"RELEASE: Set next development version of parent pom","tree":{"sha":"cf0cb7b7cc03d77698760dbbbabb0a0a2cfa9748","url":"https://api.github.com/repos/eclipse/che/git/trees/cf0cb7b7cc03d77698760dbbbabb0a0a2cfa9748"},"url":"https://api.github.com/repos/eclipse/che/git/commits/00f73530ae117f9a24ad861974babb78f4f56cad","comment_count":0,"verification":{"verified":false,"reason":"unsigned","signature":null,"payload":null}},"url":"https://api.github.com/repos/eclipse/che/commits/00f73530ae117f9a24ad861974babb78f4f56cad","html_url":"https://github.com/eclipse/che/commit/00f73530ae117f9a24ad861974babb78f4f56cad","comments_url":"https://api.github.com/repos/eclipse/che/commits/00f73530ae117f9a24ad861974babb78f4f56cad/comments","author":{"login":"riuvshin","id":1636732,"avatar_url":"https://avatars2.githubusercontent.com/u/1636732?v=4","gravatar_id":"","url":"https://api.github.com/users/riuvshin","html_url":"https://github.com/riuvshin","followers_url":"https://api.github.com/users/riuvshin/followers","following_url":"https://api.github.com/users/riuvshin/following{/other_user}","gists_url":"https://api.github.com/users/riuvshin/gists{/gist_id}","starred_url":"https://api.github.com/users/riuvshin/starred{/owner}{/repo}","subscriptions_url":"https://api.github.com/users/riuvshin/subscriptions","organizations_url":"https://api.github.com/users/riuvshin/orgs","repos_url":"https://api.github.com/users/riuvshin/repos","events_url":"https://api.github.com/users/riuvshin/events{/privacy}","received_events_url":"https://api.github.com/users/riuvshin/received_events","type":"User","site_admin":false},"committer":{"login":"riuvshin","id":1636732,"avatar_url":"https://avatars2.githubusercontent.com/u/1636732?v=4","gravatar_id":"","url":"https://api.github.com/users/riuvshin","html_url":"https://github.com/riuvshin","followers_url":"https://api.github.com/users/riuvshin/followers","following_url":"https://api.github.com/users/riuvshin/following{/other_user}","gists_url":"https://api.github.com/users/riuvshin/gists{/gist_id}","starred_url":"https://api.github.com/users/riuvshin/starred{/owner}{/repo}","subscriptions_url":"https://api.github.com/users/riuvshin/subscriptions","organizations_url":"https://api.github.com/users/riuvshin/orgs","repos_url":"https://api.github.com/users/riuvshin/repos","events_url":"https://api.github.com/users/riuvshin/events{/privacy}","received_events_url":"https://api.github.com/users/riuvshin/received_events","type":"User","site_admin":false},"parents":[{"sha":"4b99876cf67958433fec2182ecb54cde897ea9ba","url":"https://api.github.com/repos/eclipse/che/commits/4b99876cf67958433fec2182ecb54cde897ea9ba","html_url":"https://github.com/eclipse/che/commit/4b99876cf67958433fec2182ecb54cde897ea9ba"}],"stats":{"total":2,"additions":1,"deletions":1},"files":[{"sha":"1fe72dd7566e507d747c77276fd9439ecc7a9b77","filename":"pom.xml","status":"modified","additions":1,"deletions":1,"changes":2,"blob_url":"https://github.com/eclipse/che/blob/00f73530ae117f9a24ad861974babb78f4f56cad/pom.xml","raw_url":"https://github.com/eclipse/che/raw/00f73530ae117f9a24ad861974babb78f4f56cad/pom.xml","contents_url":"https://api.github.com/repos/eclipse/che/contents/pom.xml?ref=00f73530ae117f9a24ad861974babb78f4f56cad","patch":"@@ -16,7 +16,7 @@\n     <parent>\n         <artifactId>maven-depmgt-pom</artifactId>\n         <groupId>org.eclipse.che.depmgt</groupId>\n-        <version>4.3.0-RC1</version>\n+        <version>4.3.0-RC2-SNAPSHOT</version>\n     </parent>\n     <groupId>org.eclipse.che</groupId>\n     <artifactId>che-parent</artifactId>"}]}
