{"sha":"010adb55ba27b4b3ed14a01ac720e50951f0a4d9","commit":{"author":{"name":"Aleksandr Andrienko","email":"aandrienko@codenvy.com","date":"2016-07-06T09:03:09Z"},"committer":{"name":"Aleksandr Andrienko","email":"aandrienko@codenvy.com","date":"2016-07-06T10:04:15Z"},"message":"CHE-1441: Fix restore breakpoints and debug line after refresh browser page.\n\nSigned-off-by: Aleksandr Andrienko <aandrienko@codenvy.com>","tree":{"sha":"2861f0ad9aa492b530e7f5f98d0f9bc0763136d4","url":"https://api.github.com/repos/eclipse/che/git/trees/2861f0ad9aa492b530e7f5f98d0f9bc0763136d4"},"url":"https://api.github.com/repos/eclipse/che/git/commits/010adb55ba27b4b3ed14a01ac720e50951f0a4d9","comment_count":0,"verification":{"verified":false,"reason":"unsigned","signature":null,"payload":null}},"url":"https://api.github.com/repos/eclipse/che/commits/010adb55ba27b4b3ed14a01ac720e50951f0a4d9","html_url":"https://github.com/eclipse/che/commit/010adb55ba27b4b3ed14a01ac720e50951f0a4d9","comments_url":"https://api.github.com/repos/eclipse/che/commits/010adb55ba27b4b3ed14a01ac720e50951f0a4d9/comments","author":{"login":"AndrienkoAleksandr","id":6873095,"avatar_url":"https://avatars2.githubusercontent.com/u/6873095?v=4","gravatar_id":"","url":"https://api.github.com/users/AndrienkoAleksandr","html_url":"https://github.com/AndrienkoAleksandr","followers_url":"https://api.github.com/users/AndrienkoAleksandr/followers","following_url":"https://api.github.com/users/AndrienkoAleksandr/following{/other_user}","gists_url":"https://api.github.com/users/AndrienkoAleksandr/gists{/gist_id}","starred_url":"https://api.github.com/users/AndrienkoAleksandr/starred{/owner}{/repo}","subscriptions_url":"https://api.github.com/users/AndrienkoAleksandr/subscriptions","organizations_url":"https://api.github.com/users/AndrienkoAleksandr/orgs","repos_url":"https://api.github.com/users/AndrienkoAleksandr/repos","events_url":"https://api.github.com/users/AndrienkoAleksandr/events{/privacy}","received_events_url":"https://api.github.com/users/AndrienkoAleksandr/received_events","type":"User","site_admin":false},"committer":{"login":"AndrienkoAleksandr","id":6873095,"avatar_url":"https://avatars2.githubusercontent.com/u/6873095?v=4","gravatar_id":"","url":"https://api.github.com/users/AndrienkoAleksandr","html_url":"https://github.com/AndrienkoAleksandr","followers_url":"https://api.github.com/users/AndrienkoAleksandr/followers","following_url":"https://api.github.com/users/AndrienkoAleksandr/following{/other_user}","gists_url":"https://api.github.com/users/AndrienkoAleksandr/gists{/gist_id}","starred_url":"https://api.github.com/users/AndrienkoAleksandr/starred{/owner}{/repo}","subscriptions_url":"https://api.github.com/users/AndrienkoAleksandr/subscriptions","organizations_url":"https://api.github.com/users/AndrienkoAleksandr/orgs","repos_url":"https://api.github.com/users/AndrienkoAleksandr/repos","events_url":"https://api.github.com/users/AndrienkoAleksandr/events{/privacy}","received_events_url":"https://api.github.com/users/AndrienkoAleksandr/received_events","type":"User","site_admin":false},"parents":[{"sha":"3f9bab4b3990329c4e6629b9f7f8e49a591aff12","url":"https://api.github.com/repos/eclipse/che/commits/3f9bab4b3990329c4e6629b9f7f8e49a591aff12","html_url":"https://github.com/eclipse/che/commit/3f9bab4b3990329c4e6629b9f7f8e49a591aff12"}],"stats":{"total":29,"additions":25,"deletions":4},"files":[{"sha":"6fee37601c08346ee9a2298ec24dd7d8cece5d56","filename":"ide/che-core-ide-app/src/main/java/org/eclipse/che/ide/debug/BreakpointManagerImpl.java","status":"modified","additions":25,"deletions":4,"changes":29,"blob_url":"https://github.com/eclipse/che/blob/010adb55ba27b4b3ed14a01ac720e50951f0a4d9/ide/che-core-ide-app/src/main/java/org/eclipse/che/ide/debug/BreakpointManagerImpl.java","raw_url":"https://github.com/eclipse/che/raw/010adb55ba27b4b3ed14a01ac720e50951f0a4d9/ide/che-core-ide-app/src/main/java/org/eclipse/che/ide/debug/BreakpointManagerImpl.java","contents_url":"https://api.github.com/repos/eclipse/che/contents/ide/che-core-ide-app/src/main/java/org/eclipse/che/ide/debug/BreakpointManagerImpl.java?ref=010adb55ba27b4b3ed14a01ac720e50951f0a4d9","patch":"@@ -17,7 +17,10 @@\n \n import org.eclipse.che.api.promises.client.Function;\n import org.eclipse.che.api.promises.client.FunctionException;\n+import org.eclipse.che.api.promises.client.Operation;\n+import org.eclipse.che.api.promises.client.OperationException;\n import org.eclipse.che.api.promises.client.Promise;\n+import org.eclipse.che.api.promises.client.PromiseError;\n import org.eclipse.che.api.promises.client.PromiseProvider;\n import org.eclipse.che.api.workspace.shared.dto.ProjectConfigDto;\n import org.eclipse.che.commons.annotation.Nullable;\n@@ -44,9 +47,11 @@\n import org.eclipse.che.ide.api.resources.ResourceChangedEvent;\n import org.eclipse.che.ide.api.resources.ResourceDelta;\n import org.eclipse.che.ide.api.resources.VirtualFile;\n+import org.eclipse.che.ide.api.workspace.WorkspaceReadyEvent;\n import org.eclipse.che.ide.debug.dto.BreakpointDto;\n import org.eclipse.che.ide.dto.DtoFactory;\n import org.eclipse.che.ide.resource.Path;\n+import org.eclipse.che.ide.util.loging.Log;\n \n import java.util.ArrayList;\n import java.util.Collections;\n@@ -59,6 +64,8 @@\n import java.util.Set;\n import java.util.logging.Logger;\n \n+import static org.eclipse.che.ide.api.debug.Breakpoint.Type.BREAKPOINT;\n+\n /**\n  * Implementation of {@link BreakpointManager} for editor.\n  *\n@@ -101,7 +108,6 @@ public BreakpointManagerImpl(EditorAgent editorAgent,\n \n         this.debuggerManager.addObserver(this);\n         registerEventHandlers(eventBus);\n-        restoreBreakpoints();\n     }\n \n     @Override\n@@ -125,7 +131,7 @@ public void changeBreakpointState(final int lineNumber) {\n         }\n \n         if (isLineNotEmpty(activeFile, lineNumber)) {\n-            Breakpoint breakpoint = new Breakpoint(Type.BREAKPOINT,\n+            Breakpoint breakpoint = new Breakpoint(BREAKPOINT,\n                                                    lineNumber,\n                                                    activeFile.getPath(),\n                                                    activeFile,\n@@ -385,6 +391,13 @@ public void onLineChange(final VirtualFile file, final int firstLine, final int\n      * Registers events handlers.\n      */\n     private void registerEventHandlers(EventBus eventBus) {\n+        eventBus.addHandler(WorkspaceReadyEvent.getType(), new WorkspaceReadyEvent.WorkspaceReadyHandler() {\n+            @Override\n+            public void onWorkspaceReady(WorkspaceReadyEvent event) {\n+                restoreBreakpoints();\n+            }\n+        });\n+\n         eventBus.addHandler(EditorOpenedEvent.TYPE, new EditorOpenedEventHandler() {\n             @Override\n             public void onEditorOpened(EditorOpenedEvent event) {\n@@ -427,7 +440,7 @@ public void onResourceChanged(ResourceChangedEvent event) {\n                 }\n             }\n         });\n-     }\n+    }\n \n     /**\n      * @param pathToFind\n@@ -503,7 +516,7 @@ private void preserveBreakpoints() {\n                     final Optional<Project> project = ((Resource)breakpoint.getFile()).getRelatedProject();\n                     if (project.isPresent()) {\n                         final ProjectConfigDto projectDto = dtoFactory.createDto(ProjectConfigDto.class)\n-                                                                      .withPath(project.get().getName())\n+                                                                      .withName(project.get().getName())\n                                                                       .withPath(project.get().getPath())\n                                                                       .withType(project.get().getType())\n                                                                       .withDescription(project.get().getDescription())\n@@ -545,6 +558,9 @@ private void restoreBreakpoints() {\n                     return appContext.getWorkspaceRoot().getFile(dto.getPath()).then(new Function<Optional<File>, Void>() {\n                         @Override\n                         public Void apply(Optional<File> file) throws FunctionException {\n+                            if (!file.isPresent()) {\n+                                return null;\n+                            }\n                             if (dto.getType() == Type.CURRENT) {\n                                 doSetCurrentBreakpoint(file.get(), dto.getLineNumber());\n                             } else {\n@@ -557,6 +573,11 @@ public Void apply(Optional<File> file) throws FunctionException {\n \n                             return null;\n                         }\n+                    }).catchError(new Operation<PromiseError>() {\n+                        @Override\n+                        public void apply(PromiseError arg) throws OperationException {\n+                            Log.error(getClass(), \"Failed to restore breakpoint. \", arg.getCause());\n+                        }\n                     });\n                 }\n             });"}]}
