{"sha":"01397886326adcd1735a20951e00dd17ff9455ea","node_id":"MDY6Q29tbWl0MzI5MzU3NDU6MDEzOTc4ODYzMjZhZGNkMTczNWEyMDk1MWUwMGRkMTdmZjk0NTVlYQ==","commit":{"author":{"name":"Anna Shumilova","email":"ashumilo@redhat.com","date":"2018-05-15T12:48:43Z"},"committer":{"name":"Anna Shumilova","email":"ashumilo@redhat.com","date":"2018-05-16T07:54:39Z"},"message":"che-9234: fix diagnostics by reworking websocket usage to jsonrpc\n\nSigned-off-by: Anna Shumilova <ashumilo@redhat.com>","tree":{"sha":"0bf4940ea0beaae98165e511b0216906114aa509","url":"https://api.github.com/repos/eclipse/che/git/trees/0bf4940ea0beaae98165e511b0216906114aa509"},"url":"https://api.github.com/repos/eclipse/che/git/commits/01397886326adcd1735a20951e00dd17ff9455ea","comment_count":0,"verification":{"verified":false,"reason":"unsigned","signature":null,"payload":null}},"url":"https://api.github.com/repos/eclipse/che/commits/01397886326adcd1735a20951e00dd17ff9455ea","html_url":"https://github.com/eclipse/che/commit/01397886326adcd1735a20951e00dd17ff9455ea","comments_url":"https://api.github.com/repos/eclipse/che/commits/01397886326adcd1735a20951e00dd17ff9455ea/comments","author":{"login":"ashumilova","id":1611939,"node_id":"MDQ6VXNlcjE2MTE5Mzk=","avatar_url":"https://avatars1.githubusercontent.com/u/1611939?v=4","gravatar_id":"","url":"https://api.github.com/users/ashumilova","html_url":"https://github.com/ashumilova","followers_url":"https://api.github.com/users/ashumilova/followers","following_url":"https://api.github.com/users/ashumilova/following{/other_user}","gists_url":"https://api.github.com/users/ashumilova/gists{/gist_id}","starred_url":"https://api.github.com/users/ashumilova/starred{/owner}{/repo}","subscriptions_url":"https://api.github.com/users/ashumilova/subscriptions","organizations_url":"https://api.github.com/users/ashumilova/orgs","repos_url":"https://api.github.com/users/ashumilova/repos","events_url":"https://api.github.com/users/ashumilova/events{/privacy}","received_events_url":"https://api.github.com/users/ashumilova/received_events","type":"User","site_admin":false},"committer":{"login":"ashumilova","id":1611939,"node_id":"MDQ6VXNlcjE2MTE5Mzk=","avatar_url":"https://avatars1.githubusercontent.com/u/1611939?v=4","gravatar_id":"","url":"https://api.github.com/users/ashumilova","html_url":"https://github.com/ashumilova","followers_url":"https://api.github.com/users/ashumilova/followers","following_url":"https://api.github.com/users/ashumilova/following{/other_user}","gists_url":"https://api.github.com/users/ashumilova/gists{/gist_id}","starred_url":"https://api.github.com/users/ashumilova/starred{/owner}{/repo}","subscriptions_url":"https://api.github.com/users/ashumilova/subscriptions","organizations_url":"https://api.github.com/users/ashumilova/orgs","repos_url":"https://api.github.com/users/ashumilova/repos","events_url":"https://api.github.com/users/ashumilova/events{/privacy}","received_events_url":"https://api.github.com/users/ashumilova/received_events","type":"User","site_admin":false},"parents":[{"sha":"24bc9470b0a203304842a4eaaddfa017d5e5da93","url":"https://api.github.com/repos/eclipse/che/commits/24bc9470b0a203304842a4eaaddfa017d5e5da93","html_url":"https://github.com/eclipse/che/commit/24bc9470b0a203304842a4eaaddfa017d5e5da93"}],"stats":{"total":214,"additions":80,"deletions":134},"files":[{"sha":"c84c97a9af45c8c0c6b153b3fad63f1a92b1736d","filename":"dashboard/src/app/diagnostics/diagnostic-callback.ts","status":"modified","additions":1,"deletions":66,"changes":67,"blob_url":"https://github.com/eclipse/che/blob/01397886326adcd1735a20951e00dd17ff9455ea/dashboard/src/app/diagnostics/diagnostic-callback.ts","raw_url":"https://github.com/eclipse/che/raw/01397886326adcd1735a20951e00dd17ff9455ea/dashboard/src/app/diagnostics/diagnostic-callback.ts","contents_url":"https://api.github.com/repos/eclipse/che/contents/dashboard/src/app/diagnostics/diagnostic-callback.ts?ref=01397886326adcd1735a20951e00dd17ff9455ea","patch":"@@ -10,7 +10,6 @@\n  */\n import {DiagnosticItem} from './diagnostic-item';\n import {DiagnosticCallbackState} from './diagnostic-callback-state';\n-import {MessageBus, CheWebsocket} from '../../components/api/che-websocket.factory';\n import {DiagnosticPart} from './diagnostic-part';\n import {DiagnosticsController} from './diagnostics.controller';\n \n@@ -30,11 +29,6 @@ export class DiagnosticCallback {\n    */\n   private $q: ng.IQService;\n \n-  /**\n-   * Websocket API used to deal with websockets.\n-   */\n-  private cheWebsocket: CheWebsocket;\n-\n   /**\n    * Angular Timeout service\n    */\n@@ -45,11 +39,6 @@ export class DiagnosticCallback {\n    */\n   private defered: ng.IDeferred<any>;\n \n-  /**\n-   * List of all channels on which we're listening for websockets.\n-   */\n-  private listeningChannels: Array<string>;\n-\n   /**\n    * All timeouts that we're starting as part of this callback. They need to be stopped at the end.\n    */\n@@ -65,11 +54,6 @@ export class DiagnosticCallback {\n    */\n   private builder: DiagnosticsController;\n \n-  /**\n-   * Allow to override the messagebus (originally it's grabbing it from cheWebsocket service)\n-   */\n-  private messageBus: MessageBus;\n-\n   /**\n    * Name of the callback.\n    */\n@@ -89,12 +73,10 @@ export class DiagnosticCallback {\n   /**\n    * Constructor.\n    */\n-  constructor($q: ng.IQService, cheWebsocket: CheWebsocket, $timeout: ng.ITimeoutService, name: string, sharedMap: Map<string, any>, builder: any, diagnosticPart: DiagnosticPart) {\n+  constructor($q: ng.IQService, $timeout: ng.ITimeoutService, name: string, sharedMap: Map<string, any>, builder: any, diagnosticPart: DiagnosticPart) {\n     this.$q = $q;\n-    this.cheWebsocket = cheWebsocket;\n     this.$timeout = $timeout;\n     this.defered = $q.defer();\n-    this.listeningChannels = new Array<string>();\n     this.timeoutPromises = new Array<ng.IPromise<any>>();\n     this.name = name;\n     this.sharedMap = sharedMap;\n@@ -191,26 +173,6 @@ export class DiagnosticCallback {\n     return this.defered.promise;\n   }\n \n-  /**\n-   * MessageBus used to connect with websockets.\n-   * @returns {MessageBus}\n-   */\n-  public getMessageBus(): MessageBus {\n-    if (this.messageBus) {\n-      return this.messageBus;\n-    } else {\n-      return this.cheWebsocket.getBus();\n-    }\n-  }\n-\n-  /**\n-   * Override the current messagebus\n-   * @param {messageBus} messageBus\n-   */\n-  public setMessageBus(messageBus: MessageBus) {\n-    this.messageBus = messageBus;\n-  }\n-\n   /**\n    * Delay an error after a timeout. Allow to stop a test if there is no answer after some time.\n    * @param {string} message\n@@ -233,27 +195,6 @@ export class DiagnosticCallback {\n     this.timeoutPromises.push(promise);\n   }\n \n-  /**\n-   * Subscribe on message bus channel\n-   * @param {string} channel\n-   * @param {any} callback\n-   */\n-  public subscribeChannel(channel: string, callback: any): void {\n-    this.getMessageBus().subscribe(channel, callback);\n-    this.listeningChannels.push(channel);\n-  }\n-\n-  /**\n-   * Unsubscribe from message bus channel\n-   * @param {string} channel\n-   */\n-  public unsubscribeChannel(channel: string): void {\n-    this.getMessageBus().unsubscribe(channel);\n-    let index: number = this.listeningChannels.indexOf(channel);\n-    if (index >= 0) {\n-      delete this.listeningChannels[index];\n-    }\n-  }\n \n   /**\n    * Cleanup all resources (like current promises)\n@@ -263,12 +204,6 @@ export class DiagnosticCallback {\n       this.$timeout.cancel(promise);\n     });\n     this.timeoutPromises.length = 0;\n-\n-    this.listeningChannels.forEach((channel: string) => {\n-      this.getMessageBus().unsubscribe(channel);\n-    });\n-    this.listeningChannels.length = 0;\n-\n   }\n \n   /**"},{"sha":"6deda01cf8fa3843f89aaf9fa92c41b09bc80eaa","filename":"dashboard/src/app/diagnostics/diagnostics.controller.ts","status":"modified","additions":2,"deletions":10,"changes":12,"blob_url":"https://github.com/eclipse/che/blob/01397886326adcd1735a20951e00dd17ff9455ea/dashboard/src/app/diagnostics/diagnostics.controller.ts","raw_url":"https://github.com/eclipse/che/raw/01397886326adcd1735a20951e00dd17ff9455ea/dashboard/src/app/diagnostics/diagnostics.controller.ts","contents_url":"https://api.github.com/repos/eclipse/che/contents/dashboard/src/app/diagnostics/diagnostics.controller.ts?ref=01397886326adcd1735a20951e00dd17ff9455ea","patch":"@@ -12,7 +12,6 @@\n import {DiagnosticsWebsocketWsMaster} from './test/diagnostics-websocket-wsmaster.factory';\n import {DiagnosticCallback} from './diagnostic-callback';\n import {DiagnosticsWorkspaceStartCheck} from './test/diagnostics-workspace-start-check.factory';\n-import {CheWebsocket} from '../../components/api/che-websocket.factory';\n import {DiagnosticsRunningWorkspaceCheck} from './test/diagnostics-workspace-check-workspace.factory';\n import {DiagnosticPart} from './diagnostic-part';\n import {DiagnosticPartState} from './diagnostic-part-state';\n@@ -26,7 +25,7 @@ import {CheBranding} from '../../components/branding/che-branding.factory';\n  */\n export class DiagnosticsController {\n \n-  static $inject = ['$log', '$q', 'lodash', '$timeout', 'diagnosticsWebsocketWsMaster', 'cheWebsocket', 'cheBranding', 'diagnosticsRunningWorkspaceCheck', 'diagnosticsWorkspaceStartCheck'];\n+  static $inject = ['$log', '$q', 'lodash', '$timeout', 'diagnosticsWebsocketWsMaster', 'cheBranding', 'diagnosticsRunningWorkspaceCheck', 'diagnosticsWorkspaceStartCheck'];\n \n   /**\n    * Promise service handling.\n@@ -53,11 +52,6 @@ export class DiagnosticsController {\n    */\n   private diagnosticsWorkspaceStartCheck: DiagnosticsWorkspaceStartCheck;\n \n-  /**\n-   * Websocket library.\n-   */\n-  private cheWebsocket: CheWebsocket;\n-\n   /**\n    * Angular timeout service.\n    */\n@@ -124,7 +118,6 @@ export class DiagnosticsController {\n   constructor($log: ng.ILogService, $q: ng.IQService, lodash: any,\n               $timeout: ng.ITimeoutService,\n               diagnosticsWebsocketWsMaster: DiagnosticsWebsocketWsMaster,\n-              cheWebsocket: CheWebsocket,\n               cheBranding: CheBranding,\n               diagnosticsRunningWorkspaceCheck: DiagnosticsRunningWorkspaceCheck,\n               diagnosticsWorkspaceStartCheck: DiagnosticsWorkspaceStartCheck) {\n@@ -136,7 +129,6 @@ export class DiagnosticsController {\n     this.diagnosticsWorkspaceStartCheck = diagnosticsWorkspaceStartCheck;\n     this.diagnosticsRunningWorkspaceCheck = diagnosticsRunningWorkspaceCheck;\n     this.parts = new Array<DiagnosticPart>();\n-    this.cheWebsocket = cheWebsocket;\n     this.sharedMap = new Map<string, any>();\n     this.cheBranding = cheBranding;\n     this.isLogDisplayed = false;\n@@ -222,7 +214,7 @@ export class DiagnosticsController {\n    * @returns {DiagnosticCallback} the newly callback\n    */\n   public newItem(text: string, diagnosticPart: DiagnosticPart): DiagnosticCallback {\n-    let callback: DiagnosticCallback = new DiagnosticCallback(this.$q, this.cheWebsocket, this.$timeout, text, this.sharedMap, this, diagnosticPart);\n+    let callback: DiagnosticCallback = new DiagnosticCallback(this.$q, this.$timeout, text, this.sharedMap, this, diagnosticPart);\n     diagnosticPart.addCallback(callback);\n     return callback;\n   }"},{"sha":"20adf062e16ac49c372e9bf3f992d5a9ce599c56","filename":"dashboard/src/app/diagnostics/test/diagnostics-websocket-wsmaster.factory.ts","status":"modified","additions":17,"deletions":24,"changes":41,"blob_url":"https://github.com/eclipse/che/blob/01397886326adcd1735a20951e00dd17ff9455ea/dashboard/src/app/diagnostics/test/diagnostics-websocket-wsmaster.factory.ts","raw_url":"https://github.com/eclipse/che/raw/01397886326adcd1735a20951e00dd17ff9455ea/dashboard/src/app/diagnostics/test/diagnostics-websocket-wsmaster.factory.ts","contents_url":"https://api.github.com/repos/eclipse/che/contents/dashboard/src/app/diagnostics/test/diagnostics-websocket-wsmaster.factory.ts?ref=01397886326adcd1735a20951e00dd17ff9455ea","patch":"@@ -9,21 +9,21 @@\n  *   Red Hat, Inc. - initial API and implementation\n  */\n 'use strict';\n-import {CheWebsocket} from '../../../components/api/che-websocket.factory';\n import {DiagnosticCallback} from '../diagnostic-callback';\n+import {CheJsonRpcApi} from '../../../components/api/json-rpc/che-json-rpc-api.factory';\n+import {CheJsonRpcMasterApi} from '../../../components/api/json-rpc/che-json-rpc-master-api';\n+import {CheAPI} from '../../../components/api/che-api.factory';\n \n /**\n  * Test for launching websocket connection to the workspace master\n  * @author Florent Benoit\n  */\n export class DiagnosticsWebsocketWsMaster {\n \n-  static $inject = ['cheWebsocket', '$timeout'];\n+  static $inject = ['cheAPI', 'cheJsonRpcApi', '$timeout'];\n \n-  /**\n-   * Websocket handling.\n-   */\n-  private cheWebsocket: CheWebsocket;\n+  private jsonRpcMasterApi: CheJsonRpcMasterApi;\n+  private wsMasterLocation: string;\n \n   /**\n    * Timeout handling.\n@@ -33,8 +33,9 @@ export class DiagnosticsWebsocketWsMaster {\n   /**\n    * Default constructor\n    */\n-  constructor(cheWebsocket: CheWebsocket, $timeout: ng.ITimeoutService) {\n-    this.cheWebsocket = cheWebsocket;\n+  constructor(cheAPI: CheAPI, cheJsonRpcApi: CheJsonRpcApi, $timeout: ng.ITimeoutService) {\n+    this.wsMasterLocation = cheAPI.getWorkspace().getJsonRpcApiLocation();\n+    this.jsonRpcMasterApi = cheJsonRpcApi.getJsonRpcMasterApi(this.wsMasterLocation);\n     this.$timeout = $timeout;\n   }\n \n@@ -44,27 +45,19 @@ export class DiagnosticsWebsocketWsMaster {\n    * @returns {ng.IPromise<any>} when test is finished\n    */\n   start(diagnosticCallback: DiagnosticCallback): ng.IPromise<any> {\n-\n-    try {\n+   try {\n       // define callback\n       let callback = (message: any) => {\n-        if (!message) {\n-          diagnosticCallback.getMessageBus().unsubscribe('pong');\n-          diagnosticCallback.success('Websocket message received');\n-        }\n+        diagnosticCallback.success('Websocket message received');\n       };\n \n-      // subscribe to the event\n-      diagnosticCallback.subscribeChannel('pong', callback);\n-\n-      // default fallback if no answer in 5 seconds\n-      diagnosticCallback.delayError('No reply of websocket test after 5 seconds. Websocket is failing to connect to ' + this.cheWebsocket.wsUrl, 5000);\n-\n-      // send the message\n-      diagnosticCallback.getMessageBus().ping();\n-\n+     this.jsonRpcMasterApi.connect(this.wsMasterLocation).then(() => {\n+        this.jsonRpcMasterApi.fetchClientId().then(callback);\n+       // default fallback if no answer in 5 seconds\n+       diagnosticCallback.delayError('No reply of websocket test after 5 seconds. Websocket is failing to connect to ' + this.wsMasterLocation, 5000);\n+     });\n     } catch (error) {\n-      diagnosticCallback.error('Unable to connect with websocket to ' + this.cheWebsocket.wsUrl + ': ' + error);\n+      diagnosticCallback.error('Unable to connect with websocket to ' + this.wsMasterLocation + ': ' + error);\n     }\n     return diagnosticCallback.getPromise();\n   }"},{"sha":"cb359b93d8b3287afd455aae998d3eb4a2800b0a","filename":"dashboard/src/app/diagnostics/test/diagnostics-workspace-check-workspace.factory.ts","status":"modified","additions":49,"deletions":29,"changes":78,"blob_url":"https://github.com/eclipse/che/blob/01397886326adcd1735a20951e00dd17ff9455ea/dashboard/src/app/diagnostics/test/diagnostics-workspace-check-workspace.factory.ts","raw_url":"https://github.com/eclipse/che/raw/01397886326adcd1735a20951e00dd17ff9455ea/dashboard/src/app/diagnostics/test/diagnostics-workspace-check-workspace.factory.ts","contents_url":"https://api.github.com/repos/eclipse/che/contents/dashboard/src/app/diagnostics/test/diagnostics-workspace-check-workspace.factory.ts?ref=01397886326adcd1735a20951e00dd17ff9455ea","patch":"@@ -11,16 +11,17 @@\n 'use strict';\n import {DiagnosticCallback} from '../diagnostic-callback';\n import {CheWorkspace} from '../../../components/api/workspace/che-workspace.factory';\n-import {CheWebsocket, MessageBus} from '../../../components/api/che-websocket.factory';\n import {CheBranding} from '../../../components/branding/che-branding.factory';\n+import {CheJsonRpcApi} from '../../../components/api/json-rpc/che-json-rpc-api.factory';\n+import {CheJsonRpcWsagentApi} from '../../../components/api/json-rpc/che-json-rpc-wsagent-api';\n \n /**\n  * Ability to tests a running workspace.\n  * @author Florent Benoit\n  */\n export class DiagnosticsRunningWorkspaceCheck {\n \n-  static $inject = ['$q', 'lodash', 'cheWebsocket', 'cheWorkspace', '$resource', '$location', 'cheBranding'];\n+  static $inject = ['$q', 'lodash', 'cheWorkspace', 'cheJsonRpcApi', '$resource', '$location', 'cheBranding'];\n \n   /**\n    * Q service for creating delayed promises.\n@@ -32,6 +33,11 @@ export class DiagnosticsRunningWorkspaceCheck {\n    */\n   private cheWorkspace;\n \n+  /**\n+   * JSON RPC API factory.\n+   */\n+  private cheJsonRpcApi: CheJsonRpcApi;\n+\n   /**\n    * Lodash utility.\n    */\n@@ -47,11 +53,6 @@ export class DiagnosticsRunningWorkspaceCheck {\n    */\n   private $location: ng.ILocationService;\n \n-  /**\n-   * Websocket handling.\n-   */\n-  private cheWebsocket: CheWebsocket;\n-\n   /**\n    * Branding info.\n    */\n@@ -60,12 +61,12 @@ export class DiagnosticsRunningWorkspaceCheck {\n   /**\n    * Default constructor\n    */\n-  constructor($q: ng.IQService, lodash: any, cheWebsocket: CheWebsocket, cheWorkspace: CheWorkspace,\n+  constructor($q: ng.IQService, lodash: any, cheWorkspace: CheWorkspace, cheJsonRpcApi: CheJsonRpcApi,\n               $resource: ng.resource.IResourceService, $location: ng.ILocationService, cheBranding: CheBranding) {\n     this.$q = $q;\n     this.lodash = lodash;\n     this.cheWorkspace = cheWorkspace;\n-    this.cheWebsocket = cheWebsocket;\n+    this.cheJsonRpcApi = cheJsonRpcApi;\n     this.cheBranding = cheBranding;\n     this.$resource = $resource;\n     this.$location = $location;\n@@ -123,33 +124,22 @@ export class DiagnosticsRunningWorkspaceCheck {\n    */\n   checkWebSocketWsAgent(diagnosticCallback: DiagnosticCallback): ng.IPromise<any> {\n     let machineToken: string = diagnosticCallback.getShared('machineToken');\n+    let clientId: string = diagnosticCallback.getShared('clientId');\n \n-    let wsAgentSocketWebLink = this.getWsAgentURL(diagnosticCallback).replace('http', 'ws') + '/ws';\n+    let wsAgentSocketWebLink = this.getWsAgentWebsocket(diagnosticCallback);\n     if (machineToken) {\n       wsAgentSocketWebLink += '?token=' + machineToken;\n     }\n \n-    let wsAgentRemoteBus: MessageBus = this.cheWebsocket.getRemoteBus(wsAgentSocketWebLink);\n-    diagnosticCallback.setMessageBus(wsAgentRemoteBus);\n+    let callback = (message: any) => {\n+      diagnosticCallback.success('Websocket Agent Message received');\n+    };\n \n+    let cheJsonRpcWsagentApi:  CheJsonRpcWsagentApi = this.cheJsonRpcApi.getJsonRpcWsagentApi(wsAgentSocketWebLink);\n     try {\n-      // define callback\n-      let callback = (message: any) => {\n-        if (!message) {\n-          diagnosticCallback.getMessageBus().unsubscribe('pong');\n-          diagnosticCallback.success('Websocket Agent Message received');\n-          wsAgentRemoteBus.datastream.close(true);\n-        }\n-      };\n-\n-      // subscribe to the event\n-      diagnosticCallback.subscribeChannel('pong', callback);\n-\n+      cheJsonRpcWsagentApi.connect(wsAgentSocketWebLink, clientId).then(callback);\n       // default fallback if no answer in 5 seconds\n-      diagnosticCallback.delayError('No reply of websocket test after 5 seconds. Websocket is failing to connect to ' + wsAgentSocketWebLink, 5000);\n-\n-      // send the message\n-      diagnosticCallback.getMessageBus().ping();\n+      diagnosticCallback.delayError('No reply of websocket test after 5 seconds. Websocket is failing to connect to ' + wsAgentSocketWebLink, 15000);\n \n     } catch (error) {\n       diagnosticCallback.error('Unable to connect with websocket to ' + wsAgentSocketWebLink + ': ' + error);\n@@ -165,7 +155,6 @@ export class DiagnosticsRunningWorkspaceCheck {\n    * @returns {Promise}\n    */\n   callSCM(diagnosticCallback: DiagnosticCallback, wsAgentHRef: string, errorInsteadOfFailure: boolean): ng.IPromise<any> {\n-\n     let uriWsAgent: string = wsAgentHRef + '/';\n     let machineToken: string = diagnosticCallback.getShared('machineToken');\n     if (machineToken) {\n@@ -227,4 +216,35 @@ export class DiagnosticsRunningWorkspaceCheck {\n     return devMachine.servers['wsagent/http'].url;\n   }\n \n+  /**\n+   * Utility method used to get Workspace Agent websocket endpoint from a callback shared data\n+   * @param {DiagnosticCallback} diagnosticCallback\n+   * @returns {string}\n+   */\n+  getWsAgentWebsocket(diagnosticCallback: DiagnosticCallback): string {\n+    let workspace: che.IWorkspace = diagnosticCallback.getShared('workspace');\n+\n+    let errMessage: string = 'Workspace has no runtime: unable to test workspace not started';\n+    let runtime: any = workspace.runtime;\n+    if (!runtime) {\n+      diagnosticCallback.error(errMessage);\n+      throw errMessage;\n+    }\n+\n+    const devMachine = Object.keys(runtime.machines).map((machineName: string) => {\n+      return runtime.machines[machineName];\n+    }).find((machine: any) => {\n+      return Object.keys(machine.servers).some((serverName: string) => {\n+        return serverName === 'wsagent/ws';\n+      });\n+    });\n+\n+    if (!devMachine) {\n+      diagnosticCallback.error(errMessage);\n+      throw errMessage;\n+    }\n+\n+    return devMachine.servers['wsagent/ws'].url;\n+  }\n+\n }"},{"sha":"59a940bc323ae9a1b51e550fd918ac684a8399a0","filename":"dashboard/src/app/diagnostics/test/diagnostics-workspace-start-check.factory.ts","status":"modified","additions":1,"deletions":0,"changes":1,"blob_url":"https://github.com/eclipse/che/blob/01397886326adcd1735a20951e00dd17ff9455ea/dashboard/src/app/diagnostics/test/diagnostics-workspace-start-check.factory.ts","raw_url":"https://github.com/eclipse/che/raw/01397886326adcd1735a20951e00dd17ff9455ea/dashboard/src/app/diagnostics/test/diagnostics-workspace-start-check.factory.ts","contents_url":"https://api.github.com/repos/eclipse/che/contents/dashboard/src/app/diagnostics/test/diagnostics-workspace-start-check.factory.ts?ref=01397886326adcd1735a20951e00dd17ff9455ea","patch":"@@ -227,6 +227,7 @@ export class DiagnosticsWorkspaceStartCheck {\n               let workspace = this.cheWorkspace.getWorkspaceById(workspaceId);\n               diagnosticCallback.shared('workspace', workspace);\n               diagnosticCallback.shared('machineToken', workspace.runtime.machineToken);\n+              diagnosticCallback.shared('clientId', this.cheJsonRpcMasterApi.getClientId());\n               diagnosticCallback.success('Starting workspace OK');\n             });\n           });"},{"sha":"379f9cddb6aec9e4199cc563088eb8a6c905c66a","filename":"dashboard/src/components/api/json-rpc/che-json-rpc-api.factory.ts","status":"modified","additions":8,"deletions":1,"changes":9,"blob_url":"https://github.com/eclipse/che/blob/01397886326adcd1735a20951e00dd17ff9455ea/dashboard/src/components/api/json-rpc/che-json-rpc-api.factory.ts","raw_url":"https://github.com/eclipse/che/raw/01397886326adcd1735a20951e00dd17ff9455ea/dashboard/src/components/api/json-rpc/che-json-rpc-api.factory.ts","contents_url":"https://api.github.com/repos/eclipse/che/contents/dashboard/src/components/api/json-rpc/che-json-rpc-api.factory.ts?ref=01397886326adcd1735a20951e00dd17ff9455ea","patch":"@@ -12,6 +12,7 @@\n \n import {CheJsonRpcMasterApi} from './che-json-rpc-master-api';\n import {WebsocketClient} from './websocket-client';\n+import {CheJsonRpcWsagentApi} from './che-json-rpc-wsagent-api';\n \n /**\n  * This class manages the api connection through JSON RPC.\n@@ -26,7 +27,6 @@ export class CheJsonRpcApi {\n   private $websocket: any;\n   private $log: ng.ILogService;\n   private jsonRpcApiConnection: Map<string, CheJsonRpcMasterApi>;\n-\n   private $timeout: ng.ITimeoutService;\n \n   /**\n@@ -53,4 +53,11 @@ export class CheJsonRpcApi {\n      return cheJsonRpcMasterApi;\n    }\n   }\n+\n+  getJsonRpcWsagentApi(entrypoint: string): CheJsonRpcWsagentApi {\n+    let websocketClient = new WebsocketClient(this.$websocket, this.$q);\n+    let cheJsonRpcWsagentApi: CheJsonRpcWsagentApi = new CheJsonRpcWsagentApi(websocketClient);\n+    return cheJsonRpcWsagentApi;\n+  }\n+\n }"},{"sha":"d63738d1e3698f61ee5768aa2d92d61f988fb66d","filename":"dashboard/src/components/api/json-rpc/websocket-client.ts","status":"modified","additions":2,"deletions":4,"changes":6,"blob_url":"https://github.com/eclipse/che/blob/01397886326adcd1735a20951e00dd17ff9455ea/dashboard/src/components/api/json-rpc/websocket-client.ts","raw_url":"https://github.com/eclipse/che/raw/01397886326adcd1735a20951e00dd17ff9455ea/dashboard/src/components/api/json-rpc/websocket-client.ts","contents_url":"https://api.github.com/repos/eclipse/che/contents/dashboard/src/components/api/json-rpc/websocket-client.ts?ref=01397886326adcd1735a20951e00dd17ff9455ea","patch":"@@ -42,12 +42,10 @@ export class WebsocketClient implements ICommunicationClient {\n \n     this.websocketStream.onOpen(() => {\n       const event: communicationClientEvent = 'open';\n-      if (!this.handlers[event] || this.handlers[event].length === 0) {\n-        return;\n+      if (this.handlers[event] && this.handlers[event].length === 0) {\n+        this.handlers[event].forEach((handler: Function) => handler() );\n       }\n \n-      this.handlers[event].forEach((handler: Function) => handler() );\n-\n       deferred.resolve();\n     });\n     this.websocketStream.onError(() => {"}]}
