{"sha":"013d4bb05820283dc3cb4178a0ddaf341bcf6ad3","commit":{"author":{"name":"Anton Korneta","email":"akorneta@redhat.com","date":"2017-12-07T14:16:24Z"},"committer":{"name":"Anton Korneta","email":"akorneta@redhat.com","date":"2017-12-08T15:16:42Z"},"message":"Adds the ability to configure, pre-create subpaths for common strategy","tree":{"sha":"b3f0e8992c73a640377d0a055da60ced158afa77","url":"https://api.github.com/repos/eclipse/che/git/trees/b3f0e8992c73a640377d0a055da60ced158afa77"},"url":"https://api.github.com/repos/eclipse/che/git/commits/013d4bb05820283dc3cb4178a0ddaf341bcf6ad3","comment_count":0,"verification":{"verified":false,"reason":"unsigned","signature":null,"payload":null}},"url":"https://api.github.com/repos/eclipse/che/commits/013d4bb05820283dc3cb4178a0ddaf341bcf6ad3","html_url":"https://github.com/eclipse/che/commit/013d4bb05820283dc3cb4178a0ddaf341bcf6ad3","comments_url":"https://api.github.com/repos/eclipse/che/commits/013d4bb05820283dc3cb4178a0ddaf341bcf6ad3/comments","author":{"login":"akorneta","id":12269156,"avatar_url":"https://avatars1.githubusercontent.com/u/12269156?v=4","gravatar_id":"","url":"https://api.github.com/users/akorneta","html_url":"https://github.com/akorneta","followers_url":"https://api.github.com/users/akorneta/followers","following_url":"https://api.github.com/users/akorneta/following{/other_user}","gists_url":"https://api.github.com/users/akorneta/gists{/gist_id}","starred_url":"https://api.github.com/users/akorneta/starred{/owner}{/repo}","subscriptions_url":"https://api.github.com/users/akorneta/subscriptions","organizations_url":"https://api.github.com/users/akorneta/orgs","repos_url":"https://api.github.com/users/akorneta/repos","events_url":"https://api.github.com/users/akorneta/events{/privacy}","received_events_url":"https://api.github.com/users/akorneta/received_events","type":"User","site_admin":false},"committer":{"login":"akorneta","id":12269156,"avatar_url":"https://avatars1.githubusercontent.com/u/12269156?v=4","gravatar_id":"","url":"https://api.github.com/users/akorneta","html_url":"https://github.com/akorneta","followers_url":"https://api.github.com/users/akorneta/followers","following_url":"https://api.github.com/users/akorneta/following{/other_user}","gists_url":"https://api.github.com/users/akorneta/gists{/gist_id}","starred_url":"https://api.github.com/users/akorneta/starred{/owner}{/repo}","subscriptions_url":"https://api.github.com/users/akorneta/subscriptions","organizations_url":"https://api.github.com/users/akorneta/orgs","repos_url":"https://api.github.com/users/akorneta/repos","events_url":"https://api.github.com/users/akorneta/events{/privacy}","received_events_url":"https://api.github.com/users/akorneta/received_events","type":"User","site_admin":false},"parents":[{"sha":"c884cb71ea440143bc9aa683a8737c3a2ed01c51","url":"https://api.github.com/repos/eclipse/che/commits/c884cb71ea440143bc9aa683a8737c3a2ed01c51","html_url":"https://github.com/eclipse/che/commit/c884cb71ea440143bc9aa683a8737c3a2ed01c51"}],"stats":{"total":495,"additions":239,"deletions":256},"files":[{"sha":"3cc6a25986cc3940a165c433c647c82f4164141d","filename":"assembly/assembly-wsmaster-war/src/main/webapp/WEB-INF/classes/che/che.properties","status":"modified","additions":8,"deletions":0,"changes":8,"blob_url":"https://github.com/eclipse/che/blob/013d4bb05820283dc3cb4178a0ddaf341bcf6ad3/assembly/assembly-wsmaster-war/src/main/webapp/WEB-INF/classes/che/che.properties","raw_url":"https://github.com/eclipse/che/raw/013d4bb05820283dc3cb4178a0ddaf341bcf6ad3/assembly/assembly-wsmaster-war/src/main/webapp/WEB-INF/classes/che/che.properties","contents_url":"https://api.github.com/repos/eclipse/che/contents/assembly/assembly-wsmaster-war/src/main/webapp/WEB-INF/classes/che/che.properties?ref=013d4bb05820283dc3cb4178a0ddaf341bcf6ad3","patch":"@@ -375,6 +375,14 @@ che.infra.openshift.pvc.enabled=true\n #        Existing PVC will be used or a new one will be created if it doesn't exist.\n che.infra.openshift.pvc.strategy=common\n \n+# Defines whether to run a job that creates workspace's subpath directories in persistent volume for the 'common' strategy before launching a workspace.\n+# Necessary in some versions of OpenShift/Kubernetes as workspace subpath volume mounts are created with root permissions,\n+# and thus cannot be modified by workspaces running as a user (presents an error importing projects into a workspace in Che).\n+# The default is \"true\", but should be set to false if the version of Openshift/Kubernetes creates subdirectories with user permissions.\n+# Relevant issue: https://github.com/kubernetes/kubernetes/issues/41638\n+# Note that this property has effect only if the 'common' PVC strategy used.\n+che.infra.openshift.pvc.precreate_subpaths=true\n+\n # Defines the name of Persistent Volume Claim for che workspaces.\n che.infra.openshift.pvc.name=claim-che-workspace\n "},{"sha":"ba07456da605f19157d080af450455eab3e7e4f9","filename":"dockerfiles/init/manifests/che.env","status":"modified","additions":8,"deletions":0,"changes":8,"blob_url":"https://github.com/eclipse/che/blob/013d4bb05820283dc3cb4178a0ddaf341bcf6ad3/dockerfiles/init/manifests/che.env","raw_url":"https://github.com/eclipse/che/raw/013d4bb05820283dc3cb4178a0ddaf341bcf6ad3/dockerfiles/init/manifests/che.env","contents_url":"https://api.github.com/repos/eclipse/che/contents/dockerfiles/init/manifests/che.env?ref=013d4bb05820283dc3cb4178a0ddaf341bcf6ad3","patch":"@@ -484,6 +484,14 @@ CHE_SINGLE_PORT=false\n #        Existing PVC will be used or a new one will be created if it doesn't exist.\n #CHE_INFRA_OPENSHIFT_PVC_STRATEGY=common\n \n+# Defines whether to run a job that creates workspace's subpath directories in persistent volume for the 'common' strategy before launching a workspace.\n+# Necessary in some versions of OpenShift/Kubernetes as workspace subpath volume mounts are created with root permissions,\n+# and thus cannot be modified by workspaces running as a user (presents an error importing projects into a workspace in Che).\n+# The default is \"true\", but should be set to false if the version of Openshift/Kubernetes creates subdirectories with user permissions.\n+# Relevant issue: https://github.com/kubernetes/kubernetes/issues/41638\n+# Note that this property has effect only if the 'common' PVC strategy used.\n+#CHE_INFRA_OPENSHIFT_PVC_PRECREATE__SUBPATHS=true\n+\n # Defines the name of Persistent Volume Claim for che workspace.\n #CHE_INFRA_OPENSHIFT_PVC_NAME=claim-che-workspace\n "},{"sha":"7096da5ea60396b496772a94093cd10ed2b71539","filename":"dockerfiles/init/modules/openshift/files/scripts/che-config","status":"modified","additions":1,"deletions":0,"changes":1,"blob_url":"https://github.com/eclipse/che/blob/013d4bb05820283dc3cb4178a0ddaf341bcf6ad3/dockerfiles/init/modules/openshift/files/scripts/che-config","raw_url":"https://github.com/eclipse/che/raw/013d4bb05820283dc3cb4178a0ddaf341bcf6ad3/dockerfiles/init/modules/openshift/files/scripts/che-config","contents_url":"https://api.github.com/repos/eclipse/che/contents/dockerfiles/init/modules/openshift/files/scripts/che-config?ref=013d4bb05820283dc3cb4178a0ddaf341bcf6ad3","patch":"@@ -13,6 +13,7 @@ CHE_INFRA_OPENSHIFT_OAUTH__TOKEN: ${CHE_INFRA_OPENSHIFT_OAUTH__TOKEN}\n CHE_INFRA_OPENSHIFT_PASSWORD: ${CHE_INFRA_OPENSHIFT_PASSWORD}\n CHE_INFRA_OPENSHIFT_PROJECT: ${CHE_INFRA_OPENSHIFT_PROJECT}\n CHE_INFRA_OPENSHIFT_PVC_STRATEGY: ${CHE_INFRA_OPENSHIFT_PVC_STRATEGY}\n+CHE_INFRA_OPENSHIFT_PVC_PRECREATE__SUBPATHS: ${CHE_INFRA_OPENSHIFT_PVC_PRECREATE__SUBPATHS}\n CHE_INFRA_OPENSHIFT_TLS__ENABLED: ${ENABLE_SSL}\n CHE_INFRA_OPENSHIFT_TRUST__CERTS: \"false\"\n CHE_INFRA_OPENSHIFT_USERNAME: ${CHE_INFRA_OPENSHIFT_USERNAME}"},{"sha":"5c267bbafd086b6cf0edd137bb9dc2e8f972ddd1","filename":"dockerfiles/init/modules/openshift/files/scripts/deploy_che.sh","status":"modified","additions":4,"deletions":0,"changes":4,"blob_url":"https://github.com/eclipse/che/blob/013d4bb05820283dc3cb4178a0ddaf341bcf6ad3/dockerfiles/init/modules/openshift/files/scripts/deploy_che.sh","raw_url":"https://github.com/eclipse/che/raw/013d4bb05820283dc3cb4178a0ddaf341bcf6ad3/dockerfiles/init/modules/openshift/files/scripts/deploy_che.sh","contents_url":"https://api.github.com/repos/eclipse/che/contents/dockerfiles/init/modules/openshift/files/scripts/deploy_che.sh?ref=013d4bb05820283dc3cb4178a0ddaf341bcf6ad3","patch":"@@ -139,6 +139,7 @@ if [ \"${OPENSHIFT_FLAVOR}\" == \"minishift\" ]; then\n   DEFAULT_ENABLE_SSL=\"false\"\n   DEFAULT_CHE_LOG_LEVEL=\"INFO\"\n   DEFAULT_CHE_PREDEFINED_STACKS_RELOAD=\"false\"\n+  DEFAULT_CHE_INFRA_OPENSHIFT_PVC_PRECREATE__SUBPATHS=\"true\"\n elif [ \"${OPENSHIFT_FLAVOR}\" == \"osio\" ]; then\n   # ----------------------\n   # Set osio configuration\n@@ -156,6 +157,7 @@ elif [ \"${OPENSHIFT_FLAVOR}\" == \"osio\" ]; then\n   DEFAULT_ENABLE_SSL=\"true\"\n   DEFAULT_CHE_LOG_LEVEL=\"INFO\"\n   DEFAULT_CHE_PREDEFINED_STACKS_RELOAD=\"true\"\n+  DEFAULT_CHE_INFRA_OPENSHIFT_PVC_PRECREATE__SUBPATHS=\"false\"\n elif [ \"${OPENSHIFT_FLAVOR}\" == \"ocp\" ]; then\n   # ----------------------\n   # Set ocp configuration\n@@ -170,6 +172,7 @@ elif [ \"${OPENSHIFT_FLAVOR}\" == \"ocp\" ]; then\n   DEFAULT_ENABLE_SSL=\"true\"\n   DEFAULT_CHE_LOG_LEVEL=\"INFO\"\n   DEFAULT_CHE_PREDEFINED_STACKS_RELOAD=\"true\"\n+  DEFAULT_CHE_INFRA_OPENSHIFT_PVC_PRECREATE__SUBPATHS=\"true\"\n fi\n \n # --------------------------------------------------------\n@@ -203,6 +206,7 @@ CHE_INFRA_OPENSHIFT_PROJECT=${CHE_INFRA_OPENSHIFT_PROJECT:-${DEFAULT_CHE_INFRA_O\n CHE_INFRA_OPENSHIFT_USERNAME=${CHE_INFRA_OPENSHIFT_USERNAME:-${OPENSHIFT_USERNAME}}\n CHE_INFRA_OPENSHIFT_PASSWORD=${CHE_INFRA_OPENSHIFT_PASSWORD:-${OPENSHIFT_PASSWORD}}\n CHE_INFRA_OPENSHIFT_OAUTH__TOKEN=${CHE_INFRA_OPENSHIFT_OAUTH__TOKEN:-${OPENSHIFT_TOKEN}}\n+CHE_INFRA_OPENSHIFT_PVC_PRECREATE__SUBPATHS=${CHE_INFRA_OPENSHIFT_PVC_PRECREATE__SUBPATHS:-${DEFAULT_CHE_INFRA_OPENSHIFT_PVC_PRECREATE__SUBPATHS}}\n \n OPENSHIFT_ROUTING_SUFFIX=${OPENSHIFT_ROUTING_SUFFIX:-${DEFAULT_OPENSHIFT_ROUTING_SUFFIX}}\n DEFAULT_OPENSHIFT_NAMESPACE_URL=\"${CHE_OPENSHIFT_PROJECT}.${OPENSHIFT_ROUTING_SUFFIX}\""},{"sha":"6e0f2c031fed7882d6bac4406a445bd24bf15ce3","filename":"infrastructures/openshift/src/main/java/org/eclipse/che/workspace/infrastructure/openshift/Constants.java","status":"modified","additions":0,"deletions":6,"changes":6,"blob_url":"https://github.com/eclipse/che/blob/013d4bb05820283dc3cb4178a0ddaf341bcf6ad3/infrastructures/openshift/src/main/java/org/eclipse/che/workspace/infrastructure/openshift/Constants.java","raw_url":"https://github.com/eclipse/che/raw/013d4bb05820283dc3cb4178a0ddaf341bcf6ad3/infrastructures/openshift/src/main/java/org/eclipse/che/workspace/infrastructure/openshift/Constants.java","contents_url":"https://api.github.com/repos/eclipse/che/contents/infrastructures/openshift/src/main/java/org/eclipse/che/workspace/infrastructure/openshift/Constants.java?ref=013d4bb05820283dc3cb4178a0ddaf341bcf6ad3","patch":"@@ -37,11 +37,5 @@\n   public static final String MACHINE_NAME_ANNOTATION_FMT =\n       \"org.eclipse.che.container.%s.machine_name\";\n \n-  /**\n-   * The additional property name with the wildcard reserved for workspace id. Formatted property\n-   * with the real workspace id is used to get workspace subpaths directories.\n-   */\n-  public static final String SUBPATHS_PROPERTY_FMT = \"che.workspace.%s.subpaths\";\n-\n   private Constants() {}\n }"},{"sha":"d176c1f0fe1e62304f30329d0fe0ff19d91c2dd5","filename":"infrastructures/openshift/src/main/java/org/eclipse/che/workspace/infrastructure/openshift/OpenShiftEnvironmentProvisioner.java","status":"modified","additions":12,"deletions":6,"changes":18,"blob_url":"https://github.com/eclipse/che/blob/013d4bb05820283dc3cb4178a0ddaf341bcf6ad3/infrastructures/openshift/src/main/java/org/eclipse/che/workspace/infrastructure/openshift/OpenShiftEnvironmentProvisioner.java","raw_url":"https://github.com/eclipse/che/raw/013d4bb05820283dc3cb4178a0ddaf341bcf6ad3/infrastructures/openshift/src/main/java/org/eclipse/che/workspace/infrastructure/openshift/OpenShiftEnvironmentProvisioner.java","contents_url":"https://api.github.com/repos/eclipse/che/contents/infrastructures/openshift/src/main/java/org/eclipse/che/workspace/infrastructure/openshift/OpenShiftEnvironmentProvisioner.java?ref=013d4bb05820283dc3cb4178a0ddaf341bcf6ad3","patch":"@@ -11,16 +11,17 @@\n package org.eclipse.che.workspace.infrastructure.openshift;\n \n import javax.inject.Inject;\n+import javax.inject.Named;\n import javax.inject.Singleton;\n import org.eclipse.che.api.core.model.workspace.runtime.RuntimeIdentity;\n import org.eclipse.che.api.workspace.server.spi.InfrastructureException;\n import org.eclipse.che.workspace.infrastructure.openshift.environment.OpenShiftEnvironment;\n+import org.eclipse.che.workspace.infrastructure.openshift.project.pvc.WorkspaceVolumesStrategy;\n import org.eclipse.che.workspace.infrastructure.openshift.provision.UniqueNamesProvisioner;\n import org.eclipse.che.workspace.infrastructure.openshift.provision.env.EnvVarsConverter;\n import org.eclipse.che.workspace.infrastructure.openshift.provision.restartpolicy.RestartPolicyRewriter;\n import org.eclipse.che.workspace.infrastructure.openshift.provision.route.TlsRouteProvisioner;\n import org.eclipse.che.workspace.infrastructure.openshift.provision.server.ServersConverter;\n-import org.eclipse.che.workspace.infrastructure.openshift.provision.volume.VolumesProvisioner;\n \n /**\n  * Applies the set of configurations to the OpenShift environment and environment configuration with\n@@ -32,7 +33,8 @@\n @Singleton\n public class OpenShiftEnvironmentProvisioner {\n \n-  private final VolumesProvisioner volumesProvisioner;\n+  private final boolean pvcEnabled;\n+  private final WorkspaceVolumesStrategy volumesStrategy;\n   private final UniqueNamesProvisioner uniqueNamesProvisioner;\n   private final TlsRouteProvisioner tlsRouteProvisioner;\n   private final ServersConverter serversConverter;\n@@ -41,13 +43,15 @@\n \n   @Inject\n   public OpenShiftEnvironmentProvisioner(\n-      VolumesProvisioner volumesProvisioner,\n+      @Named(\"che.infra.openshift.pvc.enabled\") boolean pvcEnabled,\n       UniqueNamesProvisioner uniqueNamesProvisioner,\n       TlsRouteProvisioner tlsRouteProvisioner,\n       ServersConverter serversConverter,\n       EnvVarsConverter envVarsConverter,\n-      RestartPolicyRewriter restartPolicyRewriter) {\n-    this.volumesProvisioner = volumesProvisioner;\n+      RestartPolicyRewriter restartPolicyRewriter,\n+      WorkspaceVolumesStrategy volumesStrategy) {\n+    this.pvcEnabled = pvcEnabled;\n+    this.volumesStrategy = volumesStrategy;\n     this.uniqueNamesProvisioner = uniqueNamesProvisioner;\n     this.tlsRouteProvisioner = tlsRouteProvisioner;\n     this.serversConverter = serversConverter;\n@@ -60,7 +64,9 @@ public void provision(OpenShiftEnvironment osEnv, RuntimeIdentity identity)\n     // 1 stage - converting Che model env to OpenShift env\n     serversConverter.provision(osEnv, identity);\n     envVarsConverter.provision(osEnv, identity);\n-    volumesProvisioner.provision(osEnv, identity);\n+    if (pvcEnabled) {\n+      volumesStrategy.provision(osEnv, identity);\n+    }\n \n     // 2 stage - add OpenShift env items\n     restartPolicyRewriter.provision(osEnv, identity);"},{"sha":"cb1fbc16511521b5a6c81ded959db84076123ed1","filename":"infrastructures/openshift/src/main/java/org/eclipse/che/workspace/infrastructure/openshift/OpenShiftInternalRuntime.java","status":"modified","additions":7,"deletions":41,"changes":48,"blob_url":"https://github.com/eclipse/che/blob/013d4bb05820283dc3cb4178a0ddaf341bcf6ad3/infrastructures/openshift/src/main/java/org/eclipse/che/workspace/infrastructure/openshift/OpenShiftInternalRuntime.java","raw_url":"https://github.com/eclipse/che/raw/013d4bb05820283dc3cb4178a0ddaf341bcf6ad3/infrastructures/openshift/src/main/java/org/eclipse/che/workspace/infrastructure/openshift/OpenShiftInternalRuntime.java","contents_url":"https://api.github.com/repos/eclipse/che/contents/infrastructures/openshift/src/main/java/org/eclipse/che/workspace/infrastructure/openshift/OpenShiftInternalRuntime.java?ref=013d4bb05820283dc3cb4178a0ddaf341bcf6ad3","patch":"@@ -12,25 +12,20 @@\n \n import static java.lang.String.format;\n import static java.util.Collections.emptyMap;\n-import static java.util.stream.Collectors.toSet;\n-import static org.eclipse.che.workspace.infrastructure.openshift.Constants.SUBPATHS_PROPERTY_FMT;\n \n import com.google.common.annotations.VisibleForTesting;\n import com.google.common.collect.ImmutableMap;\n import com.google.inject.assistedinject.Assisted;\n import io.fabric8.kubernetes.api.model.Container;\n import io.fabric8.kubernetes.api.model.ObjectMeta;\n-import io.fabric8.kubernetes.api.model.PersistentVolumeClaim;\n import io.fabric8.kubernetes.api.model.Pod;\n import io.fabric8.kubernetes.api.model.Service;\n import io.fabric8.kubernetes.client.Watcher.Action;\n import io.fabric8.openshift.api.model.Route;\n import java.util.ArrayList;\n-import java.util.Collection;\n import java.util.List;\n import java.util.Map;\n import java.util.Map.Entry;\n-import java.util.Set;\n import java.util.concurrent.ConcurrentHashMap;\n import java.util.function.Consumer;\n import javax.inject.Inject;\n@@ -41,7 +36,7 @@\n import org.eclipse.che.api.core.model.workspace.runtime.ServerStatus;\n import org.eclipse.che.api.core.notification.EventService;\n import org.eclipse.che.api.workspace.server.DtoConverter;\n-import org.eclipse.che.api.workspace.server.URLRewriter;\n+import org.eclipse.che.api.workspace.server.URLRewriter.NoOpURLRewriter;\n import org.eclipse.che.api.workspace.server.hc.ServersChecker;\n import org.eclipse.che.api.workspace.server.hc.ServersCheckerFactory;\n import org.eclipse.che.api.workspace.server.spi.InfrastructureException;\n@@ -55,12 +50,11 @@\n import org.eclipse.che.dto.server.DtoFactory;\n import org.eclipse.che.workspace.infrastructure.openshift.bootstrapper.OpenShiftBootstrapperFactory;\n import org.eclipse.che.workspace.infrastructure.openshift.environment.OpenShiftEnvironment;\n-import org.eclipse.che.workspace.infrastructure.openshift.project.OpenShiftPersistentVolumeClaims;\n import org.eclipse.che.workspace.infrastructure.openshift.project.OpenShiftProject;\n import org.eclipse.che.workspace.infrastructure.openshift.project.event.ContainerEvent;\n import org.eclipse.che.workspace.infrastructure.openshift.project.event.ContainerEventHandler;\n import org.eclipse.che.workspace.infrastructure.openshift.project.event.PodActionHandler;\n-import org.eclipse.che.workspace.infrastructure.openshift.project.pvc.PVCSubPathHelper;\n+import org.eclipse.che.workspace.infrastructure.openshift.project.pvc.WorkspaceVolumesStrategy;\n import org.slf4j.Logger;\n import org.slf4j.LoggerFactory;\n \n@@ -82,24 +76,24 @@\n   private final Map<String, OpenShiftMachine> machines;\n   private final int machineStartTimeoutMin;\n   private final OpenShiftProject project;\n-  private final PVCSubPathHelper pvcSubPathHelper;\n+  private final WorkspaceVolumesStrategy volumesStrategy;\n \n   @Inject\n   public OpenShiftInternalRuntime(\n       @Named(\"che.infra.openshift.machine_start_timeout_min\") int machineStartTimeoutMin,\n-      URLRewriter.NoOpURLRewriter urlRewriter,\n+      NoOpURLRewriter urlRewriter,\n       EventService eventService,\n       OpenShiftBootstrapperFactory bootstrapperFactory,\n       ServersCheckerFactory serverCheckerFactory,\n-      PVCSubPathHelper pvcSubPathHelper,\n+      WorkspaceVolumesStrategy volumesStrategy,\n       @Assisted OpenShiftRuntimeContext context,\n       @Assisted OpenShiftProject project,\n       @Assisted List<Warning> warnings) {\n     super(context, urlRewriter, warnings, false);\n     this.eventService = eventService;\n     this.bootstrapperFactory = bootstrapperFactory;\n     this.serverCheckerFactory = serverCheckerFactory;\n-    this.pvcSubPathHelper = pvcSubPathHelper;\n+    this.volumesStrategy = volumesStrategy;\n     this.machineStartTimeoutMin = machineStartTimeoutMin;\n     this.project = project;\n     this.machines = new ConcurrentHashMap<>();\n@@ -109,7 +103,7 @@ public OpenShiftInternalRuntime(\n   protected void internalStart(Map<String, String> startOptions) throws InfrastructureException {\n     try {\n       final OpenShiftEnvironment osEnv = getContext().getEnvironment();\n-      preparePVCs(osEnv);\n+      volumesStrategy.prepare(osEnv, getContext().getIdentity().getWorkspaceId());\n \n       List<Service> createdServices = new ArrayList<>();\n       for (Service service : osEnv.getServices().values()) {\n@@ -193,34 +187,6 @@ private void bootstrapMachine(OpenShiftMachine machine)\n           .bootstrap();\n   }\n \n-  /**\n-   * Creates OpenShift PVCs from given OpenShift environment and pre creates subpaths if needed.\n-   *\n-   * @param osEnv OpenShift environment\n-   * @throws InfrastructureException when failed to get existing PVCs in given OpenShift namespace\n-   * @throws InfrastructureException when failed to create one of given PVCs\n-   * @throws InfrastructureException when any error occurs while preparing workspace's PVCs\n-   */\n-  @VisibleForTesting\n-  void preparePVCs(OpenShiftEnvironment osEnv) throws InfrastructureException {\n-    final Collection<PersistentVolumeClaim> claims = osEnv.getPersistentVolumeClaims().values();\n-    final OpenShiftPersistentVolumeClaims pvcs = project.persistentVolumeClaims();\n-    final Set<String> existing =\n-        pvcs.get().stream().map(p -> p.getMetadata().getName()).collect(toSet());\n-    final String workspaceId = getContext().getIdentity().getWorkspaceId();\n-    for (PersistentVolumeClaim pvc : claims) {\n-      final String[] subpaths =\n-          (String[])\n-              pvc.getAdditionalProperties().remove(format(SUBPATHS_PROPERTY_FMT, workspaceId));\n-      if (!existing.contains(pvc.getMetadata().getName())) {\n-        pvcs.create(pvc);\n-      }\n-      if (subpaths != null && subpaths.length > 0) {\n-        pvcSubPathHelper.createDirs(workspaceId, subpaths);\n-      }\n-    }\n-  }\n-\n   /**\n    * Checks whether machine servers are ready.\n    *"},{"sha":"60c95bb946609558885f2917980967c7b24f19d8","filename":"infrastructures/openshift/src/main/java/org/eclipse/che/workspace/infrastructure/openshift/project/pvc/CommonPVCStrategy.java","status":"modified","additions":48,"deletions":5,"changes":53,"blob_url":"https://github.com/eclipse/che/blob/013d4bb05820283dc3cb4178a0ddaf341bcf6ad3/infrastructures/openshift/src/main/java/org/eclipse/che/workspace/infrastructure/openshift/project/pvc/CommonPVCStrategy.java","raw_url":"https://github.com/eclipse/che/raw/013d4bb05820283dc3cb4178a0ddaf341bcf6ad3/infrastructures/openshift/src/main/java/org/eclipse/che/workspace/infrastructure/openshift/project/pvc/CommonPVCStrategy.java","contents_url":"https://api.github.com/repos/eclipse/che/contents/infrastructures/openshift/src/main/java/org/eclipse/che/workspace/infrastructure/openshift/project/pvc/CommonPVCStrategy.java?ref=013d4bb05820283dc3cb4178a0ddaf341bcf6ad3","patch":"@@ -11,7 +11,7 @@\n package org.eclipse.che.workspace.infrastructure.openshift.project.pvc;\n \n import static java.lang.String.format;\n-import static org.eclipse.che.workspace.infrastructure.openshift.Constants.SUBPATHS_PROPERTY_FMT;\n+import static java.util.stream.Collectors.toSet;\n import static org.eclipse.che.workspace.infrastructure.openshift.project.OpenShiftObjectUtil.newPVC;\n import static org.eclipse.che.workspace.infrastructure.openshift.project.OpenShiftObjectUtil.newVolume;\n import static org.eclipse.che.workspace.infrastructure.openshift.project.OpenShiftObjectUtil.newVolumeMount;\n@@ -21,15 +21,20 @@\n import io.fabric8.kubernetes.api.model.PersistentVolumeClaim;\n import io.fabric8.kubernetes.api.model.Pod;\n import io.fabric8.kubernetes.api.model.PodSpec;\n+import java.util.Collection;\n import java.util.HashSet;\n import java.util.Map.Entry;\n import java.util.Set;\n import javax.inject.Named;\n import org.eclipse.che.api.core.model.workspace.config.Volume;\n+import org.eclipse.che.api.core.model.workspace.runtime.RuntimeIdentity;\n import org.eclipse.che.api.workspace.server.spi.InfrastructureException;\n import org.eclipse.che.api.workspace.server.spi.environment.InternalMachineConfig;\n import org.eclipse.che.workspace.infrastructure.openshift.Names;\n import org.eclipse.che.workspace.infrastructure.openshift.environment.OpenShiftEnvironment;\n+import org.eclipse.che.workspace.infrastructure.openshift.project.OpenShiftPersistentVolumeClaims;\n+import org.eclipse.che.workspace.infrastructure.openshift.project.OpenShiftProject;\n+import org.eclipse.che.workspace.infrastructure.openshift.project.OpenShiftProjectFactory;\n \n /**\n  * Provides common PVC for each workspace in one OpenShift project.\n@@ -48,27 +53,42 @@\n \n   public static final String COMMON_STRATEGY = \"common\";\n \n+  /**\n+   * The additional property name with the wildcard reserved for workspace id. Formatted property\n+   * with the real workspace id is used to get workspace subpaths directories. The value of this\n+   * property represents the String array of subpaths that are used to create folders in PV with\n+   * user rights. Note that the value would not be stored and it is removed before PVC creation.\n+   */\n+  static final String SUBPATHS_PROPERTY_FMT = \"che.workspace.%s.subpaths\";\n+\n+  private final boolean preCreateDirs;\n   private final String pvcQuantity;\n   private final String pvcName;\n   private final String pvcAccessMode;\n   private final PVCSubPathHelper pvcSubPathHelper;\n+  private final OpenShiftProjectFactory factory;\n \n   @Inject\n   public CommonPVCStrategy(\n       @Named(\"che.infra.openshift.pvc.name\") String pvcName,\n       @Named(\"che.infra.openshift.pvc.quantity\") String pvcQuantity,\n       @Named(\"che.infra.openshift.pvc.access_mode\") String pvcAccessMode,\n-      PVCSubPathHelper pvcSubPathHelper) {\n+      @Named(\"che.infra.openshift.pvc.precreate_subpaths\") boolean preCreateDirs,\n+      PVCSubPathHelper pvcSubPathHelper,\n+      OpenShiftProjectFactory factory) {\n     this.pvcName = pvcName;\n     this.pvcQuantity = pvcQuantity;\n     this.pvcAccessMode = pvcAccessMode;\n+    this.preCreateDirs = preCreateDirs;\n     this.pvcSubPathHelper = pvcSubPathHelper;\n+    this.factory = factory;\n   }\n \n   @Override\n-  public void prepare(OpenShiftEnvironment osEnv, String workspaceId)\n+  public void provision(OpenShiftEnvironment osEnv, RuntimeIdentity identity)\n       throws InfrastructureException {\n-    Set<String> subPaths = new HashSet<>();\n+    final String workspaceId = identity.getWorkspaceId();\n+    final Set<String> subPaths = new HashSet<>();\n     final PersistentVolumeClaim pvc = newPVC(pvcName, pvcAccessMode, pvcQuantity);\n     osEnv.getPersistentVolumeClaims().put(pvcName, pvc);\n     for (Pod pod : osEnv.getPods().values()) {\n@@ -79,13 +99,36 @@ public void prepare(OpenShiftEnvironment osEnv, String workspaceId)\n         addMachineVolumes(workspaceId, subPaths, podSpec, container, machineConfig);\n       }\n     }\n-    if (!subPaths.isEmpty()) {\n+    if (preCreateDirs && !subPaths.isEmpty()) {\n       pvc.setAdditionalProperty(\n           format(SUBPATHS_PROPERTY_FMT, workspaceId),\n           subPaths.toArray(new String[subPaths.size()]));\n     }\n   }\n \n+  @Override\n+  public void prepare(OpenShiftEnvironment osEnv, String workspaceId)\n+      throws InfrastructureException {\n+    final Collection<PersistentVolumeClaim> claims = osEnv.getPersistentVolumeClaims().values();\n+    if (!claims.isEmpty()) {\n+      final OpenShiftProject project = factory.create(workspaceId);\n+      final OpenShiftPersistentVolumeClaims pvcs = project.persistentVolumeClaims();\n+      final Set<String> existing =\n+          pvcs.get().stream().map(p -> p.getMetadata().getName()).collect(toSet());\n+      for (PersistentVolumeClaim pvc : claims) {\n+        final String[] subpaths =\n+            (String[])\n+                pvc.getAdditionalProperties().remove(format(SUBPATHS_PROPERTY_FMT, workspaceId));\n+        if (!existing.contains(pvc.getMetadata().getName())) {\n+          pvcs.create(pvc);\n+        }\n+        if (preCreateDirs && subpaths != null) {\n+          pvcSubPathHelper.createDirs(workspaceId, subpaths);\n+        }\n+      }\n+    }\n+  }\n+\n   @Override\n   public void cleanup(String workspaceId) throws InfrastructureException {\n     pvcSubPathHelper.removeDirsAsync(workspaceId, getWorkspaceSubPath(workspaceId));"},{"sha":"41af1ee1667b4521462dcd9ded7e1bee9c96727f","filename":"infrastructures/openshift/src/main/java/org/eclipse/che/workspace/infrastructure/openshift/project/pvc/PVCSubPathHelper.java","status":"modified","additions":1,"deletions":1,"changes":2,"blob_url":"https://github.com/eclipse/che/blob/013d4bb05820283dc3cb4178a0ddaf341bcf6ad3/infrastructures/openshift/src/main/java/org/eclipse/che/workspace/infrastructure/openshift/project/pvc/PVCSubPathHelper.java","raw_url":"https://github.com/eclipse/che/raw/013d4bb05820283dc3cb4178a0ddaf341bcf6ad3/infrastructures/openshift/src/main/java/org/eclipse/che/workspace/infrastructure/openshift/project/pvc/PVCSubPathHelper.java","contents_url":"https://api.github.com/repos/eclipse/che/contents/infrastructures/openshift/src/main/java/org/eclipse/che/workspace/infrastructure/openshift/project/pvc/PVCSubPathHelper.java?ref=013d4bb05820283dc3cb4178a0ddaf341bcf6ad3","patch":"@@ -102,7 +102,7 @@\n    * @param workspaceId workspace identifier\n    * @param dirs workspace directories to create\n    */\n-  public void createDirs(String workspaceId, String... dirs) {\n+  void createDirs(String workspaceId, String... dirs) {\n     execute(workspaceId, MKDIR_COMMAND_BASE, dirs);\n   }\n "},{"sha":"8cf1d3372a8c667e41e63b846ff51f95bcbfe9ea","filename":"infrastructures/openshift/src/main/java/org/eclipse/che/workspace/infrastructure/openshift/project/pvc/UniqueWorkspacePVCStrategy.java","status":"modified","additions":19,"deletions":3,"changes":22,"blob_url":"https://github.com/eclipse/che/blob/013d4bb05820283dc3cb4178a0ddaf341bcf6ad3/infrastructures/openshift/src/main/java/org/eclipse/che/workspace/infrastructure/openshift/project/pvc/UniqueWorkspacePVCStrategy.java","raw_url":"https://github.com/eclipse/che/raw/013d4bb05820283dc3cb4178a0ddaf341bcf6ad3/infrastructures/openshift/src/main/java/org/eclipse/che/workspace/infrastructure/openshift/project/pvc/UniqueWorkspacePVCStrategy.java","contents_url":"https://api.github.com/repos/eclipse/che/contents/infrastructures/openshift/src/main/java/org/eclipse/che/workspace/infrastructure/openshift/project/pvc/UniqueWorkspacePVCStrategy.java?ref=013d4bb05820283dc3cb4178a0ddaf341bcf6ad3","patch":"@@ -23,12 +23,14 @@\n import javax.inject.Inject;\n import javax.inject.Named;\n import org.eclipse.che.api.core.model.workspace.config.Volume;\n+import org.eclipse.che.api.core.model.workspace.runtime.RuntimeIdentity;\n import org.eclipse.che.api.workspace.server.spi.InfrastructureException;\n import org.eclipse.che.api.workspace.server.spi.environment.InternalMachineConfig;\n import org.eclipse.che.commons.annotation.Nullable;\n import org.eclipse.che.workspace.infrastructure.openshift.Names;\n import org.eclipse.che.workspace.infrastructure.openshift.OpenShiftClientFactory;\n import org.eclipse.che.workspace.infrastructure.openshift.environment.OpenShiftEnvironment;\n+import org.eclipse.che.workspace.infrastructure.openshift.project.OpenShiftProjectFactory;\n \n /**\n  * Provides a unique PVC for each workspace.\n@@ -51,35 +53,49 @@\n   private final String pvcQuantity;\n   private final String pvcAccessMode;\n   private final OpenShiftClientFactory clientFactory;\n+  private final OpenShiftProjectFactory factory;\n \n   @Inject\n   public UniqueWorkspacePVCStrategy(\n       @Nullable @Named(\"che.infra.openshift.project\") String projectName,\n       @Named(\"che.infra.openshift.pvc.name\") String pvcName,\n       @Named(\"che.infra.openshift.pvc.quantity\") String pvcQuantity,\n       @Named(\"che.infra.openshift.pvc.access_mode\") String pvcAccessMode,\n+      OpenShiftProjectFactory factory,\n       OpenShiftClientFactory clientFactory) {\n     this.pvcName = pvcName;\n     this.pvcQuantity = pvcQuantity;\n     this.projectName = projectName;\n     this.pvcAccessMode = pvcAccessMode;\n     this.clientFactory = clientFactory;\n+    this.factory = factory;\n   }\n \n   @Override\n-  public void prepare(OpenShiftEnvironment osEnv, String workspaceId)\n+  public void provision(OpenShiftEnvironment osEnv, RuntimeIdentity identity)\n       throws InfrastructureException {\n-    Map<String, PersistentVolumeClaim> claims = osEnv.getPersistentVolumeClaims();\n+    final Map<String, PersistentVolumeClaim> claims = osEnv.getPersistentVolumeClaims();\n     for (Pod pod : osEnv.getPods().values()) {\n       final PodSpec podSpec = pod.getSpec();\n       for (Container container : podSpec.getContainers()) {\n         final String machineName = Names.machineName(pod, container);\n         InternalMachineConfig machineConfig = osEnv.getMachines().get(machineName);\n-        addMachineVolumes(workspaceId, claims, podSpec, container, machineConfig);\n+        addMachineVolumes(identity.getWorkspaceId(), claims, podSpec, container, machineConfig);\n       }\n     }\n   }\n \n+  @Override\n+  public void prepare(OpenShiftEnvironment osEnv, String workspaceId)\n+      throws InfrastructureException {\n+    if (!osEnv.getPersistentVolumeClaims().isEmpty()) {\n+      factory\n+          .create(workspaceId)\n+          .persistentVolumeClaims()\n+          .createIfNotExist(osEnv.getPersistentVolumeClaims().values());\n+    }\n+  }\n+\n   private void addMachineVolumes(\n       String workspaceId,\n       Map<String, PersistentVolumeClaim> claims,"},{"sha":"c4d20be48f62ee32cb263ec5aa6a004b04cb0773","filename":"infrastructures/openshift/src/main/java/org/eclipse/che/workspace/infrastructure/openshift/project/pvc/WorkspaceVolumesStrategy.java","status":"modified","additions":15,"deletions":1,"changes":16,"blob_url":"https://github.com/eclipse/che/blob/013d4bb05820283dc3cb4178a0ddaf341bcf6ad3/infrastructures/openshift/src/main/java/org/eclipse/che/workspace/infrastructure/openshift/project/pvc/WorkspaceVolumesStrategy.java","raw_url":"https://github.com/eclipse/che/raw/013d4bb05820283dc3cb4178a0ddaf341bcf6ad3/infrastructures/openshift/src/main/java/org/eclipse/che/workspace/infrastructure/openshift/project/pvc/WorkspaceVolumesStrategy.java","contents_url":"https://api.github.com/repos/eclipse/che/contents/infrastructures/openshift/src/main/java/org/eclipse/che/workspace/infrastructure/openshift/project/pvc/WorkspaceVolumesStrategy.java?ref=013d4bb05820283dc3cb4178a0ddaf341bcf6ad3","patch":"@@ -10,18 +10,32 @@\n  */\n package org.eclipse.che.workspace.infrastructure.openshift.project.pvc;\n \n+import org.eclipse.che.api.core.model.workspace.runtime.RuntimeIdentity;\n import org.eclipse.che.api.workspace.server.spi.InfrastructureException;\n import org.eclipse.che.workspace.infrastructure.openshift.environment.OpenShiftEnvironment;\n+import org.eclipse.che.workspace.infrastructure.openshift.provision.ConfigurationProvisioner;\n \n /**\n  * Defines a basic set of operations for workspace volume provisioning strategies.\n  *\n  * @author Anton Korneta\n  */\n-public interface WorkspaceVolumesStrategy {\n+public interface WorkspaceVolumesStrategy extends ConfigurationProvisioner {\n+\n+  /**\n+   * Configures the workspace PVCs, volumes, claim bindings with a strategy specific options.\n+   *\n+   * @param osEnv OpenShift environment\n+   * @param identity runtime identity\n+   * @throws InfrastructureException when any error occurs while provisioning volumes\n+   */\n+  @Override\n+  void provision(OpenShiftEnvironment osEnv, RuntimeIdentity identity)\n+      throws InfrastructureException;\n \n   /**\n    * Prepares volumes for backup of workspace data on a specific machine in a strategy specific way.\n+   * Note that this step, depending on the strategy, may take some time.\n    *\n    * @param osEnv OpenShift environment that changes as a result of preparation\n    * @param workspaceId the workspace identifier for which volumes will be prepared"},{"sha":"6bc5b76508329a68ca898c4c960958c26a0eef04","filename":"infrastructures/openshift/src/main/java/org/eclipse/che/workspace/infrastructure/openshift/provision/volume/VolumesProvisioner.java","status":"removed","additions":0,"deletions":48,"changes":48,"blob_url":"https://github.com/eclipse/che/blob/c884cb71ea440143bc9aa683a8737c3a2ed01c51/infrastructures/openshift/src/main/java/org/eclipse/che/workspace/infrastructure/openshift/provision/volume/VolumesProvisioner.java","raw_url":"https://github.com/eclipse/che/raw/c884cb71ea440143bc9aa683a8737c3a2ed01c51/infrastructures/openshift/src/main/java/org/eclipse/che/workspace/infrastructure/openshift/provision/volume/VolumesProvisioner.java","contents_url":"https://api.github.com/repos/eclipse/che/contents/infrastructures/openshift/src/main/java/org/eclipse/che/workspace/infrastructure/openshift/provision/volume/VolumesProvisioner.java?ref=c884cb71ea440143bc9aa683a8737c3a2ed01c51","patch":"@@ -1,48 +0,0 @@\n-/*\n- * Copyright (c) 2012-2017 Red Hat, Inc.\n- * All rights reserved. This program and the accompanying materials\n- * are made available under the terms of the Eclipse Public License v1.0\n- * which accompanies this distribution, and is available at\n- * http://www.eclipse.org/legal/epl-v10.html\n- *\n- * Contributors:\n- *   Red Hat, Inc. - initial API and implementation\n- */\n-package org.eclipse.che.workspace.infrastructure.openshift.provision.volume;\n-\n-import javax.inject.Inject;\n-import javax.inject.Named;\n-import javax.inject.Singleton;\n-import org.eclipse.che.api.core.model.workspace.runtime.RuntimeIdentity;\n-import org.eclipse.che.api.workspace.server.spi.InfrastructureException;\n-import org.eclipse.che.workspace.infrastructure.openshift.environment.OpenShiftEnvironment;\n-import org.eclipse.che.workspace.infrastructure.openshift.project.pvc.WorkspaceVolumesStrategy;\n-import org.eclipse.che.workspace.infrastructure.openshift.provision.ConfigurationProvisioner;\n-\n-/**\n- * Provisions volumes to OpenShift environment.\n- *\n- * @author Anton Korneta\n- */\n-@Singleton\n-public class VolumesProvisioner implements ConfigurationProvisioner {\n-\n-  private final boolean pvcEnable;\n-  private final WorkspaceVolumesStrategy volumesStrategy;\n-\n-  @Inject\n-  public VolumesProvisioner(\n-      @Named(\"che.infra.openshift.pvc.enabled\") boolean pvcEnable,\n-      WorkspaceVolumesStrategy volumesStrategy) {\n-    this.pvcEnable = pvcEnable;\n-    this.volumesStrategy = volumesStrategy;\n-  }\n-\n-  @Override\n-  public void provision(OpenShiftEnvironment osEnv, RuntimeIdentity runtimeIdentity)\n-      throws InfrastructureException {\n-    if (pvcEnable) {\n-      volumesStrategy.prepare(osEnv, runtimeIdentity.getWorkspaceId());\n-    }\n-  }\n-}"},{"sha":"52e7339e095d2b75e29659d71e40398dcb9fd366","filename":"infrastructures/openshift/src/test/java/org/eclipse/che/workspace/infrastructure/openshift/OpenShiftEnvironmentProvisionerTest.java","status":"modified","additions":7,"deletions":6,"changes":13,"blob_url":"https://github.com/eclipse/che/blob/013d4bb05820283dc3cb4178a0ddaf341bcf6ad3/infrastructures/openshift/src/test/java/org/eclipse/che/workspace/infrastructure/openshift/OpenShiftEnvironmentProvisionerTest.java","raw_url":"https://github.com/eclipse/che/raw/013d4bb05820283dc3cb4178a0ddaf341bcf6ad3/infrastructures/openshift/src/test/java/org/eclipse/che/workspace/infrastructure/openshift/OpenShiftEnvironmentProvisionerTest.java","contents_url":"https://api.github.com/repos/eclipse/che/contents/infrastructures/openshift/src/test/java/org/eclipse/che/workspace/infrastructure/openshift/OpenShiftEnvironmentProvisionerTest.java?ref=013d4bb05820283dc3cb4178a0ddaf341bcf6ad3","patch":"@@ -15,12 +15,12 @@\n \n import org.eclipse.che.api.core.model.workspace.runtime.RuntimeIdentity;\n import org.eclipse.che.workspace.infrastructure.openshift.environment.OpenShiftEnvironment;\n+import org.eclipse.che.workspace.infrastructure.openshift.project.pvc.WorkspaceVolumesStrategy;\n import org.eclipse.che.workspace.infrastructure.openshift.provision.UniqueNamesProvisioner;\n import org.eclipse.che.workspace.infrastructure.openshift.provision.env.EnvVarsConverter;\n import org.eclipse.che.workspace.infrastructure.openshift.provision.restartpolicy.RestartPolicyRewriter;\n import org.eclipse.che.workspace.infrastructure.openshift.provision.route.TlsRouteProvisioner;\n import org.eclipse.che.workspace.infrastructure.openshift.provision.server.ServersConverter;\n-import org.eclipse.che.workspace.infrastructure.openshift.provision.volume.VolumesProvisioner;\n import org.mockito.InOrder;\n import org.mockito.Mock;\n import org.mockito.testng.MockitoTestNGListener;\n@@ -36,7 +36,7 @@\n @Listeners(MockitoTestNGListener.class)\n public class OpenShiftEnvironmentProvisionerTest {\n \n-  @Mock private VolumesProvisioner volumesProvisioner;\n+  @Mock private WorkspaceVolumesStrategy volumesStrategy;\n   @Mock private UniqueNamesProvisioner uniqueNamesProvisioner;\n   @Mock private OpenShiftEnvironment osEnv;\n   @Mock private RuntimeIdentity runtimeIdentity;\n@@ -53,15 +53,16 @@\n   public void setUp() {\n     osInfraProvisioner =\n         new OpenShiftEnvironmentProvisioner(\n-            volumesProvisioner,\n+            true,\n             uniqueNamesProvisioner,\n             tlsRouteProvisioner,\n             serversProvisioner,\n             envVarsProvisioner,\n-            restartPolicyRewriter);\n+            restartPolicyRewriter,\n+            volumesStrategy);\n     provisionOrder =\n         inOrder(\n-            volumesProvisioner,\n+            volumesStrategy,\n             uniqueNamesProvisioner,\n             tlsRouteProvisioner,\n             serversProvisioner,\n@@ -75,7 +76,7 @@ public void performsOrderedProvisioning() throws Exception {\n \n     provisionOrder.verify(serversProvisioner).provision(eq(osEnv), eq(runtimeIdentity));\n     provisionOrder.verify(envVarsProvisioner).provision(eq(osEnv), eq(runtimeIdentity));\n-    provisionOrder.verify(volumesProvisioner).provision(eq(osEnv), eq(runtimeIdentity));\n+    provisionOrder.verify(volumesStrategy).provision(eq(osEnv), eq(runtimeIdentity));\n     provisionOrder.verify(restartPolicyRewriter).provision(eq(osEnv), eq(runtimeIdentity));\n     provisionOrder.verify(uniqueNamesProvisioner).provision(eq(osEnv), eq(runtimeIdentity));\n     provisionOrder.verify(tlsRouteProvisioner).provision(eq(osEnv), eq(runtimeIdentity));"},{"sha":"342811e7dc9bd1f4a2b23df0f3290ec203dba548","filename":"infrastructures/openshift/src/test/java/org/eclipse/che/workspace/infrastructure/openshift/OpenShiftInternalRuntimeTest.java","status":"modified","additions":3,"deletions":50,"changes":53,"blob_url":"https://github.com/eclipse/che/blob/013d4bb05820283dc3cb4178a0ddaf341bcf6ad3/infrastructures/openshift/src/test/java/org/eclipse/che/workspace/infrastructure/openshift/OpenShiftInternalRuntimeTest.java","raw_url":"https://github.com/eclipse/che/raw/013d4bb05820283dc3cb4178a0ddaf341bcf6ad3/infrastructures/openshift/src/test/java/org/eclipse/che/workspace/infrastructure/openshift/OpenShiftInternalRuntimeTest.java","contents_url":"https://api.github.com/repos/eclipse/che/contents/infrastructures/openshift/src/test/java/org/eclipse/che/workspace/infrastructure/openshift/OpenShiftInternalRuntimeTest.java?ref=013d4bb05820283dc3cb4178a0ddaf341bcf6ad3","patch":"@@ -11,15 +11,13 @@\n package org.eclipse.che.workspace.infrastructure.openshift;\n \n import static com.google.common.collect.Lists.newArrayList;\n-import static java.lang.String.format;\n import static java.util.Collections.emptyList;\n import static java.util.Collections.emptyMap;\n import static java.util.Collections.singletonMap;\n import static org.eclipse.che.api.core.model.workspace.runtime.MachineStatus.FAILED;\n import static org.eclipse.che.api.core.model.workspace.runtime.MachineStatus.RUNNING;\n import static org.eclipse.che.api.core.model.workspace.runtime.MachineStatus.STARTING;\n import static org.eclipse.che.workspace.infrastructure.openshift.Constants.CHE_ORIGINAL_NAME_LABEL;\n-import static org.eclipse.che.workspace.infrastructure.openshift.Constants.SUBPATHS_PROPERTY_FMT;\n import static org.mockito.ArgumentMatchers.any;\n import static org.mockito.ArgumentMatchers.anyList;\n import static org.mockito.ArgumentMatchers.anyString;\n@@ -45,7 +43,6 @@\n import io.fabric8.kubernetes.api.model.IntOrString;\n import io.fabric8.kubernetes.api.model.IntOrStringBuilder;\n import io.fabric8.kubernetes.api.model.ObjectMeta;\n-import io.fabric8.kubernetes.api.model.PersistentVolumeClaim;\n import io.fabric8.kubernetes.api.model.Pod;\n import io.fabric8.kubernetes.api.model.PodSpec;\n import io.fabric8.kubernetes.api.model.Service;\n@@ -57,8 +54,6 @@\n import io.fabric8.openshift.api.model.RouteTargetReference;\n import java.util.ArrayList;\n import java.util.Arrays;\n-import java.util.Collections;\n-import java.util.HashMap;\n import java.util.Iterator;\n import java.util.List;\n import java.util.Map;\n@@ -81,13 +76,12 @@\n import org.eclipse.che.workspace.infrastructure.openshift.bootstrapper.OpenShiftBootstrapper;\n import org.eclipse.che.workspace.infrastructure.openshift.bootstrapper.OpenShiftBootstrapperFactory;\n import org.eclipse.che.workspace.infrastructure.openshift.environment.OpenShiftEnvironment;\n-import org.eclipse.che.workspace.infrastructure.openshift.project.OpenShiftPersistentVolumeClaims;\n import org.eclipse.che.workspace.infrastructure.openshift.project.OpenShiftPods;\n import org.eclipse.che.workspace.infrastructure.openshift.project.OpenShiftProject;\n import org.eclipse.che.workspace.infrastructure.openshift.project.OpenShiftRoutes;\n import org.eclipse.che.workspace.infrastructure.openshift.project.OpenShiftServices;\n import org.eclipse.che.workspace.infrastructure.openshift.project.event.ContainerEvent;\n-import org.eclipse.che.workspace.infrastructure.openshift.project.pvc.PVCSubPathHelper;\n+import org.eclipse.che.workspace.infrastructure.openshift.project.pvc.WorkspaceVolumesStrategy;\n import org.mockito.ArgumentCaptor;\n import org.mockito.Captor;\n import org.mockito.Mock;\n@@ -107,7 +101,6 @@\n   private static final int INTERNAL_PORT = 4411;\n \n   private static final String WORKSPACE_ID = \"workspace123\";\n-  private static final String PVC_NAME = WORKSPACE_ID + \"-data\";\n   private static final String POD_NAME = \"app\";\n   private static final String ROUTE_NAME = \"test-route\";\n   private static final String SERVICE_NAME = \"test-service\";\n@@ -117,7 +110,6 @@\n   private static final String ROUTE_HOST = \"localhost\";\n   private static final String M1_NAME = POD_NAME + '/' + CONTAINER_NAME_1;\n   private static final String M2_NAME = POD_NAME + '/' + CONTAINER_NAME_2;\n-  private static final String[] WORKSPACE_SUBPATHS = {\"/projects\", \"/logs\"};\n \n   private static final RuntimeIdentity IDENTITY =\n       new RuntimeIdentityImpl(WORKSPACE_ID, \"env1\", \"usr1\");\n@@ -133,8 +125,7 @@\n   @Mock private OpenShiftRoutes routes;\n   @Mock private OpenShiftPods pods;\n   @Mock private OpenShiftBootstrapper bootstrapper;\n-  @Mock private PVCSubPathHelper pvcSubPathHelper;\n-  @Mock private OpenShiftPersistentVolumeClaims pvcs;\n+  @Mock private WorkspaceVolumesStrategy volumesStrategy;\n \n   @Captor private ArgumentCaptor<MachineStatusEvent> machineStatusEventCaptor;\n \n@@ -153,7 +144,7 @@ public void setup() throws Exception {\n             eventService,\n             bootstrapperFactory,\n             serverCheckerFactory,\n-            pvcSubPathHelper,\n+            volumesStrategy,\n             context,\n             project,\n             emptyList());\n@@ -182,8 +173,6 @@ public void setup() throws Exception {\n     when(services.create(any())).thenAnswer(a -> a.getArguments()[0]);\n     when(routes.create(any())).thenAnswer(a -> a.getArguments()[0]);\n     when(pods.create(any())).thenAnswer(a -> a.getArguments()[0]);\n-    when(project.persistentVolumeClaims()).thenReturn(pvcs);\n-    when(pvcs.get()).thenReturn(Collections.emptyList());\n     when(osEnv.getServices()).thenReturn(allServices);\n     when(osEnv.getRoutes()).thenReturn(allRoutes);\n     when(osEnv.getPods()).thenReturn(allPods);\n@@ -332,42 +321,6 @@ public void testDoNotPublishForeignMachineOutput() throws Exception {\n     verify(eventService, never()).publish(any());\n   }\n \n-  @Test\n-  public void testCreatesPVCWithSubpathsOnRuntimeStart() throws Exception {\n-    final PersistentVolumeClaim pvc = mock(PersistentVolumeClaim.class);\n-    mockName(PVC_NAME, pvc);\n-    when(osEnv.getPersistentVolumeClaims()).thenReturn(singletonMap(PVC_NAME, pvc));\n-    final Map<String, Object> subPaths = new HashMap<>();\n-    subPaths.put(format(SUBPATHS_PROPERTY_FMT, WORKSPACE_ID), WORKSPACE_SUBPATHS);\n-    when(pvc.getAdditionalProperties()).thenReturn(subPaths);\n-    doNothing().when(pvcSubPathHelper).createDirs(WORKSPACE_ID, WORKSPACE_SUBPATHS);\n-\n-    internalRuntime.internalStart(emptyMap());\n-\n-    verify(pvcs).get();\n-    verify(pvcs).create(pvc);\n-    verify(pvcSubPathHelper).createDirs(any(), any());\n-  }\n-\n-  @Test(expectedExceptions = InfrastructureException.class)\n-  public void throwsInfrastructureExceptionWhenFailedToGetExistingPVCs() throws Exception {\n-    doThrow(InfrastructureException.class).when(pvcs).get();\n-\n-    internalRuntime.internalStart(emptyMap());\n-  }\n-\n-  @Test(expectedExceptions = InfrastructureException.class)\n-  public void throwsInfrastructureExceptionWhenPVCCreationFailed() throws Exception {\n-    when(osEnv.getPersistentVolumeClaims())\n-        .thenReturn(singletonMap(PVC_NAME, mock(PersistentVolumeClaim.class)));\n-    doThrow(InfrastructureException.class).when(pvcs).create(any());\n-\n-    internalRuntime.internalStart(emptyMap());\n-  }\n-\n-  @Test\n-  public void throwsInfrastructureExceptionWhen() throws Exception {}\n-\n   private static MachineStatusEvent newEvent(String machineName, MachineStatus status) {\n     return DtoFactory.newDto(MachineStatusEvent.class)\n         .withIdentity(DtoConverter.asDto(IDENTITY))"},{"sha":"e6d7c30b81fab1a9568430e810fcae6360b98439","filename":"infrastructures/openshift/src/test/java/org/eclipse/che/workspace/infrastructure/openshift/project/pvc/CommonPVCStrategyTest.java","status":"modified","additions":64,"deletions":17,"changes":81,"blob_url":"https://github.com/eclipse/che/blob/013d4bb05820283dc3cb4178a0ddaf341bcf6ad3/infrastructures/openshift/src/test/java/org/eclipse/che/workspace/infrastructure/openshift/project/pvc/CommonPVCStrategyTest.java","raw_url":"https://github.com/eclipse/che/raw/013d4bb05820283dc3cb4178a0ddaf341bcf6ad3/infrastructures/openshift/src/test/java/org/eclipse/che/workspace/infrastructure/openshift/project/pvc/CommonPVCStrategyTest.java","contents_url":"https://api.github.com/repos/eclipse/che/contents/infrastructures/openshift/src/test/java/org/eclipse/che/workspace/infrastructure/openshift/project/pvc/CommonPVCStrategyTest.java?ref=013d4bb05820283dc3cb4178a0ddaf341bcf6ad3","patch":"@@ -12,12 +12,14 @@\n \n import static java.lang.String.format;\n import static java.util.Arrays.asList;\n+import static java.util.Collections.emptyList;\n import static java.util.Collections.singletonList;\n import static java.util.Collections.singletonMap;\n-import static org.eclipse.che.workspace.infrastructure.openshift.Constants.SUBPATHS_PROPERTY_FMT;\n+import static org.eclipse.che.workspace.infrastructure.openshift.project.pvc.CommonPVCStrategy.SUBPATHS_PROPERTY_FMT;\n import static org.mockito.ArgumentMatchers.any;\n import static org.mockito.ArgumentMatchers.anyString;\n import static org.mockito.Mockito.doNothing;\n+import static org.mockito.Mockito.doThrow;\n import static org.mockito.Mockito.mock;\n import static org.mockito.Mockito.never;\n import static org.mockito.Mockito.times;\n@@ -39,7 +41,10 @@\n import java.util.Map;\n import java.util.concurrent.CompletableFuture;\n import org.eclipse.che.api.core.model.workspace.config.Volume;\n+import org.eclipse.che.api.core.model.workspace.runtime.RuntimeIdentity;\n+import org.eclipse.che.api.workspace.server.model.impl.RuntimeIdentityImpl;\n import org.eclipse.che.api.workspace.server.model.impl.VolumeImpl;\n+import org.eclipse.che.api.workspace.server.spi.InfrastructureException;\n import org.eclipse.che.api.workspace.server.spi.environment.InternalMachineConfig;\n import org.eclipse.che.workspace.infrastructure.openshift.environment.OpenShiftEnvironment;\n import org.eclipse.che.workspace.infrastructure.openshift.project.OpenShiftPersistentVolumeClaims;\n@@ -74,6 +79,11 @@\n   private static final String VOLUME_1_NAME = \"vol1\";\n   private static final String VOLUME_2_NAME = \"vol2\";\n \n+  private static final String[] WORKSPACE_SUBPATHS = {\"/projects\", \"/logs\"};\n+\n+  private static final RuntimeIdentity IDENTITY =\n+      new RuntimeIdentityImpl(WORKSPACE_ID, \"env1\", \"usr1\");\n+\n   @Mock private Pod pod;\n   @Mock private Pod pod2;\n   @Mock private PodSpec podSpec;\n@@ -85,14 +95,15 @@\n   @Mock private PVCSubPathHelper pvcSubPathHelper;\n   @Mock private OpenShiftProjectFactory factory;\n   @Mock private OpenShiftProject osProject;\n-  @Mock private OpenShiftPersistentVolumeClaims osPVCs;\n+  @Mock private OpenShiftPersistentVolumeClaims pvcs;\n \n   private CommonPVCStrategy commonPVCStrategy;\n \n   @BeforeMethod\n   public void setup() throws Exception {\n     commonPVCStrategy =\n-        new CommonPVCStrategy(PVC_NAME, PVC_QUANTITY, PVC_ACCESS_MODE, pvcSubPathHelper);\n+        new CommonPVCStrategy(\n+            PVC_NAME, PVC_QUANTITY, PVC_ACCESS_MODE, true, pvcSubPathHelper, factory);\n \n     Map<String, InternalMachineConfig> machines = new HashMap<>();\n     InternalMachineConfig machine1 = mock(InternalMachineConfig.class);\n@@ -136,17 +147,17 @@ public void setup() throws Exception {\n     when(pvcSubPathHelper.removeDirsAsync(anyString(), any(String.class)))\n         .thenReturn(CompletableFuture.completedFuture(null));\n     when(factory.create(WORKSPACE_ID)).thenReturn(osProject);\n-    when(osProject.persistentVolumeClaims()).thenReturn(osPVCs);\n+    when(osProject.persistentVolumeClaims()).thenReturn(pvcs);\n \n     mockName(pod, POD_NAME);\n     mockName(pod2, POD_NAME_2);\n   }\n \n   @Test\n-  public void addPVCWithConfiguredNameToOsEnv() throws Exception {\n+  public void testProvisionVolumesIntoOpenShiftEnvironment() throws Exception {\n     when(osEnv.getPersistentVolumeClaims()).thenReturn(new HashMap<>());\n \n-    commonPVCStrategy.prepare(osEnv, WORKSPACE_ID);\n+    commonPVCStrategy.provision(osEnv, IDENTITY);\n \n     // 2 volumes in machine1\n     verify(container, times(2)).getVolumeMounts();\n@@ -166,20 +177,20 @@ public void addPVCWithConfiguredNameToOsEnv() throws Exception {\n   }\n \n   @Test\n-  public void testReplacePVCWhenItsAlreadyInOsEnvironment() throws Exception {\n+  public void testReplacePVCWhenItsAlreadyInOpenShiftEnvironment() throws Exception {\n     final Map<String, PersistentVolumeClaim> claims = new HashMap<>();\n     final PersistentVolumeClaim provisioned = mock(PersistentVolumeClaim.class);\n     claims.put(PVC_NAME, provisioned);\n     when(osEnv.getPersistentVolumeClaims()).thenReturn(claims);\n \n-    commonPVCStrategy.prepare(osEnv, WORKSPACE_ID);\n+    commonPVCStrategy.provision(osEnv, IDENTITY);\n \n     assertNotEquals(osEnv.getPersistentVolumeClaims().get(PVC_NAME), provisioned);\n   }\n \n   @Test\n-  public void testAddsPVCWithSubpaths() throws Exception {\n-    commonPVCStrategy.prepare(osEnv, WORKSPACE_ID);\n+  public void testProvisionVolumesWithSubpathsIntoOpenShiftEnviromnent() throws Exception {\n+    commonPVCStrategy.provision(osEnv, IDENTITY);\n \n     final Map<String, PersistentVolumeClaim> actual = osEnv.getPersistentVolumeClaims();\n     assertFalse(actual.isEmpty());\n@@ -196,9 +207,10 @@ public void testAddsPVCWithSubpaths() throws Exception {\n   @Test\n   public void testDoNotAddsSubpathsWhenPreCreationIsNotNeeded() throws Exception {\n     commonPVCStrategy =\n-        new CommonPVCStrategy(PVC_NAME, PVC_QUANTITY, PVC_ACCESS_MODE, false, pvcSubPathHelper);\n+        new CommonPVCStrategy(\n+            PVC_NAME, PVC_QUANTITY, PVC_ACCESS_MODE, false, pvcSubPathHelper, factory);\n \n-    commonPVCStrategy.prepare(osEnv, WORKSPACE_ID);\n+    commonPVCStrategy.provision(osEnv, IDENTITY);\n \n     final Map<String, PersistentVolumeClaim> actual = osEnv.getPersistentVolumeClaims();\n     assertFalse(actual.isEmpty());\n@@ -211,33 +223,68 @@ public void testDoNotAddsSubpathsWhenPreCreationIsNotNeeded() throws Exception {\n   }\n \n   @Test\n-  public void testDoNothingWhenNoMachineWithWsAgentFoundInOsEnvironment() throws Exception {\n-    final Pod pod = mock(Pod.class);\n+  public void testDoNotProvisioningWhenNoMachineWithWsAgentFound() throws Exception {\n+    final Pod pod = mockName(mock(Pod.class), \"testPod\");\n     final PodSpec podSpec = mock(PodSpec.class);\n     final Container container = mock(Container.class);\n-    mockName(pod, \"testPod\");\n     when(pod.getSpec()).thenReturn(podSpec);\n     when(osEnv.getPods()).thenReturn(singletonMap(\"testPod\", pod));\n     when(podSpec.getContainers()).thenReturn(singletonList(container));\n     when(container.getName()).thenReturn(\"container\");\n \n-    commonPVCStrategy.prepare(osEnv, WORKSPACE_ID);\n+    commonPVCStrategy.provision(osEnv, IDENTITY);\n \n     verify(container, never()).getVolumeMounts();\n     verify(podSpec, never()).getVolumes();\n   }\n \n+  @Test\n+  public void testCreatesPVCsWithSubpathsOnPrepare() throws Exception {\n+    final PersistentVolumeClaim pvc = mockName(mock(PersistentVolumeClaim.class), PVC_NAME);\n+    when(osEnv.getPersistentVolumeClaims()).thenReturn(singletonMap(PVC_NAME, pvc));\n+    final Map<String, Object> subPaths = new HashMap<>();\n+    subPaths.put(format(SUBPATHS_PROPERTY_FMT, WORKSPACE_ID), WORKSPACE_SUBPATHS);\n+    when(pvc.getAdditionalProperties()).thenReturn(subPaths);\n+    doNothing().when(pvcSubPathHelper).createDirs(WORKSPACE_ID, WORKSPACE_SUBPATHS);\n+\n+    commonPVCStrategy.prepare(osEnv, WORKSPACE_ID);\n+\n+    verify(pvcs).get();\n+    verify(pvcs).create(pvc);\n+    verify(pvcSubPathHelper).createDirs(any(), any());\n+  }\n+\n+  @Test(expectedExceptions = InfrastructureException.class)\n+  public void throwsInfrastructureExceptionWhenFailedToGetExistingPVCs() throws Exception {\n+    when(osEnv.getPersistentVolumeClaims())\n+        .thenReturn(singletonMap(PVC_NAME, mock(PersistentVolumeClaim.class)));\n+    doThrow(InfrastructureException.class).when(pvcs).get();\n+\n+    commonPVCStrategy.prepare(osEnv, WORKSPACE_ID);\n+  }\n+\n+  @Test(expectedExceptions = InfrastructureException.class)\n+  public void throwsInfrastructureExceptionWhenPVCCreationFailed() throws Exception {\n+    final PersistentVolumeClaim claim = mockName(mock(PersistentVolumeClaim.class), PVC_NAME);\n+    when(osEnv.getPersistentVolumeClaims()).thenReturn(singletonMap(PVC_NAME, claim));\n+    when(pvcs.get()).thenReturn(emptyList());\n+    doThrow(InfrastructureException.class).when(pvcs).create(any());\n+\n+    commonPVCStrategy.prepare(osEnv, WORKSPACE_ID);\n+  }\n+\n   @Test\n   public void testCleanup() throws Exception {\n     commonPVCStrategy.cleanup(WORKSPACE_ID);\n \n     verify(pvcSubPathHelper).removeDirsAsync(WORKSPACE_ID, WORKSPACE_ID);\n   }\n \n-  static void mockName(HasMetadata obj, String name) {\n+  static <T extends HasMetadata> T mockName(T obj, String name) {\n     final ObjectMeta objectMeta = mock(ObjectMeta.class);\n     when(obj.getMetadata()).thenReturn(objectMeta);\n     when(objectMeta.getName()).thenReturn(name);\n+    return obj;\n   }\n \n   private static String expectedVolumeDir(String volumeName) {"},{"sha":"a286ef1759b42218e2bb4f91e9f83a9b5393df32","filename":"infrastructures/openshift/src/test/java/org/eclipse/che/workspace/infrastructure/openshift/project/pvc/UniqueWorkspacePVCStrategyTest.java","status":"modified","additions":42,"deletions":9,"changes":51,"blob_url":"https://github.com/eclipse/che/blob/013d4bb05820283dc3cb4178a0ddaf341bcf6ad3/infrastructures/openshift/src/test/java/org/eclipse/che/workspace/infrastructure/openshift/project/pvc/UniqueWorkspacePVCStrategyTest.java","raw_url":"https://github.com/eclipse/che/raw/013d4bb05820283dc3cb4178a0ddaf341bcf6ad3/infrastructures/openshift/src/test/java/org/eclipse/che/workspace/infrastructure/openshift/project/pvc/UniqueWorkspacePVCStrategyTest.java","contents_url":"https://api.github.com/repos/eclipse/che/contents/infrastructures/openshift/src/test/java/org/eclipse/che/workspace/infrastructure/openshift/project/pvc/UniqueWorkspacePVCStrategyTest.java?ref=013d4bb05820283dc3cb4178a0ddaf341bcf6ad3","patch":"@@ -12,8 +12,12 @@\n \n import static java.util.Arrays.asList;\n import static java.util.Collections.singletonList;\n+import static java.util.Collections.singletonMap;\n import static org.eclipse.che.workspace.infrastructure.openshift.project.pvc.CommonPVCStrategyTest.mockName;\n+import static org.mockito.ArgumentMatchers.any;\n+import static org.mockito.Mockito.doNothing;\n import static org.mockito.Mockito.doReturn;\n+import static org.mockito.Mockito.doThrow;\n import static org.mockito.Mockito.mock;\n import static org.mockito.Mockito.times;\n import static org.mockito.Mockito.verify;\n@@ -34,10 +38,14 @@\n import java.util.HashMap;\n import java.util.Map;\n import org.eclipse.che.api.core.model.workspace.config.Volume;\n+import org.eclipse.che.api.core.model.workspace.runtime.RuntimeIdentity;\n+import org.eclipse.che.api.workspace.server.model.impl.RuntimeIdentityImpl;\n import org.eclipse.che.api.workspace.server.model.impl.VolumeImpl;\n+import org.eclipse.che.api.workspace.server.spi.InfrastructureException;\n import org.eclipse.che.api.workspace.server.spi.environment.InternalMachineConfig;\n import org.eclipse.che.workspace.infrastructure.openshift.OpenShiftClientFactory;\n import org.eclipse.che.workspace.infrastructure.openshift.environment.OpenShiftEnvironment;\n+import org.eclipse.che.workspace.infrastructure.openshift.project.OpenShiftPersistentVolumeClaims;\n import org.eclipse.che.workspace.infrastructure.openshift.project.OpenShiftProject;\n import org.eclipse.che.workspace.infrastructure.openshift.project.OpenShiftProjectFactory;\n import org.mockito.Mock;\n@@ -71,11 +79,15 @@\n   private static final String VOLUME_1_NAME = \"vol1\";\n   private static final String VOLUME_2_NAME = \"vol2\";\n \n+  private static final RuntimeIdentity IDENTITY =\n+      new RuntimeIdentityImpl(WORKSPACE_ID, \"env1\", \"usr1\");\n+\n   @Mock private OpenShiftEnvironment osEnv;\n   @Mock private OpenShiftClientFactory clientFactory;\n   @Mock private OpenShiftClient client;\n   @Mock private OpenShiftProjectFactory factory;\n   @Mock private OpenShiftProject osProject;\n+  @Mock private OpenShiftPersistentVolumeClaims pvcs;\n   @Mock private Pod pod;\n   @Mock private Pod pod2;\n   @Mock private PodSpec podSpec;\n@@ -84,13 +96,13 @@\n   @Mock private Container container2;\n   @Mock private Container container3;\n \n-  private UniqueWorkspacePVCStrategy uniqueWorkspacePVCStrategy;\n+  private UniqueWorkspacePVCStrategy strategy;\n \n   @BeforeMethod\n   public void setup() throws Exception {\n-    uniqueWorkspacePVCStrategy =\n+    strategy =\n         new UniqueWorkspacePVCStrategy(\n-            PROJECT_NAME, PVC_NAME, PVC_QUANTITY, PVC_ACCESS_MODE, clientFactory);\n+            PROJECT_NAME, PVC_NAME, PVC_QUANTITY, PVC_ACCESS_MODE, factory, clientFactory);\n     when(clientFactory.create()).thenReturn(client);\n \n     Map<String, InternalMachineConfig> machines = new HashMap<>();\n@@ -131,29 +143,30 @@ public void setup() throws Exception {\n     when(container3.getVolumeMounts()).thenReturn(new ArrayList<>());\n \n     when(factory.create(WORKSPACE_ID)).thenReturn(osProject);\n+    when(osProject.persistentVolumeClaims()).thenReturn(pvcs);\n \n     mockName(pod, POD_NAME);\n     mockName(pod2, POD_NAME_2);\n   }\n \n   @Test\n-  public void testReplacePVCWhenItsAlreadyInOsEnvironment() throws Exception {\n+  public void testReplacePVCWhenItsAlreadyInOpenShiftEnvironment() throws Exception {\n     final Map<String, PersistentVolumeClaim> claims = new HashMap<>();\n     final PersistentVolumeClaim provisioned = mock(PersistentVolumeClaim.class);\n     claims.put(PVC_UNIQUE_NAME + '-' + VOLUME_1_NAME, provisioned);\n     when(osEnv.getPersistentVolumeClaims()).thenReturn(claims);\n \n-    uniqueWorkspacePVCStrategy.prepare(osEnv, WORKSPACE_ID);\n+    strategy.provision(osEnv, IDENTITY);\n \n     assertNotEquals(\n         osEnv.getPersistentVolumeClaims().get(PVC_UNIQUE_NAME + '-' + VOLUME_1_NAME), provisioned);\n   }\n \n   @Test\n-  public void addPVCWithUniqueNameToOsEnv() throws Exception {\n+  public void testProvisionPVCWithUniqueName() throws Exception {\n     when(osEnv.getPersistentVolumeClaims()).thenReturn(new HashMap<>());\n \n-    uniqueWorkspacePVCStrategy.prepare(osEnv, WORKSPACE_ID);\n+    strategy.provision(osEnv, IDENTITY);\n \n     verify(container, times(2)).getVolumeMounts();\n     verify(container2).getVolumeMounts();\n@@ -173,6 +186,26 @@ public void addPVCWithUniqueNameToOsEnv() throws Exception {\n         osEnv.getPersistentVolumeClaims().containsKey(PVC_UNIQUE_NAME + '-' + VOLUME_2_NAME));\n   }\n \n+  @Test\n+  public void testCreatesPVCsOnPrepare() throws Exception {\n+    final PersistentVolumeClaim pvc = mockName(mock(PersistentVolumeClaim.class), PVC_NAME);\n+    when(osEnv.getPersistentVolumeClaims()).thenReturn(singletonMap(PVC_NAME, pvc));\n+    doNothing().when(pvcs).createIfNotExist(any());\n+\n+    strategy.prepare(osEnv, WORKSPACE_ID);\n+\n+    verify(pvcs).createIfNotExist(any());\n+  }\n+\n+  @Test(expectedExceptions = InfrastructureException.class)\n+  public void throwsInfrastructureExceptionWhenFailedToCreatePVCs() throws Exception {\n+    final PersistentVolumeClaim pvc = mockName(mock(PersistentVolumeClaim.class), PVC_NAME);\n+    when(osEnv.getPersistentVolumeClaims()).thenReturn(singletonMap(PVC_NAME, pvc));\n+    doThrow(InfrastructureException.class).when(pvcs).createIfNotExist(any());\n+\n+    strategy.prepare(osEnv, WORKSPACE_ID);\n+  }\n+\n   @Test\n   public void testRemovesPVCWhenCleanupCalled() throws Exception {\n     final MixedOperation mixedOperation = mock(MixedOperation.class);\n@@ -183,7 +216,7 @@ public void testRemovesPVCWhenCleanupCalled() throws Exception {\n     doReturn(resource).when(namespace).withName(PVC_NAME + '-' + WORKSPACE_ID);\n     when(resource.delete()).thenReturn(true);\n \n-    uniqueWorkspacePVCStrategy.cleanup(WORKSPACE_ID);\n+    strategy.cleanup(WORKSPACE_ID);\n \n     verify(resource).delete();\n   }\n@@ -198,7 +231,7 @@ public void testDoNothingWhenNoPVCFoundInNamespaceOnCleanup() throws Exception {\n     doReturn(resource).when(namespace).withName(PVC_NAME + '-' + WORKSPACE_ID);\n     when(resource.delete()).thenReturn(false);\n \n-    uniqueWorkspacePVCStrategy.cleanup(WORKSPACE_ID);\n+    strategy.cleanup(WORKSPACE_ID);\n \n     verify(resource).delete();\n   }"},{"sha":"0181a42f4ab48e66d95ad135c7471f54a9e816dd","filename":"infrastructures/openshift/src/test/java/org/eclipse/che/workspace/infrastructure/openshift/provision/volume/VolumesProvisionerTest.java","status":"removed","additions":0,"deletions":63,"changes":63,"blob_url":"https://github.com/eclipse/che/blob/c884cb71ea440143bc9aa683a8737c3a2ed01c51/infrastructures/openshift/src/test/java/org/eclipse/che/workspace/infrastructure/openshift/provision/volume/VolumesProvisionerTest.java","raw_url":"https://github.com/eclipse/che/raw/c884cb71ea440143bc9aa683a8737c3a2ed01c51/infrastructures/openshift/src/test/java/org/eclipse/che/workspace/infrastructure/openshift/provision/volume/VolumesProvisionerTest.java","contents_url":"https://api.github.com/repos/eclipse/che/contents/infrastructures/openshift/src/test/java/org/eclipse/che/workspace/infrastructure/openshift/provision/volume/VolumesProvisionerTest.java?ref=c884cb71ea440143bc9aa683a8737c3a2ed01c51","patch":"@@ -1,63 +0,0 @@\n-/*\n- * Copyright (c) 2012-2017 Red Hat, Inc.\n- * All rights reserved. This program and the accompanying materials\n- * are made available under the terms of the Eclipse Public License v1.0\n- * which accompanies this distribution, and is available at\n- * http://www.eclipse.org/legal/epl-v10.html\n- *\n- * Contributors:\n- *   Red Hat, Inc. - initial API and implementation\n- */\n-package org.eclipse.che.workspace.infrastructure.openshift.provision.volume;\n-\n-import static org.mockito.Mockito.never;\n-import static org.mockito.Mockito.verify;\n-import static org.mockito.Mockito.when;\n-\n-import org.eclipse.che.api.core.model.workspace.runtime.RuntimeIdentity;\n-import org.eclipse.che.workspace.infrastructure.openshift.environment.OpenShiftEnvironment;\n-import org.eclipse.che.workspace.infrastructure.openshift.project.pvc.WorkspaceVolumesStrategy;\n-import org.mockito.Mock;\n-import org.mockito.testng.MockitoTestNGListener;\n-import org.testng.annotations.BeforeMethod;\n-import org.testng.annotations.Listeners;\n-import org.testng.annotations.Test;\n-\n-/**\n- * Tests {@link VolumesProvisioner}.\n- *\n- * @author Anton Korneta\n- */\n-@Listeners(MockitoTestNGListener.class)\n-public class VolumesProvisionerTest {\n-\n-  private static final String WORKSPACE_ID = \"workspace132\";\n-\n-  @Mock private OpenShiftEnvironment osEnv;\n-  @Mock private RuntimeIdentity runtimeIdentity;\n-  @Mock private WorkspaceVolumesStrategy volumeStrategy;\n-\n-  private VolumesProvisioner provisioner;\n-\n-  @BeforeMethod\n-  public void setup() {\n-    when(runtimeIdentity.getWorkspaceId()).thenReturn(WORKSPACE_ID);\n-    provisioner = new VolumesProvisioner(false, volumeStrategy);\n-  }\n-\n-  @Test\n-  public void doNothingWhenPvcDisabled() throws Exception {\n-    provisioner.provision(osEnv, runtimeIdentity);\n-\n-    verify(runtimeIdentity, never()).getWorkspaceId();\n-    verify(osEnv, never()).getMachines();\n-  }\n-\n-  @Test\n-  public void testPrepareWorkspacePVCUsingConfiguredStrategy() throws Exception {\n-    provisioner = new VolumesProvisioner(true, volumeStrategy);\n-    provisioner.provision(osEnv, runtimeIdentity);\n-\n-    verify(volumeStrategy).prepare(osEnv, WORKSPACE_ID);\n-  }\n-}"}]}
