{"sha":"0143ad3ec871ac4f7b01fded17d9b6743a718c61","commit":{"author":{"name":"Oleksandr Garagatyi","email":"ogaragat@redhat.com","date":"2017-10-25T08:38:49Z"},"committer":{"name":"Oleksandr Garagatyi","email":"ogaragat@redhat.com","date":"2017-10-26T09:10:36Z"},"message":"CHE-6124: Add servers to workspace templates instead of exposed ports\n\nSince exposed ports won't be published anymore they should be\nrepresented as machine servers.\nSigned-off-by: Oleksandr Garagatyi <ogaragat@redhat.com>","tree":{"sha":"abf431349cee520f9f43b158c5dce1b34c3739b4","url":"https://api.github.com/repos/eclipse/che/git/trees/abf431349cee520f9f43b158c5dce1b34c3739b4"},"url":"https://api.github.com/repos/eclipse/che/git/commits/0143ad3ec871ac4f7b01fded17d9b6743a718c61","comment_count":0,"verification":{"verified":false,"reason":"unsigned","signature":null,"payload":null}},"url":"https://api.github.com/repos/eclipse/che/commits/0143ad3ec871ac4f7b01fded17d9b6743a718c61","html_url":"https://github.com/eclipse/che/commit/0143ad3ec871ac4f7b01fded17d9b6743a718c61","comments_url":"https://api.github.com/repos/eclipse/che/commits/0143ad3ec871ac4f7b01fded17d9b6743a718c61/comments","author":{"login":"garagatyi","id":1851863,"avatar_url":"https://avatars0.githubusercontent.com/u/1851863?v=4","gravatar_id":"","url":"https://api.github.com/users/garagatyi","html_url":"https://github.com/garagatyi","followers_url":"https://api.github.com/users/garagatyi/followers","following_url":"https://api.github.com/users/garagatyi/following{/other_user}","gists_url":"https://api.github.com/users/garagatyi/gists{/gist_id}","starred_url":"https://api.github.com/users/garagatyi/starred{/owner}{/repo}","subscriptions_url":"https://api.github.com/users/garagatyi/subscriptions","organizations_url":"https://api.github.com/users/garagatyi/orgs","repos_url":"https://api.github.com/users/garagatyi/repos","events_url":"https://api.github.com/users/garagatyi/events{/privacy}","received_events_url":"https://api.github.com/users/garagatyi/received_events","type":"User","site_admin":false},"committer":{"login":"garagatyi","id":1851863,"avatar_url":"https://avatars0.githubusercontent.com/u/1851863?v=4","gravatar_id":"","url":"https://api.github.com/users/garagatyi","html_url":"https://github.com/garagatyi","followers_url":"https://api.github.com/users/garagatyi/followers","following_url":"https://api.github.com/users/garagatyi/following{/other_user}","gists_url":"https://api.github.com/users/garagatyi/gists{/gist_id}","starred_url":"https://api.github.com/users/garagatyi/starred{/owner}{/repo}","subscriptions_url":"https://api.github.com/users/garagatyi/subscriptions","organizations_url":"https://api.github.com/users/garagatyi/orgs","repos_url":"https://api.github.com/users/garagatyi/repos","events_url":"https://api.github.com/users/garagatyi/events{/privacy}","received_events_url":"https://api.github.com/users/garagatyi/received_events","type":"User","site_admin":false},"parents":[{"sha":"cd1301d1150e3af8d4d42baf063617381e1713b3","url":"https://api.github.com/repos/eclipse/che/commits/cd1301d1150e3af8d4d42baf063617381e1713b3","html_url":"https://github.com/eclipse/che/commit/cd1301d1150e3af8d4d42baf063617381e1713b3"}],"stats":{"total":763,"additions":730,"deletions":33},"files":[{"sha":"a344464e44d6381f5f8679a65b88bf240a60531c","filename":"ide/che-core-ide-stacks/src/main/resources/stacks.json","status":"modified","additions":330,"deletions":28,"changes":358,"blob_url":"https://github.com/eclipse/che/blob/0143ad3ec871ac4f7b01fded17d9b6743a718c61/ide/che-core-ide-stacks/src/main/resources/stacks.json","raw_url":"https://github.com/eclipse/che/raw/0143ad3ec871ac4f7b01fded17d9b6743a718c61/ide/che-core-ide-stacks/src/main/resources/stacks.json","contents_url":"https://api.github.com/repos/eclipse/che/contents/ide/che-core-ide-stacks/src/main/resources/stacks.json?ref=0143ad3ec871ac4f7b01fded17d9b6743a718c61","patch":"@@ -34,14 +34,28 @@\n               \"installers\": [\n                 \"org.eclipse.che.exec\", \"org.eclipse.che.terminal\", \"org.eclipse.che.ws-agent\", \"org.eclipse.che.ssh\"\n               ],\n-              \"servers\": {},\n+              \"servers\": {\n+                \"tomcat8\" : {\n+                  \"port\" : \"8080\",\n+                  \"protocol\" : \"http\"\n+                },\n+                \"tomcat8-debug\" : {\n+                  \"port\" : \"8000\",\n+                  \"protocol\" : \"http\"\n+                }\n+              },\n               \"attributes\" : {}\n             },\n             \"db\": {\n               \"installers\": [\n                 \"org.eclipse.che.terminal\"\n               ],\n-              \"servers\": {},\n+              \"servers\": {\n+                \"mysql\" : {\n+                  \"port\" : \"3306\",\n+                  \"protocol\" : \"tcp\"\n+                }\n+              },\n               \"attributes\" : {}\n             }\n           },\n@@ -108,14 +122,32 @@\n               \"installers\": [\n                 \"org.eclipse.che.exec\", \"org.eclipse.che.terminal\", \"org.eclipse.che.ws-agent\", \"org.eclipse.che.ssh\"\n               ],\n-              \"servers\": {},\n+              \"servers\": {\n+                \"tomcat8\" : {\n+                  \"port\" : \"8080\",\n+                  \"protocol\" : \"http\"\n+                },\n+                \"tomcat8-debug\" : {\n+                  \"port\" : \"8000\",\n+                  \"protocol\" : \"http\"\n+                },\n+                \"codeserver\" : {\n+                  \"port\" : \"9876\",\n+                  \"protocol\" : \"http\"\n+                }\n+              },\n               \"attributes\" : {}\n             },\n             \"db\": {\n               \"installers\": [\n                 \"org.eclipse.che.exec\", \"org.eclipse.che.terminal\"\n               ],\n-              \"servers\": {},\n+              \"servers\": {\n+                \"mysql\" : {\n+                  \"port\" : \"3306\",\n+                  \"protocol\" : \"tcp\"\n+                }\n+              },\n               \"attributes\" : {}\n             }\n           },\n@@ -183,7 +215,20 @@\n               \"installers\": [\n                 \"org.eclipse.che.exec\", \"org.eclipse.che.terminal\", \"org.eclipse.che.ws-agent\", \"org.eclipse.che.ssh\"\n               ],\n-              \"servers\": {},\n+              \"servers\": {\n+                \"tomcat8\" : {\n+                  \"port\" : \"8080\",\n+                  \"protocol\" : \"http\"\n+                },\n+                \"tomcat8-debug\" : {\n+                  \"port\" : \"8000\",\n+                  \"protocol\" : \"http\"\n+                },\n+                \"codeserver\" : {\n+                  \"port\" : \"9876\",\n+                  \"protocol\" : \"http\"\n+                }\n+              },\n               \"attributes\" : {\n                 \"memoryLimitBytes\": \"2147483648\"\n               }\n@@ -240,7 +285,20 @@\n               \"installers\": [\n                 \"org.eclipse.che.exec\", \"org.eclipse.che.terminal\", \"org.eclipse.che.ws-agent\", \"org.eclipse.che.ssh\"\n               ],\n-              \"servers\": {},\n+              \"servers\": {\n+                \"tomcat8\" : {\n+                  \"port\" : \"8080\",\n+                  \"protocol\" : \"http\"\n+                },\n+                \"tomcat8-debug\" : {\n+                  \"port\" : \"8000\",\n+                  \"protocol\" : \"http\"\n+                },\n+                \"codeserver\" : {\n+                  \"port\" : \"9876\",\n+                  \"protocol\" : \"http\"\n+                }\n+              },\n               \"attributes\" : {\n                 \"memoryLimitBytes\": \"2147483648\"\n               }\n@@ -298,7 +356,12 @@\n               \"installers\": [\n                 \"org.eclipse.che.exec\", \"org.eclipse.che.terminal\", \"org.eclipse.che.ws-agent\", \"org.eclipse.che.ssh\"\n               ],\n-              \"servers\": {},\n+              \"servers\": {\n+                \"VNC\" : {\n+                  \"port\" : \"6080\",\n+                  \"protocol\" : \"http\"\n+                }\n+              },\n               \"attributes\" : {\n                 \"memoryLimitBytes\": \"2147483648\"\n               }\n@@ -434,7 +497,12 @@\n               \"installers\": [\n                 \"org.eclipse.che.exec\", \"org.eclipse.che.terminal\", \"org.eclipse.che.ws-agent\", \"org.eclipse.che.ssh\", \"org.eclipse.che.ls.csharp\"\n               ],\n-              \"servers\": {},\n+              \"servers\": {\n+                \"dot.net.server\" : {\n+                  \"port\" : \"5000\",\n+                  \"protocol\" : \"http\"\n+                }\n+              },\n               \"attributes\" : {\n                 \"memoryLimitBytes\": \"2147483648\"\n               }\n@@ -507,7 +575,12 @@\n               \"installers\": [\n                 \"org.eclipse.che.exec\", \"org.eclipse.che.terminal\", \"org.eclipse.che.ws-agent\", \"org.eclipse.che.ssh\"\n               ],\n-              \"servers\": {},\n+              \"servers\": {\n+                \"8080/tcp\" : {\n+                  \"port\" : \"8080\",\n+                  \"protocol\" : \"http\"\n+                }\n+              },\n               \"attributes\" : {\n                 \"memoryLimitBytes\": \"2147483648\"\n               }\n@@ -577,7 +650,20 @@\n               \"installers\": [\n                 \"org.eclipse.che.exec\", \"org.eclipse.che.terminal\", \"org.eclipse.che.ws-agent\", \"org.eclipse.che.ssh\"\n               ],\n-              \"servers\": {},\n+              \"servers\": {\n+                \"tomcat8\" : {\n+                  \"port\" : \"8080\",\n+                  \"protocol\" : \"http\"\n+                },\n+                \"tomcat8-debug\" : {\n+                  \"port\" : \"8000\",\n+                  \"protocol\" : \"http\"\n+                },\n+                \"codeserver\" : {\n+                  \"port\" : \"9876\",\n+                  \"protocol\" : \"http\"\n+                }\n+              },\n               \"attributes\" : {\n                 \"memoryLimitBytes\": \"2147483648\"\n               }\n@@ -654,7 +740,20 @@\n               \"installers\": [\n                 \"org.eclipse.che.exec\", \"org.eclipse.che.terminal\", \"org.eclipse.che.ws-agent\", \"org.eclipse.che.ssh\"\n               ],\n-              \"servers\": {},\n+              \"servers\": {\n+                \"3000/tcp\" : {\n+                  \"port\" : \"3000\",\n+                  \"protocol\" : \"http\"\n+                },\n+                \"5000/tcp\" : {\n+                  \"port\" : \"5000\",\n+                  \"protocol\" : \"http\"\n+                },\n+                \"9000/tcp\" : {\n+                  \"port\" : \"9000\",\n+                  \"protocol\" : \"http\"\n+                }\n+              },\n               \"attributes\" : {\n                 \"memoryLimitBytes\": \"2147483648\"\n               }\n@@ -724,7 +823,16 @@\n               \"installers\": [\n                 \"org.eclipse.che.exec\", \"org.eclipse.che.terminal\", \"org.eclipse.che.ws-agent\", \"org.eclipse.che.ssh\", \"org.eclipse.che.ls.php\", \"org.eclipse.che.ls.json\"\n               ],\n-              \"servers\": {},\n+              \"servers\": {\n+                \"8080/tcp\" : {\n+                  \"port\" : \"8080\",\n+                  \"protocol\" : \"http\"\n+                },\n+                \"8000/tcp\" : {\n+                  \"port\" : \"8000\",\n+                  \"protocol\" : \"http\"\n+                }\n+              },\n               \"attributes\" : {\n                 \"memoryLimitBytes\": \"2147483648\"\n               }\n@@ -841,7 +949,16 @@\n               \"installers\": [\n                 \"org.eclipse.che.exec\", \"org.eclipse.che.terminal\", \"org.eclipse.che.ws-agent\", \"org.eclipse.che.ssh\", \"org.eclipse.che.ls.php\"\n               ],\n-              \"servers\": {},\n+              \"servers\": {\n+                \"8080/tcp\" : {\n+                  \"port\" : \"8080\",\n+                  \"protocol\" : \"http\"\n+                },\n+                \"8000/tcp\" : {\n+                  \"port\" : \"8000\",\n+                  \"protocol\" : \"http\"\n+                }\n+              },\n               \"attributes\" : {\n                 \"memoryLimitBytes\": \"2147483648\"\n               }\n@@ -943,7 +1060,16 @@\n               \"installers\": [\n                 \"org.eclipse.che.exec\", \"org.eclipse.che.terminal\", \"org.eclipse.che.ws-agent\", \"org.eclipse.che.ssh\", \"org.eclipse.che.ls.python\"\n               ],\n-              \"servers\": {},\n+              \"servers\": {\n+                \"8080/tcp\" : {\n+                  \"port\" : \"8080\",\n+                  \"protocol\" : \"http\"\n+                },\n+                \"8000/tcp\" : {\n+                  \"port\" : \"8000\",\n+                  \"protocol\" : \"http\"\n+                }\n+              },\n               \"attributes\" : {\n                 \"memoryLimitBytes\": \"2147483648\"\n               }\n@@ -1014,7 +1140,12 @@\n               \"installers\": [\n                 \"org.eclipse.che.exec\", \"org.eclipse.che.terminal\", \"org.eclipse.che.ws-agent\", \"org.eclipse.che.ssh\"\n               ],\n-              \"servers\": {},\n+              \"servers\": {\n+                \"3000/tcp\" : {\n+                  \"port\" : \"3000\",\n+                  \"protocol\" : \"http\"\n+                }\n+              },\n               \"attributes\" : {\n                 \"memoryLimitBytes\": \"2147483648\"\n               }\n@@ -1194,7 +1325,16 @@\n               \"installers\": [\n                 \"org.eclipse.che.exec\", \"org.eclipse.che.terminal\", \"org.eclipse.che.ws-agent\", \"org.eclipse.che.ssh\"\n               ],\n-              \"servers\": {},\n+              \"servers\": {\n+                \"8080/tcp\" : {\n+                  \"port\" : \"8080\",\n+                  \"protocol\" : \"http\"\n+                },\n+                \"8000/tcp\" : {\n+                  \"port\" : \"8000\",\n+                  \"protocol\" : \"http\"\n+                }\n+              },\n               \"attributes\" : {\n                 \"memoryLimitBytes\": \"2147483648\"\n               }\n@@ -1349,7 +1489,16 @@\n               \"installers\": [\n                 \"org.eclipse.che.exec\", \"org.eclipse.che.terminal\", \"org.eclipse.che.ws-agent\", \"org.eclipse.che.ssh\", \"org.eclipse.che.ls.php\", \"org.eclipse.che.ls.json\"\n               ],\n-              \"servers\": {},\n+              \"servers\": {\n+                \"8080/tcp\" : {\n+                  \"port\" : \"8080\",\n+                  \"protocol\" : \"http\"\n+                },\n+                \"8000/tcp\" : {\n+                  \"port\" : \"8000\",\n+                  \"protocol\" : \"http\"\n+                }\n+              },\n               \"attributes\" : {\n                 \"memoryLimitBytes\": \"2147483648\"\n               }\n@@ -1415,7 +1564,16 @@\n               \"installers\": [\n                 \"org.eclipse.che.exec\", \"org.eclipse.che.terminal\", \"org.eclipse.che.ws-agent\", \"org.eclipse.che.ssh\", \"org.eclipse.che.ls.python\"\n               ],\n-              \"servers\": {},\n+              \"servers\": {\n+                \"8080/tcp\" : {\n+                  \"port\" : \"8080\",\n+                  \"protocol\" : \"http\"\n+                },\n+                \"8000/tcp\" : {\n+                  \"port\" : \"8000\",\n+                  \"protocol\" : \"http\"\n+                }\n+              },\n               \"attributes\" : {\n                 \"memoryLimitBytes\": \"2147483648\"\n               }\n@@ -1478,7 +1636,16 @@\n               \"installers\": [\n                 \"org.eclipse.che.exec\", \"org.eclipse.che.terminal\", \"org.eclipse.che.ws-agent\", \"org.eclipse.che.ssh\", \"org.eclipse.che.ls.python\"\n               ],\n-              \"servers\": {},\n+              \"servers\": {\n+                \"8080/tcp\" : {\n+                  \"port\" : \"8080\",\n+                  \"protocol\" : \"http\"\n+                },\n+                \"8000/tcp\" : {\n+                  \"port\" : \"8000\",\n+                  \"protocol\" : \"http\"\n+                }\n+              },\n               \"attributes\" : {\n                 \"memoryLimitBytes\": \"2147483648\"\n               }\n@@ -1560,7 +1727,28 @@\n               \"installers\": [\n                 \"org.eclipse.che.exec\", \"org.eclipse.che.terminal\", \"org.eclipse.che.ws-agent\", \"org.eclipse.che.ssh\"\n               ],\n-              \"servers\": {},\n+              \"servers\": {\n+                \"8080/tcp\" : {\n+                  \"port\" : \"8080\",\n+                  \"protocol\" : \"http\"\n+                },\n+                \"8000/tcp\" : {\n+                  \"port\" : \"8000\",\n+                  \"protocol\" : \"http\"\n+                },\n+                \"4444/tcp\" : {\n+                  \"port\" : \"4444\",\n+                  \"protocol\" : \"tcp\"\n+                },\n+                \"6080/tcp\" : {\n+                  \"port\" : \"6080\",\n+                  \"protocol\" : \"tcp\"\n+                },\n+                \"32745/tcp\" : {\n+                  \"port\" : \"32745\",\n+                  \"protocol\" : \"tcp\"\n+                }\n+              },\n               \"attributes\" : {\n                 \"memoryLimitBytes\": \"2147483648\"\n               }\n@@ -1612,7 +1800,20 @@\n               \"installers\": [\n                 \"org.eclipse.che.exec\", \"org.eclipse.che.terminal\", \"org.eclipse.che.ws-agent\", \"org.eclipse.che.ssh\"\n               ],\n-              \"servers\": {},\n+              \"servers\": {\n+                \"tomcat8\" : {\n+                  \"port\" : \"8080\",\n+                  \"protocol\" : \"http\"\n+                },\n+                \"tomcat8-debug\" : {\n+                  \"port\" : \"8000\",\n+                  \"protocol\" : \"http\"\n+                },\n+                \"codeserver\" : {\n+                  \"port\" : \"9876\",\n+                  \"protocol\" : \"http\"\n+                }\n+              },\n               \"attributes\" : {\n                 \"memoryLimitBytes\": \"2147483648\"\n               }\n@@ -1724,7 +1925,24 @@\n               \"installers\": [\n                 \"org.eclipse.che.exec\", \"org.eclipse.che.terminal\", \"org.eclipse.che.ws-agent\", \"org.eclipse.che.ssh\", \"org.eclipse.che.ls.php\", \"org.eclipse.che.ls.json\"\n               ],\n-              \"servers\": {},\n+              \"servers\": {\n+                \"80/tcp\" : {\n+                  \"port\" : \"80\",\n+                  \"protocol\" : \"http\"\n+                },\n+                \"443/tcp\" : {\n+                  \"port\" : \"443\",\n+                  \"protocol\" : \"http\"\n+                },\n+                \"10081/tcp\" : {\n+                  \"port\" : \"10081\",\n+                  \"protocol\" : \"tcp\"\n+                },\n+                \"10082/tcp\" : {\n+                  \"port\" : \"10082\",\n+                  \"protocol\" : \"tcp\"\n+                }\n+              },\n               \"attributes\" : {\n                 \"memoryLimitBytes\": \"2147483648\"\n               }\n@@ -1831,7 +2049,16 @@\n               \"installers\": [\n                 \"org.eclipse.che.exec\", \"org.eclipse.che.terminal\", \"org.eclipse.che.ws-agent\", \"org.eclipse.che.ssh\"\n               ],\n-              \"servers\": {},\n+              \"servers\": {\n+                \"8080/tcp\" : {\n+                  \"port\" : \"8080\",\n+                  \"protocol\" : \"http\"\n+                },\n+                \"8000/tcp\" : {\n+                  \"port\" : \"8000\",\n+                  \"protocol\" : \"http\"\n+                }\n+              },\n               \"attributes\" : {\n                 \"memoryLimitBytes\": \"2147483648\",\n                 \"auto_snapshot\": \"true\",\n@@ -1941,7 +2168,24 @@\n                 \"org.eclipse.che.ws-agent\",\n                 \"org.eclipse.che.ssh\"\n               ],\n-              \"servers\": {},\n+              \"servers\": {\n+                \"vertx\" : {\n+                  \"port\" : \"8080\",\n+                  \"protocol\" : \"http\"\n+                },\n+                \"tomcat8-debug\" : {\n+                  \"port\" : \"8000\",\n+                  \"protocol\" : \"http\"\n+                },\n+                \"codeserver\" : {\n+                  \"port\" : \"9876\",\n+                  \"protocol\" : \"http\"\n+                },\n+                \"vertx-debug\" : {\n+                  \"port\" : \"5005\",\n+                  \"protocol\" : \"http\"\n+                }\n+              },\n               \"attributes\": {\n                 \"memoryLimitBytes\": \"2147483648\"\n               }\n@@ -2036,6 +2280,20 @@\n                 \"org.eclipse.che.ws-agent\",\n                 \"org.eclipse.che.ssh\"\n               ],\n+              \"servers\": {\n+                \"springboot\" : {\n+                  \"port\" : \"8080\",\n+                  \"protocol\" : \"http\"\n+                },\n+                \"tomcat8-debug\" : {\n+                  \"port\" : \"8000\",\n+                  \"protocol\" : \"http\"\n+                },\n+                \"codeserver\" : {\n+                  \"port\" : \"9876\",\n+                  \"protocol\" : \"http\"\n+                }\n+              },\n               \"attributes\": {\n                 \"memoryLimitBytes\": \"2147483648\"\n               }\n@@ -2123,7 +2381,20 @@\n                 \"org.eclipse.che.ws-agent\",\n                 \"org.eclipse.che.ssh\"\n               ],\n-              \"servers\": {}\n+              \"servers\": {\n+                \"wildfly\" : {\n+                  \"port\" : \"8080\",\n+                  \"protocol\" : \"http\"\n+                },\n+                \"tomcat8-debug\" : {\n+                  \"port\" : \"8000\",\n+                  \"protocol\" : \"http\"\n+                },\n+                \"codeserver\" : {\n+                  \"port\" : \"9876\",\n+                  \"protocol\" : \"http\"\n+                }\n+              }\n             }\n           }\n         }\n@@ -2202,7 +2473,20 @@\n                 \"org.eclipse.che.ws-agent\",\n                 \"org.eclipse.che.ssh\"\n               ],\n-              \"servers\": {}\n+              \"servers\": {\n+                \"angular\" : {\n+                  \"port\" : \"8003\",\n+                  \"protocol\" : \"http\"\n+                },\n+                \"node-3000\" : {\n+                  \"port\" : \"3000\",\n+                  \"protocol\" : \"http\"\n+                },\n+                \"node-9000\" : {\n+                  \"port\" : \"9000\",\n+                  \"protocol\" : \"http\"\n+                }\n+              }\n             }\n           }\n         }\n@@ -2323,7 +2607,12 @@\n               \"installers\": [\n                 \"org.eclipse.che.exec\", \"org.eclipse.che.terminal\", \"org.eclipse.che.ws-agent\", \"org.eclipse.che.ssh\"\n               ],\n-              \"servers\": {},\n+              \"servers\": {\n+                \"8080/tcp\" : {\n+                  \"port\" : \"8080\",\n+                  \"protocol\" : \"http\"\n+                }\n+              },\n               \"attributes\" : {\n                 \"memoryLimitBytes\": \"2147483648\"\n               }\n@@ -2462,7 +2751,20 @@\n               \"attributes\": {\n                 \"memoryLimitBytes\": \"2147483648\"\n               },\n-              \"servers\": {},\n+              \"servers\": {\n+                \"tomcat8\" : {\n+                  \"port\" : \"8080\",\n+                  \"protocol\" : \"http\"\n+                },\n+                \"tomcat8-debug\" : {\n+                  \"port\" : \"8000\",\n+                  \"protocol\" : \"http\"\n+                },\n+                \"codeserver\" : {\n+                  \"port\" : \"9876\",\n+                  \"protocol\" : \"http\"\n+                }\n+              },\n               \"installers\": [\n                 \"org.eclipse.che.exec\",\n                 \"org.eclipse.che.terminal\","},{"sha":"6b8363ddbd5ba6dddf2ef89eaa53e8c4f23f676f","filename":"selenium/che-selenium-test/src/test/resources/templates/factory/factory_with_welcomePanel.json","status":"modified","additions":14,"deletions":1,"changes":15,"blob_url":"https://github.com/eclipse/che/blob/0143ad3ec871ac4f7b01fded17d9b6743a718c61/selenium/che-selenium-test/src/test/resources/templates/factory/factory_with_welcomePanel.json","raw_url":"https://github.com/eclipse/che/raw/0143ad3ec871ac4f7b01fded17d9b6743a718c61/selenium/che-selenium-test/src/test/resources/templates/factory/factory_with_welcomePanel.json","contents_url":"https://api.github.com/repos/eclipse/che/contents/selenium/che-selenium-test/src/test/resources/templates/factory/factory_with_welcomePanel.json?ref=0143ad3ec871ac4f7b01fded17d9b6743a718c61","patch":"@@ -10,7 +10,20 @@\n             \"attributes\": {\n               \"memoryLimitBytes\": \"2147483648\"\n             },\n-            \"servers\": {},\n+            \"servers\": {\n+              \"tomcat8\" : {\n+                \"port\" : \"8080\",\n+                \"protocol\" : \"http\"\n+              },\n+              \"tomcat8-debug\" : {\n+                \"port\" : \"8000\",\n+                \"protocol\" : \"http\"\n+              },\n+              \"codeserver\" : {\n+                \"port\" : \"9876\",\n+                \"protocol\" : \"http\"\n+              }\n+            },\n             \"agents\": [\n               \"org.eclipse.che.terminal\",\n               \"org.eclipse.che.ws-agent\","},{"sha":"7a24ba7492f8ce2c74e2477722d7d55df963767f","filename":"selenium/che-selenium-test/src/test/resources/templates/factory/minimal.json","status":"modified","additions":15,"deletions":1,"changes":16,"blob_url":"https://github.com/eclipse/che/blob/0143ad3ec871ac4f7b01fded17d9b6743a718c61/selenium/che-selenium-test/src/test/resources/templates/factory/minimal.json","raw_url":"https://github.com/eclipse/che/raw/0143ad3ec871ac4f7b01fded17d9b6743a718c61/selenium/che-selenium-test/src/test/resources/templates/factory/minimal.json","contents_url":"https://api.github.com/repos/eclipse/che/contents/selenium/che-selenium-test/src/test/resources/templates/factory/minimal.json?ref=0143ad3ec871ac4f7b01fded17d9b6743a718c61","patch":"@@ -45,7 +45,21 @@\n               \"org.eclipse.che.terminal\",\n               \"org.eclipse.che.ws-agent\",\n               \"org.eclipse.che.ssh\"\n-            ]\n+            ],\n+            \"servers\" : {\n+              \"tomcat8\" : {\n+                \"port\" : \"8080\",\n+                \"protocol\" : \"http\"\n+              },\n+              \"tomcat8-debug\" : {\n+                \"port\" : \"8000\",\n+                \"protocol\" : \"http\"\n+              },\n+              \"codeserver\" : {\n+                \"port\" : \"9876\",\n+                \"protocol\" : \"http\"\n+              }\n+            }\n           }\n         }\n       }"},{"sha":"f92b6874484a16fbba655ac9c10d3e6530e2f93a","filename":"selenium/che-selenium-test/src/test/resources/templates/workspace/docker/codenvy_ubuntu_jdk8.json","status":"modified","additions":14,"deletions":0,"changes":14,"blob_url":"https://github.com/eclipse/che/blob/0143ad3ec871ac4f7b01fded17d9b6743a718c61/selenium/che-selenium-test/src/test/resources/templates/workspace/docker/codenvy_ubuntu_jdk8.json","raw_url":"https://github.com/eclipse/che/raw/0143ad3ec871ac4f7b01fded17d9b6743a718c61/selenium/che-selenium-test/src/test/resources/templates/workspace/docker/codenvy_ubuntu_jdk8.json","contents_url":"https://api.github.com/repos/eclipse/che/contents/selenium/che-selenium-test/src/test/resources/templates/workspace/docker/codenvy_ubuntu_jdk8.json?ref=0143ad3ec871ac4f7b01fded17d9b6743a718c61","patch":"@@ -10,6 +10,20 @@\n           ],\n           \"attributes\": {\n             \"memoryLimitBytes\": \"desired_memory_value\"\n+          },\n+          \"servers\" : {\n+            \"tomcat8\" : {\n+              \"port\" : \"8080\",\n+              \"protocol\" : \"http\"\n+            },\n+            \"tomcat8-debug\" : {\n+              \"port\" : \"8000\",\n+              \"protocol\" : \"http\"\n+            },\n+            \"codeserver\" : {\n+              \"port\" : \"9876\",\n+              \"protocol\" : \"http\"\n+            }\n           }\n         }\n       },"},{"sha":"f92b6874484a16fbba655ac9c10d3e6530e2f93a","filename":"selenium/che-selenium-test/src/test/resources/templates/workspace/docker/default.json","status":"modified","additions":14,"deletions":0,"changes":14,"blob_url":"https://github.com/eclipse/che/blob/0143ad3ec871ac4f7b01fded17d9b6743a718c61/selenium/che-selenium-test/src/test/resources/templates/workspace/docker/default.json","raw_url":"https://github.com/eclipse/che/raw/0143ad3ec871ac4f7b01fded17d9b6743a718c61/selenium/che-selenium-test/src/test/resources/templates/workspace/docker/default.json","contents_url":"https://api.github.com/repos/eclipse/che/contents/selenium/che-selenium-test/src/test/resources/templates/workspace/docker/default.json?ref=0143ad3ec871ac4f7b01fded17d9b6743a718c61","patch":"@@ -10,6 +10,20 @@\n           ],\n           \"attributes\": {\n             \"memoryLimitBytes\": \"desired_memory_value\"\n+          },\n+          \"servers\" : {\n+            \"tomcat8\" : {\n+              \"port\" : \"8080\",\n+              \"protocol\" : \"http\"\n+            },\n+            \"tomcat8-debug\" : {\n+              \"port\" : \"8000\",\n+              \"protocol\" : \"http\"\n+            },\n+            \"codeserver\" : {\n+              \"port\" : \"9876\",\n+              \"protocol\" : \"http\"\n+            }\n           }\n         }\n       },"},{"sha":"332c7b1622c4f6dcc4164b75fc37928ecd1bab8d","filename":"selenium/che-selenium-test/src/test/resources/templates/workspace/docker/eclipse_nodejs.json","status":"modified","additions":14,"deletions":1,"changes":15,"blob_url":"https://github.com/eclipse/che/blob/0143ad3ec871ac4f7b01fded17d9b6743a718c61/selenium/che-selenium-test/src/test/resources/templates/workspace/docker/eclipse_nodejs.json","raw_url":"https://github.com/eclipse/che/raw/0143ad3ec871ac4f7b01fded17d9b6743a718c61/selenium/che-selenium-test/src/test/resources/templates/workspace/docker/eclipse_nodejs.json","contents_url":"https://api.github.com/repos/eclipse/che/contents/selenium/che-selenium-test/src/test/resources/templates/workspace/docker/eclipse_nodejs.json?ref=0143ad3ec871ac4f7b01fded17d9b6743a718c61","patch":"@@ -12,7 +12,20 @@\n             \"org.eclipse.che.ws-agent\",\n             \"org.eclipse.che.ssh\"\n           ],\n-          \"servers\": {}\n+          \"servers\": {\n+            \"3000/tcp\" : {\n+              \"port\" : \"3000\",\n+              \"protocol\" : \"http\"\n+            },\n+            \"5000/tcp\" : {\n+              \"port\" : \"5000\",\n+              \"protocol\" : \"http\"\n+            },\n+            \"9000/tcp\" : {\n+              \"port\" : \"9000\",\n+              \"protocol\" : \"http\"\n+            }\n+          }\n         }\n       },\n       \"recipe\": {"},{"sha":"623852c2ea677824290ce44632ecd3e0caf1f7e4","filename":"selenium/che-selenium-test/src/test/resources/templates/workspace/docker/eclipse_php.json","status":"modified","additions":10,"deletions":1,"changes":11,"blob_url":"https://github.com/eclipse/che/blob/0143ad3ec871ac4f7b01fded17d9b6743a718c61/selenium/che-selenium-test/src/test/resources/templates/workspace/docker/eclipse_php.json","raw_url":"https://github.com/eclipse/che/raw/0143ad3ec871ac4f7b01fded17d9b6743a718c61/selenium/che-selenium-test/src/test/resources/templates/workspace/docker/eclipse_php.json","contents_url":"https://api.github.com/repos/eclipse/che/contents/selenium/che-selenium-test/src/test/resources/templates/workspace/docker/eclipse_php.json?ref=0143ad3ec871ac4f7b01fded17d9b6743a718c61","patch":"@@ -6,7 +6,16 @@\n           \"attributes\": {\n             \"memoryLimitBytes\": \"2147483648\"\n           },\n-          \"servers\": {},\n+          \"servers\": {\n+            \"8080/tcp\" : {\n+              \"port\" : \"8080\",\n+              \"protocol\" : \"http\"\n+            },\n+            \"8000/tcp\" : {\n+              \"port\" : \"8000\",\n+              \"protocol\" : \"http\"\n+            }\n+          },\n           \"installers\": [\n             \"org.eclipse.che.terminal\",\n             \"org.eclipse.che.ws-agent\","},{"sha":"b5f92e55b363eb9d2da640293ccd023a61fd5961","filename":"selenium/che-selenium-test/src/test/resources/templates/workspace/docker/ubuntu_with_c_sharp_lsp.json","status":"modified","additions":14,"deletions":1,"changes":15,"blob_url":"https://github.com/eclipse/che/blob/0143ad3ec871ac4f7b01fded17d9b6743a718c61/selenium/che-selenium-test/src/test/resources/templates/workspace/docker/ubuntu_with_c_sharp_lsp.json","raw_url":"https://github.com/eclipse/che/raw/0143ad3ec871ac4f7b01fded17d9b6743a718c61/selenium/che-selenium-test/src/test/resources/templates/workspace/docker/ubuntu_with_c_sharp_lsp.json","contents_url":"https://api.github.com/repos/eclipse/che/contents/selenium/che-selenium-test/src/test/resources/templates/workspace/docker/ubuntu_with_c_sharp_lsp.json?ref=0143ad3ec871ac4f7b01fded17d9b6743a718c61","patch":"@@ -3,7 +3,20 @@\n     \"replaced_name\": {\n       \"machines\": {\n         \"dev-machine\": {\n-          \"servers\": {},\n+          \"servers\": {\n+            \"tomcat8\" : {\n+              \"port\" : \"8080\",\n+              \"protocol\" : \"http\"\n+            },\n+            \"tomcat8-debug\" : {\n+              \"port\" : \"8000\",\n+              \"protocol\" : \"http\"\n+            },\n+            \"codeserver\" : {\n+              \"port\" : \"9876\",\n+              \"protocol\" : \"http\"\n+            }\n+          },\n           \"installers\": [\n             \"org.eclipse.che.terminal\",\n             \"org.eclipse.che.ws-agent\","},{"sha":"2b1398b50ca5397fc616b4a8e28a0285693682db","filename":"wsagent/agent/src/main/resources/installers/1.0.1/org.eclipse.che.ws-agent.json","status":"added","additions":27,"deletions":0,"changes":27,"blob_url":"https://github.com/eclipse/che/blob/0143ad3ec871ac4f7b01fded17d9b6743a718c61/wsagent/agent/src/main/resources/installers/1.0.1/org.eclipse.che.ws-agent.json","raw_url":"https://github.com/eclipse/che/raw/0143ad3ec871ac4f7b01fded17d9b6743a718c61/wsagent/agent/src/main/resources/installers/1.0.1/org.eclipse.che.ws-agent.json","contents_url":"https://api.github.com/repos/eclipse/che/contents/wsagent/agent/src/main/resources/installers/1.0.1/org.eclipse.che.ws-agent.json?ref=0143ad3ec871ac4f7b01fded17d9b6743a718c61","patch":"@@ -0,0 +1,27 @@\n+{\n+  \"id\": \"org.eclipse.che.ws-agent\",\n+  \"version\": \"1.0.1\",\n+  \"name\": \"Workspace API\",\n+  \"description\": \"Workspace API support\",\n+  \"dependencies\": [\n+    \"org.eclipse.che.exec\",\n+    \"org.eclipse.che.terminal\"\n+  ],\n+  \"properties\": {},\n+  \"servers\": {\n+    \"wsagent/http\": {\n+      \"port\": \"4401/tcp\",\n+      \"protocol\": \"http\",\n+      \"path\" : \"/api\"\n+    },\n+    \"wsagent/ws\": {\n+      \"port\": \"4401/tcp\",\n+      \"protocol\": \"ws\",\n+      \"path\" : \"/wsagent\"\n+    },\n+    \"wsagent-debug\": {\n+      \"port\": \"4403/tcp\",\n+      \"protocol\": \"tcp\"\n+    }\n+  }\n+}"},{"sha":"a63d055c807f434ae6d3acc302d0129f85e2d617","filename":"wsagent/agent/src/main/resources/installers/1.0.1/org.eclipse.che.ws-agent.script.sh","status":"added","additions":278,"deletions":0,"changes":278,"blob_url":"https://github.com/eclipse/che/blob/0143ad3ec871ac4f7b01fded17d9b6743a718c61/wsagent/agent/src/main/resources/installers/1.0.1/org.eclipse.che.ws-agent.script.sh","raw_url":"https://github.com/eclipse/che/raw/0143ad3ec871ac4f7b01fded17d9b6743a718c61/wsagent/agent/src/main/resources/installers/1.0.1/org.eclipse.che.ws-agent.script.sh","contents_url":"https://api.github.com/repos/eclipse/che/contents/wsagent/agent/src/main/resources/installers/1.0.1/org.eclipse.che.ws-agent.script.sh?ref=0143ad3ec871ac4f7b01fded17d9b6743a718c61","patch":"@@ -0,0 +1,278 @@\n+#\n+# Copyright (c) 2012-2017 Red Hat, Inc.\n+# All rights reserved. This program and the accompanying materials\n+# are made available under the terms of the Eclipse Public License v1.0\n+# which accompanies this distribution, and is available at\n+# http://www.eclipse.org/legal/epl-v10.html\n+#\n+# Contributors:\n+#   Red Hat, Inc. - initial API and implementation\n+#\n+\n+is_current_user_root() {\n+    test \"$(id -u)\" = 0\n+}\n+\n+is_current_user_sudoer() {\n+    sudo -n true > /dev/null 2>&1\n+}\n+\n+set_sudo_command() {\n+    if is_current_user_sudoer && ! is_current_user_root; then\n+        SUDO=\"sudo -E\"\n+    else\n+        unset SUDO;\n+    fi\n+}\n+\n+set_sudo_command\n+unset PACKAGES\n+command -v tar >/dev/null 2>&1 || { PACKAGES=${PACKAGES}\" tar\"; }\n+CURL_INSTALLED=false\n+WGET_INSTALLED=false\n+command -v curl >/dev/null 2>&1 && CURL_INSTALLED=true\n+command -v wget >/dev/null 2>&1 && WGET_INSTALLED=true\n+\n+# no curl, no wget, install curl\n+if [ ${CURL_INSTALLED} = false ] && [ ${WGET_INSTALLED} = false ]; then\n+  PACKAGES=${PACKAGES}\" curl\";\n+  CURL_INSTALLED=true\n+fi\n+\n+LOCAL_AGENT_BINARIES_URI=\"/mnt/che/ws-agent.tar.gz\"\n+DOWNLOAD_AGENT_BINARIES_URI='${WORKSPACE_MASTER_URI}/agent-binaries/ws-agent.tar.gz'\n+\n+CHE_DIR=$HOME/che\n+\n+if [ -f /etc/centos-release ]; then\n+    FILE=\"/etc/centos-release\"\n+    LINUX_TYPE=$(cat $FILE | awk '{print $1}')\n+ elif [ -f /etc/redhat-release ]; then\n+    FILE=\"/etc/redhat-release\"\n+    LINUX_TYPE=$(cat $FILE | cut -c 1-8)\n+ else\n+    FILE=\"/etc/os-release\"\n+    LINUX_TYPE=$(cat $FILE | grep ^ID= | tr '[:upper:]' '[:lower:]')\n+    LINUX_VERSION=$(cat $FILE | grep ^VERSION_ID=)\n+fi\n+MACHINE_TYPE=$(uname -m)\n+\n+mkdir -p ${CHE_DIR}\n+\n+if is_current_user_sudoer; then\n+    ${SUDO} mkdir -p /projects\n+    ${SUDO} sh -c \"chown -R $(id -u -n) /projects\"\n+fi\n+\n+INSTALL_JDK=false\n+command -v ${JAVA_HOME}/bin/java >/dev/null 2>&1 || {\n+    INSTALL_JDK=true;\n+} && {\n+    java_version=$(${JAVA_HOME}/bin/java -version 2>&1 | grep version  | awk '{print $NF}' | sed 's/\"//g' | cut -d '.' -f2)\n+    if [ -z ${java_version} ] || [ ! \"${java_version}\" -eq \"8\" ]; then\n+        INSTALL_JDK=true;\n+    fi\n+}\n+\n+if [ ${INSTALL_JDK} = true ]; then\n+    export JAVA_HOME=${CHE_DIR}/jdk1.8\n+fi\n+\n+\n+########################\n+### Install packages ###\n+########################\n+\n+# Red Hat Enterprise Linux 7\n+############################\n+if echo ${LINUX_TYPE} | grep -qi \"rhel\"; then\n+\n+    if [ ${INSTALL_JDK} = true ]; then\n+      PACKAGES=${PACKAGES}\" java-1.8.0-openjdk-devel.x86_64\"\n+    fi\n+\n+    test \"${PACKAGES}\" = \"\" || {\n+        ${SUDO} yum install -y ${PACKAGES};\n+    }\n+\n+    if [ ${INSTALL_JDK} = true ]; then\n+        ln -s /usr/lib/jvm/java-1.8.0-openjdk $JAVA_HOME\n+    fi\n+\n+# Ubuntu 14.04 16.04 / Linux Mint 17\n+####################################\n+elif echo ${LINUX_TYPE} | grep -qi \"ubuntu\"; then\n+\n+    if [ ${INSTALL_JDK} = true ]; then\n+        PACKAGES=${PACKAGES}\" openjdk-8-jdk-headless\"\n+        ${SUDO} apt-get install -y software-properties-common;\n+        ${SUDO} add-apt-repository ppa:openjdk-r/ppa;\n+    fi\n+\n+    test \"${PACKAGES}\" = \"\" || {\n+        ${SUDO} apt-get update;\n+        ${SUDO} apt-get -y install ${PACKAGES};\n+    }\n+\n+    if [ ${INSTALL_JDK} = true ]; then\n+        ln -s /usr/lib/jvm/java-1.8.0-openjdk-amd64 $JAVA_HOME\n+    fi\n+\n+# Debian 8\n+##########\n+elif echo ${LINUX_TYPE} | grep -qi \"debian\"; then\n+\n+    if [ ${INSTALL_JDK} = true ]; then\n+        PACKAGES=${PACKAGES}\" -t jessie-backports openjdk-8-jdk-headless\";\n+        echo \"deb http://httpredir.debian.org/debian jessie-backports main\" | ${SUDO} tee --append /etc/apt/sources.list\n+    fi\n+\n+    test \"${PACKAGES}\" = \"\" || {\n+        ${SUDO} apt-get update;\n+        ${SUDO} apt-get -y install ${PACKAGES};\n+    }\n+\n+    if [ ${INSTALL_JDK} = true ]; then\n+        ln -s /usr/lib/jvm/java-1.8.0-openjdk-amd64 $JAVA_HOME\n+    fi\n+\n+\n+# Fedora 23\n+###########\n+elif echo ${LINUX_TYPE} | grep -qi \"fedora\"; then\n+\n+    command -v ps >/dev/null 2>&1 || { PACKAGES=${PACKAGES}\" procps-ng\"; }\n+    if [ ${INSTALL_JDK} = true ]; then\n+        PACKAGES=${PACKAGES}\" java-1.8.0-openjdk-devel.x86_64\";\n+    fi\n+\n+    test \"${PACKAGES}\" = \"\" || {\n+        ${SUDO} dnf -y install ${PACKAGES};\n+    }\n+\n+    if [ ${INSTALL_JDK} = true ]; then\n+        ln -s /usr/lib/jvm/java-1.8.0-openjdk $JAVA_HOME\n+    fi\n+\n+# CentOS 7.1 & Oracle Linux 7.1\n+###############################\n+elif echo ${LINUX_TYPE} | grep -qi \"centos\"; then\n+\n+    if [ ${INSTALL_JDK} = true ]; then\n+        PACKAGES=${PACKAGES}\" java-1.8.0-openjdk-devel\";\n+    fi\n+\n+    test \"${PACKAGES}\" = \"\" || {\n+        ${SUDO} yum -y install ${PACKAGES};\n+    }\n+\n+    if [ ${INSTALL_JDK} = true ]; then\n+        ln -s /usr/lib/jvm/java-1.8.0-openjdk $JAVA_HOME\n+    fi\n+\n+# openSUSE 13.2\n+###############\n+elif echo ${LINUX_TYPE} | grep -qi \"opensuse\"; then\n+\n+    if [ ${INSTALL_JDK} = true ]; then\n+        PACKAGES=${PACKAGES}\" java-1_8_0-openjdk-devel\";\n+    fi\n+\n+    test \"${PACKAGES}\" = \"\" || {\n+        ${SUDO} zypper install -y ${PACKAGES};\n+    }\n+\n+    if [ ${INSTALL_JDK} = true ]; then\n+        ln -s /usr/lib/jvm/java-1.8.0-openjdk $JAVA_HOME\n+    fi\n+\n+\n+# Alpine 3.3\n+############$$\n+elif echo ${LINUX_TYPE} | grep -qi \"alpine\"; then\n+\n+    if [ ${INSTALL_JDK} = true ]; then\n+        PACKAGES=${PACKAGES}\" openjdk8\";\n+    fi\n+\n+    test \"${PACKAGES}\" = \"\" || {\n+        ${SUDO} apk update\n+        ${SUDO} apk add ${PACKAGES};\n+    }\n+\n+    # Link OpenJDK to JAVA_HOME\n+    if [ ${INSTALL_JDK} = true ]; then\n+        ln -s /usr/lib/jvm/java-1.8-openjdk $JAVA_HOME\n+    fi\n+\n+# Centos 6.6, 6.7, 6.8\n+############\n+elif echo ${LINUX_TYPE} | grep -qi \"CentOS\"; then\n+\n+     if [ ${INSTALL_JDK} = true ]; then\n+        PACKAGES=${PACKAGES}\" java-1.8.0-openjdk-devel\";\n+     fi\n+\n+     test \"${PACKAGES}\" = \"\" || {\n+         ${SUDO} yum -y install ${PACKAGES};\n+     }\n+\n+     if [ ${INSTALL_JDK} = true ]; then\n+         ln -s /usr/lib/jvm/java-1.8.0-openjdk $JAVA_HOME\n+     fi\n+\n+# Red Hat Enterprise Linux 6\n+############################\n+elif echo ${LINUX_TYPE} | grep -qi \"Red Hat\"; then\n+    if [ ${INSTALL_JDK} = true ]; then\n+        PACKAGES=${PACKAGES}\" java-1.8.0-openjdk-devel.x86_64\";\n+    fi\n+\n+    test \"${PACKAGES}\" = \"\" || {\n+        ${SUDO} yum install -y ${PACKAGES};\n+    }\n+\n+    if [ ${INSTALL_JDK} = true ]; then\n+        ln -s /usr/lib/jvm/java-1.8.0-openjdk $JAVA_HOME\n+    fi\n+\n+else\n+    >&2 echo \"Unrecognized Linux Type\"\n+    >&2 cat $FILE\n+    exit 1\n+fi\n+\n+########################\n+### Install ws-agent ###\n+########################\n+\n+rm -rf ${CHE_DIR}/ws-agent\n+mkdir -p ${CHE_DIR}/ws-agent\n+\n+\n+# Compute URI of workspace master\n+WORKSPACE_MASTER_URI=$(echo $CHE_API | cut -d / -f 1-3)\n+\n+## Evaluate variables now that prefix is defined\n+eval \"DOWNLOAD_AGENT_BINARIES_URI=${DOWNLOAD_AGENT_BINARIES_URI}\"\n+\n+\n+if [ -f \"${LOCAL_AGENT_BINARIES_URI}\" ] && [ -s \"${LOCAL_AGENT_BINARIES_URI}\" ]\n+then\n+    tar zxf \"${LOCAL_AGENT_BINARIES_URI}\" -C ${CHE_DIR}/ws-agent\n+else\n+    echo \"Workspace Agent will be downloaded from Workspace Master\"\n+    AGENT_BINARIES_URI=${DOWNLOAD_AGENT_BINARIES_URI}\n+    if [ ${CURL_INSTALLED} = true ]; then\n+      curl -s  ${AGENT_BINARIES_URI} | tar  xzf - -C ${CHE_DIR}/ws-agent\n+    else\n+      # replace https by http as wget may not be able to handle ssl\n+      AGENT_BINARIES_URI=$(echo ${AGENT_BINARIES_URI} | sed 's/https/http/g')\n+\n+      # use wget\n+      wget -qO- ${AGENT_BINARIES_URI} | tar xzf - -C ${CHE_DIR}/ws-agent\n+    fi\n+\n+fi\n+\n+export JPDA_ADDRESS=\"4403\" && ~/che/ws-agent/bin/catalina.sh jpda run"}]}
