{"sha":"0149a81ea15f0a71f24632c252a107fef0e8a044","commit":{"author":{"name":"Roman Iuvshin","email":"riuvshin@codenvy.com","date":"2017-04-25T09:52:26Z"},"committer":{"name":"Roman Iuvshin","email":"riuvshin@codenvy.com","date":"2017-04-25T09:52:26Z"},"message":"RELEASE: add bugfix version 5.8.1","tree":{"sha":"5d90cb00071c1c86c1a72649a907b0bba1705691","url":"https://api.github.com/repos/eclipse/che/git/trees/5d90cb00071c1c86c1a72649a907b0bba1705691"},"url":"https://api.github.com/repos/eclipse/che/git/commits/0149a81ea15f0a71f24632c252a107fef0e8a044","comment_count":0,"verification":{"verified":false,"reason":"unsigned","signature":null,"payload":null}},"url":"https://api.github.com/repos/eclipse/che/commits/0149a81ea15f0a71f24632c252a107fef0e8a044","html_url":"https://github.com/eclipse/che/commit/0149a81ea15f0a71f24632c252a107fef0e8a044","comments_url":"https://api.github.com/repos/eclipse/che/commits/0149a81ea15f0a71f24632c252a107fef0e8a044/comments","author":{"login":"riuvshin","id":1636732,"avatar_url":"https://avatars2.githubusercontent.com/u/1636732?v=4","gravatar_id":"","url":"https://api.github.com/users/riuvshin","html_url":"https://github.com/riuvshin","followers_url":"https://api.github.com/users/riuvshin/followers","following_url":"https://api.github.com/users/riuvshin/following{/other_user}","gists_url":"https://api.github.com/users/riuvshin/gists{/gist_id}","starred_url":"https://api.github.com/users/riuvshin/starred{/owner}{/repo}","subscriptions_url":"https://api.github.com/users/riuvshin/subscriptions","organizations_url":"https://api.github.com/users/riuvshin/orgs","repos_url":"https://api.github.com/users/riuvshin/repos","events_url":"https://api.github.com/users/riuvshin/events{/privacy}","received_events_url":"https://api.github.com/users/riuvshin/received_events","type":"User","site_admin":false},"committer":{"login":"riuvshin","id":1636732,"avatar_url":"https://avatars2.githubusercontent.com/u/1636732?v=4","gravatar_id":"","url":"https://api.github.com/users/riuvshin","html_url":"https://github.com/riuvshin","followers_url":"https://api.github.com/users/riuvshin/followers","following_url":"https://api.github.com/users/riuvshin/following{/other_user}","gists_url":"https://api.github.com/users/riuvshin/gists{/gist_id}","starred_url":"https://api.github.com/users/riuvshin/starred{/owner}{/repo}","subscriptions_url":"https://api.github.com/users/riuvshin/subscriptions","organizations_url":"https://api.github.com/users/riuvshin/orgs","repos_url":"https://api.github.com/users/riuvshin/repos","events_url":"https://api.github.com/users/riuvshin/events{/privacy}","received_events_url":"https://api.github.com/users/riuvshin/received_events","type":"User","site_admin":false},"parents":[{"sha":"261cb400dcc43272e27eecdba223b9fb4a46aae4","url":"https://api.github.com/repos/eclipse/che/commits/261cb400dcc43272e27eecdba223b9fb4a46aae4","html_url":"https://github.com/eclipse/che/commit/261cb400dcc43272e27eecdba223b9fb4a46aae4"}],"stats":{"total":29,"additions":28,"deletions":1},"files":[{"sha":"cbd658a33d2d2d9308d3599f5803fa87bfffc4df","filename":"dockerfiles/cli/version/5.8.1/images","status":"added","additions":3,"deletions":0,"changes":3,"blob_url":"https://github.com/eclipse/che/blob/0149a81ea15f0a71f24632c252a107fef0e8a044/dockerfiles/cli/version/5.8.1/images","raw_url":"https://github.com/eclipse/che/raw/0149a81ea15f0a71f24632c252a107fef0e8a044/dockerfiles/cli/version/5.8.1/images","contents_url":"https://api.github.com/repos/eclipse/che/contents/dockerfiles/cli/version/5.8.1/images?ref=0149a81ea15f0a71f24632c252a107fef0e8a044","patch":"@@ -0,0 +1,3 @@\n+IMAGE_INIT=eclipse/che-init:5.8.1\n+IMAGE_CHE=eclipse/che-server:5.8.1\n+IMAGE_COMPOSE=docker/compose:1.8.1"},{"sha":"4630f02af66e355e5c9caa3f6c33218486bb7614","filename":"dockerfiles/cli/version/5.8.1/images-stacks","status":"added","additions":24,"deletions":0,"changes":24,"blob_url":"https://github.com/eclipse/che/blob/0149a81ea15f0a71f24632c252a107fef0e8a044/dockerfiles/cli/version/5.8.1/images-stacks","raw_url":"https://github.com/eclipse/che/raw/0149a81ea15f0a71f24632c252a107fef0e8a044/dockerfiles/cli/version/5.8.1/images-stacks","contents_url":"https://api.github.com/repos/eclipse/che/contents/dockerfiles/cli/version/5.8.1/images-stacks?ref=0149a81ea15f0a71f24632c252a107fef0e8a044","patch":"@@ -0,0 +1,24 @@\n+eclipse/alpine_jdk8\n+eclipse/aspnet\n+eclipse/centos_jdk8\n+eclipse/cpp_gcc\n+eclipse/debian_jdk8\n+eclipse/debian_jdk8_node\n+eclipse/debian_jre\n+eclipse/dotnet_core\n+eclipse/hadoop-dev\n+eclipse/meteor\n+eclipse/node\n+eclipse/php\n+eclipse/platformio\n+eclipse/ruby_rails\n+eclipse/selenium\n+eclipse/ubuntu_android\n+eclipse/ubuntu_go\n+eclipse/ubuntu_gradle\n+eclipse/ubuntu_jdk8\n+eclipse/ubuntu_jre\n+eclipse/ubuntu_python\n+eclipse/ubuntu_wildfly8\n+registry.centos.org/che-stacks/vertx\n+"},{"sha":"885bc9f72da8257f7841102ace27a1782f4719e7","filename":"dockerfiles/cli/version/latest.ver","status":"modified","additions":1,"deletions":1,"changes":2,"blob_url":"https://github.com/eclipse/che/blob/0149a81ea15f0a71f24632c252a107fef0e8a044/dockerfiles/cli/version/latest.ver","raw_url":"https://github.com/eclipse/che/raw/0149a81ea15f0a71f24632c252a107fef0e8a044/dockerfiles/cli/version/latest.ver","contents_url":"https://api.github.com/repos/eclipse/che/contents/dockerfiles/cli/version/latest.ver?ref=0149a81ea15f0a71f24632c252a107fef0e8a044","patch":"@@ -1 +1 @@\n-5.8.0\n\\ No newline at end of file\n+5.8.1\n\\ No newline at end of file"}]}
