{"sha":"014d4a1956bc35361704545abe1679b681da7fff","commit":{"author":{"name":"Artem Zatsarynnyi","email":"azatsary@redhat.com","date":"2017-08-22T07:56:44Z"},"committer":{"name":"Artem Zatsarynnyi","email":"azatsary@redhat.com","date":"2017-08-22T07:56:44Z"},"message":"Remove obsolete comments","tree":{"sha":"298ad2c792371435ca3c2a94c846c202ec925cc4","url":"https://api.github.com/repos/eclipse/che/git/trees/298ad2c792371435ca3c2a94c846c202ec925cc4"},"url":"https://api.github.com/repos/eclipse/che/git/commits/014d4a1956bc35361704545abe1679b681da7fff","comment_count":0,"verification":{"verified":false,"reason":"unsigned","signature":null,"payload":null}},"url":"https://api.github.com/repos/eclipse/che/commits/014d4a1956bc35361704545abe1679b681da7fff","html_url":"https://github.com/eclipse/che/commit/014d4a1956bc35361704545abe1679b681da7fff","comments_url":"https://api.github.com/repos/eclipse/che/commits/014d4a1956bc35361704545abe1679b681da7fff/comments","author":{"login":"azatsarynnyy","id":1636395,"avatar_url":"https://avatars3.githubusercontent.com/u/1636395?v=4","gravatar_id":"","url":"https://api.github.com/users/azatsarynnyy","html_url":"https://github.com/azatsarynnyy","followers_url":"https://api.github.com/users/azatsarynnyy/followers","following_url":"https://api.github.com/users/azatsarynnyy/following{/other_user}","gists_url":"https://api.github.com/users/azatsarynnyy/gists{/gist_id}","starred_url":"https://api.github.com/users/azatsarynnyy/starred{/owner}{/repo}","subscriptions_url":"https://api.github.com/users/azatsarynnyy/subscriptions","organizations_url":"https://api.github.com/users/azatsarynnyy/orgs","repos_url":"https://api.github.com/users/azatsarynnyy/repos","events_url":"https://api.github.com/users/azatsarynnyy/events{/privacy}","received_events_url":"https://api.github.com/users/azatsarynnyy/received_events","type":"User","site_admin":false},"committer":{"login":"azatsarynnyy","id":1636395,"avatar_url":"https://avatars3.githubusercontent.com/u/1636395?v=4","gravatar_id":"","url":"https://api.github.com/users/azatsarynnyy","html_url":"https://github.com/azatsarynnyy","followers_url":"https://api.github.com/users/azatsarynnyy/followers","following_url":"https://api.github.com/users/azatsarynnyy/following{/other_user}","gists_url":"https://api.github.com/users/azatsarynnyy/gists{/gist_id}","starred_url":"https://api.github.com/users/azatsarynnyy/starred{/owner}{/repo}","subscriptions_url":"https://api.github.com/users/azatsarynnyy/subscriptions","organizations_url":"https://api.github.com/users/azatsarynnyy/orgs","repos_url":"https://api.github.com/users/azatsarynnyy/repos","events_url":"https://api.github.com/users/azatsarynnyy/events{/privacy}","received_events_url":"https://api.github.com/users/azatsarynnyy/received_events","type":"User","site_admin":false},"parents":[{"sha":"7a3725810185cbd424eed0b7193331f8941ef987","url":"https://api.github.com/repos/eclipse/che/commits/7a3725810185cbd424eed0b7193331f8941ef987","html_url":"https://github.com/eclipse/che/commit/7a3725810185cbd424eed0b7193331f8941ef987"}],"stats":{"total":3,"additions":0,"deletions":3},"files":[{"sha":"45b95e8fdcc021965e2f7324a7368846a564eb75","filename":"ide/che-core-ide-api/src/main/java/org/eclipse/che/ide/api/project/type/ProjectTypesLoadedEvent.java","status":"modified","additions":0,"deletions":1,"changes":1,"blob_url":"https://github.com/eclipse/che/blob/014d4a1956bc35361704545abe1679b681da7fff/ide/che-core-ide-api/src/main/java/org/eclipse/che/ide/api/project/type/ProjectTypesLoadedEvent.java","raw_url":"https://github.com/eclipse/che/raw/014d4a1956bc35361704545abe1679b681da7fff/ide/che-core-ide-api/src/main/java/org/eclipse/che/ide/api/project/type/ProjectTypesLoadedEvent.java","contents_url":"https://api.github.com/repos/eclipse/che/contents/ide/che-core-ide-api/src/main/java/org/eclipse/che/ide/api/project/type/ProjectTypesLoadedEvent.java?ref=014d4a1956bc35361704545abe1679b681da7fff","patch":"@@ -14,7 +14,6 @@\n import com.google.gwt.event.shared.GwtEvent;\n \n /** Fired when {@link ProjectTypeRegistry} is initialized. */\n-// TODO (spi ide): Temporary solution while a better mechanism of obtaining ProjectTypeRegistry instance with Promises is being considered...\n public class ProjectTypesLoadedEvent extends GwtEvent<ProjectTypesLoadedEvent.Handler> {\n \n   public static final Type<ProjectTypesLoadedEvent.Handler> TYPE = new Type<>();"},{"sha":"9eefb94ebd97cfd78b80c42e0e6d9ded22017a24","filename":"ide/che-core-ide-app/src/main/java/org/eclipse/che/ide/command/manager/CommandManagerImpl.java","status":"modified","additions":0,"deletions":1,"changes":1,"blob_url":"https://github.com/eclipse/che/blob/014d4a1956bc35361704545abe1679b681da7fff/ide/che-core-ide-app/src/main/java/org/eclipse/che/ide/command/manager/CommandManagerImpl.java","raw_url":"https://github.com/eclipse/che/raw/014d4a1956bc35361704545abe1679b681da7fff/ide/che-core-ide-app/src/main/java/org/eclipse/che/ide/command/manager/CommandManagerImpl.java","contents_url":"https://api.github.com/repos/eclipse/che/contents/ide/che-core-ide-app/src/main/java/org/eclipse/che/ide/command/manager/CommandManagerImpl.java?ref=014d4a1956bc35361704545abe1679b681da7fff","patch":"@@ -87,7 +87,6 @@ public CommandManagerImpl(\n     commands = new HashMap<>();\n     registerNative();\n \n-    // TODO (spi ide): Temporary solution while a better mechanism of obtaining appContext.getProjects() with Promises is being considered...\n     eventBus.addHandler(WorkspaceReadyEvent.getType(), e -> fetchCommands());\n     eventBus.addHandler(\n         WorkspaceStoppedEvent.TYPE,"},{"sha":"3a569485225b37abba5378557a528f9d45471f16","filename":"ide/che-core-ide-app/src/main/java/org/eclipse/che/ide/projecttype/ProjectTypeRegistryImpl.java","status":"modified","additions":0,"deletions":1,"changes":1,"blob_url":"https://github.com/eclipse/che/blob/014d4a1956bc35361704545abe1679b681da7fff/ide/che-core-ide-app/src/main/java/org/eclipse/che/ide/projecttype/ProjectTypeRegistryImpl.java","raw_url":"https://github.com/eclipse/che/raw/014d4a1956bc35361704545abe1679b681da7fff/ide/che-core-ide-app/src/main/java/org/eclipse/che/ide/projecttype/ProjectTypeRegistryImpl.java","contents_url":"https://api.github.com/repos/eclipse/che/contents/ide/che-core-ide-app/src/main/java/org/eclipse/che/ide/projecttype/ProjectTypeRegistryImpl.java?ref=014d4a1956bc35361704545abe1679b681da7fff","patch":"@@ -87,7 +87,6 @@ private void registerProjectTypes() {\n               typeDescriptors.forEach(\n                   projectTypeDto -> projectTypes.put(projectTypeDto.getId(), projectTypeDto));\n \n-              // TODO (spi ide): Temporary solution while a better mechanism of obtaining ProjectTypeRegistry instance with Promises is being considered...\n               eventBus.fireEvent(new ProjectTypesLoadedEvent());\n             })\n         .catchError("}]}
