{"sha":"01ab2b2587f5247cf7b845e0752211f88dcd3280","commit":{"author":{"name":"Oleksii Kurinnyi","email":"okurinny@redhat.com","date":"2017-09-27T10:36:26Z"},"committer":{"name":"Oleksii Kurinnyi","email":"okurinny@redhat.com","date":"2017-09-27T10:36:26Z"},"message":"Merge remote-tracking branch 'origin/master' into che-multiuser\n\n# Conflicts:\n#\tdashboard/src/app/index.module.ts\n#\tdashboard/src/app/workspaces/workspace-details/workspace-details.service.ts\n#\tdashboard/src/components/typings/che.d.ts","tree":{"sha":"990b9714c433fe4454bea92cd5efd0afc97ea900","url":"https://api.github.com/repos/eclipse/che/git/trees/990b9714c433fe4454bea92cd5efd0afc97ea900"},"url":"https://api.github.com/repos/eclipse/che/git/commits/01ab2b2587f5247cf7b845e0752211f88dcd3280","comment_count":0,"verification":{"verified":false,"reason":"unsigned","signature":null,"payload":null}},"url":"https://api.github.com/repos/eclipse/che/commits/01ab2b2587f5247cf7b845e0752211f88dcd3280","html_url":"https://github.com/eclipse/che/commit/01ab2b2587f5247cf7b845e0752211f88dcd3280","comments_url":"https://api.github.com/repos/eclipse/che/commits/01ab2b2587f5247cf7b845e0752211f88dcd3280/comments","author":{"login":"akurinnoy","id":16220722,"avatar_url":"https://avatars2.githubusercontent.com/u/16220722?v=4","gravatar_id":"","url":"https://api.github.com/users/akurinnoy","html_url":"https://github.com/akurinnoy","followers_url":"https://api.github.com/users/akurinnoy/followers","following_url":"https://api.github.com/users/akurinnoy/following{/other_user}","gists_url":"https://api.github.com/users/akurinnoy/gists{/gist_id}","starred_url":"https://api.github.com/users/akurinnoy/starred{/owner}{/repo}","subscriptions_url":"https://api.github.com/users/akurinnoy/subscriptions","organizations_url":"https://api.github.com/users/akurinnoy/orgs","repos_url":"https://api.github.com/users/akurinnoy/repos","events_url":"https://api.github.com/users/akurinnoy/events{/privacy}","received_events_url":"https://api.github.com/users/akurinnoy/received_events","type":"User","site_admin":false},"committer":{"login":"akurinnoy","id":16220722,"avatar_url":"https://avatars2.githubusercontent.com/u/16220722?v=4","gravatar_id":"","url":"https://api.github.com/users/akurinnoy","html_url":"https://github.com/akurinnoy","followers_url":"https://api.github.com/users/akurinnoy/followers","following_url":"https://api.github.com/users/akurinnoy/following{/other_user}","gists_url":"https://api.github.com/users/akurinnoy/gists{/gist_id}","starred_url":"https://api.github.com/users/akurinnoy/starred{/owner}{/repo}","subscriptions_url":"https://api.github.com/users/akurinnoy/subscriptions","organizations_url":"https://api.github.com/users/akurinnoy/orgs","repos_url":"https://api.github.com/users/akurinnoy/repos","events_url":"https://api.github.com/users/akurinnoy/events{/privacy}","received_events_url":"https://api.github.com/users/akurinnoy/received_events","type":"User","site_admin":false},"parents":[{"sha":"2307baf6e94cbf84a1d5ddf9d7a8f53014a267ff","url":"https://api.github.com/repos/eclipse/che/commits/2307baf6e94cbf84a1d5ddf9d7a8f53014a267ff","html_url":"https://github.com/eclipse/che/commit/2307baf6e94cbf84a1d5ddf9d7a8f53014a267ff"},{"sha":"79ac0e78b88d8ab6ddf383ee7796d788b6acee72","url":"https://api.github.com/repos/eclipse/che/commits/79ac0e78b88d8ab6ddf383ee7796d788b6acee72","html_url":"https://github.com/eclipse/che/commit/79ac0e78b88d8ab6ddf383ee7796d788b6acee72"}],"stats":{"total":1118,"additions":1004,"deletions":114},"files":[{"sha":"5b65788aad6d6348a68a009d28fdc23028a3e05c","filename":"dashboard/src/app/index.module.ts","status":"modified","additions":5,"deletions":11,"changes":16,"blob_url":"https://github.com/eclipse/che/blob/01ab2b2587f5247cf7b845e0752211f88dcd3280/dashboard/src/app/index.module.ts","raw_url":"https://github.com/eclipse/che/raw/01ab2b2587f5247cf7b845e0752211f88dcd3280/dashboard/src/app/index.module.ts","contents_url":"https://api.github.com/repos/eclipse/che/contents/dashboard/src/app/index.module.ts?ref=01ab2b2587f5247cf7b845e0752211f88dcd3280","patch":"@@ -36,7 +36,6 @@ import IdeIFrameSvc from './ide/ide-iframe/ide-iframe.service';\n import {CheIdeFetcher} from '../components/ide-fetcher/che-ide-fetcher.service';\n import {RouteHistory} from '../components/routing/route-history.service';\n import {CheUIElementsInjectorService} from '../components/service/injector/che-ui-elements-injector.service';\n-import {WorkspaceDetailsService} from './workspaces/workspace-details/workspace-details.service';\n import {OrganizationsConfig} from './organizations/organizations-config';\n import {TeamsConfig} from './teams/teams-config';\n \n@@ -60,7 +59,7 @@ interface IRejectFn<T> {\n   (reason: any): Promise<T>;\n }\n function keycloakLoad(keycloakSettings: any) {\n-  return new Promise((resolve: IResolveFn, reject: IRejectFn) => {\n+  return new Promise((resolve: IResolveFn<any>, reject: IRejectFn<any>) => {\n     const script = document.createElement('script');\n     script.async = true;\n     script.src = keycloakSettings['che.keycloak.auth_server_url'] + '/js/keycloak.js';\n@@ -71,7 +70,7 @@ function keycloakLoad(keycloakSettings: any) {\n   });\n }\n function keycloakInit(keycloakConfig: any) {\n-  return new Promise((resolve: IResolveFn, reject: IRejectFn) => {\n+  return new Promise((resolve: IResolveFn<any>, reject: IRejectFn<any>) => {\n     const keycloak = Keycloak(keycloakConfig);\n     keycloak.init({\n       onLoad: 'login-required', checkLoginIframe: false\n@@ -90,7 +89,7 @@ const keycloakAuth = {\n };\n initModule.constant('keycloakAuth', keycloakAuth);\n \n-const promise = new Promise((resolve: IResolveFn, reject: IRejectFn) => {\n+const promise = new Promise((resolve: IResolveFn<any>, reject: IRejectFn<any>) => {\n   angular.element.get('/api/keycloak/settings').then(resolve, reject);\n });\n promise.then((keycloakSettings: any) => {\n@@ -161,9 +160,8 @@ initModule.config(['$routeProvider', ($routeProvider: che.route.IRouteProvider)\n \n const DEV = false;\n \n-\n // configs\n-initModule.config(['$routeProvider', ($routeProvider: che.route.IRouteProvider) => {\n+initModule.config(['$routeProvider', ($routeProvider) => {\n   // config routes (add demo page)\n   if (DEV) {\n     $routeProvider.accessWhen('/demo-components', {\n@@ -180,12 +178,11 @@ initModule.config(['$routeProvider', ($routeProvider: che.route.IRouteProvider)\n   });\n }]);\n \n-\n /**\n  * Setup route redirect module\n  */\n initModule.run(['$rootScope', '$location', '$routeParams', 'routingRedirect', '$timeout', 'ideIFrameSvc', 'cheIdeFetcher', 'routeHistory', 'cheUIElementsInjectorService', 'workspaceDetailsService',\n-  ($rootScope: ng.IRootScopeService, $location: ng.ILocationService, $routeParams: ng.route.IRouteParamsService, routingRedirect: RoutingRedirect, $timeout: ng.ITimeoutService, ideIFrameSvc: IdeIFrameSvc, cheIdeFetcher: CheIdeFetcher, routeHistory: RouteHistory, cheUIElementsInjectorService: CheUIElementsInjectorService) => {\n+  ($rootScope: che.IRootScopeService, $location: ng.ILocationService, $routeParams: ng.route.IRouteParamsService, routingRedirect: RoutingRedirect, $timeout: ng.ITimeoutService, ideIFrameSvc: IdeIFrameSvc, cheIdeFetcher: CheIdeFetcher, routeHistory: RouteHistory, cheUIElementsInjectorService: CheUIElementsInjectorService) => {\n     $rootScope.hideLoader = false;\n     $rootScope.waitingLoaded = false;\n     $rootScope.showIDE = false;\n@@ -259,7 +256,6 @@ initModule.config(($mdThemingProvider: ng.material.IThemingProvider, jsonColors:\n \n   };\n \n-\n   const cheMap = $mdThemingProvider.extendPalette('indigo', {\n     '500': getColor('$dark-menu-color'),\n     '300': 'D0D0D0'\n@@ -298,14 +294,12 @@ initModule.config(($mdThemingProvider: ng.material.IThemingProvider, jsonColors:\n   });\n   $mdThemingProvider.definePalette('cheAccent', cheAccentMap);\n \n-\n   const cheNavyPalette = $mdThemingProvider.extendPalette('purple', {\n     '500': getColor('$che-navy-color'),\n     'contrastDefaultColor': 'light'\n   });\n   $mdThemingProvider.definePalette('cheNavyPalette', cheNavyPalette);\n \n-\n   const toolbarPrimaryPalette = $mdThemingProvider.extendPalette('purple', {\n     '500': getColor('$che-white-color'),\n     'contrastDefaultColor': 'dark'"},{"sha":"d2dbcaa974a88f2aaf64e0571703b0c8a94b96bd","filename":"dashboard/src/app/workspaces/create-workspace/project-source-selector/add-import-project/add-import-project.service.ts","status":"modified","additions":0,"deletions":1,"changes":1,"blob_url":"https://github.com/eclipse/che/blob/01ab2b2587f5247cf7b845e0752211f88dcd3280/dashboard/src/app/workspaces/create-workspace/project-source-selector/add-import-project/add-import-project.service.ts","raw_url":"https://github.com/eclipse/che/raw/01ab2b2587f5247cf7b845e0752211f88dcd3280/dashboard/src/app/workspaces/create-workspace/project-source-selector/add-import-project/add-import-project.service.ts","contents_url":"https://api.github.com/repos/eclipse/che/contents/dashboard/src/app/workspaces/create-workspace/project-source-selector/add-import-project/add-import-project.service.ts?ref=01ab2b2587f5247cf7b845e0752211f88dcd3280","patch":"@@ -16,7 +16,6 @@ import {ImportGitProjectService} from './import-git-project/import-git-project.s\n import {ImportBlankProjectService} from './import-blank-project/import-blank-project.service';\n import {TemplateSelectorSvc} from './template-selector/template-selector.service';\n import {ProjectSource} from '../project-source.enum';\n-import {ProjectSourceSelectorService} from '../project-source-selector.service';\n import {IObservable, IObservableCallbackFn, Observable} from '../../../../../components/utils/observable';\n import {editingProgress} from '../project-source-selector-editing-progress';\n "},{"sha":"7589ba25218fbf6e37ac89d7f74025f433b8bb48","filename":"dashboard/src/app/workspaces/create-workspace/project-source-selector/edit-project/project-metadata/project-metadata.controller.ts","status":"modified","additions":0,"deletions":2,"changes":2,"blob_url":"https://github.com/eclipse/che/blob/01ab2b2587f5247cf7b845e0752211f88dcd3280/dashboard/src/app/workspaces/create-workspace/project-source-selector/edit-project/project-metadata/project-metadata.controller.ts","raw_url":"https://github.com/eclipse/che/raw/01ab2b2587f5247cf7b845e0752211f88dcd3280/dashboard/src/app/workspaces/create-workspace/project-source-selector/edit-project/project-metadata/project-metadata.controller.ts","contents_url":"https://api.github.com/repos/eclipse/che/contents/dashboard/src/app/workspaces/create-workspace/project-source-selector/edit-project/project-metadata/project-metadata.controller.ts?ref=01ab2b2587f5247cf7b845e0752211f88dcd3280","patch":"@@ -12,8 +12,6 @@\n \n import {ProjectMetadataService} from './project-metadata.service';\n import {ProjectSourceSelectorService} from '../../project-source-selector.service';\n-import {ActionType} from '../../project-source-selector-action-type.enum';\n-import {ProjectSource} from '../../project-source.enum';\n import {EditProjectService} from '../edit-project.service';\n \n /**"},{"sha":"bebcfcfa63a6f382ed72660c7f4be1cd59cb44aa","filename":"dashboard/src/app/workspaces/create-workspace/project-source-selector/project-source-selector-service-observable.ts","status":"removed","additions":0,"deletions":25,"changes":25,"blob_url":"https://github.com/eclipse/che/blob/2307baf6e94cbf84a1d5ddf9d7a8f53014a267ff/dashboard/src/app/workspaces/create-workspace/project-source-selector/project-source-selector-service-observable.ts","raw_url":"https://github.com/eclipse/che/raw/2307baf6e94cbf84a1d5ddf9d7a8f53014a267ff/dashboard/src/app/workspaces/create-workspace/project-source-selector/project-source-selector-service-observable.ts","contents_url":"https://api.github.com/repos/eclipse/che/contents/dashboard/src/app/workspaces/create-workspace/project-source-selector/project-source-selector-service-observable.ts?ref=2307baf6e94cbf84a1d5ddf9d7a8f53014a267ff","patch":"@@ -1,25 +0,0 @@\n-/*\n- * Copyright (c) 2015-2017 Red Hat, Inc.\n- * All rights reserved. This program and the accompanying materials\n- * are made available under the terms of the Eclipse Public License v1.0\n- * which accompanies this distribution, and is available at\n- * http://www.eclipse.org/legal/epl-v10.html\n- *\n- * Contributors:\n- *   Red Hat, Inc. - initial API and implementation\n- */\n-'use strict';\n-\n-import {Observable} from '../../../../components/utils/observable';\n-import {ProjectSource} from './project-source.enum';\n-import {ActionType} from './project-source-selector-action-type.enum';\n-\n-export abstract class ProjectSourceSelectorServiceObservable extends Observable {\n-  constructor() {\n-    super();\n-  }\n-\n-  publish(action: ActionType, source: ProjectSource): void {\n-    super.publish(action, source);\n-  }\n-}"},{"sha":"9cf027790e44d45404486e9ab117e68966915ad8","filename":"dashboard/src/app/workspaces/create-workspace/project-source-selector/project-source-selector.controller.ts","status":"modified","additions":4,"deletions":0,"changes":4,"blob_url":"https://github.com/eclipse/che/blob/01ab2b2587f5247cf7b845e0752211f88dcd3280/dashboard/src/app/workspaces/create-workspace/project-source-selector/project-source-selector.controller.ts","raw_url":"https://github.com/eclipse/che/raw/01ab2b2587f5247cf7b845e0752211f88dcd3280/dashboard/src/app/workspaces/create-workspace/project-source-selector/project-source-selector.controller.ts","contents_url":"https://api.github.com/repos/eclipse/che/contents/dashboard/src/app/workspaces/create-workspace/project-source-selector/project-source-selector.controller.ts?ref=01ab2b2587f5247cf7b845e0752211f88dcd3280","patch":"@@ -62,6 +62,10 @@ export class ProjectSourceSelectorController {\n     this.projectSourceSelectorService = projectSourceSelectorService;\n \n     this.actionType = ActionType;\n+\n+    $scope.$watch('$destroy', () => {\n+      this.projectSourceSelectorService.clearTemplatesList();\n+    });\n   }\n \n   /**"},{"sha":"767e47ad23b4c77530cf10fe3e8cbe7bf034838c","filename":"dashboard/src/components/typings/che.d.ts","status":"modified","additions":2,"deletions":1,"changes":3,"blob_url":"https://github.com/eclipse/che/blob/01ab2b2587f5247cf7b845e0752211f88dcd3280/dashboard/src/components/typings/che.d.ts","raw_url":"https://github.com/eclipse/che/raw/01ab2b2587f5247cf7b845e0752211f88dcd3280/dashboard/src/components/typings/che.d.ts","contents_url":"https://api.github.com/repos/eclipse/che/contents/dashboard/src/components/typings/che.d.ts?ref=01ab2b2587f5247cf7b845e0752211f88dcd3280","patch":"@@ -18,6 +18,8 @@ declare namespace che {\n     hideLoader: boolean;\n     showIDE: boolean;\n     wantTokeepLoader: boolean;\n+    waitingLoaded: boolean;\n+    currentPage: string;\n   }\n \n   export namespace api {\n@@ -182,7 +184,6 @@ declare namespace che {\n \n     export interface IRoute extends ng.route.IRoute {\n       title?: string | {(...args: any[]) : string};\n-      redirectTo?: string;\n     }\n \n     export interface IRouteProvider extends ng.route.IRouteProvider {"},{"sha":"d7824f82d6e064f1947f16999a28bc363fb6abea","filename":"dockerfiles/init/modules/openshift/files/scripts/replace_stacks.sh","status":"modified","additions":1,"deletions":1,"changes":2,"blob_url":"https://github.com/eclipse/che/blob/01ab2b2587f5247cf7b845e0752211f88dcd3280/dockerfiles/init/modules/openshift/files/scripts/replace_stacks.sh","raw_url":"https://github.com/eclipse/che/raw/01ab2b2587f5247cf7b845e0752211f88dcd3280/dockerfiles/init/modules/openshift/files/scripts/replace_stacks.sh","contents_url":"https://api.github.com/repos/eclipse/che/contents/dockerfiles/init/modules/openshift/files/scripts/replace_stacks.sh?ref=01ab2b2587f5247cf7b845e0752211f88dcd3280","patch":"@@ -20,7 +20,7 @@ if [ -z \"${CHE_API_ENDPOINT+x}\" ]; then\n     echo \"done (${CHE_API_ENDPOINT})\"\n fi\n \n-DEFAULT_NEW_STACKS_URL=\"https://raw.githubusercontent.com/redhat-developer/rh-che/master/builds/fabric8-che/assembly/fabric8-stacks/src/main/resources/stacks.json\"\n+DEFAULT_NEW_STACKS_URL=\"https://raw.githubusercontent.com/redhat-developer/rh-che/master/assembly/fabric8-stacks/src/main/resources/stacks.json\"\n NEW_STACKS_URL=${NEW_STACKS_URL:-${DEFAULT_NEW_STACKS_URL}}\n \n echo -n \"[CHE] Fetching the list of current Che stacks...\""},{"sha":"2a118a575c51ba0b21fffb73817abff501f2dbe3","filename":"ide/che-core-ide-api/src/main/java/org/eclipse/che/ide/api/git/GitServiceClient.java","status":"modified","additions":10,"deletions":0,"changes":10,"blob_url":"https://github.com/eclipse/che/blob/01ab2b2587f5247cf7b845e0752211f88dcd3280/ide/che-core-ide-api/src/main/java/org/eclipse/che/ide/api/git/GitServiceClient.java","raw_url":"https://github.com/eclipse/che/raw/01ab2b2587f5247cf7b845e0752211f88dcd3280/ide/che-core-ide-api/src/main/java/org/eclipse/che/ide/api/git/GitServiceClient.java","contents_url":"https://api.github.com/repos/eclipse/che/contents/ide/che-core-ide-api/src/main/java/org/eclipse/che/ide/api/git/GitServiceClient.java?ref=01ab2b2587f5247cf7b845e0752211f88dcd3280","patch":"@@ -22,6 +22,7 @@\n import org.eclipse.che.api.git.shared.PushResponse;\n import org.eclipse.che.api.git.shared.Remote;\n import org.eclipse.che.api.git.shared.ResetRequest.ResetType;\n+import org.eclipse.che.api.git.shared.RevertResult;\n import org.eclipse.che.api.git.shared.Revision;\n import org.eclipse.che.api.git.shared.ShowFileContentResponse;\n import org.eclipse.che.api.git.shared.Status;\n@@ -366,4 +367,13 @@\n    * @return the promise with success status\n    */\n   Promise<Void> deleteRepository(Path project);\n+\n+  /**\n+   * Reverts commit.\n+   *\n+   * @param project the project path\n+   * @param commit the hash of the commit to revert\n+   * @return result of the revert operation\n+   */\n+  Promise<RevertResult> revert(Path project, String commit);\n }"},{"sha":"1efe4a24666de44e4dff461b32402aa66542ca3e","filename":"ide/che-core-ide-api/src/main/java/org/eclipse/che/ide/api/git/GitServiceClientImpl.java","status":"modified","additions":13,"deletions":0,"changes":13,"blob_url":"https://github.com/eclipse/che/blob/01ab2b2587f5247cf7b845e0752211f88dcd3280/ide/che-core-ide-api/src/main/java/org/eclipse/che/ide/api/git/GitServiceClientImpl.java","raw_url":"https://github.com/eclipse/che/raw/01ab2b2587f5247cf7b845e0752211f88dcd3280/ide/che-core-ide-api/src/main/java/org/eclipse/che/ide/api/git/GitServiceClientImpl.java","contents_url":"https://api.github.com/repos/eclipse/che/contents/ide/che-core-ide-api/src/main/java/org/eclipse/che/ide/api/git/GitServiceClientImpl.java?ref=01ab2b2587f5247cf7b845e0752211f88dcd3280","patch":"@@ -43,6 +43,8 @@\n import org.eclipse.che.api.git.shared.Remote;\n import org.eclipse.che.api.git.shared.RemoteAddRequest;\n import org.eclipse.che.api.git.shared.ResetRequest;\n+import org.eclipse.che.api.git.shared.RevertRequest;\n+import org.eclipse.che.api.git.shared.RevertResult;\n import org.eclipse.che.api.git.shared.Revision;\n import org.eclipse.che.api.git.shared.ShowFileContentResponse;\n import org.eclipse.che.api.git.shared.Status;\n@@ -86,6 +88,7 @@\n   private static final String REMOVE = \"/git/remove\";\n   private static final String RESET = \"/git/reset\";\n   private static final String REPOSITORY = \"/git/repository\";\n+  private static final String REVERT = \"/git/revert\";\n \n   /** Loader to be displayed. */\n   private final AsyncRequestLoader loader;\n@@ -503,6 +506,16 @@ private AsyncRequest diff(\n     return asyncRequestFactory.createDeleteRequest(url).loader(loader).send();\n   }\n \n+  @Override\n+  public Promise<RevertResult> revert(Path project, String commit) {\n+    RevertRequest revertRequest = dtoFactory.createDto(RevertRequest.class).withCommit(commit);\n+    String url = getWsAgentBaseUrl() + REVERT + \"?projectPath=\" + project;\n+    return asyncRequestFactory\n+        .createPostRequest(url, revertRequest)\n+        .loader(loader)\n+        .send(dtoUnmarshallerFactory.newUnmarshaller(RevertResult.class));\n+  }\n+\n   private String getWsAgentBaseUrl() {\n     return appContext.getDevMachine().getWsAgentBaseUrl();\n   }"},{"sha":"d1f9c9ace07471f057f078216a97d3f076321ca2","filename":"ide/che-core-ide-app/src/main/java/org/eclipse/che/ide/part/explorer/project/ProjectExplorerPresenter.java","status":"modified","additions":13,"deletions":0,"changes":13,"blob_url":"https://github.com/eclipse/che/blob/01ab2b2587f5247cf7b845e0752211f88dcd3280/ide/che-core-ide-app/src/main/java/org/eclipse/che/ide/part/explorer/project/ProjectExplorerPresenter.java","raw_url":"https://github.com/eclipse/che/raw/01ab2b2587f5247cf7b845e0752211f88dcd3280/ide/che-core-ide-app/src/main/java/org/eclipse/che/ide/part/explorer/project/ProjectExplorerPresenter.java","contents_url":"https://api.github.com/repos/eclipse/che/contents/ide/che-core-ide-app/src/main/java/org/eclipse/che/ide/part/explorer/project/ProjectExplorerPresenter.java?ref=01ab2b2587f5247cf7b845e0752211f88dcd3280","patch":"@@ -68,6 +68,7 @@\n import org.eclipse.che.ide.resources.tree.ResourceNode;\n import org.eclipse.che.ide.ui.smartTree.NodeDescriptor;\n import org.eclipse.che.ide.ui.smartTree.Tree;\n+import org.eclipse.che.ide.ui.smartTree.presentation.HasPresentation;\n import org.eclipse.che.providers.DynaObject;\n import org.vectomatic.dom.svg.ui.SVGResource;\n \n@@ -337,6 +338,18 @@ public void onResourceChanged(ResourceChangedEvent event) {\n         }\n       }\n \n+      final Node node = getNode(delta.getResource().getLocation());\n+      if (node != null) {\n+\n+        if (node instanceof ResourceNode && !delta.getResource().isProject()) {\n+          ((ResourceNode) node).setData(delta.getResource());\n+        }\n+\n+        if (node instanceof HasPresentation) {\n+          tree.refresh(node);\n+        }\n+      }\n+\n       updateTask.submit(resource.getLocation());\n \n       if (delta.getFromPath() != null) {"},{"sha":"e7da3e4ee7b18dffc1e14998c825ab4fbb2a5b06","filename":"ide/che-core-ide-app/src/main/java/org/eclipse/che/ide/resources/impl/ResourceImpl.java","status":"modified","additions":6,"deletions":15,"changes":21,"blob_url":"https://github.com/eclipse/che/blob/01ab2b2587f5247cf7b845e0752211f88dcd3280/ide/che-core-ide-app/src/main/java/org/eclipse/che/ide/resources/impl/ResourceImpl.java","raw_url":"https://github.com/eclipse/che/raw/01ab2b2587f5247cf7b845e0752211f88dcd3280/ide/che-core-ide-app/src/main/java/org/eclipse/che/ide/resources/impl/ResourceImpl.java","contents_url":"https://api.github.com/repos/eclipse/che/contents/ide/che-core-ide-app/src/main/java/org/eclipse/che/ide/resources/impl/ResourceImpl.java?ref=01ab2b2587f5247cf7b845e0752211f88dcd3280","patch":"@@ -16,11 +16,11 @@\n import static com.google.common.base.Preconditions.checkNotNull;\n import static com.google.common.base.Preconditions.checkState;\n import static com.google.common.base.Strings.isNullOrEmpty;\n-import static java.lang.System.arraycopy;\n import static java.util.Arrays.copyOf;\n import static org.eclipse.che.ide.api.resources.marker.Marker.CREATED;\n import static org.eclipse.che.ide.api.resources.marker.Marker.REMOVED;\n import static org.eclipse.che.ide.api.resources.marker.Marker.UPDATED;\n+import static org.eclipse.che.ide.util.Arrays.remove;\n \n import com.google.common.annotations.Beta;\n import com.google.common.base.MoreObjects;\n@@ -238,28 +238,19 @@ public void addMarker(Marker marker) {\n   public boolean deleteMarker(String type) {\n     checkArgument(!isNullOrEmpty(type), \"Invalid marker type occurred\");\n \n-    int size = markers.length;\n     int index = -1;\n \n     for (int i = 0; i < markers.length; i++) {\n-      if (markers[i].getType().equals(type)) {\n+      Marker marker = markers[i];\n+      if (marker.getType().equals(type)) {\n         index = i;\n-        resourceManager.notifyMarkerChanged(this, markers[i], REMOVED);\n+        markers = remove(markers, marker);\n+        resourceManager.notifyMarkerChanged(this, marker, REMOVED);\n         break;\n       }\n     }\n \n-    if (index == -1) {\n-      return false;\n-    }\n-\n-    final int numMoved = markers.length - index - 1;\n-    if (numMoved > 0) {\n-      arraycopy(markers, index + 1, markers, index, numMoved);\n-    }\n-    markers = copyOf(markers, --size);\n-\n-    return true;\n+    return index != -1;\n   }\n \n   /** {@inheritDoc} */"},{"sha":"b7688a943602322e4a227870c73bc00cba66e9aa","filename":"ide/che-core-ide-ui/src/main/java/org/eclipse/che/ide/ui/smartTree/Tree.java","status":"modified","additions":1,"deletions":1,"changes":2,"blob_url":"https://github.com/eclipse/che/blob/01ab2b2587f5247cf7b845e0752211f88dcd3280/ide/che-core-ide-ui/src/main/java/org/eclipse/che/ide/ui/smartTree/Tree.java","raw_url":"https://github.com/eclipse/che/raw/01ab2b2587f5247cf7b845e0752211f88dcd3280/ide/che-core-ide-ui/src/main/java/org/eclipse/che/ide/ui/smartTree/Tree.java","contents_url":"https://api.github.com/repos/eclipse/che/contents/ide/che-core-ide-ui/src/main/java/org/eclipse/che/ide/ui/smartTree/Tree.java?ref=01ab2b2587f5247cf7b845e0752211f88dcd3280","patch":"@@ -838,7 +838,7 @@ public void refresh(Node node) {\n     }\n \n     NodeDescriptor nodeDescriptor = getNodeDescriptor(node);\n-    if (view.getRootContainer(nodeDescriptor) == null) {\n+    if (nodeDescriptor == null || view.getRootContainer(nodeDescriptor) == null) {\n       return;\n     }\n "},{"sha":"4ff6a1746d9c002861dbc9cfc4ba5e8827be7c7f","filename":"plugins/plugin-git/che-plugin-git-ext-git/src/main/java/org/eclipse/che/ide/ext/git/client/GitExtension.java","status":"modified","additions":5,"deletions":0,"changes":5,"blob_url":"https://github.com/eclipse/che/blob/01ab2b2587f5247cf7b845e0752211f88dcd3280/plugins/plugin-git/che-plugin-git-ext-git/src/main/java/org/eclipse/che/ide/ext/git/client/GitExtension.java","raw_url":"https://github.com/eclipse/che/raw/01ab2b2587f5247cf7b845e0752211f88dcd3280/plugins/plugin-git/che-plugin-git-ext-git/src/main/java/org/eclipse/che/ide/ext/git/client/GitExtension.java","contents_url":"https://api.github.com/repos/eclipse/che/contents/plugins/plugin-git/che-plugin-git-ext-git/src/main/java/org/eclipse/che/ide/ext/git/client/GitExtension.java?ref=01ab2b2587f5247cf7b845e0752211f88dcd3280","patch":"@@ -39,6 +39,7 @@\n import org.eclipse.che.ide.ext.git.client.action.RemoveFromIndexAction;\n import org.eclipse.che.ide.ext.git.client.action.ResetFilesAction;\n import org.eclipse.che.ide.ext.git.client.action.ResetToCommitAction;\n+import org.eclipse.che.ide.ext.git.client.action.RevertCommitAction;\n import org.eclipse.che.ide.ext.git.client.action.ShowBranchesAction;\n import org.eclipse.che.ide.ext.git.client.action.ShowMergeAction;\n import org.eclipse.che.ide.ext.git.client.action.ShowRemoteAction;\n@@ -92,6 +93,7 @@ public GitExtension(\n       CompareWithRevisionAction compareWithRevisionAction,\n       NextDiffAction nextDiffAction,\n       PreviousDiffAction previousDiffAction,\n+      RevertCommitAction revertCommitAction,\n       KeyBindingAgent keyBinding) {\n \n     resources.gitCSS().ensureInjected();\n@@ -131,6 +133,8 @@ public GitExtension(\n     commandGroup.add(compareGroup);\n     actionManager.registerAction(\"gitResetToCommit\", resetToCommitAction);\n     commandGroup.add(resetToCommitAction);\n+    actionManager.registerAction(\"gitRevertCommit\", revertCommitAction);\n+    commandGroup.add(revertCommitAction);\n     actionManager.registerAction(\"gitRemoveFromIndexCommit\", removeFromIndexAction);\n     commandGroup.add(removeFromIndexAction);\n     actionManager.registerAction(GIT_SHOW_COMMIT_WINDOW, commitAction);\n@@ -174,6 +178,7 @@ public GitExtension(\n     gitContextMenuGroup.add(addToIndexAction);\n     gitContextMenuGroup.add(removeFromIndexAction);\n     gitContextMenuGroup.add(resetFilesAction);\n+    gitContextMenuGroup.add(revertCommitAction);\n     gitContextMenuGroup.add(commitAction);\n     gitContextMenuGroup.add(historyAction);\n     gitContextMenuGroup.addSeparator();"},{"sha":"b720ff2ebceaf95f9328d6311413573b4c5e7a54","filename":"plugins/plugin-git/che-plugin-git-ext-git/src/main/java/org/eclipse/che/ide/ext/git/client/GitLocalizationConstant.java","status":"modified","additions":40,"deletions":0,"changes":40,"blob_url":"https://github.com/eclipse/che/blob/01ab2b2587f5247cf7b845e0752211f88dcd3280/plugins/plugin-git/che-plugin-git-ext-git/src/main/java/org/eclipse/che/ide/ext/git/client/GitLocalizationConstant.java","raw_url":"https://github.com/eclipse/che/raw/01ab2b2587f5247cf7b845e0752211f88dcd3280/plugins/plugin-git/che-plugin-git-ext-git/src/main/java/org/eclipse/che/ide/ext/git/client/GitLocalizationConstant.java","contents_url":"https://api.github.com/repos/eclipse/che/contents/plugins/plugin-git/che-plugin-git-ext-git/src/main/java/org/eclipse/che/ide/ext/git/client/GitLocalizationConstant.java?ref=01ab2b2587f5247cf7b845e0752211f88dcd3280","patch":"@@ -72,6 +72,9 @@\n   @Key(\"button.compare\")\n   String buttonCompare();\n \n+  @Key(\"button.revert\")\n+  String buttonRevert();\n+\n   @Key(\"button.save_changes\")\n   String buttonSaveChanges();\n \n@@ -425,13 +428,50 @@\n   @Key(\"view.reset.hard.type.description\")\n   String resetHardTypeDescription();\n \n+  // Revert\n+  @Key(\"view.revert.commit.title\")\n+  String revertCommitViewTitle();\n+\n+  @Key(\"view.revert.no_commit.type.title\")\n+  String revertNoCommitTypeTitle();\n+\n+  @Key(\"view.revert.no_commit.type.description\")\n+  String revertNoCommitTypeDescription();\n+\n+  @Key(\"view.revert.revision.table.id.title\")\n+  String viewRevertRevisionTableIdTitle();\n+\n+  @Key(\"view.revert.revision.table.date.title\")\n+  String viewRevertRevisionTableDateTitle();\n+\n+  @Key(\"view.revert.revision.table.author.title\")\n+  String viewRevertRevisionTableAuthorTitle();\n+\n+  @Key(\"view.revert.revision.table.comment.title\")\n+  String viewRevertRevisionTableCommentTitle();\n+\n+  @Key(\"reverted.commits\")\n+  String revertedCommits(String commits);\n+\n+  @Key(\"reverted.new.head\")\n+  String revertedNewHead(String newHead);\n+\n+  @Key(\"reverted.conflicts\")\n+  String revertedConflicts();\n+\n   // Remove\n   @Key(\"view.remove_from_index.all\")\n   String removeFromIndexAll();\n \n   @Key(\"view.remove_from_index.only\")\n   String removeFromIndexOnly();\n \n+  @Key(\"control.revert.commit.title\")\n+  String revertCommitControlTitle();\n+\n+  @Key(\"control.revert.commit.prompt\")\n+  String revertCommitControlPrompt();\n+\n   @Key(\"view.remove_from_index.folder\")\n   String removeFromIndexFolder(String folder);\n "},{"sha":"d147438174b37042035f5aabba040b17a8c151a5","filename":"plugins/plugin-git/che-plugin-git-ext-git/src/main/java/org/eclipse/che/ide/ext/git/client/GitResources.java","status":"modified","additions":3,"deletions":0,"changes":3,"blob_url":"https://github.com/eclipse/che/blob/01ab2b2587f5247cf7b845e0752211f88dcd3280/plugins/plugin-git/che-plugin-git-ext-git/src/main/java/org/eclipse/che/ide/ext/git/client/GitResources.java","raw_url":"https://github.com/eclipse/che/raw/01ab2b2587f5247cf7b845e0752211f88dcd3280/plugins/plugin-git/che-plugin-git-ext-git/src/main/java/org/eclipse/che/ide/ext/git/client/GitResources.java","contents_url":"https://api.github.com/repos/eclipse/che/contents/plugins/plugin-git/che-plugin-git-ext-git/src/main/java/org/eclipse/che/ide/ext/git/client/GitResources.java?ref=01ab2b2587f5247cf7b845e0752211f88dcd3280","patch":"@@ -101,4 +101,7 @@\n \n   @Source(\"controls/git-output-icon.svg\")\n   SVGResource gitOutput();\n+\n+  @Source(\"controls/revert.svg\")\n+  SVGResource revert();\n }"},{"sha":"41c4388f51fed9ee407ca08676d7846464b18ad1","filename":"plugins/plugin-git/che-plugin-git-ext-git/src/main/java/org/eclipse/che/ide/ext/git/client/action/RevertCommitAction.java","status":"added","additions":46,"deletions":0,"changes":46,"blob_url":"https://github.com/eclipse/che/blob/01ab2b2587f5247cf7b845e0752211f88dcd3280/plugins/plugin-git/che-plugin-git-ext-git/src/main/java/org/eclipse/che/ide/ext/git/client/action/RevertCommitAction.java","raw_url":"https://github.com/eclipse/che/raw/01ab2b2587f5247cf7b845e0752211f88dcd3280/plugins/plugin-git/che-plugin-git-ext-git/src/main/java/org/eclipse/che/ide/ext/git/client/action/RevertCommitAction.java","contents_url":"https://api.github.com/repos/eclipse/che/contents/plugins/plugin-git/che-plugin-git-ext-git/src/main/java/org/eclipse/che/ide/ext/git/client/action/RevertCommitAction.java?ref=01ab2b2587f5247cf7b845e0752211f88dcd3280","patch":"@@ -0,0 +1,46 @@\n+/*\n+ * Copyright (c) 2012-2017 Red Hat, Inc.\n+ * All rights reserved. This program and the accompanying materials\n+ * are made available under the terms of the Eclipse Public License v1.0\n+ * which accompanies this distribution, and is available at\n+ * http://www.eclipse.org/legal/epl-v10.html\n+ *\n+ * Contributors:\n+ *   Red Hat, Inc. - initial API and implementation\n+ */\n+package org.eclipse.che.ide.ext.git.client.action;\n+\n+import static com.google.common.base.Preconditions.checkState;\n+\n+import com.google.inject.Inject;\n+import org.eclipse.che.ide.FontAwesome;\n+import org.eclipse.che.ide.api.action.ActionEvent;\n+import org.eclipse.che.ide.api.app.AppContext;\n+import org.eclipse.che.ide.api.resources.Project;\n+import org.eclipse.che.ide.ext.git.client.GitLocalizationConstant;\n+import org.eclipse.che.ide.ext.git.client.revert.RevertCommitPresenter;\n+\n+/** @author Anatolii Bazko */\n+public class RevertCommitAction extends GitAction {\n+  private final RevertCommitPresenter presenter;\n+\n+  @Inject\n+  public RevertCommitAction(\n+      RevertCommitPresenter presenter, AppContext appContext, GitLocalizationConstant constant) {\n+    super(\n+        constant.revertCommitControlTitle(),\n+        constant.revertCommitControlPrompt(),\n+        FontAwesome.BAN,\n+        appContext);\n+    this.presenter = presenter;\n+  }\n+\n+  @Override\n+  public void actionPerformed(ActionEvent e) {\n+    final Project project = appContext.getRootProject();\n+\n+    checkState(project != null, \"Null project occurred\");\n+\n+    presenter.show(project);\n+  }\n+}"},{"sha":"4c79a900afa4fb33776158d8a501cfdb7d752136","filename":"plugins/plugin-git/che-plugin-git-ext-git/src/main/java/org/eclipse/che/ide/ext/git/client/inject/GitGinModule.java","status":"modified","additions":3,"deletions":0,"changes":3,"blob_url":"https://github.com/eclipse/che/blob/01ab2b2587f5247cf7b845e0752211f88dcd3280/plugins/plugin-git/che-plugin-git-ext-git/src/main/java/org/eclipse/che/ide/ext/git/client/inject/GitGinModule.java","raw_url":"https://github.com/eclipse/che/raw/01ab2b2587f5247cf7b845e0752211f88dcd3280/plugins/plugin-git/che-plugin-git-ext-git/src/main/java/org/eclipse/che/ide/ext/git/client/inject/GitGinModule.java","contents_url":"https://api.github.com/repos/eclipse/che/contents/plugins/plugin-git/che-plugin-git-ext-git/src/main/java/org/eclipse/che/ide/ext/git/client/inject/GitGinModule.java?ref=01ab2b2587f5247cf7b845e0752211f88dcd3280","patch":"@@ -60,6 +60,8 @@\n import org.eclipse.che.ide.ext.git.client.reset.commit.ResetToCommitViewImpl;\n import org.eclipse.che.ide.ext.git.client.reset.files.ResetFilesView;\n import org.eclipse.che.ide.ext.git.client.reset.files.ResetFilesViewImpl;\n+import org.eclipse.che.ide.ext.git.client.revert.RevertCommitView;\n+import org.eclipse.che.ide.ext.git.client.revert.RevertCommitViewImpl;\n \n /** @author Andrey Plotnikov */\n @ExtensionGinModule\n@@ -80,6 +82,7 @@ protected void configure() {\n     bind(RemoveFromIndexView.class).to(RemoveFromIndexViewImpl.class).in(Singleton.class);\n     bind(RevisionListView.class).to(RevisionListViewImpl.class).in(Singleton.class);\n     bind(CommitView.class).to(CommitViewImpl.class).in(Singleton.class);\n+    bind(RevertCommitView.class).to(RevertCommitViewImpl.class).in(Singleton.class);\n     bind(ChangesListView.class).to(ChangesListViewImpl.class).in(Singleton.class);\n     bind(BranchView.class).to(BranchViewImpl.class).in(Singleton.class);\n     bind(BranchListView.class).to(BranchListViewImpl.class).in(Singleton.class);"},{"sha":"96889e2fe83af84d3bd088cdb2ece312ad0e4cb3","filename":"plugins/plugin-git/che-plugin-git-ext-git/src/main/java/org/eclipse/che/ide/ext/git/client/revert/RevertCommitPresenter.java","status":"added","additions":198,"deletions":0,"changes":198,"blob_url":"https://github.com/eclipse/che/blob/01ab2b2587f5247cf7b845e0752211f88dcd3280/plugins/plugin-git/che-plugin-git-ext-git/src/main/java/org/eclipse/che/ide/ext/git/client/revert/RevertCommitPresenter.java","raw_url":"https://github.com/eclipse/che/raw/01ab2b2587f5247cf7b845e0752211f88dcd3280/plugins/plugin-git/che-plugin-git-ext-git/src/main/java/org/eclipse/che/ide/ext/git/client/revert/RevertCommitPresenter.java","contents_url":"https://api.github.com/repos/eclipse/che/contents/plugins/plugin-git/che-plugin-git-ext-git/src/main/java/org/eclipse/che/ide/ext/git/client/revert/RevertCommitPresenter.java?ref=01ab2b2587f5247cf7b845e0752211f88dcd3280","patch":"@@ -0,0 +1,198 @@\n+/*\n+ * Copyright (c) 2012-2017 Red Hat, Inc.\n+ * All rights reserved. This program and the accompanying materials\n+ * are made available under the terms of the Eclipse Public License v1.0\n+ * which accompanies this distribution, and is available at\n+ * http://www.eclipse.org/legal/epl-v10.html\n+ *\n+ * Contributors:\n+ *   Red Hat, Inc. - initial API and implementation\n+ */\n+package org.eclipse.che.ide.ext.git.client.revert;\n+\n+import static org.eclipse.che.api.git.shared.Constants.DEFAULT_PAGE_SIZE;\n+import static org.eclipse.che.ide.api.notification.StatusNotification.DisplayMode.FLOAT_MODE;\n+import static org.eclipse.che.ide.api.notification.StatusNotification.Status.FAIL;\n+import static org.eclipse.che.ide.util.ExceptionUtils.getErrorCode;\n+\n+import com.google.inject.Inject;\n+import com.google.inject.Singleton;\n+import java.util.ArrayList;\n+import java.util.List;\n+import org.eclipse.che.api.core.ErrorCodes;\n+import org.eclipse.che.api.git.shared.RevertResult;\n+import org.eclipse.che.api.git.shared.Revision;\n+import org.eclipse.che.ide.api.app.AppContext;\n+import org.eclipse.che.ide.api.dialogs.DialogFactory;\n+import org.eclipse.che.ide.api.git.GitServiceClient;\n+import org.eclipse.che.ide.api.notification.NotificationManager;\n+import org.eclipse.che.ide.api.resources.Project;\n+import org.eclipse.che.ide.ext.git.client.GitLocalizationConstant;\n+import org.eclipse.che.ide.ext.git.client.outputconsole.GitOutputConsole;\n+import org.eclipse.che.ide.ext.git.client.outputconsole.GitOutputConsoleFactory;\n+import org.eclipse.che.ide.ext.git.client.revert.RevertCommitView.ActionDelegate;\n+import org.eclipse.che.ide.processes.panel.ProcessesPanelPresenter;\n+\n+/** @author Anatolii Bazko */\n+@Singleton\n+public class RevertCommitPresenter implements ActionDelegate {\n+  public static final String REVERT_COMMAND_NAME = \"Git revert commit\";\n+  public static final String LOG_COMMAND_NAME = \"Git log\";\n+\n+  private final RevertCommitView view;\n+  private final GitServiceClient service;\n+  private final DialogFactory dialogFactory;\n+  private final GitLocalizationConstant constant;\n+  private final GitOutputConsoleFactory gitOutputConsoleFactory;\n+  private final ProcessesPanelPresenter consolesPanelPresenter;\n+  private final AppContext appContext;\n+  private final NotificationManager notificationManager;\n+\n+  private Revision selectedRevision;\n+  private List<Revision> revisions;\n+  private Project project;\n+  private int skip;\n+\n+  @Inject\n+  public RevertCommitPresenter(\n+      RevertCommitView view,\n+      GitServiceClient service,\n+      DialogFactory dialogFactory,\n+      GitLocalizationConstant constant,\n+      GitOutputConsoleFactory gitOutputConsoleFactory,\n+      ProcessesPanelPresenter consolesPanelPresenter,\n+      AppContext appContext,\n+      NotificationManager notificationManager) {\n+    this.view = view;\n+    this.service = service;\n+    this.dialogFactory = dialogFactory;\n+    this.constant = constant;\n+    this.gitOutputConsoleFactory = gitOutputConsoleFactory;\n+    this.consolesPanelPresenter = consolesPanelPresenter;\n+    this.appContext = appContext;\n+    this.notificationManager = notificationManager;\n+\n+    this.view.setDelegate(this);\n+  }\n+\n+  public void show(final Project project) {\n+    this.project = project;\n+    this.skip = 0;\n+    this.revisions = new ArrayList<>();\n+\n+    fetchRevisions();\n+  }\n+\n+  @Override\n+  public void onRevertClicked() {\n+    this.view.close();\n+    revert();\n+  }\n+\n+  @Override\n+  public void onCancelClicked() {\n+    this.view.close();\n+  }\n+\n+  @Override\n+  public void onRevisionSelected(Revision revision) {\n+    this.selectedRevision = revision;\n+    view.setEnableRevertButton(true);\n+  }\n+\n+  @Override\n+  public void onScrolledToBottom() {\n+    fetchRevisions();\n+  }\n+\n+  private void fetchRevisions() {\n+    service\n+        .log(project.getLocation(), null, skip, DEFAULT_PAGE_SIZE, false)\n+        .then(\n+            log -> {\n+              List<Revision> commits = log.getCommits();\n+              if (!commits.isEmpty()) {\n+                skip += commits.size();\n+                revisions.addAll(commits);\n+                view.setEnableRevertButton(selectedRevision != null);\n+                view.setRevisions(revisions);\n+                view.showDialog();\n+              }\n+            })\n+        .catchError(\n+            error -> {\n+              if (getErrorCode(error.getCause()) == ErrorCodes.INIT_COMMIT_WAS_NOT_PERFORMED) {\n+                dialogFactory\n+                    .createMessageDialog(\n+                        constant.resetCommitViewTitle(), constant.initCommitWasNotPerformed(), null)\n+                    .show();\n+                return;\n+              }\n+              String errorMessage =\n+                  (error.getMessage() != null) ? error.getMessage() : constant.logFailed();\n+              GitOutputConsole console = gitOutputConsoleFactory.create(LOG_COMMAND_NAME);\n+              console.printError(errorMessage);\n+              consolesPanelPresenter.addCommandOutput(appContext.getDevMachine().getId(), console);\n+              notificationManager.notify(constant.logFailed(), FAIL, FLOAT_MODE);\n+            });\n+  }\n+\n+  private void revert() {\n+    final GitOutputConsole console = gitOutputConsoleFactory.create(REVERT_COMMAND_NAME);\n+    service\n+        .revert(project.getLocation(), selectedRevision.getId())\n+        .then(\n+            result -> {\n+              console.print(formRevertMessage(result));\n+\n+              String conflictsMessage = formConflictsMessage(result.getConflicts());\n+              if (conflictsMessage != null && !conflictsMessage.isEmpty()) {\n+                console.printError(conflictsMessage);\n+              }\n+\n+              consolesPanelPresenter.addCommandOutput(appContext.getDevMachine().getId(), console);\n+              notificationManager.notify(constant.resetSuccessfully());\n+\n+              project.synchronize();\n+            })\n+        .catchError(\n+            error -> {\n+              String errorMessage =\n+                  (error.getMessage() != null) ? error.getMessage() : constant.resetFail();\n+              console.printError(errorMessage);\n+              consolesPanelPresenter.addCommandOutput(appContext.getDevMachine().getId(), console);\n+              notificationManager.notify(constant.resetFail(), FAIL, FLOAT_MODE);\n+            });\n+  }\n+\n+  private String formRevertMessage(RevertResult revertResult) {\n+    StringBuilder message = new StringBuilder();\n+    if (revertResult.getNewHead() != null) {\n+      message.append(constant.revertedNewHead(revertResult.getNewHead()));\n+    }\n+    List<String> commits = revertResult.getRevertedCommits();\n+    if (commits != null && commits.size() > 0) {\n+      StringBuilder revertedCommits = new StringBuilder();\n+      for (String commit : commits) {\n+        revertedCommits.append(\" \").append(commit);\n+      }\n+      message.append(\n+          revertedCommits.length() > 0\n+              ? \" \" + constant.revertedCommits(revertedCommits.toString())\n+              : \"\\n\");\n+    }\n+\n+    return message.toString();\n+  }\n+\n+  private String formConflictsMessage(List<String> conflicts) {\n+    if (conflicts != null && conflicts.size() > 0) {\n+      StringBuilder conflictsMessage = new StringBuilder(constant.revertedConflicts());\n+      for (String conflict : conflicts) {\n+        conflictsMessage.append(\"    \").append(conflict).append(\"\\n\");\n+      }\n+      return conflictsMessage.toString();\n+    }\n+    return \"\";\n+  }\n+}"},{"sha":"a14b87fca56604929453b8126a399799e8d32b4d","filename":"plugins/plugin-git/che-plugin-git-ext-git/src/main/java/org/eclipse/che/ide/ext/git/client/revert/RevertCommitView.java","status":"added","additions":47,"deletions":0,"changes":47,"blob_url":"https://github.com/eclipse/che/blob/01ab2b2587f5247cf7b845e0752211f88dcd3280/plugins/plugin-git/che-plugin-git-ext-git/src/main/java/org/eclipse/che/ide/ext/git/client/revert/RevertCommitView.java","raw_url":"https://github.com/eclipse/che/raw/01ab2b2587f5247cf7b845e0752211f88dcd3280/plugins/plugin-git/che-plugin-git-ext-git/src/main/java/org/eclipse/che/ide/ext/git/client/revert/RevertCommitView.java","contents_url":"https://api.github.com/repos/eclipse/che/contents/plugins/plugin-git/che-plugin-git-ext-git/src/main/java/org/eclipse/che/ide/ext/git/client/revert/RevertCommitView.java?ref=01ab2b2587f5247cf7b845e0752211f88dcd3280","patch":"@@ -0,0 +1,47 @@\n+/*\n+ * Copyright (c) 2012-2017 Red Hat, Inc.\n+ * All rights reserved. This program and the accompanying materials\n+ * are made available under the terms of the Eclipse Public License v1.0\n+ * which accompanies this distribution, and is available at\n+ * http://www.eclipse.org/legal/epl-v10.html\n+ *\n+ * Contributors:\n+ *   Red Hat, Inc. - initial API and implementation\n+ */\n+\n+package org.eclipse.che.ide.ext.git.client.revert;\n+\n+import java.util.List;\n+import javax.validation.constraints.NotNull;\n+import org.eclipse.che.api.git.shared.Revision;\n+import org.eclipse.che.ide.api.mvp.View;\n+\n+/** @author Anatolii Bazko */\n+public interface RevertCommitView extends View<RevertCommitView.ActionDelegate> {\n+\n+  interface ActionDelegate {\n+    void onRevertClicked();\n+\n+    void onCancelClicked();\n+\n+    void onRevisionSelected(@NotNull Revision revision);\n+\n+    void onScrolledToBottom();\n+  }\n+\n+  /**\n+   * Set available revisions.\n+   *\n+   * @param revisions git revisions\n+   */\n+  void setRevisions(@NotNull List<Revision> revisions);\n+\n+  /** @param enabled <code>true</code> to enable the button, <code>false</code> to disable it */\n+  void setEnableRevertButton(boolean enabled);\n+\n+  /** Close dialog. */\n+  void close();\n+\n+  /** Show dialog. */\n+  void showDialog();\n+}"},{"sha":"820d65eab8afcede2ce844b4bd664e23219c8991","filename":"plugins/plugin-git/che-plugin-git-ext-git/src/main/java/org/eclipse/che/ide/ext/git/client/revert/RevertCommitViewImpl.java","status":"added","additions":185,"deletions":0,"changes":185,"blob_url":"https://github.com/eclipse/che/blob/01ab2b2587f5247cf7b845e0752211f88dcd3280/plugins/plugin-git/che-plugin-git-ext-git/src/main/java/org/eclipse/che/ide/ext/git/client/revert/RevertCommitViewImpl.java","raw_url":"https://github.com/eclipse/che/raw/01ab2b2587f5247cf7b845e0752211f88dcd3280/plugins/plugin-git/che-plugin-git-ext-git/src/main/java/org/eclipse/che/ide/ext/git/client/revert/RevertCommitViewImpl.java","contents_url":"https://api.github.com/repos/eclipse/che/contents/plugins/plugin-git/che-plugin-git-ext-git/src/main/java/org/eclipse/che/ide/ext/git/client/revert/RevertCommitViewImpl.java?ref=01ab2b2587f5247cf7b845e0752211f88dcd3280","patch":"@@ -0,0 +1,185 @@\n+/*\n+ * Copyright (c) 2012-2017 Red Hat, Inc.\n+ * All rights reserved. This program and the accompanying materials\n+ * are made available under the terms of the Eclipse Public License v1.0\n+ * which accompanies this distribution, and is available at\n+ * http://www.eclipse.org/legal/epl-v10.html\n+ *\n+ * Contributors:\n+ *   Red Hat, Inc. - initial API and implementation\n+ */\n+\n+package org.eclipse.che.ide.ext.git.client.revert;\n+\n+import com.google.gwt.cell.client.TextCell;\n+import com.google.gwt.core.shared.GWT;\n+import com.google.gwt.event.dom.client.ScrollEvent;\n+import com.google.gwt.uibinder.client.UiBinder;\n+import com.google.gwt.uibinder.client.UiField;\n+import com.google.gwt.uibinder.client.UiHandler;\n+import com.google.gwt.user.cellview.client.CellTable;\n+import com.google.gwt.user.cellview.client.Column;\n+import com.google.gwt.user.client.ui.Button;\n+import com.google.gwt.user.client.ui.ScrollPanel;\n+import com.google.gwt.user.client.ui.Widget;\n+import com.google.gwt.view.client.SingleSelectionModel;\n+import com.google.inject.Inject;\n+import java.util.List;\n+import org.eclipse.che.api.git.shared.Revision;\n+import org.eclipse.che.ide.ext.git.client.DateTimeFormatter;\n+import org.eclipse.che.ide.ext.git.client.GitLocalizationConstant;\n+import org.eclipse.che.ide.ext.git.client.GitResources;\n+import org.eclipse.che.ide.ui.window.Window;\n+\n+/** @author Anatolii Bazko */\n+public class RevertCommitViewImpl extends Window implements RevertCommitView {\n+  interface RevertCommitViewImplUiBinder extends UiBinder<Widget, RevertCommitViewImpl> {}\n+\n+  private static RevertCommitViewImplUiBinder uiBinder =\n+      GWT.create(RevertCommitViewImplUiBinder.class);\n+\n+  @UiField ScrollPanel revisionsPanel;\n+\n+  private Button btnRevert;\n+  private Button btnCancel;\n+\n+  @UiField(provided = true)\n+  final GitResources res;\n+\n+  @UiField(provided = true)\n+  final GitLocalizationConstant locale;\n+\n+  private ActionDelegate delegate;\n+  private CellTable<Revision> revisions;\n+  private SingleSelectionModel<Revision> selectionModel;\n+\n+  private final DateTimeFormatter dateTimeFormatter;\n+\n+  @Inject\n+  protected RevertCommitViewImpl(\n+      GitResources resources,\n+      GitLocalizationConstant locale,\n+      org.eclipse.che.ide.Resources coreRes,\n+      DateTimeFormatter dateTimeFormatter) {\n+    this.res = resources;\n+    this.locale = locale;\n+    this.dateTimeFormatter = dateTimeFormatter;\n+    this.ensureDebugId(\"git-revert-window\");\n+\n+    Widget widget = uiBinder.createAndBindUi(this);\n+\n+    this.setTitle(locale.revertCommitViewTitle());\n+    this.setWidget(widget);\n+\n+    revisionsPanel.getElement().setTabIndex(-1);\n+\n+    createRevisionsTable(coreRes);\n+    createButtons();\n+  }\n+\n+  @Override\n+  public void setDelegate(ActionDelegate delegate) {\n+    this.delegate = delegate;\n+  }\n+\n+  @Override\n+  public void setRevisions(List<Revision> revisions) {\n+    this.revisions.setRowData(revisions);\n+  }\n+\n+  @Override\n+  public void setEnableRevertButton(boolean enabled) {\n+    btnRevert.setEnabled(enabled);\n+  }\n+\n+  @Override\n+  public void close() {\n+    onClose();\n+  }\n+\n+  @Override\n+  protected void onClose() {\n+    selectionModel.clear();\n+    super.onClose();\n+  }\n+\n+  @Override\n+  public void showDialog() {\n+    this.show();\n+  }\n+\n+  private void createRevisionsTable(org.eclipse.che.ide.Resources coreRes) {\n+    Column<Revision, String> idColumn =\n+        new Column<Revision, String>(new TextCell()) {\n+          @Override\n+          public String getValue(Revision revision) {\n+            return revision.getId().substring(0, 8);\n+          }\n+        };\n+    Column<Revision, String> dateColumn =\n+        new Column<Revision, String>(new TextCell()) {\n+          @Override\n+          public String getValue(Revision revision) {\n+            return dateTimeFormatter.getFormattedDate(revision.getCommitTime());\n+          }\n+        };\n+    Column<Revision, String> authorColumn =\n+        new Column<Revision, String>(new TextCell()) {\n+          @Override\n+          public String getValue(Revision revision) {\n+            return revision.getCommitter().getName();\n+          }\n+        };\n+    Column<Revision, String> commentColumn =\n+        new Column<Revision, String>(new TextCell()) {\n+          @Override\n+          public String getValue(Revision revision) {\n+            return revision.getMessage().substring(0, 50);\n+          }\n+        };\n+    revisions = new CellTable<>(15, coreRes);\n+    revisions.setWidth(\"100%\");\n+    revisions.addColumn(idColumn, locale.viewRevertRevisionTableIdTitle());\n+    revisions.setColumnWidth(idColumn, \"10%\");\n+    revisions.addColumn(dateColumn, locale.viewRevertRevisionTableDateTitle());\n+    revisions.setColumnWidth(dateColumn, \"20%\");\n+    revisions.addColumn(authorColumn, locale.viewRevertRevisionTableAuthorTitle());\n+    revisions.setColumnWidth(authorColumn, \"20%\");\n+    revisions.addColumn(commentColumn, locale.viewRevertRevisionTableCommentTitle());\n+    revisions.setColumnWidth(commentColumn, \"50%\");\n+\n+    this.selectionModel = new SingleSelectionModel<>();\n+    this.selectionModel.addSelectionChangeHandler(\n+        event -> {\n+          Revision selectedObject = selectionModel.getSelectedObject();\n+          delegate.onRevisionSelected(selectedObject);\n+        });\n+    revisions.setSelectionModel(this.selectionModel);\n+    this.revisionsPanel.add(revisions);\n+  }\n+\n+  private void createButtons() {\n+    btnCancel =\n+        createButton(\n+            locale.buttonCancel(), \"git-revert-cancel\", event -> delegate.onCancelClicked());\n+    addButtonToFooter(btnCancel);\n+\n+    btnRevert =\n+        createButton(locale.buttonRevert(), \"git-revert\", event -> delegate.onRevertClicked());\n+    addButtonToFooter(btnRevert);\n+  }\n+\n+  @UiHandler(\"revisionsPanel\")\n+  public void onPanelScrolled(ScrollEvent ignored) {\n+    // We cannot rely on exact equality of scroll positions because GWT sometimes ound such values\n+    // and it is possible that the actual max scroll position is a pixel less then declared.\n+    if (revisionsPanel.getMaximumVerticalScrollPosition()\n+            - revisionsPanel.getVerticalScrollPosition()\n+        <= 1) {\n+      // to avoid autoscrolling to selected item\n+      revisionsPanel.getElement().focus();\n+\n+      delegate.onScrolledToBottom();\n+    }\n+  }\n+}"},{"sha":"3d177f9d5ab9819abb735a45dcd2d6cb6a113de3","filename":"plugins/plugin-git/che-plugin-git-ext-git/src/main/java/org/eclipse/che/ide/ext/git/client/revert/RevertCommitViewImpl.ui.xml","status":"added","additions":23,"deletions":0,"changes":23,"blob_url":"https://github.com/eclipse/che/blob/01ab2b2587f5247cf7b845e0752211f88dcd3280/plugins/plugin-git/che-plugin-git-ext-git/src/main/java/org/eclipse/che/ide/ext/git/client/revert/RevertCommitViewImpl.ui.xml","raw_url":"https://github.com/eclipse/che/raw/01ab2b2587f5247cf7b845e0752211f88dcd3280/plugins/plugin-git/che-plugin-git-ext-git/src/main/java/org/eclipse/che/ide/ext/git/client/revert/RevertCommitViewImpl.ui.xml","contents_url":"https://api.github.com/repos/eclipse/che/contents/plugins/plugin-git/che-plugin-git-ext-git/src/main/java/org/eclipse/che/ide/ext/git/client/revert/RevertCommitViewImpl.ui.xml?ref=01ab2b2587f5247cf7b845e0752211f88dcd3280","patch":"@@ -0,0 +1,23 @@\n+<!--\n+\n+    Copyright (c) 2012-2017 Red Hat, Inc.\n+    All rights reserved. This program and the accompanying materials\n+    are made available under the terms of the Eclipse Public License v1.0\n+    which accompanies this distribution, and is available at\n+    http://www.eclipse.org/legal/epl-v10.html\n+\n+    Contributors:\n+      Red Hat, Inc. - initial API and implementation\n+\n+-->\n+<!DOCTYPE ui:UiBinder SYSTEM \"http://dl.google.com/gwt/DTD/xhtml.ent\">\n+<ui:UiBinder xmlns:ui='urn:ui:com.google.gwt.uibinder'\n+             xmlns:g='urn:import:com.google.gwt.user.client.ui'>\n+    <ui:with field='locale' type='org.eclipse.che.ide.ext.git.client.GitLocalizationConstant'/>\n+    <ui:with field='res' type='org.eclipse.che.ide.ext.git.client.GitResources'/>\n+    <g:DockLayoutPanel unit=\"PX\" width=\"750px\" height=\"400px\" debugId=\"git-revert-mainForm\">\n+        <g:center>\n+            <g:ScrollPanel ui:field=\"revisionsPanel\" debugId=\"revert-commit-panel\"/>\n+        </g:center>\n+    </g:DockLayoutPanel>\n+</ui:UiBinder>"},{"sha":"915d96b44f72b12ae9884e63988812a8e45ccf22","filename":"plugins/plugin-git/che-plugin-git-ext-git/src/main/resources/org/eclipse/che/ide/ext/git/client/GitLocalizationConstant.properties","status":"modified","additions":15,"deletions":0,"changes":15,"blob_url":"https://github.com/eclipse/che/blob/01ab2b2587f5247cf7b845e0752211f88dcd3280/plugins/plugin-git/che-plugin-git-ext-git/src/main/resources/org/eclipse/che/ide/ext/git/client/GitLocalizationConstant.properties","raw_url":"https://github.com/eclipse/che/raw/01ab2b2587f5247cf7b845e0752211f88dcd3280/plugins/plugin-git/che-plugin-git-ext-git/src/main/resources/org/eclipse/che/ide/ext/git/client/GitLocalizationConstant.properties","contents_url":"https://api.github.com/repos/eclipse/che/contents/plugins/plugin-git/che-plugin-git-ext-git/src/main/resources/org/eclipse/che/ide/ext/git/client/GitLocalizationConstant.properties?ref=01ab2b2587f5247cf7b845e0752211f88dcd3280","patch":"@@ -23,6 +23,7 @@ button.merge=Merge\n button.compare=Compare\n button.reset=Reset\n button.remove=Remove\n+button.revert=Revert\n button.ok=OK\n button.yes=Yes\n button.no=No\n@@ -157,6 +158,18 @@ view.commit.grid.comment=Comment\n view.commit.push.checkbox.title=Push committed changes to :\n view.commit.nothing_to_commit.text=Nothing to commit, working directory is clean. Would you like to perform amend commit?\n \n+#Revert\n+view.revert.commit.title=Revert commit\n+view.revert.no_commit.type.title=no-commit\n+view.revert.no_commit.type.description=(do NOT create an automatic commit with log message stating which commit was reverted)\n+view.revert.revision.table.id.title=Id\n+view.revert.revision.table.date.title=Date\n+view.revert.revision.table.author.title=Author\n+view.revert.revision.table.comment.title=Comment\n+reverted.commits=Reverted commits:{0}\n+reverted.new.head=New HEAD: {0}\n+reverted.conflicts=Conflicts detected:\n+\n #Create\n view.create.title=Initialize local repository\n \n@@ -268,6 +281,8 @@ control.ro.localUrl.title=Local\n control.ro.remoteUrl.title=Remote\n control.ro.remoteUrls.title=Remote URLs:\n control.ro.url.prompt=Project Git URL\n+control.revert.commit.title=Revert commit\n+control.revert.commit.prompt=Revert commit\n \n ################ Committer preferences ################\n committer.preference.category = Git"},{"sha":"d4682e0cab068a993dcc6ae81c59b993923256d1","filename":"plugins/plugin-git/che-plugin-git-ext-git/src/main/resources/org/eclipse/che/ide/ext/git/client/controls/revert.svg","status":"added","additions":22,"deletions":0,"changes":22,"blob_url":"https://github.com/eclipse/che/blob/01ab2b2587f5247cf7b845e0752211f88dcd3280/plugins/plugin-git/che-plugin-git-ext-git/src/main/resources/org/eclipse/che/ide/ext/git/client/controls/revert.svg","raw_url":"https://github.com/eclipse/che/raw/01ab2b2587f5247cf7b845e0752211f88dcd3280/plugins/plugin-git/che-plugin-git-ext-git/src/main/resources/org/eclipse/che/ide/ext/git/client/controls/revert.svg","contents_url":"https://api.github.com/repos/eclipse/che/contents/plugins/plugin-git/che-plugin-git-ext-git/src/main/resources/org/eclipse/che/ide/ext/git/client/controls/revert.svg?ref=01ab2b2587f5247cf7b845e0752211f88dcd3280","patch":"@@ -0,0 +1,22 @@\n+<?xml version=\"1.0\" encoding=\"utf-8\"?>\n+<!--\n+\n+    Copyright (c) 2012-2017 Red Hat, Inc.\n+    All rights reserved. This program and the accompanying materials\n+    are made available under the terms of the Eclipse Public License v1.0\n+    which accompanies this distribution, and is available at\n+    http://www.eclipse.org/legal/epl-v10.html\n+\n+    Contributors:\n+      Red Hat, Inc. - initial API and implementation\n+\n+-->\n+<!DOCTYPE svg PUBLIC \"-//W3C//DTD SVG 1.1//EN\" \"http://www.w3.org/Graphics/SVG/1.1/DTD/svg11.dtd\">\n+<svg version=\"1.1\" xmlns=\"http://www.w3.org/2000/svg\" xmlns:xlink=\"http://www.w3.org/1999/xlink\" x=\"0px\" y=\"0px\"\n+\t width=\"512px\" height=\"512px\" viewBox=\"0 0 512 512\" enable-background=\"new 0 0 512 512\" xml:space=\"preserve\">\n+\n+<path id=\"x-mark-4-icon\" d=\"M462,256c0,113.771-92.229,206-206,206S50,369.771,50,256S142.229,50,256,50S462,142.229,462,256z\n+\t M422,256c0-91.755-74.258-166-166-166c-91.755,0-166,74.259-166,166c0,91.755,74.258,166,166,166C347.755,422,422,347.741,422,256z\n+\t M325.329,362.49l-67.327-67.324l-67.329,67.332l-36.164-36.186l67.314-67.322l-67.321-67.317l36.185-36.164l67.31,67.301\n+\tl67.3-67.309l36.193,36.17l-67.312,67.315l67.32,67.31L325.329,362.49z\"/>\n+</svg>"},{"sha":"0ec2bf000d275b3e61749662784cbb3d5c1e8a37","filename":"selenium/che-selenium-test/src/main/java/org/eclipse/che/selenium/core/constant/TestMenuCommandsConstants.java","status":"modified","additions":1,"deletions":1,"changes":2,"blob_url":"https://github.com/eclipse/che/blob/01ab2b2587f5247cf7b845e0752211f88dcd3280/selenium/che-selenium-test/src/main/java/org/eclipse/che/selenium/core/constant/TestMenuCommandsConstants.java","raw_url":"https://github.com/eclipse/che/raw/01ab2b2587f5247cf7b845e0752211f88dcd3280/selenium/che-selenium-test/src/main/java/org/eclipse/che/selenium/core/constant/TestMenuCommandsConstants.java","contents_url":"https://api.github.com/repos/eclipse/che/contents/selenium/che-selenium-test/src/main/java/org/eclipse/che/selenium/core/constant/TestMenuCommandsConstants.java?ref=01ab2b2587f5247cf7b845e0752211f88dcd3280","patch":"@@ -122,7 +122,6 @@\n   }\n \n   interface Git {\n-\n     String GIT_MENU_PREFFIX = \"gwt-debug-topmenu/Git/\";\n     String GIT = \"gwt-debug-MenuItem/git-true\";\n     String ADD_TO_INDEX = GIT_MENU_PREFFIX + \"gitAddToIndex\";\n@@ -138,6 +137,7 @@\n     String PROJECT_GIT_URL = GIT_MENU_PREFFIX + \"gitUrl\";\n     String INITIALIZE_REPOSITORY = GIT_MENU_PREFFIX + \"gitInitRepository\";\n     String DELETE_REPOSITORY = GIT_MENU_PREFFIX + \"gitDeleteRepository\";\n+    String REVERT_COMMIT = GIT_MENU_PREFFIX + \"gitRevertCommit\";\n \n     interface Remotes {\n       String REMOTES_TOP = \"gwt-debug-topmenu/Git/gitRemoteGroup\";"},{"sha":"162d96f93b990bf5c72f844b581fe221f1352087","filename":"selenium/che-selenium-test/src/main/java/org/eclipse/che/selenium/pageobject/Refactor.java","status":"modified","additions":9,"deletions":32,"changes":41,"blob_url":"https://github.com/eclipse/che/blob/01ab2b2587f5247cf7b845e0752211f88dcd3280/selenium/che-selenium-test/src/main/java/org/eclipse/che/selenium/pageobject/Refactor.java","raw_url":"https://github.com/eclipse/che/raw/01ab2b2587f5247cf7b845e0752211f88dcd3280/selenium/che-selenium-test/src/main/java/org/eclipse/che/selenium/pageobject/Refactor.java","contents_url":"https://api.github.com/repos/eclipse/che/contents/selenium/che-selenium-test/src/main/java/org/eclipse/che/selenium/pageobject/Refactor.java?ref=01ab2b2587f5247cf7b845e0752211f88dcd3280","patch":"@@ -99,10 +99,8 @@ public Refactor(SeleniumWebDriver seleniumWebDriver, Loader loader) {\n     String FLAG_ITEM_INPUT =\n         \"//div[@id='tree-of-changes']//div[contains(text(),'%s')]/preceding-sibling::span/input\";\n     String PREVIEW_EDITOR_FRAME = \"//iframe[contains(@src, 'Compare.html')]\";\n-    String LEFT_EDITOR =\n-        \"//div[@id='compareParentDiv_left_editor_id']//div[@class='textviewContent']\";\n-    String RIGHT_EDITOR =\n-        \"//div[@id='compareParentDiv_right_editor_id']//div[@class='textviewContent']\";\n+    String LEFT_EDITOR = \"compareParentDiv_left_editor_id\";\n+    String RIGHT_EDITOR = \"compareParentDiv_right_editor_id\";\n     String LEASED_LINE_LEFT_EDITOR = \"//div[contains(@class,'annotationLine addedBlockDiff')]\";\n     String LEASED_LINE_RIGHT_EDITOR = \"//div[contains(@class,'annotationLine deletedBlockDiff')]\";\n   }\n@@ -176,9 +174,12 @@ public Refactor(SeleniumWebDriver seleniumWebDriver, Loader loader) {\n   @FindBy(xpath = Locators.RENAME_COMPILATION_UNIT_FORM)\n   WebElement renameCompilationUnit;\n \n-  @FindBy(xpath = Locators.LEFT_EDITOR)\n+  @FindBy(id = Locators.LEFT_EDITOR)\n   WebElement leftEditor;\n \n+  @FindBy(id = Locators.RIGHT_EDITOR)\n+  WebElement rightEditor;\n+\n   /** wait the 'rename package form' is open */\n   public void waitRenamePackageFormIsOpen() {\n     new WebDriverWait(seleniumWebDriver, REDRAW_UI_ELEMENTS_TIMEOUT_SEC)\n@@ -644,15 +645,7 @@ public void clickOnItemByNameAndPosition(String nameItem, int position) {\n    */\n   public void checkTextFromLeftEditor(String expectedText) {\n     new WebDriverWait(seleniumWebDriver, LOAD_PAGE_TIMEOUT_SEC)\n-        .until(\n-            ExpectedConditions.frameToBeAvailableAndSwitchToIt(\n-                By.xpath(Locators.PREVIEW_EDITOR_FRAME)));\n-    new WebDriverWait(seleniumWebDriver, LOAD_PAGE_TIMEOUT_SEC)\n-        .until(\n-            ExpectedConditions.textToBePresentInElementLocated(\n-                By.xpath(Locators.LEFT_EDITOR), expectedText));\n-\n-    seleniumWebDriver.switchTo().parentFrame();\n+        .until(ExpectedConditions.textToBePresentInElement(leftEditor, expectedText));\n   }\n \n   /**\n@@ -661,15 +654,9 @@ public void checkTextFromLeftEditor(String expectedText) {\n    * @param expectedText expected text\n    */\n   public void checkTextFromRightEditor(String expectedText) {\n+\n     new WebDriverWait(seleniumWebDriver, LOAD_PAGE_TIMEOUT_SEC)\n-        .until(\n-            ExpectedConditions.frameToBeAvailableAndSwitchToIt(\n-                By.xpath(Locators.PREVIEW_EDITOR_FRAME)));\n-    new WebDriverWait(seleniumWebDriver, LOAD_PAGE_TIMEOUT_SEC)\n-        .until(\n-            ExpectedConditions.textToBePresentInElementLocated(\n-                By.xpath(Locators.RIGHT_EDITOR), expectedText));\n-    seleniumWebDriver.switchTo().parentFrame();\n+        .until(ExpectedConditions.textToBePresentInElement(rightEditor, expectedText));\n   }\n \n   /**\n@@ -728,17 +715,12 @@ public boolean itemIsSelectedByNameAndPosition(String nameItem, int position) {\n    * @return quantity of leased lines\n    */\n   public int getQuantityLeasedLineInLeftEditor() {\n-    new WebDriverWait(seleniumWebDriver, LOAD_PAGE_TIMEOUT_SEC)\n-        .until(\n-            ExpectedConditions.frameToBeAvailableAndSwitchToIt(\n-                By.xpath(Locators.PREVIEW_EDITOR_FRAME)));\n     int lineQuantity =\n         new WebDriverWait(seleniumWebDriver, REDRAW_UI_ELEMENTS_TIMEOUT_SEC)\n             .until(\n                 ExpectedConditions.presenceOfAllElementsLocatedBy(\n                     By.xpath(Locators.LEASED_LINE_LEFT_EDITOR)))\n             .size();\n-    seleniumWebDriver.switchTo().parentFrame();\n     return lineQuantity;\n   }\n \n@@ -748,17 +730,12 @@ public int getQuantityLeasedLineInLeftEditor() {\n    * @return quantity of leased lines\n    */\n   public int getQuantityLeasedLineInRightEditor() {\n-    new WebDriverWait(seleniumWebDriver, LOAD_PAGE_TIMEOUT_SEC)\n-        .until(\n-            ExpectedConditions.frameToBeAvailableAndSwitchToIt(\n-                By.xpath(Locators.PREVIEW_EDITOR_FRAME)));\n     int lineQuantity =\n         new WebDriverWait(seleniumWebDriver, REDRAW_UI_ELEMENTS_TIMEOUT_SEC)\n             .until(\n                 ExpectedConditions.presenceOfAllElementsLocatedBy(\n                     By.xpath(Locators.LEASED_LINE_RIGHT_EDITOR)))\n             .size();\n-    seleniumWebDriver.switchTo().parentFrame();\n     return lineQuantity;\n   }\n }"},{"sha":"41491b46c69ef2c582bbbe014f5b0ea07b41eae4","filename":"selenium/che-selenium-test/src/main/java/org/eclipse/che/selenium/pageobject/git/Git.java","status":"modified","additions":1,"deletions":1,"changes":2,"blob_url":"https://github.com/eclipse/che/blob/01ab2b2587f5247cf7b845e0752211f88dcd3280/selenium/che-selenium-test/src/main/java/org/eclipse/che/selenium/pageobject/git/Git.java","raw_url":"https://github.com/eclipse/che/raw/01ab2b2587f5247cf7b845e0752211f88dcd3280/selenium/che-selenium-test/src/main/java/org/eclipse/che/selenium/pageobject/git/Git.java","contents_url":"https://api.github.com/repos/eclipse/che/contents/selenium/che-selenium-test/src/main/java/org/eclipse/che/selenium/pageobject/git/Git.java?ref=01ab2b2587f5247cf7b845e0752211f88dcd3280","patch":"@@ -119,7 +119,7 @@ public void closeGitInfoPanel() {\n    */\n   public void waitGitStatusBarWithMess(String expextedMess) {\n     loader.waitOnClosed();\n-    gitStatusBar.waitMesageIntoGitInfoPAnel(expextedMess);\n+    gitStatusBar.waitMessageInGitTab(expextedMess);\n   }\n \n   /** wait and click on the 'navigate button' in the 'git console' */"},{"sha":"1d1c329eeb8fb900e60d4a7e48a81f2fca9f8117","filename":"selenium/che-selenium-test/src/main/java/org/eclipse/che/selenium/pageobject/git/GitRevertCommit.java","status":"added","additions":101,"deletions":0,"changes":101,"blob_url":"https://github.com/eclipse/che/blob/01ab2b2587f5247cf7b845e0752211f88dcd3280/selenium/che-selenium-test/src/main/java/org/eclipse/che/selenium/pageobject/git/GitRevertCommit.java","raw_url":"https://github.com/eclipse/che/raw/01ab2b2587f5247cf7b845e0752211f88dcd3280/selenium/che-selenium-test/src/main/java/org/eclipse/che/selenium/pageobject/git/GitRevertCommit.java","contents_url":"https://api.github.com/repos/eclipse/che/contents/selenium/che-selenium-test/src/main/java/org/eclipse/che/selenium/pageobject/git/GitRevertCommit.java?ref=01ab2b2587f5247cf7b845e0752211f88dcd3280","patch":"@@ -0,0 +1,101 @@\n+/*\n+ * Copyright (c) 2012-2017 Red Hat, Inc.\n+ * All rights reserved. This program and the accompanying materials\n+ * are made available under the terms of the Eclipse Public License v1.0\n+ * which accompanies this distribution, and is available at\n+ * http://www.eclipse.org/legal/epl-v10.html\n+ *\n+ * Contributors:\n+ *   Red Hat, Inc. - initial API and implementation\n+ */\n+package org.eclipse.che.selenium.pageobject.git;\n+\n+import static org.eclipse.che.selenium.core.constant.TestTimeoutsConstants.ELEMENT_TIMEOUT_SEC;\n+import static org.eclipse.che.selenium.core.constant.TestTimeoutsConstants.REDRAW_UI_ELEMENTS_TIMEOUT_SEC;\n+\n+import com.google.inject.Inject;\n+import com.google.inject.Singleton;\n+import org.eclipse.che.selenium.core.SeleniumWebDriver;\n+import org.eclipse.che.selenium.pageobject.Loader;\n+import org.openqa.selenium.By;\n+import org.openqa.selenium.WebElement;\n+import org.openqa.selenium.support.FindBy;\n+import org.openqa.selenium.support.PageFactory;\n+import org.openqa.selenium.support.ui.ExpectedConditions;\n+import org.openqa.selenium.support.ui.WebDriverWait;\n+\n+/** @author Anatolii Bazko */\n+@Singleton\n+public class GitRevertCommit {\n+  private static final String REVERT_COMMIT_PANEL = \"gwt-debug-revert-commit-panel\";\n+  private static final String REVERT_BUTTON = \"git-revert\";\n+  private static final String CANCEL_BUTTON = \"git-revert-cancel\";\n+\n+  private final SeleniumWebDriver seleniumWebDriver;\n+  private final Loader loader;\n+\n+  @Inject\n+  public GitRevertCommit(SeleniumWebDriver seleniumWebDriver, Loader loader) {\n+    this.seleniumWebDriver = seleniumWebDriver;\n+    this.loader = loader;\n+    PageFactory.initElements(seleniumWebDriver, this);\n+  }\n+\n+  @FindBy(id = REVERT_COMMIT_PANEL)\n+  private WebElement revertPanel;\n+\n+  @FindBy(id = REVERT_BUTTON)\n+  private WebElement revertButton;\n+\n+  @FindBy(id = CANCEL_BUTTON)\n+  private WebElement cancelButton;\n+\n+  public void waitRevertPanelOpened() {\n+    new WebDriverWait(seleniumWebDriver, ELEMENT_TIMEOUT_SEC)\n+        .until(ExpectedConditions.visibilityOf(revertPanel));\n+  }\n+\n+  public void waitRevertPanelClosed() {\n+    new WebDriverWait(seleniumWebDriver, ELEMENT_TIMEOUT_SEC)\n+        .until(ExpectedConditions.invisibilityOfElementLocated(By.id(REVERT_COMMIT_PANEL)));\n+  }\n+\n+  public void clickRevertButton() {\n+    new WebDriverWait(seleniumWebDriver, ELEMENT_TIMEOUT_SEC)\n+        .until(ExpectedConditions.visibilityOf(revertButton))\n+        .click();\n+  }\n+\n+  public String getTopCommitRevision() {\n+    loader.waitOnClosed();\n+    return new WebDriverWait(seleniumWebDriver, ELEMENT_TIMEOUT_SEC)\n+        .until(ExpectedConditions.visibilityOf(revertPanel))\n+        .getText()\n+        .split(\"\\n\")[1]\n+        .replaceAll(\"\\\\.\", \"\");\n+  }\n+\n+  public String getTopCommitComment() {\n+    loader.waitOnClosed();\n+    return new WebDriverWait(seleniumWebDriver, ELEMENT_TIMEOUT_SEC)\n+        .until(ExpectedConditions.visibilityOf(revertPanel))\n+        .getText()\n+        .split(\"\\n\")[4];\n+  }\n+\n+  public String getTopCommitAuthor() {\n+    loader.waitOnClosed();\n+    return new WebDriverWait(seleniumWebDriver, ELEMENT_TIMEOUT_SEC)\n+        .until(ExpectedConditions.visibilityOf(revertPanel))\n+        .getText()\n+        .split(\"\\n\")[3];\n+  }\n+\n+  public void selectRevision(String revision) {\n+    new WebDriverWait(seleniumWebDriver, REDRAW_UI_ELEMENTS_TIMEOUT_SEC)\n+        .until(\n+            ExpectedConditions.visibilityOfElementLocated(\n+                By.xpath(\"//*[contains(text(),'\" + revision + \"')]\")))\n+        .click();\n+  }\n+}"},{"sha":"495bfe348051a74a300deb45601dfb762c1e4c74","filename":"selenium/che-selenium-test/src/main/java/org/eclipse/che/selenium/pageobject/git/GitStatusBar.java","status":"modified","additions":2,"deletions":10,"changes":12,"blob_url":"https://github.com/eclipse/che/blob/01ab2b2587f5247cf7b845e0752211f88dcd3280/selenium/che-selenium-test/src/main/java/org/eclipse/che/selenium/pageobject/git/GitStatusBar.java","raw_url":"https://github.com/eclipse/che/raw/01ab2b2587f5247cf7b845e0752211f88dcd3280/selenium/che-selenium-test/src/main/java/org/eclipse/che/selenium/pageobject/git/GitStatusBar.java","contents_url":"https://api.github.com/repos/eclipse/che/contents/selenium/che-selenium-test/src/main/java/org/eclipse/che/selenium/pageobject/git/GitStatusBar.java?ref=01ab2b2587f5247cf7b845e0752211f88dcd3280","patch":"@@ -17,7 +17,6 @@\n import com.google.inject.Singleton;\n import org.eclipse.che.selenium.core.SeleniumWebDriver;\n import org.openqa.selenium.By;\n-import org.openqa.selenium.WebDriver;\n import org.openqa.selenium.WebElement;\n import org.openqa.selenium.support.FindBy;\n import org.openqa.selenium.support.PageFactory;\n@@ -97,17 +96,10 @@ public void clickOnGitStatusBarTab() {\n     statusBarTab.click();\n   }\n \n-  /** wait expected message into the IDE git status bar */\n-  public void waitMesageIntoGitInfoPAnel(final String message) {\n+  public void waitMessageInGitTab(String message) {\n     waitGitStatusBarInfoPanel();\n     new WebDriverWait(seleniumWebDriver, LOAD_PAGE_TIMEOUT_SEC)\n-        .until(\n-            new ExpectedCondition<Boolean>() {\n-              @Override\n-              public Boolean apply(WebDriver webDriver) {\n-                return getTextStatus().contains(message);\n-              }\n-            });\n+        .until((ExpectedCondition<Boolean>) webDriver -> getTextStatus().contains(message));\n   }\n \n   /** wait and click on navigate button in the 'git console' */"},{"sha":"e9b46d8d1bbbe60f2d112577fe6542c78b2f78fa","filename":"selenium/che-selenium-test/src/test/java/org/eclipse/che/selenium/git/RevertCommitTest.java","status":"added","additions":106,"deletions":0,"changes":106,"blob_url":"https://github.com/eclipse/che/blob/01ab2b2587f5247cf7b845e0752211f88dcd3280/selenium/che-selenium-test/src/test/java/org/eclipse/che/selenium/git/RevertCommitTest.java","raw_url":"https://github.com/eclipse/che/raw/01ab2b2587f5247cf7b845e0752211f88dcd3280/selenium/che-selenium-test/src/test/java/org/eclipse/che/selenium/git/RevertCommitTest.java","contents_url":"https://api.github.com/repos/eclipse/che/contents/selenium/che-selenium-test/src/test/java/org/eclipse/che/selenium/git/RevertCommitTest.java?ref=01ab2b2587f5247cf7b845e0752211f88dcd3280","patch":"@@ -0,0 +1,106 @@\n+/*\n+ * Copyright (c) 2012-2017 Red Hat, Inc.\n+ * All rights reserved. This program and the accompanying materials\n+ * are made available under the terms of the Eclipse Public License v1.0\n+ * which accompanies this distribution, and is available at\n+ * http://www.eclipse.org/legal/epl-v10.html\n+ *\n+ * Contributors:\n+ *   Red Hat, Inc. - initial API and implementation\n+ */\n+package org.eclipse.che.selenium.git;\n+\n+import static org.eclipse.che.selenium.core.constant.TestMenuCommandsConstants.Git.GIT;\n+import static org.eclipse.che.selenium.core.constant.TestMenuCommandsConstants.Git.REVERT_COMMIT;\n+import static org.testng.Assert.assertEquals;\n+import static org.testng.Assert.assertTrue;\n+\n+import com.google.inject.Inject;\n+import com.google.inject.name.Named;\n+import org.eclipse.che.api.core.ConflictException;\n+import org.eclipse.che.commons.lang.NameGenerator;\n+import org.eclipse.che.selenium.core.client.TestGitHubServiceClient;\n+import org.eclipse.che.selenium.core.client.TestSshServiceClient;\n+import org.eclipse.che.selenium.core.client.TestUserPreferencesServiceClient;\n+import org.eclipse.che.selenium.core.user.DefaultTestUser;\n+import org.eclipse.che.selenium.core.workspace.TestWorkspace;\n+import org.eclipse.che.selenium.pageobject.Ide;\n+import org.eclipse.che.selenium.pageobject.Menu;\n+import org.eclipse.che.selenium.pageobject.ProjectExplorer;\n+import org.eclipse.che.selenium.pageobject.Wizard;\n+import org.eclipse.che.selenium.pageobject.git.GitRevertCommit;\n+import org.eclipse.che.selenium.pageobject.git.GitStatusBar;\n+import org.testng.annotations.BeforeClass;\n+import org.testng.annotations.Test;\n+\n+/**\n+ * @author Anatolii Bazko\n+ */\n+public class RevertCommitTest {\n+  private static final String PROJECT_NAME = NameGenerator.generate(\"project\", 2);\n+\n+  @Inject private TestWorkspace ws;\n+  @Inject private Ide ide;\n+  @Inject private DefaultTestUser productUser;\n+\n+  @Inject\n+  @Named(\"github.username\")\n+  private String gitHubUsername;\n+\n+  @Inject\n+  @Named(\"github.password\")\n+  private String gitHubPassword;\n+\n+  @Inject private ProjectExplorer projectExplorer;\n+  @Inject private Menu menu;\n+  @Inject private org.eclipse.che.selenium.pageobject.git.Git git;\n+  @Inject private TestSshServiceClient testSshServiceClient;\n+  @Inject private TestUserPreferencesServiceClient testUserPreferencesServiceClient;\n+  @Inject private TestGitHubServiceClient gitHubClientService;\n+  @Inject private GitRevertCommit gitRevertCommit;\n+  @Inject private GitStatusBar gitStatusBar;\n+\n+  @BeforeClass\n+  public void prepare() throws Exception {\n+    uploadSshKey();\n+    testUserPreferencesServiceClient.addGitCommitter(gitHubUsername, productUser.getEmail());\n+\n+    ide.open(ws);\n+\n+    git.importJavaApp(\n+        \"git@github.com:\" + gitHubUsername + \"/testRepo-1.git\",\n+        PROJECT_NAME,\n+        Wizard.TypeProject.MAVEN);\n+\n+    projectExplorer.waitProjectExplorer();\n+    projectExplorer.waitItem(PROJECT_NAME);\n+    projectExplorer.selectItem(PROJECT_NAME);\n+  }\n+\n+  @Test\n+  public void shouldRevertCommit() {\n+    menu.runCommand(GIT, REVERT_COMMIT);\n+\n+    String revision = gitRevertCommit.getTopCommitRevision();\n+    String comment = gitRevertCommit.getTopCommitComment();\n+\n+    gitRevertCommit.selectRevision(revision);\n+    gitRevertCommit.clickRevertButton();\n+\n+    gitStatusBar.waitMessageInGitTab(\"Reverted commits: \" + revision);\n+\n+    menu.runCommand(GIT, REVERT_COMMIT);\n+\n+    assertEquals(gitRevertCommit.getTopCommitAuthor(), gitHubUsername);\n+    assertTrue(gitRevertCommit.getTopCommitComment().contains(\"Revert \\\"\" + comment + \"\\\"\"));\n+  }\n+\n+  private void uploadSshKey() throws Exception {\n+    try {\n+      String publicKey = testSshServiceClient.generateGithubKey();\n+      gitHubClientService.uploadPublicKey(gitHubUsername, gitHubPassword, publicKey);\n+    } catch (ConflictException ignored) {\n+      // already generated\n+    }\n+  }\n+}"},{"sha":"fb0bfef33098a47b135341a9261d9762e2541eaf","filename":"selenium/che-selenium-test/src/test/java/org/eclipse/che/selenium/miscellaneous/CheckRestoringWorkspaceAfterStoppingWsAgentProcess.java","status":"renamed","additions":21,"deletions":8,"changes":29,"blob_url":"https://github.com/eclipse/che/blob/01ab2b2587f5247cf7b845e0752211f88dcd3280/selenium/che-selenium-test/src/test/java/org/eclipse/che/selenium/miscellaneous/CheckRestoringWorkspaceAfterStoppingWsAgentProcess.java","raw_url":"https://github.com/eclipse/che/raw/01ab2b2587f5247cf7b845e0752211f88dcd3280/selenium/che-selenium-test/src/test/java/org/eclipse/che/selenium/miscellaneous/CheckRestoringWorkspaceAfterStoppingWsAgentProcess.java","contents_url":"https://api.github.com/repos/eclipse/che/contents/selenium/che-selenium-test/src/test/java/org/eclipse/che/selenium/miscellaneous/CheckRestoringWorkspaceAfterStoppingWsAgentProcess.java?ref=01ab2b2587f5247cf7b845e0752211f88dcd3280","patch":"@@ -10,17 +10,22 @@\n  */\n package org.eclipse.che.selenium.miscellaneous;\n \n-import static org.eclipse.che.selenium.core.constant.TestTimeoutsConstants.LOAD_PAGE_TIMEOUT_SEC;\n+import static org.eclipse.che.api.core.model.workspace.WorkspaceStatus.RUNNING;\n import static org.eclipse.che.selenium.core.constant.TestTimeoutsConstants.REDRAW_UI_ELEMENTS_TIMEOUT_SEC;\n+import static org.eclipse.che.selenium.core.constant.TestTimeoutsConstants.WIDGET_TIMEOUT_SEC;\n \n import com.google.inject.Inject;\n import java.net.URL;\n import java.nio.file.Paths;\n+import org.eclipse.che.commons.lang.NameGenerator;\n+import org.eclipse.che.selenium.core.SeleniumWebDriver;\n import org.eclipse.che.selenium.core.client.TestCommandServiceClient;\n import org.eclipse.che.selenium.core.client.TestProjectServiceClient;\n+import org.eclipse.che.selenium.core.client.TestWorkspaceServiceClient;\n import org.eclipse.che.selenium.core.constant.TestCommandsConstants;\n import org.eclipse.che.selenium.core.constant.TestWorkspaceConstants;\n import org.eclipse.che.selenium.core.project.ProjectTemplates;\n+import org.eclipse.che.selenium.core.user.DefaultTestUser;\n import org.eclipse.che.selenium.core.workspace.TestWorkspace;\n import org.eclipse.che.selenium.pageobject.Events;\n import org.eclipse.che.selenium.pageobject.Ide;\n@@ -37,19 +42,22 @@\n  *\n  * @author Musienko Maxim\n  */\n-public class CheckWsAgentAfterStopProcessTest {\n-  private static final String PROJECT_NAME = CheckWsAgentAfterStopProcessTest.class.getSimpleName();\n+public class CheckRestoringWorkspaceAfterStoppingWsAgentProcess {\n+  private static final String PROJECT_NAME = NameGenerator.generate(\"project\", 4);\n   private static final String nameCommandForKillWsAgent = \"killWsAgent\";\n   private static final String killPIDWSAgentCommand =\n       \"kill -9 $(ps ax | grep java | grep ws-agent | grep conf | grep -v grep | awk '{print $1}')\";\n \n   @Inject private TestWorkspace workspace;\n+  @Inject private DefaultTestUser defaultTestUser;\n   @Inject private Ide ide;\n   @Inject private ProjectExplorer projectExplorer;\n   @Inject private Events events;\n   @Inject private ToastLoader toastLoader;\n   @Inject private TestCommandServiceClient testCommandServiceClient;\n   @Inject private TestProjectServiceClient testProjectServiceClient;\n+  @Inject private TestWorkspaceServiceClient testWorkspaceServiceClient;\n+  @Inject private SeleniumWebDriver seleniumWebDriver;\n \n   @BeforeClass\n   public void setUp() throws Exception {\n@@ -58,7 +66,7 @@ public void setUp() throws Exception {\n         workspace.getId(),\n         Paths.get(resource.toURI()),\n         PROJECT_NAME,\n-        ProjectTemplates.MAVEN_SPRING.toString());\n+        ProjectTemplates.MAVEN_SPRING);\n     testCommandServiceClient.createCommand(\n         killPIDWSAgentCommand,\n         nameCommandForKillWsAgent,\n@@ -67,21 +75,26 @@ public void setUp() throws Exception {\n     ide.open(workspace);\n   }\n \n-  @Test\n-  public void checkDialogAfterKillingProcess() throws Exception {\n+  @Test(priority = 0)\n+  public void checkRestoreWsAgentByApi() throws Exception {\n     String expectedMessageOInDialog =\n         \"Workspace agent is no longer responding. To fix the problem, restart the workspace.\";\n     projectExplorer.waitItem(PROJECT_NAME);\n     toastLoader.waitAppeareanceAndClosing();\n     projectExplorer.invokeCommandWithContextMenu(\n         ProjectExplorer.CommandsGoal.COMMON, PROJECT_NAME, nameCommandForKillWsAgent);\n-    new WebDriverWait(ide.driver(), LOAD_PAGE_TIMEOUT_SEC * 3)\n+    new WebDriverWait(seleniumWebDriver, WIDGET_TIMEOUT_SEC)\n         .until(\n             ExpectedConditions.visibilityOfElementLocated(\n                 By.xpath(\"//span[text()='\" + expectedMessageOInDialog + \"']\")));\n-    new WebDriverWait(ide.driver(), REDRAW_UI_ELEMENTS_TIMEOUT_SEC)\n+    new WebDriverWait(seleniumWebDriver, REDRAW_UI_ELEMENTS_TIMEOUT_SEC)\n         .until(ExpectedConditions.visibilityOfElementLocated(By.id(\"ask-dialog-first\")))\n         .click();\n+    testWorkspaceServiceClient.waitStatus(workspace.getName(), defaultTestUser.getName(), RUNNING);\n+  }\n+\n+  @Test(priority = 1)\n+  public void checkRestoreIdeItems() {\n     projectExplorer.waitItem(PROJECT_NAME);\n     events.clickProjectEventsTab();\n     events.waitExpectedMessage(TestWorkspaceConstants.RUNNING_WORKSPACE_MESS);","previous_filename":"selenium/che-selenium-test/src/test/java/org/eclipse/che/selenium/miscellaneous/CheckWsAgentAfterStopProcessTest.java"},{"sha":"e5a0ff3a14401c6a87b65764b4fa9a4f8850f70f","filename":"selenium/che-selenium-test/src/test/java/org/eclipse/che/selenium/refactor/preview/PreviewRefactoringTest.java","status":"renamed","additions":5,"deletions":3,"changes":8,"blob_url":"https://github.com/eclipse/che/blob/01ab2b2587f5247cf7b845e0752211f88dcd3280/selenium/che-selenium-test/src/test/java/org/eclipse/che/selenium/refactor/preview/PreviewRefactoringTest.java","raw_url":"https://github.com/eclipse/che/raw/01ab2b2587f5247cf7b845e0752211f88dcd3280/selenium/che-selenium-test/src/test/java/org/eclipse/che/selenium/refactor/preview/PreviewRefactoringTest.java","contents_url":"https://api.github.com/repos/eclipse/che/contents/selenium/che-selenium-test/src/test/java/org/eclipse/che/selenium/refactor/preview/PreviewRefactoringTest.java?ref=01ab2b2587f5247cf7b845e0752211f88dcd3280","patch":"@@ -13,6 +13,7 @@\n import com.google.inject.Inject;\n import java.net.URL;\n import java.nio.file.Paths;\n+import org.eclipse.che.commons.lang.NameGenerator;\n import org.eclipse.che.selenium.core.client.TestProjectServiceClient;\n import org.eclipse.che.selenium.core.project.ProjectTemplates;\n import org.eclipse.che.selenium.core.workspace.TestWorkspace;\n@@ -26,8 +27,9 @@\n import org.testng.annotations.Test;\n \n /** @author Andrey Chizhikov */\n-public class PreviewRefreshTest {\n-  private static final String PROJECT_NAME = PreviewRefreshTest.class.getSimpleName();\n+public class PreviewRefactoringTest {\n+  private static final String PROJECT_NAME =\n+      NameGenerator.generate(PreviewRefactoringTest.class.getSimpleName(), 3);\n \n   private static final String EXPECTED_TEXT_BEFORE_CHANGE =\n       \"import javax.servlet.http.HttpServletResponse;\\n\"\n@@ -105,7 +107,7 @@\n \n   @BeforeClass\n   public void setUp() throws Exception {\n-    URL resource = PreviewRefreshTest.this.getClass().getResource(\"/projects/guess-project\");\n+    URL resource = getClass().getResource(\"/projects/guess-project\");\n     testProjectServiceClient.importProject(\n         workspace.getId(),\n         Paths.get(resource.toURI()),","previous_filename":"selenium/che-selenium-test/src/test/java/org/eclipse/che/selenium/refactor/preview/PreviewRefreshTest.java"},{"sha":"1daa8091e5556189d206982b4cd9e2635baad002","filename":"selenium/che-selenium-test/src/test/resources/suites/CheSuite.xml","status":"modified","additions":3,"deletions":2,"changes":5,"blob_url":"https://github.com/eclipse/che/blob/01ab2b2587f5247cf7b845e0752211f88dcd3280/selenium/che-selenium-test/src/test/resources/suites/CheSuite.xml","raw_url":"https://github.com/eclipse/che/raw/01ab2b2587f5247cf7b845e0752211f88dcd3280/selenium/che-selenium-test/src/test/resources/suites/CheSuite.xml","contents_url":"https://api.github.com/repos/eclipse/che/contents/selenium/che-selenium-test/src/test/resources/suites/CheSuite.xml?ref=01ab2b2587f5247cf7b845e0752211f88dcd3280","patch":"@@ -316,6 +316,7 @@\n                     <exclude name=\"commitFilesTest\"/>\n                 </methods>\n             </class>\n+            <class name=\"org.eclipse.che.selenium.git.RevertCommitTest\"/>\n             <class name=\"org.eclipse.che.selenium.git.CreateAndDeleteLocalBranchTest\"/>\n             <class name=\"org.eclipse.che.selenium.git.FetchUpdatesAndMergeRemoteBranchIntoLocalTest\"/>\n             <class name=\"org.eclipse.che.selenium.git.GitCompareTest\"/>\n@@ -429,7 +430,7 @@\n                     <exclude name=\"checkMacrosFeature\"/>\n                 </methods>\n             </class>\n-            <class name=\"org.eclipse.che.selenium.miscellaneous.CheckWsAgentAfterStopProcessTest\">\n+            <class name=\"org.eclipse.che.selenium.miscellaneous.CheckRestoringWorkspaceAfterStoppingWsAgentProcess\">\n                 <methods>\n                     <!-- unstable -->\n                     <exclude name=\"checkDialogAfterKillingProcess\"/>\n@@ -869,7 +870,7 @@\n                     <exclude name=\"previewChangeTest\"/>\n                 </methods>\n             </class>\n-            <class name=\"org.eclipse.che.selenium.refactor.preview.PreviewRefreshTest\"/>\n+            <class name=\"org.eclipse.che.selenium.refactor.preview.PreviewRefactoringTest\"/>\n             <class name=\"org.eclipse.che.selenium.refactor.types.GenericsTest\"/>\n             <class name=\"org.eclipse.che.selenium.refactor.types.IllegalTypeNameTest\">\n                 <methods>"},{"sha":"d6864f735cde85d7eeb72fc39f795745a6337053","filename":"wsagent/che-core-api-git-shared/src/main/java/org/eclipse/che/api/git/shared/RevertRequest.java","status":"added","additions":24,"deletions":0,"changes":24,"blob_url":"https://github.com/eclipse/che/blob/01ab2b2587f5247cf7b845e0752211f88dcd3280/wsagent/che-core-api-git-shared/src/main/java/org/eclipse/che/api/git/shared/RevertRequest.java","raw_url":"https://github.com/eclipse/che/raw/01ab2b2587f5247cf7b845e0752211f88dcd3280/wsagent/che-core-api-git-shared/src/main/java/org/eclipse/che/api/git/shared/RevertRequest.java","contents_url":"https://api.github.com/repos/eclipse/che/contents/wsagent/che-core-api-git-shared/src/main/java/org/eclipse/che/api/git/shared/RevertRequest.java?ref=01ab2b2587f5247cf7b845e0752211f88dcd3280","patch":"@@ -0,0 +1,24 @@\n+/*\n+ * Copyright (c) 2012-2017 Red Hat, Inc.\n+ * All rights reserved. This program and the accompanying materials\n+ * are made available under the terms of the Eclipse Public License v1.0\n+ * which accompanies this distribution, and is available at\n+ * http://www.eclipse.org/legal/epl-v10.html\n+ *\n+ * Contributors:\n+ *   Red Hat, Inc. - initial API and implementation\n+ */\n+package org.eclipse.che.api.git.shared;\n+\n+import org.eclipse.che.dto.shared.DTO;\n+\n+/** @author Anatolii Bazko */\n+@DTO\n+public interface RevertRequest {\n+\n+  String getCommit();\n+\n+  void setCommit(String commit);\n+\n+  RevertRequest withCommit(String commit);\n+}"},{"sha":"d0cbbd97e2bf5fd1b2ca7285dbc8d749bb8be11c","filename":"wsagent/che-core-api-git-shared/src/main/java/org/eclipse/che/api/git/shared/RevertResult.java","status":"added","additions":37,"deletions":0,"changes":37,"blob_url":"https://github.com/eclipse/che/blob/01ab2b2587f5247cf7b845e0752211f88dcd3280/wsagent/che-core-api-git-shared/src/main/java/org/eclipse/che/api/git/shared/RevertResult.java","raw_url":"https://github.com/eclipse/che/raw/01ab2b2587f5247cf7b845e0752211f88dcd3280/wsagent/che-core-api-git-shared/src/main/java/org/eclipse/che/api/git/shared/RevertResult.java","contents_url":"https://api.github.com/repos/eclipse/che/contents/wsagent/che-core-api-git-shared/src/main/java/org/eclipse/che/api/git/shared/RevertResult.java?ref=01ab2b2587f5247cf7b845e0752211f88dcd3280","patch":"@@ -0,0 +1,37 @@\n+/*\n+ * Copyright (c) 2012-2017 Red Hat, Inc.\n+ * All rights reserved. This program and the accompanying materials\n+ * are made available under the terms of the Eclipse Public License v1.0\n+ * which accompanies this distribution, and is available at\n+ * http://www.eclipse.org/legal/epl-v10.html\n+ *\n+ * Contributors:\n+ *   Red Hat, Inc. - initial API and implementation\n+ */\n+package org.eclipse.che.api.git.shared;\n+\n+import java.util.List;\n+import org.eclipse.che.dto.shared.DTO;\n+\n+/** @author Anatolii Bazko */\n+@DTO\n+public interface RevertResult {\n+\n+  List<String> getConflicts();\n+\n+  void setConflicts(List<String> conflicts);\n+\n+  RevertResult withConflicts(List<String> conflicts);\n+\n+  List<String> getRevertedCommits();\n+\n+  void setRevertedCommits(List<String> revertedCommits);\n+\n+  RevertResult withRevertedCommits(List<String> revertedCommits);\n+\n+  String getNewHead();\n+\n+  void setNewHead(String newHead);\n+\n+  RevertResult withNewHead(String newHead);\n+}"},{"sha":"045444a42e33a2f45e0537c5d1379ecaa5f8ce5e","filename":"wsagent/che-core-api-git/src/main/java/org/eclipse/che/api/git/GitConnection.java","status":"modified","additions":10,"deletions":0,"changes":10,"blob_url":"https://github.com/eclipse/che/blob/01ab2b2587f5247cf7b845e0752211f88dcd3280/wsagent/che-core-api-git/src/main/java/org/eclipse/che/api/git/GitConnection.java","raw_url":"https://github.com/eclipse/che/raw/01ab2b2587f5247cf7b845e0752211f88dcd3280/wsagent/che-core-api-git/src/main/java/org/eclipse/che/api/git/GitConnection.java","contents_url":"https://api.github.com/repos/eclipse/che/contents/wsagent/che-core-api-git/src/main/java/org/eclipse/che/api/git/GitConnection.java?ref=01ab2b2587f5247cf7b845e0752211f88dcd3280","patch":"@@ -42,6 +42,7 @@\n import org.eclipse.che.api.git.shared.RebaseResponse;\n import org.eclipse.che.api.git.shared.Remote;\n import org.eclipse.che.api.git.shared.RemoteReference;\n+import org.eclipse.che.api.git.shared.RevertResult;\n import org.eclipse.che.api.git.shared.Revision;\n import org.eclipse.che.api.git.shared.ShowFileContentResponse;\n import org.eclipse.che.api.git.shared.Status;\n@@ -389,4 +390,13 @@ void cloneWithSparseCheckout(String directory, String remoteUrl)\n    * @throws GitException if any exception occurs\n    */\n   String getCurrentBranch() throws GitException;\n+\n+  /**\n+   * Reverts a commit.\n+   *\n+   * @param commit the has of the commit to revert\n+   * @return the result of the revert operation\n+   * @throws GitException if any exception occurs\n+   */\n+  RevertResult revert(String commit) throws GitException;\n }"},{"sha":"2fdd862b8cc434a3764a84acd20885b7b9a9dc3c","filename":"wsagent/che-core-api-git/src/main/java/org/eclipse/che/api/git/GitService.java","status":"modified","additions":12,"deletions":0,"changes":12,"blob_url":"https://github.com/eclipse/che/blob/01ab2b2587f5247cf7b845e0752211f88dcd3280/wsagent/che-core-api-git/src/main/java/org/eclipse/che/api/git/GitService.java","raw_url":"https://github.com/eclipse/che/raw/01ab2b2587f5247cf7b845e0752211f88dcd3280/wsagent/che-core-api-git/src/main/java/org/eclipse/che/api/git/GitService.java","contents_url":"https://api.github.com/repos/eclipse/che/contents/wsagent/che-core-api-git/src/main/java/org/eclipse/che/api/git/GitService.java?ref=01ab2b2587f5247cf7b845e0752211f88dcd3280","patch":"@@ -74,6 +74,8 @@\n import org.eclipse.che.api.git.shared.RemoteUpdateRequest;\n import org.eclipse.che.api.git.shared.RepoInfo;\n import org.eclipse.che.api.git.shared.ResetRequest;\n+import org.eclipse.che.api.git.shared.RevertRequest;\n+import org.eclipse.che.api.git.shared.RevertResult;\n import org.eclipse.che.api.git.shared.Revision;\n import org.eclipse.che.api.git.shared.ShowFileContentResponse;\n import org.eclipse.che.api.git.shared.Status;\n@@ -554,6 +556,16 @@ public Commiters getCommiters(@Context UriInfo uriInfo) throws ApiException {\n     }\n   }\n \n+  @POST\n+  @Path(\"revert\")\n+  @Consumes(MediaType.APPLICATION_JSON)\n+  @Produces(MediaType.APPLICATION_JSON)\n+  public RevertResult revert(RevertRequest request) throws ApiException {\n+    try (GitConnection gitConnection = getGitConnection()) {\n+      return gitConnection.revert(request.getCommit());\n+    }\n+  }\n+\n   private String getAbsoluteProjectPath(String wsRelatedProjectPath) throws ApiException {\n     final RegisteredProject project = projectRegistry.getProject(wsRelatedProjectPath);\n     return project.getBaseFolder().getVirtualFile().toIoFile().getAbsolutePath();"},{"sha":"857d1b25f8a25a6c3dcfdbd7421a0cbbf7d6b550","filename":"wsagent/che-core-git-impl-jgit/src/main/java/org/eclipse/che/git/impl/jgit/JGitConnection.java","status":"modified","additions":30,"deletions":0,"changes":30,"blob_url":"https://github.com/eclipse/che/blob/01ab2b2587f5247cf7b845e0752211f88dcd3280/wsagent/che-core-git-impl-jgit/src/main/java/org/eclipse/che/git/impl/jgit/JGitConnection.java","raw_url":"https://github.com/eclipse/che/raw/01ab2b2587f5247cf7b845e0752211f88dcd3280/wsagent/che-core-git-impl-jgit/src/main/java/org/eclipse/che/git/impl/jgit/JGitConnection.java","contents_url":"https://api.github.com/repos/eclipse/che/contents/wsagent/che-core-git-impl-jgit/src/main/java/org/eclipse/che/git/impl/jgit/JGitConnection.java?ref=01ab2b2587f5247cf7b845e0752211f88dcd3280","patch":"@@ -120,6 +120,7 @@\n import org.eclipse.jgit.api.RebaseResult;\n import org.eclipse.jgit.api.ResetCommand;\n import org.eclipse.jgit.api.ResetCommand.ResetType;\n+import org.eclipse.jgit.api.RevertCommand;\n import org.eclipse.jgit.api.RmCommand;\n import org.eclipse.jgit.api.StatusCommand;\n import org.eclipse.jgit.api.TagCommand;\n@@ -1671,6 +1672,35 @@ public void reset(ResetParams params) throws GitException {\n     }\n   }\n \n+  @Override\n+  public RevertResult revert(String commit) throws GitException {\n+    RevCommit revCommit;\n+\n+    RevertCommand revertCommand = getGit().revert();\n+    try {\n+      revertCommand.include(this.repository.resolve(commit));\n+      revCommit = revertCommand.call();\n+    } catch (IOException | GitAPIException exception) {\n+      throw new GitException(exception.getMessage(), exception);\n+    }\n+\n+    List<Ref> jGitRevertedCommits = revertCommand.getRevertedRefs();\n+    List<String> revertedCommits = new ArrayList<>();\n+    if (jGitRevertedCommits != null) {\n+      for (Ref ref : jGitRevertedCommits) {\n+        revertedCommits.add(ref.getObjectId().name());\n+      }\n+    }\n+    String newHead = null;\n+    if (revCommit != null) {\n+      newHead = revCommit.getId().getName();\n+    }\n+    return newDto(RevertResult.class)\n+        .withRevertedCommits(revertedCommits)\n+        .withConflicts(revertCommand.getUnmergedPaths())\n+        .withNewHead(newHead);\n+  }\n+\n   @Override\n   public void rm(RmParams params) throws GitException {\n     List<String> files = params.getItems();"}]}
