{"sha":"01bff8415a780f97cff27140c9b6499b07f3446d","commit":{"author":{"name":"Mykola Morhun","email":"mmorhun@codenvy.com","date":"2016-06-16T13:19:41Z"},"committer":{"name":"Mykola Morhun","email":"mmorhun@codenvy.com","date":"2016-06-16T13:19:41Z"},"message":"Fix name convention\n\nSigned-off-by: Mykola Morhun <mmorhun@codenvy.com>","tree":{"sha":"bac807595bf67e04906a4f25d1e1d12198c52b02","url":"https://api.github.com/repos/eclipse/che/git/trees/bac807595bf67e04906a4f25d1e1d12198c52b02"},"url":"https://api.github.com/repos/eclipse/che/git/commits/01bff8415a780f97cff27140c9b6499b07f3446d","comment_count":0,"verification":{"verified":false,"reason":"unsigned","signature":null,"payload":null}},"url":"https://api.github.com/repos/eclipse/che/commits/01bff8415a780f97cff27140c9b6499b07f3446d","html_url":"https://github.com/eclipse/che/commit/01bff8415a780f97cff27140c9b6499b07f3446d","comments_url":"https://api.github.com/repos/eclipse/che/commits/01bff8415a780f97cff27140c9b6499b07f3446d/comments","author":{"login":"mmorhun","id":15607393,"avatar_url":"https://avatars2.githubusercontent.com/u/15607393?v=4","gravatar_id":"","url":"https://api.github.com/users/mmorhun","html_url":"https://github.com/mmorhun","followers_url":"https://api.github.com/users/mmorhun/followers","following_url":"https://api.github.com/users/mmorhun/following{/other_user}","gists_url":"https://api.github.com/users/mmorhun/gists{/gist_id}","starred_url":"https://api.github.com/users/mmorhun/starred{/owner}{/repo}","subscriptions_url":"https://api.github.com/users/mmorhun/subscriptions","organizations_url":"https://api.github.com/users/mmorhun/orgs","repos_url":"https://api.github.com/users/mmorhun/repos","events_url":"https://api.github.com/users/mmorhun/events{/privacy}","received_events_url":"https://api.github.com/users/mmorhun/received_events","type":"User","site_admin":false},"committer":{"login":"mmorhun","id":15607393,"avatar_url":"https://avatars2.githubusercontent.com/u/15607393?v=4","gravatar_id":"","url":"https://api.github.com/users/mmorhun","html_url":"https://github.com/mmorhun","followers_url":"https://api.github.com/users/mmorhun/followers","following_url":"https://api.github.com/users/mmorhun/following{/other_user}","gists_url":"https://api.github.com/users/mmorhun/gists{/gist_id}","starred_url":"https://api.github.com/users/mmorhun/starred{/owner}{/repo}","subscriptions_url":"https://api.github.com/users/mmorhun/subscriptions","organizations_url":"https://api.github.com/users/mmorhun/orgs","repos_url":"https://api.github.com/users/mmorhun/repos","events_url":"https://api.github.com/users/mmorhun/events{/privacy}","received_events_url":"https://api.github.com/users/mmorhun/received_events","type":"User","site_admin":false},"parents":[{"sha":"d2cb0b8e65fad3d96d168833de0c1f714b921747","url":"https://api.github.com/repos/eclipse/che/commits/d2cb0b8e65fad3d96d168833de0c1f714b921747","html_url":"https://github.com/eclipse/che/commit/d2cb0b8e65fad3d96d168833de0c1f714b921747"}],"stats":{"total":4,"additions":2,"deletions":2},"files":[{"sha":"33f2b0fcaa7674b24e25459ea50029404e3f0a90","filename":"plugins/plugin-debugger/che-plugin-debugger-ide/src/main/java/org/eclipse/che/plugin/debugger/ide/DebuggerExtension.java","status":"modified","additions":1,"deletions":1,"changes":2,"blob_url":"https://github.com/eclipse/che/blob/01bff8415a780f97cff27140c9b6499b07f3446d/plugins/plugin-debugger/che-plugin-debugger-ide/src/main/java/org/eclipse/che/plugin/debugger/ide/DebuggerExtension.java","raw_url":"https://github.com/eclipse/che/raw/01bff8415a780f97cff27140c9b6499b07f3446d/plugins/plugin-debugger/che-plugin-debugger-ide/src/main/java/org/eclipse/che/plugin/debugger/ide/DebuggerExtension.java","contents_url":"https://api.github.com/repos/eclipse/che/contents/plugins/plugin-debugger/che-plugin-debugger-ide/src/main/java/org/eclipse/che/plugin/debugger/ide/DebuggerExtension.java?ref=01bff8415a780f97cff27140c9b6499b07f3446d","patch":"@@ -44,7 +44,7 @@\n  * @author Artem Zatsarynnyi\n  * @author Valeriy Svydenko\n  * @author Anatoliy Bazko\n- * @author Morhun Mykola\n+ * @author Mykola Morhun\n  */\n @Singleton\n @Extension(title = \"Debugger\", version = \"4.1.0\")"},{"sha":"885b513145a63e6dfc7cc03bc15ef69a53603607","filename":"plugins/plugin-java-debugger/che-plugin-java-debugger-ide/src/main/java/org/eclipse/che/plugin/jdb/ide/JavaDebuggerExtension.java","status":"modified","additions":1,"deletions":1,"changes":2,"blob_url":"https://github.com/eclipse/che/blob/01bff8415a780f97cff27140c9b6499b07f3446d/plugins/plugin-java-debugger/che-plugin-java-debugger-ide/src/main/java/org/eclipse/che/plugin/jdb/ide/JavaDebuggerExtension.java","raw_url":"https://github.com/eclipse/che/raw/01bff8415a780f97cff27140c9b6499b07f3446d/plugins/plugin-java-debugger/che-plugin-java-debugger-ide/src/main/java/org/eclipse/che/plugin/jdb/ide/JavaDebuggerExtension.java","contents_url":"https://api.github.com/repos/eclipse/che/contents/plugins/plugin-java-debugger/che-plugin-java-debugger-ide/src/main/java/org/eclipse/che/plugin/jdb/ide/JavaDebuggerExtension.java?ref=01bff8415a780f97cff27140c9b6499b07f3446d","patch":"@@ -27,7 +27,7 @@\n  * @author Artem Zatsarynnyi\n  * @author Valeriy Svydenko\n  * @author Anatoliy Bazko\n- * @author Morhun Mykola\n+ * @author Mykola Morhun\n  */\n @Singleton\n @Extension(title = \"Java Debugger\", version = \"4.1.0\")"}]}
