{"sha":"01d06f3d35d207607cb149645fceeafb1c0fb53f","commit":{"author":{"name":"Max Shaposhnik","email":"mshaposh@redhat.com","date":"2017-08-16T12:08:45Z"},"committer":{"name":"Max Shaposhnik","email":"mshaposh@redhat.com","date":"2017-08-16T12:08:45Z"},"message":"Fix regexp","tree":{"sha":"5f26929013843097e326997c583804e37b0bea26","url":"https://api.github.com/repos/eclipse/che/git/trees/5f26929013843097e326997c583804e37b0bea26"},"url":"https://api.github.com/repos/eclipse/che/git/commits/01d06f3d35d207607cb149645fceeafb1c0fb53f","comment_count":0,"verification":{"verified":false,"reason":"unsigned","signature":null,"payload":null}},"url":"https://api.github.com/repos/eclipse/che/commits/01d06f3d35d207607cb149645fceeafb1c0fb53f","html_url":"https://github.com/eclipse/che/commit/01d06f3d35d207607cb149645fceeafb1c0fb53f","comments_url":"https://api.github.com/repos/eclipse/che/commits/01d06f3d35d207607cb149645fceeafb1c0fb53f/comments","author":{"login":"mshaposhnik","id":1651062,"avatar_url":"https://avatars0.githubusercontent.com/u/1651062?v=4","gravatar_id":"","url":"https://api.github.com/users/mshaposhnik","html_url":"https://github.com/mshaposhnik","followers_url":"https://api.github.com/users/mshaposhnik/followers","following_url":"https://api.github.com/users/mshaposhnik/following{/other_user}","gists_url":"https://api.github.com/users/mshaposhnik/gists{/gist_id}","starred_url":"https://api.github.com/users/mshaposhnik/starred{/owner}{/repo}","subscriptions_url":"https://api.github.com/users/mshaposhnik/subscriptions","organizations_url":"https://api.github.com/users/mshaposhnik/orgs","repos_url":"https://api.github.com/users/mshaposhnik/repos","events_url":"https://api.github.com/users/mshaposhnik/events{/privacy}","received_events_url":"https://api.github.com/users/mshaposhnik/received_events","type":"User","site_admin":false},"committer":{"login":"mshaposhnik","id":1651062,"avatar_url":"https://avatars0.githubusercontent.com/u/1651062?v=4","gravatar_id":"","url":"https://api.github.com/users/mshaposhnik","html_url":"https://github.com/mshaposhnik","followers_url":"https://api.github.com/users/mshaposhnik/followers","following_url":"https://api.github.com/users/mshaposhnik/following{/other_user}","gists_url":"https://api.github.com/users/mshaposhnik/gists{/gist_id}","starred_url":"https://api.github.com/users/mshaposhnik/starred{/owner}{/repo}","subscriptions_url":"https://api.github.com/users/mshaposhnik/subscriptions","organizations_url":"https://api.github.com/users/mshaposhnik/orgs","repos_url":"https://api.github.com/users/mshaposhnik/repos","events_url":"https://api.github.com/users/mshaposhnik/events{/privacy}","received_events_url":"https://api.github.com/users/mshaposhnik/received_events","type":"User","site_admin":false},"parents":[{"sha":"93ffa3993d01a10b5b86d9090646ed0a3e1f01fd","url":"https://api.github.com/repos/eclipse/che/commits/93ffa3993d01a10b5b86d9090646ed0a3e1f01fd","html_url":"https://github.com/eclipse/che/commit/93ffa3993d01a10b5b86d9090646ed0a3e1f01fd"}],"stats":{"total":6,"additions":4,"deletions":2},"files":[{"sha":"b2adc84078332b5a8ab6c2ae498e3f32cc7beadb","filename":"plugins/plugin-keycloak/che-plugin-keycloak-server/src/main/java/org/eclipse/che/keycloak/server/deploy/KeycloakServletModule.java","status":"modified","additions":4,"deletions":2,"changes":6,"blob_url":"https://github.com/eclipse/che/blob/01d06f3d35d207607cb149645fceeafb1c0fb53f/plugins/plugin-keycloak/che-plugin-keycloak-server/src/main/java/org/eclipse/che/keycloak/server/deploy/KeycloakServletModule.java","raw_url":"https://github.com/eclipse/che/raw/01d06f3d35d207607cb149645fceeafb1c0fb53f/plugins/plugin-keycloak/che-plugin-keycloak-server/src/main/java/org/eclipse/che/keycloak/server/deploy/KeycloakServletModule.java","contents_url":"https://api.github.com/repos/eclipse/che/contents/plugins/plugin-keycloak/che-plugin-keycloak-server/src/main/java/org/eclipse/che/keycloak/server/deploy/KeycloakServletModule.java?ref=01d06f3d35d207607cb149645fceeafb1c0fb53f","patch":"@@ -16,15 +16,17 @@\n import org.eclipse.che.keycloak.server.KeycloakEnvironmentInitalizationFilter;\n \n import javax.inject.Singleton;\n+import java.util.regex.Pattern;\n \n \n public class KeycloakServletModule extends ServletModule {\n     @Override\n     protected void configureServlets() {\n         bind(KeycloakAuthenticationFilter.class).in(Singleton.class);\n+        Pattern compile = Pattern.compile(\"^(?!.*(/websocket/|/docs/))(?!.*(/ws/?|/eventbus/?|/settings/?)$).*\");\n \n         // Not contains '/websocket' and not ends with '/ws' or '/eventbus' or '/settings/'\n-        filterRegex(\"^(?!.*/websocket)(?!.*(/ws|/eventbus|/settings)$).*\").through(KeycloakAuthenticationFilter.class);\n-        filterRegex(\"^(?!.*/websocket)(?!.*(/ws|/eventbus|/settings)$).*\").through(KeycloakEnvironmentInitalizationFilter.class);\n+        filterRegex(\"^(?!.*(/websocket/|/docs/))(?!.*(/ws/?|/eventbus/?|/settings/?)$).*\").through(KeycloakAuthenticationFilter.class);\n+        filterRegex(\"^(?!.*(/websocket/|/docs/))(?!.*(/ws/?|/eventbus/?|/settings/?)$).*\").through(KeycloakEnvironmentInitalizationFilter.class);\n     }\n }"}]}
