{"sha":"01ed8cece030f9d8b77baf7201d9c002b96b0153","commit":{"author":{"name":"Sergii Leshchenko","email":"sleshche@redhat.com","date":"2018-04-05T14:04:12Z"},"committer":{"name":"Sergii Leshchenko","email":"sleshche@redhat.com","date":"2018-04-11T06:22:14Z"},"message":"CHE-5919 Add an ability to store status by implementation of InternalRuntime","tree":{"sha":"762969e2123d208796c7afe3aa0149d92fbda58e","url":"https://api.github.com/repos/eclipse/che/git/trees/762969e2123d208796c7afe3aa0149d92fbda58e"},"url":"https://api.github.com/repos/eclipse/che/git/commits/01ed8cece030f9d8b77baf7201d9c002b96b0153","comment_count":0,"verification":{"verified":false,"reason":"unsigned","signature":null,"payload":null}},"url":"https://api.github.com/repos/eclipse/che/commits/01ed8cece030f9d8b77baf7201d9c002b96b0153","html_url":"https://github.com/eclipse/che/commit/01ed8cece030f9d8b77baf7201d9c002b96b0153","comments_url":"https://api.github.com/repos/eclipse/che/commits/01ed8cece030f9d8b77baf7201d9c002b96b0153/comments","author":{"login":"sleshchenko","id":5887312,"avatar_url":"https://avatars0.githubusercontent.com/u/5887312?v=4","gravatar_id":"","url":"https://api.github.com/users/sleshchenko","html_url":"https://github.com/sleshchenko","followers_url":"https://api.github.com/users/sleshchenko/followers","following_url":"https://api.github.com/users/sleshchenko/following{/other_user}","gists_url":"https://api.github.com/users/sleshchenko/gists{/gist_id}","starred_url":"https://api.github.com/users/sleshchenko/starred{/owner}{/repo}","subscriptions_url":"https://api.github.com/users/sleshchenko/subscriptions","organizations_url":"https://api.github.com/users/sleshchenko/orgs","repos_url":"https://api.github.com/users/sleshchenko/repos","events_url":"https://api.github.com/users/sleshchenko/events{/privacy}","received_events_url":"https://api.github.com/users/sleshchenko/received_events","type":"User","site_admin":false},"committer":{"login":"sleshchenko","id":5887312,"avatar_url":"https://avatars0.githubusercontent.com/u/5887312?v=4","gravatar_id":"","url":"https://api.github.com/users/sleshchenko","html_url":"https://github.com/sleshchenko","followers_url":"https://api.github.com/users/sleshchenko/followers","following_url":"https://api.github.com/users/sleshchenko/following{/other_user}","gists_url":"https://api.github.com/users/sleshchenko/gists{/gist_id}","starred_url":"https://api.github.com/users/sleshchenko/starred{/owner}{/repo}","subscriptions_url":"https://api.github.com/users/sleshchenko/subscriptions","organizations_url":"https://api.github.com/users/sleshchenko/orgs","repos_url":"https://api.github.com/users/sleshchenko/repos","events_url":"https://api.github.com/users/sleshchenko/events{/privacy}","received_events_url":"https://api.github.com/users/sleshchenko/received_events","type":"User","site_admin":false},"parents":[{"sha":"88a37ca2039a53fb35c7a3c6dc6efa8369aa06a2","url":"https://api.github.com/repos/eclipse/che/commits/88a37ca2039a53fb35c7a3c6dc6efa8369aa06a2","html_url":"https://github.com/eclipse/che/commit/88a37ca2039a53fb35c7a3c6dc6efa8369aa06a2"}],"stats":{"total":162,"additions":136,"deletions":26},"files":[{"sha":"94746838ece08b77061095b76bd1e2b737c2b306","filename":"infrastructures/docker/infrastructure/src/main/java/org/eclipse/che/workspace/infrastructure/docker/DockerInternalRuntime.java","status":"modified","additions":2,"deletions":1,"changes":3,"blob_url":"https://github.com/eclipse/che/blob/01ed8cece030f9d8b77baf7201d9c002b96b0153/infrastructures/docker/infrastructure/src/main/java/org/eclipse/che/workspace/infrastructure/docker/DockerInternalRuntime.java","raw_url":"https://github.com/eclipse/che/raw/01ed8cece030f9d8b77baf7201d9c002b96b0153/infrastructures/docker/infrastructure/src/main/java/org/eclipse/che/workspace/infrastructure/docker/DockerInternalRuntime.java","contents_url":"https://api.github.com/repos/eclipse/che/contents/infrastructures/docker/infrastructure/src/main/java/org/eclipse/che/workspace/infrastructure/docker/DockerInternalRuntime.java?ref=01ed8cece030f9d8b77baf7201d9c002b96b0153","patch":"@@ -24,6 +24,7 @@\n import java.util.function.Consumer;\n import javax.inject.Named;\n import org.eclipse.che.api.core.model.workspace.Warning;\n+import org.eclipse.che.api.core.model.workspace.WorkspaceStatus;\n import org.eclipse.che.api.core.model.workspace.runtime.Machine;\n import org.eclipse.che.api.core.model.workspace.runtime.MachineStatus;\n import org.eclipse.che.api.core.model.workspace.runtime.RuntimeIdentity;\n@@ -180,7 +181,7 @@ private DockerInternalRuntime(\n       WorkspaceProbesFactory probesFactory,\n       ParallelDockerImagesBuilderFactory imagesBuilderFactory,\n       int bootstrappingTimeoutMinutes) {\n-    super(context, urlRewriter, warnings, running);\n+    super(context, urlRewriter, warnings, running ? WorkspaceStatus.RUNNING : null);\n     this.networks = networks;\n     this.containerStarter = machineStarter;\n     this.eventService = eventService;"},{"sha":"1370635f60bdbe248c3e661589275746565e875c","filename":"infrastructures/kubernetes/src/main/java/org/eclipse/che/workspace/infrastructure/kubernetes/KubernetesInternalRuntime.java","status":"modified","additions":1,"deletions":1,"changes":2,"blob_url":"https://github.com/eclipse/che/blob/01ed8cece030f9d8b77baf7201d9c002b96b0153/infrastructures/kubernetes/src/main/java/org/eclipse/che/workspace/infrastructure/kubernetes/KubernetesInternalRuntime.java","raw_url":"https://github.com/eclipse/che/raw/01ed8cece030f9d8b77baf7201d9c002b96b0153/infrastructures/kubernetes/src/main/java/org/eclipse/che/workspace/infrastructure/kubernetes/KubernetesInternalRuntime.java","contents_url":"https://api.github.com/repos/eclipse/che/contents/infrastructures/kubernetes/src/main/java/org/eclipse/che/workspace/infrastructure/kubernetes/KubernetesInternalRuntime.java?ref=01ed8cece030f9d8b77baf7201d9c002b96b0153","patch":"@@ -109,7 +109,7 @@ public KubernetesInternalRuntime(\n       @Assisted T context,\n       @Assisted KubernetesNamespace namespace,\n       @Assisted List<Warning> warnings) {\n-    super(context, urlRewriter, warnings, false);\n+    super(context, urlRewriter, warnings);\n     this.bootstrapperFactory = bootstrapperFactory;\n     this.serverCheckerFactory = serverCheckerFactory;\n     this.volumesStrategy = volumesStrategy;"},{"sha":"2463bf70b859d3d00dbc347aabae2eceef6c9f18","filename":"wsmaster/che-core-api-workspace/src/main/java/org/eclipse/che/api/workspace/server/WorkspaceRuntimes.java","status":"modified","additions":3,"deletions":1,"changes":4,"blob_url":"https://github.com/eclipse/che/blob/01ed8cece030f9d8b77baf7201d9c002b96b0153/wsmaster/che-core-api-workspace/src/main/java/org/eclipse/che/api/workspace/server/WorkspaceRuntimes.java","raw_url":"https://github.com/eclipse/che/raw/01ed8cece030f9d8b77baf7201d9c002b96b0153/wsmaster/che-core-api-workspace/src/main/java/org/eclipse/che/api/workspace/server/WorkspaceRuntimes.java","contents_url":"https://api.github.com/repos/eclipse/che/contents/wsmaster/che-core-api-workspace/src/main/java/org/eclipse/che/api/workspace/server/WorkspaceRuntimes.java?ref=01ed8cece030f9d8b77baf7201d9c002b96b0153","patch":"@@ -461,9 +461,11 @@ void recoverOne(RuntimeInfrastructure infra, RuntimeIdentity identity) throws Se\n     }\n \n     InternalRuntime runtime;\n+    WorkspaceStatus status;\n     try {\n       InternalEnvironment internalEnv = createInternalEnvironment(environment);\n       runtime = infra.prepare(identity, internalEnv).getRuntime();\n+      status = runtime.getStatus();\n     } catch (InfrastructureException | ValidationException | NotFoundException x) {\n       LOG.error(\n           \"Couldn't recover runtime '{}:{}'. Error: {}\",\n@@ -474,7 +476,7 @@ void recoverOne(RuntimeInfrastructure infra, RuntimeIdentity identity) throws Se\n     }\n \n     RuntimeState prev =\n-        runtimes.putIfAbsent(identity.getWorkspaceId(), new RuntimeState(runtime, RUNNING));\n+        runtimes.putIfAbsent(identity.getWorkspaceId(), new RuntimeState(runtime, status));\n     if (prev == null) {\n       LOG.info(\n           \"Successfully recovered workspace runtime '{}'\","},{"sha":"9ccd1170db52cb9ae1404ea11e3cc90475e68db6","filename":"wsmaster/che-core-api-workspace/src/main/java/org/eclipse/che/api/workspace/server/model/impl/RuntimeImpl.java","status":"modified","additions":12,"deletions":0,"changes":12,"blob_url":"https://github.com/eclipse/che/blob/01ed8cece030f9d8b77baf7201d9c002b96b0153/wsmaster/che-core-api-workspace/src/main/java/org/eclipse/che/api/workspace/server/model/impl/RuntimeImpl.java","raw_url":"https://github.com/eclipse/che/raw/01ed8cece030f9d8b77baf7201d9c002b96b0153/wsmaster/che-core-api-workspace/src/main/java/org/eclipse/che/api/workspace/server/model/impl/RuntimeImpl.java","contents_url":"https://api.github.com/repos/eclipse/che/contents/wsmaster/che-core-api-workspace/src/main/java/org/eclipse/che/api/workspace/server/model/impl/RuntimeImpl.java?ref=01ed8cece030f9d8b77baf7201d9c002b96b0153","patch":"@@ -16,6 +16,7 @@\n import java.util.Objects;\n import java.util.stream.Collectors;\n import org.eclipse.che.api.core.model.workspace.Runtime;\n+import org.eclipse.che.api.core.model.workspace.Warning;\n import org.eclipse.che.api.core.model.workspace.runtime.Machine;\n \n /**\n@@ -36,6 +37,17 @@ public RuntimeImpl(String activeEnv, Map<String, ? extends Machine> machines, St\n     this.owner = owner;\n   }\n \n+  public RuntimeImpl(\n+      String activeEnv,\n+      Map<String, ? extends Machine> machines,\n+      String owner,\n+      List<? extends Warning> warnings) {\n+    this.activeEnv = activeEnv;\n+    this.machines = machines;\n+    this.owner = owner;\n+    this.warnings = warnings.stream().map(WarningImpl::new).collect(Collectors.toList());\n+  }\n+\n   public RuntimeImpl(Runtime runtime) {\n     this.activeEnv = runtime.getActiveEnv();\n     this.machines ="},{"sha":"ff2719df19fddbe20ba389a1554b49025ee95612","filename":"wsmaster/che-core-api-workspace/src/main/java/org/eclipse/che/api/workspace/server/model/impl/ServerImpl.java","status":"modified","additions":10,"deletions":0,"changes":10,"blob_url":"https://github.com/eclipse/che/blob/01ed8cece030f9d8b77baf7201d9c002b96b0153/wsmaster/che-core-api-workspace/src/main/java/org/eclipse/che/api/workspace/server/model/impl/ServerImpl.java","raw_url":"https://github.com/eclipse/che/raw/01ed8cece030f9d8b77baf7201d9c002b96b0153/wsmaster/che-core-api-workspace/src/main/java/org/eclipse/che/api/workspace/server/model/impl/ServerImpl.java","contents_url":"https://api.github.com/repos/eclipse/che/contents/wsmaster/che-core-api-workspace/src/main/java/org/eclipse/che/api/workspace/server/model/impl/ServerImpl.java?ref=01ed8cece030f9d8b77baf7201d9c002b96b0153","patch":"@@ -25,6 +25,16 @@\n \n   public ServerImpl() {}\n \n+  public ServerImpl(String url, ServerStatus status, Map<String, String> attributes) {\n+    this.url = url;\n+    this.status = status;\n+    if (attributes != null) {\n+      this.attributes = new HashMap<>(attributes);\n+    } else {\n+      this.attributes = new HashMap<>();\n+    }\n+  }\n+\n   public ServerImpl(Server server) {\n     this.url = server.getUrl();\n     this.status = server.getStatus();"},{"sha":"6d426d0834918d9d02dadd27feb4191a7e5c8423","filename":"wsmaster/che-core-api-workspace/src/main/java/org/eclipse/che/api/workspace/server/spi/InternalRuntime.java","status":"modified","additions":92,"deletions":18,"changes":110,"blob_url":"https://github.com/eclipse/che/blob/01ed8cece030f9d8b77baf7201d9c002b96b0153/wsmaster/che-core-api-workspace/src/main/java/org/eclipse/che/api/workspace/server/spi/InternalRuntime.java","raw_url":"https://github.com/eclipse/che/raw/01ed8cece030f9d8b77baf7201d9c002b96b0153/wsmaster/che-core-api-workspace/src/main/java/org/eclipse/che/api/workspace/server/spi/InternalRuntime.java","contents_url":"https://api.github.com/repos/eclipse/che/contents/wsmaster/che-core-api-workspace/src/main/java/org/eclipse/che/api/workspace/server/spi/InternalRuntime.java?ref=01ed8cece030f9d8b77baf7201d9c002b96b0153","patch":"@@ -17,7 +17,6 @@\n import java.util.List;\n import java.util.Map;\n import java.util.concurrent.CopyOnWriteArrayList;\n-import org.eclipse.che.api.core.model.workspace.Runtime;\n import org.eclipse.che.api.core.model.workspace.Warning;\n import org.eclipse.che.api.core.model.workspace.WorkspaceStatus;\n import org.eclipse.che.api.core.model.workspace.runtime.Machine;\n@@ -27,6 +26,7 @@\n import org.eclipse.che.api.workspace.server.model.impl.MachineImpl;\n import org.eclipse.che.api.workspace.server.model.impl.ServerImpl;\n import org.eclipse.che.api.workspace.server.model.impl.WarningImpl;\n+import org.eclipse.che.commons.annotation.Nullable;\n \n /**\n  * Implementation of concrete Runtime\n@@ -38,19 +38,29 @@\n   private final T context;\n   private final URLRewriter urlRewriter;\n   private final List<Warning> warnings;\n-  private WorkspaceStatus status;\n+  protected WorkspaceStatus status;\n \n-  public InternalRuntime(\n-      T context, URLRewriter urlRewriter, List<Warning> warnings, boolean running) {\n+  public InternalRuntime(T context, URLRewriter urlRewriter, List<Warning> warnings) {\n     this.context = context;\n     this.urlRewriter = urlRewriter;\n     this.warnings = new CopyOnWriteArrayList<>();\n     if (warnings != null) {\n       this.warnings.addAll(warnings);\n     }\n-    if (running) {\n-      status = WorkspaceStatus.RUNNING;\n+  }\n+\n+  public InternalRuntime(\n+      T context,\n+      URLRewriter urlRewriter,\n+      List<Warning> warnings,\n+      @Nullable WorkspaceStatus status) {\n+    this.context = context;\n+    this.urlRewriter = urlRewriter;\n+    this.warnings = new CopyOnWriteArrayList<>();\n+    if (warnings != null) {\n+      this.warnings.addAll(warnings);\n     }\n+    this.status = status;\n   }\n \n   @Override\n@@ -90,6 +100,15 @@ public String getOwner() {\n    */\n   protected abstract Map<String, ? extends Machine> getInternalMachines();\n \n+  /**\n+   * Returns runtime status.\n+   *\n+   * @throws InfrastructureException when any error occurs\n+   */\n+  public WorkspaceStatus getStatus() throws InfrastructureException {\n+    return status == null ? WorkspaceStatus.STOPPED : status;\n+  }\n+\n   /**\n    * Starts Runtime. In practice this method launching supposed to take unpredictable long time so\n    * normally it should be launched in separated thread\n@@ -102,12 +121,14 @@ public String getOwner() {\n    * @throws InfrastructureException when any other error occurs\n    */\n   public void start(Map<String, String> startOptions) throws InfrastructureException {\n-    if (this.status != null) {\n-      throw new StateException(\"Runtime already started\");\n+    markStarting();\n+    try {\n+      internalStart(startOptions);\n+      markRunning();\n+    } catch (InfrastructureException e) {\n+      markStopped();\n+      throw e;\n     }\n-    status = WorkspaceStatus.STARTING;\n-    internalStart(startOptions);\n-    status = WorkspaceStatus.RUNNING;\n   }\n \n   /**\n@@ -129,20 +150,16 @@ protected abstract void internalStart(Map<String, String> startOptions)\n    * WorkspaceStatus#STARTING}.\n    *\n    * @param stopOptions options of workspace that may used in environment stop\n-   * @throws StateException when the context can't be stopped because otherwise it would be in\n+   * @throws StateException when the runtime can't be stopped because otherwise it would be in\n    *     inconsistent status (e.g. stop(interrupt) might not be allowed during start)\n    * @throws InfrastructureException when any other error occurs\n    */\n   public final void stop(Map<String, String> stopOptions) throws InfrastructureException {\n-    if (status != WorkspaceStatus.RUNNING && status != WorkspaceStatus.STARTING) {\n-      throw new StateException(\"The environment must be running or starting\");\n-    }\n-    status = WorkspaceStatus.STOPPING;\n-\n+    markStopping();\n     try {\n       internalStop(stopOptions);\n     } finally {\n-      status = WorkspaceStatus.STOPPED;\n+      markStopped();\n     }\n   }\n \n@@ -202,4 +219,61 @@ public final T getContext() {\n \n     return outgoing;\n   }\n+\n+  /**\n+   * Marks runtime as {@link WorkspaceStatus#STARTING STARTING}.\n+   *\n+   * <p>Note that this method must be overridden if runtime implementation stores status itself.\n+   *\n+   * @throws StateException when the runtime was already marked as STARTING\n+   * @throws StateException when the runtime was already marked as STARTING\n+   * @throws InfrastructureException when any other exception occurs\n+   */\n+  protected void markStarting() throws InfrastructureException {\n+    if (status != null) {\n+      throw new StateException(\"Runtime already started\");\n+    }\n+    this.status = WorkspaceStatus.STARTING;\n+  }\n+\n+  /**\n+   * Marks runtime as {@link WorkspaceStatus#RUNNING RUNNING}.\n+   *\n+   * <p>Note that this method must be overridden if runtime implementation stores status itself.\n+   *\n+   * @throws InfrastructureException when any exception occurs\n+   */\n+  protected void markRunning() throws InfrastructureException {\n+    this.status = WorkspaceStatus.RUNNING;\n+  }\n+\n+  /**\n+   * Marks runtime as {@link WorkspaceStatus#STOPPING STOPPING}.\n+   *\n+   * <p>Note that this method must be overridden if runtime implementation stores status itself.\n+   * Also this method must be overridden if runtime implementation doesn't support start\n+   * interruption.\n+   *\n+   * @throws StateException when the runtime is not RUNNING or STARTING\n+   * @throws StateException when the runtime is STARTING and implementation doesn't support start\n+   *     interruption\n+   * @throws InfrastructureException when any exception occurs\n+   */\n+  protected void markStopping() throws InfrastructureException {\n+    if (status != WorkspaceStatus.RUNNING && status != WorkspaceStatus.STARTING) {\n+      throw new StateException(\"The environment must be running or starting\");\n+    }\n+    status = WorkspaceStatus.STOPPING;\n+  }\n+\n+  /**\n+   * Marks runtime as {@link WorkspaceStatus#STOPPED STOPPED}.\n+   *\n+   * <p>Note that this method must be overridden if runtime implementation stores status itself.\n+   *\n+   * @throws InfrastructureException when any exception occurs\n+   */\n+  protected void markStopped() throws InfrastructureException {\n+    status = WorkspaceStatus.STOPPED;\n+  }\n }"},{"sha":"bbcf055c8b34a6c5dbc6718ec7d1560447fec7f3","filename":"wsmaster/che-core-api-workspace/src/test/java/org/eclipse/che/api/workspace/server/WorkspaceRuntimesTest.java","status":"modified","additions":14,"deletions":4,"changes":18,"blob_url":"https://github.com/eclipse/che/blob/01ed8cece030f9d8b77baf7201d9c002b96b0153/wsmaster/che-core-api-workspace/src/test/java/org/eclipse/che/api/workspace/server/WorkspaceRuntimesTest.java","raw_url":"https://github.com/eclipse/che/raw/01ed8cece030f9d8b77baf7201d9c002b96b0153/wsmaster/che-core-api-workspace/src/test/java/org/eclipse/che/api/workspace/server/WorkspaceRuntimesTest.java","contents_url":"https://api.github.com/repos/eclipse/che/contents/wsmaster/che-core-api-workspace/src/test/java/org/eclipse/che/api/workspace/server/WorkspaceRuntimesTest.java?ref=01ed8cece030f9d8b77baf7201d9c002b96b0153","patch":"@@ -36,6 +36,7 @@\n import org.eclipse.che.api.core.NotFoundException;\n import org.eclipse.che.api.core.ServerException;\n import org.eclipse.che.api.core.ValidationException;\n+import org.eclipse.che.api.core.model.workspace.WorkspaceStatus;\n import org.eclipse.che.api.core.model.workspace.config.Environment;\n import org.eclipse.che.api.core.model.workspace.runtime.Machine;\n import org.eclipse.che.api.core.model.workspace.runtime.RuntimeIdentity;\n@@ -105,7 +106,8 @@ public void runtimeIsRecovered() throws Exception {\n \n     mockWorkspace(identity);\n     RuntimeContext context = mockContext(identity);\n-    when(context.getRuntime()).thenReturn(new TestInternalRuntime(context));\n+    when(context.getRuntime())\n+        .thenReturn(new TestInternalRuntime(context, emptyMap(), WorkspaceStatus.STARTING));\n     doReturn(context).when(infrastructure).prepare(eq(identity), any());\n     doReturn(mock(InternalEnvironment.class)).when(testEnvFactory).create(any());\n \n@@ -115,6 +117,7 @@ public void runtimeIsRecovered() throws Exception {\n     WorkspaceImpl workspace = new WorkspaceImpl(identity.getWorkspaceId(), null, null);\n     runtimes.injectRuntime(workspace);\n     assertNotNull(workspace.getRuntime());\n+    assertEquals(workspace.getStatus(), WorkspaceStatus.STARTING);\n   }\n \n   @Test\n@@ -205,7 +208,9 @@ public void attributesIsSetWhenRuntimeAbnormallyStopped() throws Exception {\n             .withEnvName(\"my-env\")\n             .withOwnerId(\"myId\");\n     mockWorkspace(identity);\n-    mockContext(identity);\n+    RuntimeContext context = mockContext(identity);\n+    when(context.getRuntime()).thenReturn(new TestInternalRuntime(context));\n+\n     RuntimeStatusEvent event =\n         DtoFactory.newDto(RuntimeStatusEvent.class)\n             .withIdentity(identity)\n@@ -276,11 +281,16 @@ public RuntimeContext internalPrepare(RuntimeIdentity id, InternalEnvironment en\n \n     final Map<String, Machine> machines;\n \n-    TestInternalRuntime(RuntimeContext context, Map<String, Machine> machines) {\n-      super(context, null, null, false);\n+    TestInternalRuntime(\n+        RuntimeContext context, Map<String, Machine> machines, WorkspaceStatus status) {\n+      super(context, null, null, status);\n       this.machines = machines;\n     }\n \n+    TestInternalRuntime(RuntimeContext context, Map<String, Machine> machines) {\n+      this(context, machines, WorkspaceStatus.STARTING);\n+    }\n+\n     TestInternalRuntime(RuntimeContext context) {\n       this(context, emptyMap());\n     }"},{"sha":"221ca6985e7d13c9f3aed04aa3fbfe12e6cfcf21","filename":"wsmaster/che-core-api-workspace/src/test/java/org/eclipse/che/api/workspace/server/spi/InternalRuntimeTest.java","status":"modified","additions":2,"deletions":1,"changes":3,"blob_url":"https://github.com/eclipse/che/blob/01ed8cece030f9d8b77baf7201d9c002b96b0153/wsmaster/che-core-api-workspace/src/test/java/org/eclipse/che/api/workspace/server/spi/InternalRuntimeTest.java","raw_url":"https://github.com/eclipse/che/raw/01ed8cece030f9d8b77baf7201d9c002b96b0153/wsmaster/che-core-api-workspace/src/test/java/org/eclipse/che/api/workspace/server/spi/InternalRuntimeTest.java","contents_url":"https://api.github.com/repos/eclipse/che/contents/wsmaster/che-core-api-workspace/src/test/java/org/eclipse/che/api/workspace/server/spi/InternalRuntimeTest.java?ref=01ed8cece030f9d8b77baf7201d9c002b96b0153","patch":"@@ -39,6 +39,7 @@\n import java.util.concurrent.TimeUnit;\n import org.eclipse.che.api.core.ValidationException;\n import org.eclipse.che.api.core.model.workspace.Warning;\n+import org.eclipse.che.api.core.model.workspace.WorkspaceStatus;\n import org.eclipse.che.api.core.model.workspace.config.ServerConfig;\n import org.eclipse.che.api.core.model.workspace.runtime.Machine;\n import org.eclipse.che.api.core.model.workspace.runtime.MachineStatus;\n@@ -633,7 +634,7 @@ public TestInternalRuntime(URLRewriter urlRewriter, boolean running)\n           new TestRuntimeContext(null, new RuntimeIdentityImpl(\"ws\", \"env\", \"id\"), null),\n           urlRewriter,\n           emptyList(),\n-          running);\n+          running ? WorkspaceStatus.RUNNING : null);\n     }\n \n     @Override"}]}
