{"sha":"01f56d2fece2ce4e623f4c94c46d178a04b62f15","commit":{"author":{"name":"Roman Iuvshin","email":"riuvshin@codenvy.com","date":"2016-04-08T16:24:59Z"},"committer":{"name":"Roman Iuvshin","email":"riuvshin@codenvy.com","date":"2016-04-08T16:24:59Z"},"message":"RELEASE:Set tag of parent pom","tree":{"sha":"b0f9e259cc9d22fa60044478218bd27cb8d4303a","url":"https://api.github.com/repos/eclipse/che/git/trees/b0f9e259cc9d22fa60044478218bd27cb8d4303a"},"url":"https://api.github.com/repos/eclipse/che/git/commits/01f56d2fece2ce4e623f4c94c46d178a04b62f15","comment_count":0,"verification":{"verified":false,"reason":"unsigned","signature":null,"payload":null}},"url":"https://api.github.com/repos/eclipse/che/commits/01f56d2fece2ce4e623f4c94c46d178a04b62f15","html_url":"https://github.com/eclipse/che/commit/01f56d2fece2ce4e623f4c94c46d178a04b62f15","comments_url":"https://api.github.com/repos/eclipse/che/commits/01f56d2fece2ce4e623f4c94c46d178a04b62f15/comments","author":{"login":"riuvshin","id":1636732,"avatar_url":"https://avatars2.githubusercontent.com/u/1636732?v=4","gravatar_id":"","url":"https://api.github.com/users/riuvshin","html_url":"https://github.com/riuvshin","followers_url":"https://api.github.com/users/riuvshin/followers","following_url":"https://api.github.com/users/riuvshin/following{/other_user}","gists_url":"https://api.github.com/users/riuvshin/gists{/gist_id}","starred_url":"https://api.github.com/users/riuvshin/starred{/owner}{/repo}","subscriptions_url":"https://api.github.com/users/riuvshin/subscriptions","organizations_url":"https://api.github.com/users/riuvshin/orgs","repos_url":"https://api.github.com/users/riuvshin/repos","events_url":"https://api.github.com/users/riuvshin/events{/privacy}","received_events_url":"https://api.github.com/users/riuvshin/received_events","type":"User","site_admin":false},"committer":{"login":"riuvshin","id":1636732,"avatar_url":"https://avatars2.githubusercontent.com/u/1636732?v=4","gravatar_id":"","url":"https://api.github.com/users/riuvshin","html_url":"https://github.com/riuvshin","followers_url":"https://api.github.com/users/riuvshin/followers","following_url":"https://api.github.com/users/riuvshin/following{/other_user}","gists_url":"https://api.github.com/users/riuvshin/gists{/gist_id}","starred_url":"https://api.github.com/users/riuvshin/starred{/owner}{/repo}","subscriptions_url":"https://api.github.com/users/riuvshin/subscriptions","organizations_url":"https://api.github.com/users/riuvshin/orgs","repos_url":"https://api.github.com/users/riuvshin/repos","events_url":"https://api.github.com/users/riuvshin/events{/privacy}","received_events_url":"https://api.github.com/users/riuvshin/received_events","type":"User","site_admin":false},"parents":[{"sha":"17d73345d40be99a1866f87d4d3a198c279d0fbb","url":"https://api.github.com/repos/eclipse/che/commits/17d73345d40be99a1866f87d4d3a198c279d0fbb","html_url":"https://github.com/eclipse/che/commit/17d73345d40be99a1866f87d4d3a198c279d0fbb"}],"stats":{"total":2,"additions":1,"deletions":1},"files":[{"sha":"d2a35bc00ba25421ff1ab13bbd846321f1a10c61","filename":"pom.xml","status":"modified","additions":1,"deletions":1,"changes":2,"blob_url":"https://github.com/eclipse/che/blob/01f56d2fece2ce4e623f4c94c46d178a04b62f15/pom.xml","raw_url":"https://github.com/eclipse/che/raw/01f56d2fece2ce4e623f4c94c46d178a04b62f15/pom.xml","contents_url":"https://api.github.com/repos/eclipse/che/contents/pom.xml?ref=01f56d2fece2ce4e623f4c94c46d178a04b62f15","patch":"@@ -16,7 +16,7 @@\n     <parent>\n         <artifactId>maven-depmgt-pom</artifactId>\n         <groupId>org.eclipse.che.depmgt</groupId>\n-        <version>4.1.0-RC1-SNAPSHOT</version>\n+        <version>4.1.0</version>\n     </parent>\n     <groupId>org.eclipse.che</groupId>\n     <artifactId>che-parent</artifactId>"}]}
