{"sha":"01fb27c8a3647c57e7c464e665ba510fed31857b","commit":{"author":{"name":"Oleksii Orel","email":"oorel@codenvy.com","date":"2016-12-27T12:06:12Z"},"committer":{"name":"Oleksii Orel","email":"oorel@codenvy.com","date":"2017-01-10T13:41:06Z"},"message":"CHE-2514 add import stack popup\n\nSigned-off-by: Oleksii Orel <oorel@codenvy.com>","tree":{"sha":"006b37b239e899a74138d8b95c2f13de2a54d764","url":"https://api.github.com/repos/eclipse/che/git/trees/006b37b239e899a74138d8b95c2f13de2a54d764"},"url":"https://api.github.com/repos/eclipse/che/git/commits/01fb27c8a3647c57e7c464e665ba510fed31857b","comment_count":0,"verification":{"verified":false,"reason":"unsigned","signature":null,"payload":null}},"url":"https://api.github.com/repos/eclipse/che/commits/01fb27c8a3647c57e7c464e665ba510fed31857b","html_url":"https://github.com/eclipse/che/commit/01fb27c8a3647c57e7c464e665ba510fed31857b","comments_url":"https://api.github.com/repos/eclipse/che/commits/01fb27c8a3647c57e7c464e665ba510fed31857b/comments","author":{"login":"olexii4","id":6310786,"avatar_url":"https://avatars3.githubusercontent.com/u/6310786?v=4","gravatar_id":"","url":"https://api.github.com/users/olexii4","html_url":"https://github.com/olexii4","followers_url":"https://api.github.com/users/olexii4/followers","following_url":"https://api.github.com/users/olexii4/following{/other_user}","gists_url":"https://api.github.com/users/olexii4/gists{/gist_id}","starred_url":"https://api.github.com/users/olexii4/starred{/owner}{/repo}","subscriptions_url":"https://api.github.com/users/olexii4/subscriptions","organizations_url":"https://api.github.com/users/olexii4/orgs","repos_url":"https://api.github.com/users/olexii4/repos","events_url":"https://api.github.com/users/olexii4/events{/privacy}","received_events_url":"https://api.github.com/users/olexii4/received_events","type":"User","site_admin":false},"committer":{"login":"olexii4","id":6310786,"avatar_url":"https://avatars3.githubusercontent.com/u/6310786?v=4","gravatar_id":"","url":"https://api.github.com/users/olexii4","html_url":"https://github.com/olexii4","followers_url":"https://api.github.com/users/olexii4/followers","following_url":"https://api.github.com/users/olexii4/following{/other_user}","gists_url":"https://api.github.com/users/olexii4/gists{/gist_id}","starred_url":"https://api.github.com/users/olexii4/starred{/owner}{/repo}","subscriptions_url":"https://api.github.com/users/olexii4/subscriptions","organizations_url":"https://api.github.com/users/olexii4/orgs","repos_url":"https://api.github.com/users/olexii4/repos","events_url":"https://api.github.com/users/olexii4/events{/privacy}","received_events_url":"https://api.github.com/users/olexii4/received_events","type":"User","site_admin":false},"parents":[{"sha":"d93c6d8d717ba5fdad5de3aa3d6dea2aae5295f8","url":"https://api.github.com/repos/eclipse/che/commits/d93c6d8d717ba5fdad5de3aa3d6dea2aae5295f8","html_url":"https://github.com/eclipse/che/commit/d93c6d8d717ba5fdad5de3aa3d6dea2aae5295f8"}],"stats":{"total":660,"additions":632,"deletions":28},"files":[{"sha":"ce83f8c2199da5f45b0ad738482e26da2180b548","filename":"dashboard/src/app/stacks/list-stacks/import-stack/import-stack.controller.ts","status":"added","additions":127,"deletions":0,"changes":127,"blob_url":"https://github.com/eclipse/che/blob/01fb27c8a3647c57e7c464e665ba510fed31857b/dashboard/src/app/stacks/list-stacks/import-stack/import-stack.controller.ts","raw_url":"https://github.com/eclipse/che/raw/01fb27c8a3647c57e7c464e665ba510fed31857b/dashboard/src/app/stacks/list-stacks/import-stack/import-stack.controller.ts","contents_url":"https://api.github.com/repos/eclipse/che/contents/dashboard/src/app/stacks/list-stacks/import-stack/import-stack.controller.ts?ref=01fb27c8a3647c57e7c464e665ba510fed31857b","patch":"@@ -0,0 +1,127 @@\n+/*\n+ * Copyright (c) 2015-2017 Codenvy, S.A.\n+ * All rights reserved. This program and the accompanying materials\n+ * are made available under the terms of the Eclipse Public License v1.0\n+ * which accompanies this distribution, and is available at\n+ * http://www.eclipse.org/legal/epl-v10.html\n+ *\n+ * Contributors:\n+ *   Codenvy, S.A. - initial API and implementation\n+ */\n+'use strict';\n+import {CheEnvironmentRegistry} from '../../../../components/api/environment/che-environment-registry.factory';\n+import {ImportStackService} from '../../stack-details/import-stack.service';\n+import {CheStack} from '../../../../components/api/che-stack.factory';\n+import {StackValidationService} from '../../stack-details/stack-validation.service';\n+\n+\n+/**\n+ * @ngdoc controller\n+ * @name stacks.list-stacks.import-stack.controller:ImportStackController\n+ * @description This class is handling the controller for a dialog box with different types of recipe for target stack.\n+ * @author Oleksii Orel\n+ */\n+export class ImportStackController {\n+  private $mdDialog: ng.material.IDialogService;\n+  private $location: ng.ILocationService;\n+  private cheStack: CheStack;\n+  private importStackService: ImportStackService;\n+  private stackValidationService: StackValidationService;\n+  private cheEnvironmentRegistry: CheEnvironmentRegistry;\n+  private recipeScript: string;\n+  private recipeFormat: string;\n+  private COMPOSE: string = 'compose';\n+  private DOCKERFILE: string = 'dockerfile';\n+  private environmentValidation: che.IValidation;\n+  private editorOptions: che.IEditorOptions = {\n+    lineNumbers: true,\n+    lineWrapping: true,\n+    matchBrackets: true,\n+    mode: 'text/x-dockerfile'\n+  };\n+\n+  /**\n+   * Default constructor that is using resource\n+   * @ngInject for Dependency injection\n+   */\n+  constructor($mdDialog: ng.material.IDialogService, $location: ng.ILocationService, stackValidationService: StackValidationService, cheStack: CheStack, importStackService: ImportStackService, cheEnvironmentRegistry: CheEnvironmentRegistry) {\n+    this.$mdDialog = $mdDialog;\n+    this.$location = $location;\n+    this.cheStack = cheStack;\n+    this.importStackService = importStackService;\n+    this.stackValidationService = stackValidationService;\n+    this.cheEnvironmentRegistry = cheEnvironmentRegistry;\n+\n+    // set default values\n+    this.environmentValidation = {isValid: false, errors: []};\n+    this.recipeFormat = this.DOCKERFILE;\n+    this.updateType();\n+  }\n+\n+  /**\n+   * It will hide the dialog box.\n+   */\n+  cancel(): void {\n+    this.importStackService.setStack({});\n+    this.$mdDialog.cancel();\n+  }\n+\n+  /**\n+   * It will hide the dialog box and redirect to '/stack/import'.\n+   */\n+  onImport(): void {\n+    this.$mdDialog.hide();\n+    this.$location.path('/stack/import');\n+  }\n+\n+  /**\n+   * Update editor options for needed recipe type.\n+   */\n+  updateType(): void {\n+    if (this.DOCKERFILE === this.recipeFormat) {\n+      this.editorOptions.mode = 'text/x-dockerfile';\n+    } else if (this.COMPOSE === this.recipeFormat) {\n+      this.editorOptions.mode = 'text/x-yaml';\n+    }\n+    this.recipeScript = '';\n+    this.updateImportedStack();\n+  }\n+\n+  /**\n+   * Update imported stack if it is valid.\n+   */\n+  updateImportedStack(): void {\n+    let stack = angular.copy(this.cheStack.getStackTemplate());\n+    let environments: che.IWorkspaceEnvironments = stack.workspaceConfig.environments;\n+    let defaultEnv: che.IWorkspaceEnvironment = angular.copy(environments[stack.workspaceConfig.defaultEnv]);\n+    let recipe: che.IRecipe = {content: this.recipeScript, type: this.recipeFormat};\n+\n+    if (this.COMPOSE === this.recipeFormat) {\n+      recipe.contentType = 'application/x-yaml';\n+    }\n+    defaultEnv.recipe = recipe;\n+    let environmentManager = this.cheEnvironmentRegistry.getEnvironmentManager(defaultEnv.recipe.type);\n+    // add ws-agent to default dev-machine for dockerfile recipe format\n+    defaultEnv.machines = this.DOCKERFILE === this.recipeFormat ? {\n+      'dev-machine': {\n+        'agents': [],\n+        'attributes': {\n+          'memoryLimitBytes': 2147483648\n+        }\n+      }\n+    } : {};\n+    let machines = environmentManager.getMachines(defaultEnv);\n+    // add ws-agent to a machine if it one\n+    if (machines.length === 1) {\n+      environmentManager.setDev(machines[0], true);\n+    }\n+    let environment = environmentManager.getEnvironment(defaultEnv, machines);\n+    // check environment correctness\n+    this.environmentValidation = this.stackValidationService.getEnvironmentValidation(environment);\n+    if (!this.environmentValidation.isValid) {\n+      return;\n+    }\n+    environments[stack.workspaceConfig.defaultEnv] = environment;\n+    this.importStackService.setStack(stack);\n+  }\n+}"},{"sha":"6c28045e3b71f67d1c21c9baf1e5c40dd408a39d","filename":"dashboard/src/app/stacks/list-stacks/import-stack/import-stack.html","status":"added","additions":41,"deletions":0,"changes":41,"blob_url":"https://github.com/eclipse/che/blob/01fb27c8a3647c57e7c464e665ba510fed31857b/dashboard/src/app/stacks/list-stacks/import-stack/import-stack.html","raw_url":"https://github.com/eclipse/che/raw/01fb27c8a3647c57e7c464e665ba510fed31857b/dashboard/src/app/stacks/list-stacks/import-stack/import-stack.html","contents_url":"https://api.github.com/repos/eclipse/che/contents/dashboard/src/app/stacks/list-stacks/import-stack/import-stack.html?ref=01fb27c8a3647c57e7c464e665ba510fed31857b","patch":"@@ -0,0 +1,41 @@\n+<!--\n+\n+    Copyright (c) 2015 Codenvy, S.A.\n+    All rights reserved. This program and the accompanying materials\n+    are made available under the terms of the Eclipse Public License v1.0\n+    which accompanies this distribution, and is available at\n+    http://www.eclipse.org/legal/epl-v10.html\n+\n+    Contributors:\n+      Codenvy, S.A. - initial API and implementation\n+\n+-->\n+<che-popup title=\"Import stack\" on-close=\"importStackController.cancel()\">\n+  <div class=\"import-stack\">\n+    <span class=\"header-label\">Select type of stack's recipe and match them:</span>\n+    <div class=\"toggle-button-area\">\n+      <che-toggle ng-model=\"importStackController.recipeFormat\" ng-change=\"importStackController.updateType()\"\n+                  md-theme=\"default\">\n+        <che-toggle-button che-title=\"Dockerfile\" che-value=\"{{importStackController.DOCKERFILE}}\"></che-toggle-button>\n+        <che-toggle-button che-title=\"Composefile\"\n+                           che-value=\"{{importStackController.COMPOSE}}\"></che-toggle-button>\n+      </che-toggle>\n+    </div>\n+    <ui-codemirror ng-model-options=\"{ updateOn: 'default blur', debounce: { 'default': 1000, 'blur': 0 } }\"\n+                   ui-codemirror=\"importStackController.editorOptions\"\n+                   ng-model=\"importStackController.recipeScript\"\n+                   ng-change=\"importStackController.updateImportedStack()\"></ui-codemirror>\n+    <div class=\"errors-container\">\n+      <span ng-repeat=\"error in importStackController.environmentValidation.errors | orderBy:'':'reverse'\">\n+        {{error}}\n+      </span>\n+    </div>\n+    <che-button-notice che-button-title=\"Cancel\"\n+                       ng-click=\"importStackController.cancel()\">\n+    </che-button-notice>\n+    <che-button-primary che-button-title=\"Ok\"\n+                        ng-disabled=\"!importStackController.environmentValidation.isValid\"\n+                        ng-click=\"importStackController.onImport()\">\n+    </che-button-primary>\n+  </div>\n+</che-popup>"},{"sha":"23f7b12bd823c44ab4c1f938aa2c9b561c0543b7","filename":"dashboard/src/app/stacks/list-stacks/import-stack/import-stack.styl","status":"added","additions":71,"deletions":0,"changes":71,"blob_url":"https://github.com/eclipse/che/blob/01fb27c8a3647c57e7c464e665ba510fed31857b/dashboard/src/app/stacks/list-stacks/import-stack/import-stack.styl","raw_url":"https://github.com/eclipse/che/raw/01fb27c8a3647c57e7c464e665ba510fed31857b/dashboard/src/app/stacks/list-stacks/import-stack/import-stack.styl","contents_url":"https://api.github.com/repos/eclipse/che/contents/dashboard/src/app/stacks/list-stacks/import-stack/import-stack.styl?ref=01fb27c8a3647c57e7c464e665ba510fed31857b","patch":"@@ -0,0 +1,71 @@\n+.import-stack\n+  min-width 800px\n+  user-select none\n+\n+  ui-codemirror\n+    display block\n+    float none\n+    width 800px\n+    max-width 800px\n+    margin-top 15px\n+    margin-bottom 2px\n+\n+    .CodeMirror\n+      max-height 200px\n+      width inherit\n+\n+      .CodeMirror-sizer\n+        margin-left 26px\n+\n+      .CodeMirror-gutter-wrapper\n+        left 0 !important\n+\n+      .CodeMirror-gutter-elt,\n+      .CodeMirror-linenumber\n+        margin-left -55px\n+\n+      .CodeMirror-scroll\n+        margin-left -20px\n+\n+    div.CodeMirror\n+      border 1px solid $list-separator-color\n+      height 250px !important\n+      min-height 250px !important\n+\n+  .errors-container\n+    color $error-color\n+    min-height 20px\n+    margin-right 2px\n+\n+    span\n+     margin-right 2px\n+\n+  .header-label\n+    line-height 30px\n+\n+  .toggle-button-area\n+    position relative\n+    margin-left 0\n+\n+    button\n+     margin-left 0\n+     margin-bottom 0\n+\n+    md-switch\n+     height 100%\n+     margin auto\n+     overflow visible\n+\n+  .footer-label\n+    display inline-block\n+    line-height 30px\n+    margin-top 10px\n+    float right\n+\n+.import-stack  che-button-primary,\n+.import-stack  che-button-notice\n+  float right\n+\n+  button\n+    margin-right 0\n+    margin-bottom 0"},{"sha":"f992eefb730b8388aca96a4d9e5d0adaf7491048","filename":"dashboard/src/app/stacks/list-stacks/list-stacks.controller.ts","status":"modified","additions":31,"deletions":13,"changes":44,"blob_url":"https://github.com/eclipse/che/blob/01fb27c8a3647c57e7c464e665ba510fed31857b/dashboard/src/app/stacks/list-stacks/list-stacks.controller.ts","raw_url":"https://github.com/eclipse/che/raw/01fb27c8a3647c57e7c464e665ba510fed31857b/dashboard/src/app/stacks/list-stacks/list-stacks.controller.ts","contents_url":"https://api.github.com/repos/eclipse/che/contents/dashboard/src/app/stacks/list-stacks/list-stacks.controller.ts?ref=01fb27c8a3647c57e7c464e665ba510fed31857b","patch":"@@ -9,9 +9,9 @@\n  *   Codenvy, S.A. - initial API and implementation\n  */\n 'use strict';\n-import {CheStack} from \"../../../components/api/che-stack.factory\";\n-import {CheNotification} from \"../../../components/notification/che-notification.factory\";\n-import {CheProfile} from \"../../../components/api/che-profile.factory\";\n+import {CheStack} from '../../../components/api/che-stack.factory';\n+import {CheNotification} from '../../../components/notification/che-notification.factory';\n+import {CheProfile} from '../../../components/api/che-profile.factory';\n \n /**\n  * @ngdoc controller\n@@ -86,7 +86,7 @@ export class ListStacksController {\n         this.loading = false;\n         this.stacks = this.cheStack.getStacks();\n       },\n-      (error) => {\n+      (error: any) => {\n         if (error.status === 304) {\n           this.stacks = this.cheStack.getStacks();\n         }\n@@ -95,6 +95,24 @@ export class ListStacksController {\n       });\n   }\n \n+  /**\n+   * Show dialog for imported stack.\n+   * @param $event {MouseEvent}\n+   */\n+  showSelectStackRecipeDialog($event: MouseEvent): void {\n+    this.$mdDialog.show({\n+      targetEvent: $event,\n+      controller: 'ImportStackController',\n+      controllerAs: 'importStackController',\n+      bindToController: true,\n+      clickOutsideToClose: true,\n+      locals: {\n+        callbackController: this\n+      },\n+      templateUrl: 'app/stacks/list-stacks/import-stack/import-stack.html'\n+    });\n+  }\n+\n   /**\n    * Performs confirmation and deletion of pointed stack.\n    *\n@@ -108,9 +126,9 @@ export class ListStacksController {\n         delete this.stackSelectionState[stack.id];\n         this.cheNotification.showInfo('Stack ' + stack.name + ' has been successfully removed.');\n         this.getStacks();\n-      }, (error) => {\n+      }, (error: any) => {\n         this.loading = false;\n-        let message = 'Failed to delete ' + stack.name + 'stack.' + (error && error.message) ? error.message : \"\";\n+        let message = 'Failed to delete ' + stack.name + 'stack.' + (error && error.message) ? error.message : '';\n         this.cheNotification.showError(message);\n       });\n     });\n@@ -131,9 +149,9 @@ export class ListStacksController {\n     this.loading = true;\n     this.cheStack.createStack(newStack).then(() => {\n       this.getStacks();\n-    }, (error) => {\n+    }, (error: any) => {\n       this.loading = false;\n-      let message = 'Failed to create ' + newStack.name + 'stack.' + (error && error.message) ? error.message : \"\";\n+      let message = 'Failed to create ' + newStack.name + 'stack.' + (error && error.message) ? error.message : '';\n       this.cheNotification.showError(message);\n     });\n   }\n@@ -185,7 +203,7 @@ export class ListStacksController {\n    */\n   selectAllStacks(): void {\n     this.stackSelectionState = {};\n-    this.stacks.forEach((stack) => {\n+    this.stacks.forEach((stack: che.IStack) => {\n       if (stack.creator === this.userId) {\n         this.stackSelectionState[stack.id] = true;\n       }\n@@ -196,7 +214,7 @@ export class ListStacksController {\n    * Make all stacks deselected.\n    */\n   deselectAllStacks(): void {\n-    this.stacks.forEach((stack) => {\n+    this.stacks.forEach((stack: che.IStack) => {\n       if (this.stackSelectionState[stack.id]) {\n         this.stackSelectionState[stack.id] = false;\n       }\n@@ -222,7 +240,7 @@ export class ListStacksController {\n     this.isNoSelected = true;\n     let keys: Array<string> = Object.keys(this.stackSelectionState);\n     this.isAllSelected = keys.length > 0;\n-    keys.forEach((key) => {\n+    keys.forEach((key: string) => {\n       if (this.stackSelectionState[key]) {\n         this.isNoSelected = false;\n       } else {\n@@ -238,7 +256,7 @@ export class ListStacksController {\n     let selectedStackIds: Array<any> = [];\n \n \n-    Object.keys(this.stackSelectionState).forEach((key) => {\n+    Object.keys(this.stackSelectionState).forEach((key: string) => {\n       if (this.stackSelectionState[key]) {\n         selectedStackIds.push(key);\n       }\n@@ -253,7 +271,7 @@ export class ListStacksController {\n     confirmationPromise.then(() => {\n       let deleteStackPromises = [];\n \n-      selectedStackIds.forEach((stackId) => {\n+      selectedStackIds.forEach((stackId: string) => {\n         this.stackSelectionState[stackId] = false;\n         deleteStackPromises.push(this.cheStack.deleteStack(stackId));\n       });"},{"sha":"19720f639649c57c73df3eeab28ee053489e8b77","filename":"dashboard/src/app/stacks/list-stacks/list-stacks.html","status":"modified","additions":2,"deletions":0,"changes":2,"blob_url":"https://github.com/eclipse/che/blob/01fb27c8a3647c57e7c464e665ba510fed31857b/dashboard/src/app/stacks/list-stacks/list-stacks.html","raw_url":"https://github.com/eclipse/che/raw/01fb27c8a3647c57e7c464e665ba510fed31857b/dashboard/src/app/stacks/list-stacks/list-stacks.html","contents_url":"https://api.github.com/repos/eclipse/che/contents/dashboard/src/app/stacks/list-stacks/list-stacks.html?ref=01fb27c8a3647c57e7c464e665ba510fed31857b","patch":"@@ -24,6 +24,8 @@\n                      che-hide-search=\"listStacksController.stacks.length === 0\"\n                      che-add-button-title=\"Add Stack\"\n                      che-add-button-href=\"#stack/create\"\n+                     che-import-button-title=\"Import\"\n+                     che-on-import=\"listStacksController.showSelectStackRecipeDialog($event)\"\n                      che-delete-button-title=\"Delete\"\n                      che-on-delete=\"listStacksController.deleteSelectedStacks()\"\n                      che-hide-delete=\"listStacksController.isNoSelected\""},{"sha":"3ae72344ceebe8b6d3814978c3ed118cbc405eb2","filename":"dashboard/src/app/stacks/stack-details/import-stack.service.ts","status":"added","additions":60,"deletions":0,"changes":60,"blob_url":"https://github.com/eclipse/che/blob/01fb27c8a3647c57e7c464e665ba510fed31857b/dashboard/src/app/stacks/stack-details/import-stack.service.ts","raw_url":"https://github.com/eclipse/che/raw/01fb27c8a3647c57e7c464e665ba510fed31857b/dashboard/src/app/stacks/stack-details/import-stack.service.ts","contents_url":"https://api.github.com/repos/eclipse/che/contents/dashboard/src/app/stacks/stack-details/import-stack.service.ts?ref=01fb27c8a3647c57e7c464e665ba510fed31857b","patch":"@@ -0,0 +1,60 @@\n+/*\n+ * Copyright (c) 2015-2017 Codenvy, S.A.\n+ * All rights reserved. This program and the accompanying materials\n+ * are made available under the terms of the Eclipse Public License v1.0\n+ * which accompanies this distribution, and is available at\n+ * http://www.eclipse.org/legal/epl-v10.html\n+ *\n+ * Contributors:\n+ *   Codenvy, S.A. - initial API and implementation\n+ */\n+'use strict';\n+import {StackValidationService} from './stack-validation.service';\n+\n+/**\n+ * This class is handling the data for import stack\n+ *\n+ * @author Oleksii Orel\n+ */\n+export class ImportStackService {\n+  private stackValidationService: StackValidationService;\n+  private stack: che.IStack | {};\n+\n+\n+  /**\n+   * Default constructor that is using resource\n+   * @ngInject for Dependency injection\n+   */\n+  constructor(stackValidationService: StackValidationService) {\n+    this.stackValidationService = stackValidationService;\n+\n+    this.stack = {};\n+  }\n+\n+  /**\n+   * Sets imported stack.\n+   *\n+   * @param stack {che.IStack}\n+   */\n+  setStack(stack: che.IStack | {}): void {\n+    this.stack = stack;\n+  }\n+\n+  /**\n+   * Returns imported stack.\n+   *\n+   * @returns {che.IStack}\n+   */\n+  getStack(): che.IStack | {} {\n+    return this.stack;\n+  }\n+\n+  /**\n+   * Returns valid status of the stack.\n+   *\n+   * @returns {boolean}\n+   */\n+  isValid(): boolean {\n+    return this.stackValidationService.getStackValidation(this.stack).isValid;\n+  }\n+}"},{"sha":"b42a3c82e3cbf19f036dc613491d5505a78028ee","filename":"dashboard/src/app/stacks/stack-details/stack-validation.service.ts","status":"added","additions":227,"deletions":0,"changes":227,"blob_url":"https://github.com/eclipse/che/blob/01fb27c8a3647c57e7c464e665ba510fed31857b/dashboard/src/app/stacks/stack-details/stack-validation.service.ts","raw_url":"https://github.com/eclipse/che/raw/01fb27c8a3647c57e7c464e665ba510fed31857b/dashboard/src/app/stacks/stack-details/stack-validation.service.ts","contents_url":"https://api.github.com/repos/eclipse/che/contents/dashboard/src/app/stacks/stack-details/stack-validation.service.ts?ref=01fb27c8a3647c57e7c464e665ba510fed31857b","patch":"@@ -0,0 +1,227 @@\n+/*\n+ * Copyright (c) 2015-2017 Codenvy, S.A.\n+ * All rights reserved. This program and the accompanying materials\n+ * are made available under the terms of the Eclipse Public License v1.0\n+ * which accompanies this distribution, and is available at\n+ * http://www.eclipse.org/legal/epl-v10.html\n+ *\n+ * Contributors:\n+ *   Codenvy, S.A. - initial API and implementation\n+ */\n+'use strict';\n+\n+const COMPOSE = 'compose';\n+const DOCKERFILE = 'dockerfile';\n+\n+/**\n+ * This class is handling the data for stack validation\n+ *\n+ * @author Oleksii Orel\n+ */\n+export class StackValidationService {\n+\n+  /**\n+   * Return result of recipe validation.\n+   * @param stack {che.IStack}\n+   * @returns {IValidation}\n+   */\n+  getStackValidation(stack: che.IStack | {}): che.IValidation {\n+    let mandatoryKeys: Array<string> = ['name', 'workspaceConfig'];\n+    let additionalKeys: Array<string> = ['description', 'projects', 'tags', 'creator', 'scope', 'components', 'source'];\n+    let validKeys: Array<string> = mandatoryKeys.concat(additionalKeys);\n+    let errors: Array<string> = [];\n+    let isValid: boolean = true;\n+    // stack validation\n+    if (!stack || stack === {}) {\n+      isValid = false;\n+      errors.push('Error. The stack is empty.');\n+      return {isValid: isValid, errors: errors};\n+    }\n+    let objectKeys: Array<string> = Object.keys(stack);\n+    mandatoryKeys.forEach((key: string) => {\n+      if (objectKeys.indexOf(key) === -1) {\n+        isValid = false;\n+        errors.push('The key \"' + key + '\" is mandatory in stack.');\n+      }\n+    });\n+    objectKeys.forEach((key: string) => {\n+      if (validKeys.indexOf(key) === -1) {\n+        isValid = false;\n+        errors.push('The key \"' + key + '\" is redundant in stack.');\n+      }\n+    });\n+    // add workspace validation\n+    let workspaceValidation = this.getWorkspaceConfigValidation(stack.workspaceConfig);\n+    if (!workspaceValidation.isValid) {\n+      isValid = false;\n+      errors = errors.concat(workspaceValidation.errors);\n+    }\n+\n+    return {isValid: isValid, errors: errors};\n+  }\n+\n+  /**\n+   * Return result of workspaceConfig validation.\n+   * @param workspaceConfig {che.IWorkspaceConfig}\n+   * @returns {IValidation}\n+   */\n+  getWorkspaceConfigValidation(workspaceConfig: che.IWorkspaceConfig): che.IValidation {\n+    let mandatoryKeys: Array<string> = ['name', 'environments', 'defaultEnv'];\n+    let additionalKeys: Array<string> = ['commands', 'projects', 'description'];\n+    let validKeys: Array<string> = mandatoryKeys.concat(additionalKeys);\n+    let errors: Array<string> = [];\n+    let isValid: boolean = true;\n+    // workspace validation\n+    if (!workspaceConfig || workspaceConfig === {}) {\n+      isValid = false;\n+      errors.push('Error. The workspace is empty.');\n+      return {isValid: isValid, errors: errors};\n+    }\n+    let objectKeys: Array<string> = Object.keys(workspaceConfig);\n+    mandatoryKeys.forEach((key: string) => {\n+      if (objectKeys.indexOf(key) === -1) {\n+        isValid = false;\n+        errors.push('The key \"' + key + '\" is mandatory in workspaceConfig.');\n+      }\n+    });\n+    objectKeys.forEach((key: string) => {\n+      if (validKeys.indexOf(key) === -1) {\n+        isValid = false;\n+        errors.push('The key \"' + key + '\" is redundant in workspaceConfig.');\n+      }\n+    });\n+    // add environment validation\n+    let workspaceEnvironments = workspaceConfig.environments;\n+    if (workspaceEnvironments) {\n+      let keys: Array<string> = Object.keys(workspaceEnvironments);\n+      keys.forEach((key: string) => {\n+        let environment: che.IWorkspaceEnvironment = workspaceConfig.environments[key];\n+        let environmentValidation: che.IValidation = this.getEnvironmentValidation(environment);\n+        if (!environmentValidation.isValid) {\n+          isValid = false;\n+          errors = errors.concat(environmentValidation.errors);\n+        }\n+      });\n+    }\n+\n+    return {isValid: isValid, errors: errors};\n+  }\n+\n+  /**\n+   * Return result of environment validation.\n+   * @param environment {che.IWorkspaceEnvironment}\n+   * @returns {IValidation}\n+   */\n+  getEnvironmentValidation(environment: che.IWorkspaceEnvironment): che.IValidation {\n+    let errors: Array<string> = [];\n+    let isValid: boolean = true;\n+    // environment validation\n+    if (!environment || environment === {}) {\n+      isValid = false;\n+      errors.push('The environment is empty.');\n+      return {isValid: isValid, errors: errors};\n+    }\n+    // add machines validation\n+    let machines = environment.machines;\n+    let keys: Array<string> = machines ? Object.keys(machines) : [];\n+    if (keys.length === 0) {\n+      isValid = false;\n+      errors.push('The machines is empty.');\n+    }\n+    keys.forEach((key: string) => {\n+      let machine: che.IMachine = environment.machines[key];\n+      let machineValidation: che.IValidation = this.getMachineValidation(machine);\n+      if (!machineValidation.isValid) {\n+        isValid = false;\n+        errors = errors.concat(machineValidation.errors);\n+      }\n+    });\n+    // add recipe validation\n+    let recipeValidation = this.getRecipeValidation(environment.recipe);\n+    if (!recipeValidation.isValid) {\n+      isValid = false;\n+      errors = errors.concat(recipeValidation.errors);\n+    }\n+\n+    return {isValid: isValid, errors: errors};\n+  }\n+\n+  /**\n+   * Return result of machine validation.\n+   * @param machine {che.IMachine}\n+   * @returns {IValidation}\n+   */\n+  getMachineValidation(machine: che.IMachine): che.IValidation {\n+    let mandatoryKeys: Array<string> = ['attributes'];\n+    let additionalKeys: Array<string> = ['agents', 'servers'];\n+    let validKeys: Array<string> = mandatoryKeys.concat(additionalKeys);\n+    let errors: Array<string> = [];\n+    let isValid: boolean = true;\n+    // machine validation\n+    if (!machine) {\n+      isValid = false;\n+      errors.push('The machine is empty.');\n+      return {isValid: isValid, errors: errors};\n+    }\n+    let objectKeys: Array<string> = Object.keys(machine);\n+    mandatoryKeys.forEach((key: string) => {\n+      if (objectKeys.indexOf(key) === -1) {\n+        isValid = false;\n+        errors.push('The key \"' + key + '\" is mandatory in machine.');\n+      }\n+    });\n+    objectKeys.forEach((key: string) => {\n+      if (validKeys.indexOf(key) === -1) {\n+        isValid = false;\n+        errors.push('The key \"' + key + '\" is redundant in machine.');\n+      }\n+    });\n+\n+    return {isValid: isValid, errors: errors};\n+  }\n+\n+  /**\n+   * Return result of recipe validation.\n+   * @param recipe {che.IRecipe}\n+   * @returns {IValidation}\n+   */\n+  getRecipeValidation(recipe: che.IRecipe): che.IValidation {\n+    let mandatoryKeys: Array<string> = ['content', 'type'];\n+    let additionalKeys: Array<string> = ['contentType'];\n+    let validKeys: Array<string> = mandatoryKeys.concat(additionalKeys);\n+    let errors: Array<string> = [];\n+    let isValid: boolean = true;\n+    // recipe validation\n+    if (!recipe || !recipe.type || !recipe.content) {\n+      isValid = false;\n+      errors.push('The recipe is empty.');\n+      return {isValid: isValid, errors: errors};\n+    }\n+    let objectKeys: Array<string> = Object.keys(recipe);\n+    mandatoryKeys.forEach((key: string) => {\n+      if (objectKeys.indexOf(key) === -1) {\n+        isValid = false;\n+        errors.push('The key \"' + key + '\" is mandatory in recipe.');\n+      }\n+    });\n+    objectKeys.forEach((key: string) => {\n+      if (validKeys.indexOf(key) === -1) {\n+        isValid = false;\n+        errors.push('The key \"' + key + '\" is redundant in recipe.');\n+      }\n+    });\n+    if (DOCKERFILE === recipe.type) {\n+      if (!/^FROM\\s+\\w+/m.test(recipe.content)) {\n+        isValid = false;\n+        errors.push('The dockerfile is invalid.');\n+      }\n+    } else if (COMPOSE === recipe.type) {\n+      if (!/^services:\\n/m.test(recipe.content)) {\n+        isValid = false;\n+        errors.push('The composefile is invalid.');\n+      }\n+    }\n+\n+    return {isValid: isValid, errors: errors};\n+  }\n+}"},{"sha":"435253c21a4b6a1b84578f0ec785a6a7a5d0f21f","filename":"dashboard/src/app/stacks/stack-details/stack.controller.ts","status":"modified","additions":27,"deletions":6,"changes":33,"blob_url":"https://github.com/eclipse/che/blob/01fb27c8a3647c57e7c464e665ba510fed31857b/dashboard/src/app/stacks/stack-details/stack.controller.ts","raw_url":"https://github.com/eclipse/che/raw/01fb27c8a3647c57e7c464e665ba510fed31857b/dashboard/src/app/stacks/stack-details/stack.controller.ts","contents_url":"https://api.github.com/repos/eclipse/che/contents/dashboard/src/app/stacks/stack-details/stack.controller.ts?ref=01fb27c8a3647c57e7c464e665ba510fed31857b","patch":"@@ -13,6 +13,7 @@ import {CheStack} from '../../../components/api/che-stack.factory';\n import {CheNotification} from '../../../components/notification/che-notification.factory';\n import {CheUIElementsInjectorService} from '../../../components/injector/che-ui-elements-injector.service';\n import {CheWorkspace} from '../../../components/api/che-workspace.factory';\n+import {ImportStackService} from './import-stack.service';\n \n const STACK_TEST_POPUP_ID: string = 'stackTestPopup';\n \n@@ -34,12 +35,14 @@ export class StackController {\n   $location: ng.ILocationService;\n   $mdDialog: ng.material.IDialogService;\n   cheUIElementsInjectorService: CheUIElementsInjectorService;\n+  importStackService: ImportStackService;\n   cheStack: CheStack;\n   cheWorkspace: CheWorkspace;\n   cheNotification: CheNotification;\n   showIDE: boolean;\n   loading: boolean;\n   isLoading: boolean;\n+  isImport: boolean;\n   isCreation: boolean;\n   isStackChange: boolean;\n   stackId: string;\n@@ -57,7 +60,7 @@ export class StackController {\n    * Default constructor that is using resource injection\n    * @ngInject for Dependency injection\n    */\n-  constructor($route: ng.route.IRoute, $location: ng.ILocationService, $log: ng.ILogService, $filter: ng.IFilterService, cheStack: CheStack, cheWorkspace: CheWorkspace, $mdDialog: ng.material.IDialogService, cheNotification: CheNotification, $timeout: ng.ITimeoutService, $document: ng.IDocumentService, cheUIElementsInjectorService: CheUIElementsInjectorService, $scope: ng.IScope, $window: ng.IWindowService) {\n+  constructor($route: ng.route.IRoute, $location: ng.ILocationService, $log: ng.ILogService, $filter: ng.IFilterService, cheStack: CheStack, cheWorkspace: CheWorkspace, $mdDialog: ng.material.IDialogService, cheNotification: CheNotification, $timeout: ng.ITimeoutService, $document: ng.IDocumentService, cheUIElementsInjectorService: CheUIElementsInjectorService, $scope: ng.IScope, $window: ng.IWindowService, importStackService: ImportStackService) {\n     this.$location = $location;\n     this.$log = $log;\n     this.$route = $route;\n@@ -70,6 +73,7 @@ export class StackController {\n     this.cheNotification = cheNotification;\n     this.$document = $document;\n     this.cheUIElementsInjectorService = cheUIElementsInjectorService;\n+    this.importStackService = importStackService;\n \n     this.editorOptions = {\n       lineWrapping: true,\n@@ -84,8 +88,22 @@ export class StackController {\n     };\n \n     this.machinesViewStatus = {};\n-    // checking creation mode:\n-    this.isCreation = ($route as any).current.params.stackId === 'create';\n+    let routeParam: string = ($route as any).current.params.stackId;\n+\n+    switch (routeParam) {\n+      case 'import' :\n+        this.isCreation = true;\n+        this.isImport = true;\n+        break;\n+      case 'create':\n+        this.isCreation = true;\n+        this.isImport = false;\n+        break;\n+      default:\n+        this.isCreation = false;\n+        this.isImport = false;\n+    }\n+\n     this.copyStack = {};\n     this.stackTags = [];\n \n@@ -111,6 +129,8 @@ export class StackController {\n    */\n   updateData(): void {\n     if (this.isCreation) {\n+      this.copyStack = {};\n+      this.isStackChange = true;\n       this.stack = this.getNewStackTemplate();\n       this.stackTags = angular.copy(this.stack.tags);\n       this.stackName = angular.copy(this.stack.name);\n@@ -161,7 +181,7 @@ export class StackController {\n    * @returns {che.IStack} new stack template\n    */\n   getNewStackTemplate(): che.IStack {\n-    let stack: che.IStack = this.cheStack.getStackTemplate();\n+    let stack: che.IStack = this.isImport ? this.importStackService.getStack() : this.cheStack.getStackTemplate();\n     this.stackName = stack.name;\n     return stack;\n   }\n@@ -249,7 +269,7 @@ export class StackController {\n    * Update stack's editor json from stack.\n    */\n   updateJsonFromStack(): void {\n-    this.isStackChange = !angular.equals(this.stack, this.copyStack);\n+    this.isStackChange = this.isCreation || !angular.equals(this.stack, this.copyStack);\n     this.stackJson = angular.toJson(this.stack, true);\n   }\n \n@@ -318,8 +338,9 @@ export class StackController {\n       this.stack = stack;\n       this.isLoading = false;\n       this.cheStack.fetchStacks();\n-      this.prepareStackData();\n+      this.isStackChange = false;\n       this.isCreation = false;\n+      this.prepareStackData();\n     }, (error: any) => {\n       this.isLoading = false;\n       this.cheNotification.showError(error.data.message !== null ? error.data.message : 'Creation stack failed.');"},{"sha":"117c9255310ac1249a99c18714ef46a4fcc6ff87","filename":"dashboard/src/app/stacks/stacks-config.ts","status":"modified","additions":6,"deletions":0,"changes":6,"blob_url":"https://github.com/eclipse/che/blob/01fb27c8a3647c57e7c464e665ba510fed31857b/dashboard/src/app/stacks/stacks-config.ts","raw_url":"https://github.com/eclipse/che/raw/01fb27c8a3647c57e7c464e665ba510fed31857b/dashboard/src/app/stacks/stacks-config.ts","contents_url":"https://api.github.com/repos/eclipse/che/contents/dashboard/src/app/stacks/stacks-config.ts?ref=01fb27c8a3647c57e7c464e665ba510fed31857b","patch":"@@ -18,6 +18,9 @@ import {ListComponents} from './stack-details/list-components/list-components.di\n import {ListComponentsController} from './stack-details/list-components/list-components.controller';\n import {EditComponentDialogController} from './stack-details/list-components/edit-component-dialog/edit-component-dialog.controller';\n import {SelectTemplateController} from './stack-details/select-template/select-template.controller';\n+import {ImportStackController} from './list-stacks/import-stack/import-stack.controller';\n+import {ImportStackService} from './stack-details/import-stack.service';\n+import {StackValidationService} from './stack-details/stack-validation.service';\n \n /**\n  * @ngdoc controller\n@@ -39,6 +42,9 @@ export class StacksConfig {\n     register.controller('StackController', StackController);\n     register.controller('EditComponentDialogController', EditComponentDialogController);\n     register.controller('SelectTemplateController', SelectTemplateController);\n+    register.controller('ImportStackController', ImportStackController);\n+    register.service('importStackService', ImportStackService);\n+    register.service('stackValidationService', StackValidationService);\n \n     // config routes\n     register.app.config(($routeProvider: any) => {"},{"sha":"2a96b26a740e1be3baead2801039d6bef56cbe2b","filename":"dashboard/src/components/typings/che.d.ts","status":"modified","additions":18,"deletions":6,"changes":24,"blob_url":"https://github.com/eclipse/che/blob/01fb27c8a3647c57e7c464e665ba510fed31857b/dashboard/src/components/typings/che.d.ts","raw_url":"https://github.com/eclipse/che/raw/01fb27c8a3647c57e7c464e665ba510fed31857b/dashboard/src/components/typings/che.d.ts","contents_url":"https://api.github.com/repos/eclipse/che/contents/dashboard/src/components/typings/che.d.ts?ref=01fb27c8a3647c57e7c464e665ba510fed31857b","patch":"@@ -52,14 +52,15 @@ declare namespace _che {\n   }\n \n   export interface IStack {\n+    id?: string;\n     name: string;\n-    description: string;\n-    projects: Array<any>;\n-    tags: Array<string>;\n-    scope: string;\n-    components: Array<any>;\n+    description?: string;\n+    tags?: Array<string>;\n+    creator?: string;\n+    scope?: string;\n+    components?: Array<any>;\n     source: any;\n-    workspaceConfig: IWorkspace;\n+    workspaceConfig: IWorkspaceConfig;\n   }\n \n   export interface IWorkspace {\n@@ -155,4 +156,15 @@ declare namespace _che {\n     };\n   }\n \n+  export interface IEditorOptions {\n+    mode: string;\n+    lineNumbers: boolean;\n+    lineWrapping: boolean;\n+    matchBrackets: boolean;\n+  }\n+\n+  export interface IValidation {\n+    isValid: boolean;\n+    errors: Array<string>;\n+  }\n }"},{"sha":"7b4a1365c0e1f3316a486736b8d963358303518e","filename":"dashboard/src/components/widget/list/che-list-header.directive.ts","status":"modified","additions":10,"deletions":1,"changes":11,"blob_url":"https://github.com/eclipse/che/blob/01fb27c8a3647c57e7c464e665ba510fed31857b/dashboard/src/components/widget/list/che-list-header.directive.ts","raw_url":"https://github.com/eclipse/che/raw/01fb27c8a3647c57e7c464e665ba510fed31857b/dashboard/src/components/widget/list/che-list-header.directive.ts","contents_url":"https://api.github.com/repos/eclipse/che/contents/dashboard/src/components/widget/list/che-list-header.directive.ts?ref=01fb27c8a3647c57e7c464e665ba510fed31857b","patch":"@@ -15,6 +15,13 @@\n  * @author Oleksii Orel\n  */\n export class CheListHeader {\n+  restrict: string;\n+  replace: boolean;\n+  templateUrl: string;\n+  transclude: boolean;\n+  scope: {\n+    [propName: string]: string\n+  };\n \n   /**\n    * Default constructor that is using resource\n@@ -33,11 +40,13 @@ export class CheListHeader {\n       addButtonTitle: '@?cheAddButtonTitle',\n       addButtonHref: '@?cheAddButtonHref',\n       onAdd: '&?cheOnAdd',\n+      importButtonTitle: '@?cheImportButtonTitle',\n+      onImport: '&?cheOnImport',\n       deleteButtonTitle: '@?cheDeleteButtonTitle',\n       onDelete: '&?cheOnDelete',\n       hideDelete: '=?cheHideDelete',\n       hideSearch: '=?cheHideSearch',\n-      hideHeader:'=?cheHideHeader'\n+      hideHeader: '=?cheHideHeader'\n     };\n   }\n }"},{"sha":"a6de242afdefeed2dd8b46dfacb1d6f0503e5c98","filename":"dashboard/src/components/widget/list/che-list-header.html","status":"modified","additions":4,"deletions":0,"changes":4,"blob_url":"https://github.com/eclipse/che/blob/01fb27c8a3647c57e7c464e665ba510fed31857b/dashboard/src/components/widget/list/che-list-header.html","raw_url":"https://github.com/eclipse/che/raw/01fb27c8a3647c57e7c464e665ba510fed31857b/dashboard/src/components/widget/list/che-list-header.html","contents_url":"https://api.github.com/repos/eclipse/che/contents/dashboard/src/components/widget/list/che-list-header.html?ref=01fb27c8a3647c57e7c464e665ba510fed31857b","patch":"@@ -8,6 +8,10 @@\n                         ng-if=\"addButtonHref\"\n                         che-button-title=\"{{addButtonTitle}}\"\n                         ng-href=\"{{addButtonHref}}\"></che-button-primary>\n+    <che-button-primary class=\"che-list-import-button\"\n+                        ng-if=\"onImport\"\n+                        che-button-title=\"{{importButtonTitle}}\"\n+                        ng-click=\"onImport()\"></che-button-primary>\n     <div class=\"che-list-search\"\n          ng-show=\"inputPlaceholder && !hideSearch\">\n       <div flex=\"100\" layout=\"row\">"},{"sha":"27979454d352aa349178849bef84b3ce86802a9f","filename":"dashboard/src/components/widget/list/che-list-header.styl","status":"modified","additions":8,"deletions":2,"changes":10,"blob_url":"https://github.com/eclipse/che/blob/01fb27c8a3647c57e7c464e665ba510fed31857b/dashboard/src/components/widget/list/che-list-header.styl","raw_url":"https://github.com/eclipse/che/raw/01fb27c8a3647c57e7c464e665ba510fed31857b/dashboard/src/components/widget/list/che-list-header.styl","contents_url":"https://api.github.com/repos/eclipse/che/contents/dashboard/src/components/widget/list/che-list-header.styl?ref=01fb27c8a3647c57e7c464e665ba510fed31857b","patch":"@@ -8,13 +8,15 @@\n   padding 0 40px 15px 52px\n \n   .che-list-add-button *,\n+  .che-list-import-button *,\n   .che-list-delete-button *\n     font-size 12px\n     font-weight bold\n     text-transform none\n     color $list-header-button-color\n \n-  .che-list-add-button\n+  .che-list-add-button,\n+  .che-list-import-button\n     float left\n     display inline-flex\n \n@@ -28,6 +30,7 @@\n \n .che-list-search,\n .che-list-add-button > *,\n+.che-list-import-button > *,\n .che-list-delete-button > *\n   display inline-block\n   box-sizing content-box\n@@ -39,7 +42,8 @@\n   border 1px solid $list-header-blue-color\n   che-border-radius(2px)\n \n-.che-list-add-button > *\n+.che-list-add-button > *,\n+.che-list-import-button > *\n   margin-left 0\n   margin-right 20px\n \n@@ -48,11 +52,13 @@\n   margin-right 0\n \n .che-list-add-button > *:hover,\n+.che-list-import-button > *:hover,\n .che-list-delete-button > *:hover\n   border 1px solid $list-header-button-hover-color\n   background-color $list-header-button-hover-color !important\n \n .che-list-add-button > *,\n+.che-list-import-button > *,\n .che-list-delete-button > *\n   width auto\n   padding-left 20px"}]}
