{"sha":"01fba39a17cf6853acfa6116732b09136f843c02","commit":{"author":{"name":"Yevhenii Voevodin","email":"evoevodin@codenvy.com","date":"2016-03-16T07:24:41Z"},"committer":{"name":"Yevhenii Voevodin","email":"evoevodin@codenvy.com","date":"2016-03-16T07:24:41Z"},"message":"Merge pull request #723 from eclipse/get_pr_improvement\n\nAdd an ability to get pull requests by repo, owner and head","tree":{"sha":"44f3adde35ed50e6204d0c0864474d023c679e5f","url":"https://api.github.com/repos/eclipse/che/git/trees/44f3adde35ed50e6204d0c0864474d023c679e5f"},"url":"https://api.github.com/repos/eclipse/che/git/commits/01fba39a17cf6853acfa6116732b09136f843c02","comment_count":0,"verification":{"verified":false,"reason":"unsigned","signature":null,"payload":null}},"url":"https://api.github.com/repos/eclipse/che/commits/01fba39a17cf6853acfa6116732b09136f843c02","html_url":"https://github.com/eclipse/che/commit/01fba39a17cf6853acfa6116732b09136f843c02","comments_url":"https://api.github.com/repos/eclipse/che/commits/01fba39a17cf6853acfa6116732b09136f843c02/comments","author":null,"committer":null,"parents":[{"sha":"b3a55c6a9395d002562d11c895b0166ce8fc7b75","url":"https://api.github.com/repos/eclipse/che/commits/b3a55c6a9395d002562d11c895b0166ce8fc7b75","html_url":"https://github.com/eclipse/che/commit/b3a55c6a9395d002562d11c895b0166ce8fc7b75"},{"sha":"6dfc42ccb70aaa1b583f7eb41af970ca0a9dc3fd","url":"https://api.github.com/repos/eclipse/che/commits/6dfc42ccb70aaa1b583f7eb41af970ca0a9dc3fd","html_url":"https://github.com/eclipse/che/commit/6dfc42ccb70aaa1b583f7eb41af970ca0a9dc3fd"}],"stats":{"total":46,"additions":43,"deletions":3},"files":[{"sha":"a8df77d542b6cf6e152da392f005f85656169092","filename":"plugins/plugin-github/che-plugin-github-ext-github/src/main/java/org/eclipse/che/ide/ext/github/client/GitHubClientService.java","status":"modified","additions":12,"deletions":0,"changes":12,"blob_url":"https://github.com/eclipse/che/blob/01fba39a17cf6853acfa6116732b09136f843c02/plugins/plugin-github/che-plugin-github-ext-github/src/main/java/org/eclipse/che/ide/ext/github/client/GitHubClientService.java","raw_url":"https://github.com/eclipse/che/raw/01fba39a17cf6853acfa6116732b09136f843c02/plugins/plugin-github/che-plugin-github-ext-github/src/main/java/org/eclipse/che/ide/ext/github/client/GitHubClientService.java","contents_url":"https://api.github.com/repos/eclipse/che/contents/plugins/plugin-github/che-plugin-github-ext-github/src/main/java/org/eclipse/che/ide/ext/github/client/GitHubClientService.java?ref=01fba39a17cf6853acfa6116732b09136f843c02","patch":"@@ -150,6 +150,18 @@ void commentIssue(@NotNull String user, @NotNull String repository, @NotNull Str\n      */\n     Promise<GitHubPullRequestList> getPullRequests(@NotNull String owner, @NotNull String repository);\n \n+    /**\n+     * Get pull requests for given repository.\n+     *\n+     * @param owner\n+     *         the repository owner.\n+     * @param repository\n+     *         the repository name.\n+     * @param head\n+     *         user and branch name in the format of user:ref-name\n+     */\n+    Promise<GitHubPullRequestList> getPullRequests(String owner, String repository, String head);\n+\n     /**\n      * Get a pull request by id for a given repository.\n      *"},{"sha":"1798c60b380110c71c8064a67d0f8d094a1e2548","filename":"plugins/plugin-github/che-plugin-github-ext-github/src/main/java/org/eclipse/che/ide/ext/github/client/GitHubClientServiceImpl.java","status":"modified","additions":8,"deletions":0,"changes":8,"blob_url":"https://github.com/eclipse/che/blob/01fba39a17cf6853acfa6116732b09136f843c02/plugins/plugin-github/che-plugin-github-ext-github/src/main/java/org/eclipse/che/ide/ext/github/client/GitHubClientServiceImpl.java","raw_url":"https://github.com/eclipse/che/raw/01fba39a17cf6853acfa6116732b09136f843c02/plugins/plugin-github/che-plugin-github-ext-github/src/main/java/org/eclipse/che/ide/ext/github/client/GitHubClientServiceImpl.java","contents_url":"https://api.github.com/repos/eclipse/che/contents/plugins/plugin-github/che-plugin-github-ext-github/src/main/java/org/eclipse/che/ide/ext/github/client/GitHubClientServiceImpl.java?ref=01fba39a17cf6853acfa6116732b09136f843c02","patch":"@@ -150,6 +150,14 @@ public void getPullRequests(@NotNull String owner, @NotNull String repository,\n                                   .send(dtoUnmarshallerFactory.newUnmarshaller(GitHubPullRequestList.class));\n     }\n \n+    @Override\n+    public Promise<GitHubPullRequestList> getPullRequests(String owner, String repository, String head) {\n+        final String url = baseUrl + PULL_REQUESTS + '/' + owner + '/' + repository + \"?head=\" + head;\n+        return asyncRequestFactory.createGetRequest(url)\n+                                  .loader(loader)\n+                                  .send(dtoUnmarshallerFactory.newUnmarshaller(GitHubPullRequestList.class));\n+    }\n+\n     @Override\n     public void getPullRequest(final String owner, final String repository, final String pullRequestId,\n                                final AsyncRequestCallback<GitHubPullRequest> callback) {"},{"sha":"5bc1014957815af21348e15278b6b1b3dc9ed25a","filename":"plugins/plugin-github/che-plugin-github-ext-github/src/main/java/org/eclipse/che/ide/ext/github/server/rest/GitHubService.java","status":"modified","additions":23,"deletions":3,"changes":26,"blob_url":"https://github.com/eclipse/che/blob/01fba39a17cf6853acfa6116732b09136f843c02/plugins/plugin-github/che-plugin-github-ext-github/src/main/java/org/eclipse/che/ide/ext/github/server/rest/GitHubService.java","raw_url":"https://github.com/eclipse/che/raw/01fba39a17cf6853acfa6116732b09136f843c02/plugins/plugin-github/che-plugin-github-ext-github/src/main/java/org/eclipse/che/ide/ext/github/server/rest/GitHubService.java","contents_url":"https://api.github.com/repos/eclipse/che/contents/plugins/plugin-github/che-plugin-github-ext-github/src/main/java/org/eclipse/che/ide/ext/github/server/rest/GitHubService.java?ref=01fba39a17cf6853acfa6116732b09136f843c02","patch":"@@ -33,6 +33,7 @@\n import org.kohsuke.github.GHPullRequest;\n import org.kohsuke.github.GHRepository;\n import org.kohsuke.github.GitHub;\n+import org.kohsuke.github.HttpConnector;\n import org.slf4j.Logger;\n import org.slf4j.LoggerFactory;\n \n@@ -46,6 +47,9 @@\n import javax.ws.rs.QueryParam;\n import javax.ws.rs.core.MediaType;\n import java.io.IOException;\n+import java.net.HttpURLConnection;\n+import java.net.URI;\n+import java.net.URL;\n import java.util.List;\n \n import static org.eclipse.che.dto.server.DtoFactory.newDto;\n@@ -194,11 +198,27 @@ public void commentIssue(@PathParam(\"user\") String user,\n     @GET\n     @Path(\"pullrequests/{user}/{repository}\")\n     @Produces(MediaType.APPLICATION_JSON)\n-    public GitHubPullRequestList listPullRequestsByRepository(@PathParam(\"user\") String user, @PathParam(\"repository\") String repository)\n+    public GitHubPullRequestList listPullRequestsByRepository(@PathParam(\"user\") String user,\n+                                                              @PathParam(\"repository\") String repository,\n+                                                              @QueryParam(\"head\") String head)\n             throws ApiException {\n         try {\n-            return gitHubDTOFactory.createPullRequestsList(gitHubFactory.connect().getUser(user).getRepository(repository)\n-                                                                        .listPullRequests(GHIssueState.OPEN));\n+            final GitHub github = gitHubFactory.connect();\n+            // Workaround for adding head parameter to the request\n+            // TODO remove after update to 1.73 library version\n+            github.setConnector(new HttpConnector() {\n+                @Override\n+                public HttpURLConnection connect(URL url) throws IOException {\n+                    final String sourceUrl = url.toString();\n+                    if (sourceUrl.contains(\"pulls\")) {\n+                        return DEFAULT.connect(URI.create(url.toString() + \"&head=\" + head).toURL());\n+                    }\n+                    return DEFAULT.connect(url);\n+                }\n+            });\n+            return gitHubDTOFactory.createPullRequestsList(github.getUser(user)\n+                                                                 .getRepository(repository)\n+                                                                 .listPullRequests(GHIssueState.OPEN));\n         } catch (IOException e) {\n             LOG.error(\"Getting list of pull request by repositories\", e);\n             throw new ServerException(e.getMessage());"}]}
