{"sha":"02043bda16761dc4d65d0e860f9b0ee9f87ddf43","commit":{"author":{"name":"Tyler Jewell","email":"tjewell@codenvy.com","date":"2016-08-26T12:55:30Z"},"committer":{"name":"GitHub","email":"noreply@github.com","date":"2016-08-26T12:55:30Z"},"message":"update stack (#2225)","tree":{"sha":"532572499257af1dccb1bafe0c533654f93b0807","url":"https://api.github.com/repos/eclipse/che/git/trees/532572499257af1dccb1bafe0c533654f93b0807"},"url":"https://api.github.com/repos/eclipse/che/git/commits/02043bda16761dc4d65d0e860f9b0ee9f87ddf43","comment_count":0,"verification":{"verified":false,"reason":"unsigned","signature":null,"payload":null}},"url":"https://api.github.com/repos/eclipse/che/commits/02043bda16761dc4d65d0e860f9b0ee9f87ddf43","html_url":"https://github.com/eclipse/che/commit/02043bda16761dc4d65d0e860f9b0ee9f87ddf43","comments_url":"https://api.github.com/repos/eclipse/che/commits/02043bda16761dc4d65d0e860f9b0ee9f87ddf43/comments","author":{"login":"TylerJewell","id":392458,"avatar_url":"https://avatars3.githubusercontent.com/u/392458?v=4","gravatar_id":"","url":"https://api.github.com/users/TylerJewell","html_url":"https://github.com/TylerJewell","followers_url":"https://api.github.com/users/TylerJewell/followers","following_url":"https://api.github.com/users/TylerJewell/following{/other_user}","gists_url":"https://api.github.com/users/TylerJewell/gists{/gist_id}","starred_url":"https://api.github.com/users/TylerJewell/starred{/owner}{/repo}","subscriptions_url":"https://api.github.com/users/TylerJewell/subscriptions","organizations_url":"https://api.github.com/users/TylerJewell/orgs","repos_url":"https://api.github.com/users/TylerJewell/repos","events_url":"https://api.github.com/users/TylerJewell/events{/privacy}","received_events_url":"https://api.github.com/users/TylerJewell/received_events","type":"User","site_admin":false},"committer":{"login":"web-flow","id":19864447,"avatar_url":"https://avatars3.githubusercontent.com/u/19864447?v=4","gravatar_id":"","url":"https://api.github.com/users/web-flow","html_url":"https://github.com/web-flow","followers_url":"https://api.github.com/users/web-flow/followers","following_url":"https://api.github.com/users/web-flow/following{/other_user}","gists_url":"https://api.github.com/users/web-flow/gists{/gist_id}","starred_url":"https://api.github.com/users/web-flow/starred{/owner}{/repo}","subscriptions_url":"https://api.github.com/users/web-flow/subscriptions","organizations_url":"https://api.github.com/users/web-flow/orgs","repos_url":"https://api.github.com/users/web-flow/repos","events_url":"https://api.github.com/users/web-flow/events{/privacy}","received_events_url":"https://api.github.com/users/web-flow/received_events","type":"User","site_admin":false},"parents":[{"sha":"808e91998afc8298b9098516eebdd23d6f371486","url":"https://api.github.com/repos/eclipse/che/commits/808e91998afc8298b9098516eebdd23d6f371486","html_url":"https://github.com/eclipse/che/commit/808e91998afc8298b9098516eebdd23d6f371486"}],"stats":{"total":85,"additions":63,"deletions":22},"files":[{"sha":"2182d77d428133e0371fd48a9ea9ed3c888c9dc9","filename":"ide/che-core-ide-stacks/src/main/resources/images/type-che.svg","status":"added","additions":24,"deletions":0,"changes":24,"blob_url":"https://github.com/eclipse/che/blob/02043bda16761dc4d65d0e860f9b0ee9f87ddf43/ide/che-core-ide-stacks/src/main/resources/images/type-che.svg","raw_url":"https://github.com/eclipse/che/raw/02043bda16761dc4d65d0e860f9b0ee9f87ddf43/ide/che-core-ide-stacks/src/main/resources/images/type-che.svg","contents_url":"https://api.github.com/repos/eclipse/che/contents/ide/che-core-ide-stacks/src/main/resources/images/type-che.svg?ref=02043bda16761dc4d65d0e860f9b0ee9f87ddf43","patch":"@@ -0,0 +1,24 @@\n+<?xml version=\"1.0\" encoding=\"utf-8\"?>\r\n+<!--\r\n+\r\n+    Copyright (c) 2012-2016 Codenvy, S.A.\r\n+    All rights reserved. This program and the accompanying materials\r\n+    are made available under the terms of the Eclipse Public License v1.0\r\n+    which accompanies this distribution, and is available at\r\n+    http://www.eclipse.org/legal/epl-v10.html\r\n+\r\n+    Contributors:\r\n+      Codenvy, S.A. - initial API and implementation\r\n+\r\n+-->\r\n+<svg version=\"1.1\" id=\"Layer_1\" xmlns=\"http://www.w3.org/2000/svg\" xmlns:xlink=\"http://www.w3.org/1999/xlink\" x=\"0px\" y=\"0px\"\r\n+\t viewBox=\"0 0 254.1 293.5\" style=\"enable-background:new 0 0 254.1 293.5;\" xml:space=\"preserve\">\r\n+<style type=\"text/css\">\r\n+\t.st0{fill:#525C86;}\r\n+\t.st1{fill:#FDB940;}\r\n+</style>\r\n+<g>\r\n+\t<polygon class=\"st0\" points=\"0,128.7 0,220.1 127.1,293.5 254.1,220.1 254.1,128.7 127.1,202.1 \t\"/>\r\n+\t<polygon class=\"st1\" points=\"127.1,0 0,73.4 0,164.7 127.1,91.4 175,119 254.1,73.4 \t\"/>\r\n+</g>\r\n+</svg>\r"},{"sha":"7667b1f00d4a8bbff076803671bbc73b64b80521","filename":"ide/che-core-ide-stacks/src/main/resources/stacks.json","status":"modified","additions":39,"deletions":22,"changes":61,"blob_url":"https://github.com/eclipse/che/blob/02043bda16761dc4d65d0e860f9b0ee9f87ddf43/ide/che-core-ide-stacks/src/main/resources/stacks.json","raw_url":"https://github.com/eclipse/che/raw/02043bda16761dc4d65d0e860f9b0ee9f87ddf43/ide/che-core-ide-stacks/src/main/resources/stacks.json","contents_url":"https://api.github.com/repos/eclipse/che/contents/ide/che-core-ide-stacks/src/main/resources/stacks.json?ref=02043bda16761dc4d65d0e860f9b0ee9f87ddf43","patch":"@@ -3,40 +3,33 @@\n     \"id\": \"che-in-che\",\n     \"creator\": \"ide\",\n     \"name\": \"Eclipse Che\",\n-    \"description\": \"Utilities to build Che with Che. Alpine, JDK 8, maven, git, docker.\",\n+    \"description\": \"Utilities to build Che in Che with Docker, JDK 8, and Maven.\",\n     \"scope\": \"general\",\n     \"tags\": [\n+      \"Docker\",\n       \"Java\",\n       \"JDK\",\n       \"Maven\",\n-      \"Tomcat\",\n-      \"Subversion\",\n-      \"Ubuntu\",\n-      \"Git\",\n-      \"Che\",\n-      \"Docker\"\n+      \"Alpine\",\n+      \"Git\"\n     ],\n     \"components\": [\n+      {\n+        \"name\": \"Docker\",\n+        \"version\": \"1.12.0\"\n+      },\n       {\n         \"name\": \"JDK\",\n         \"version\": \"1.8.0_92\"\n       },\n       {\n         \"name\": \"Maven\",\n         \"version\": \"3.3.9\"\n-      },\n-      {\n-        \"name\": \"Tomcat\",\n-        \"version\": \"8.0.29\"\n-      },\n-      {\n-        \"name\": \"Docker\",\n-        \"version\": \"1.12.0\"\n       }\n     ],\n     \"source\": {\n       \"type\": \"image\",\n-      \"origin\": \"codenvy/alpine-jdk:nightly\"\n+      \"origin\": \"codenvy/alpine_jdk8\"\n     },\n     \"workspaceConfig\": {\n       \"environments\": [\n@@ -47,7 +40,7 @@\n             {\n               \"name\": \"default\",\n               \"limits\": {\n-                \"ram\": 1000\n+                \"ram\": 2000\n               },\n               \"source\": {\n                 \"location\": \"stub\",\n@@ -59,15 +52,39 @@\n           ]\n         }\n       ],\n-      \"name\": \"Che in Che\",\n+      \"name\": \"default\",\n       \"defaultEnv\": \"default\",\n       \"description\": null,\n       \"commands\": [\n         {\n-          \"commandLine\": \"mvn clean install -f ${current.project.path}\",\n-          \"name\": \"build\",\n-          \"type\": \"mvn\"\n+          \"commandLine\": \"sudo docker rename che-server che-host;sudo apk update; sudo apk add curl;export HOST_IP=$(curl -s https://4.ifcfg.me/)\",\n+          \"name\": \"1. Setup Che in Che\",\n+          \"type\": \"custom\"\n+        },\n+        {\n+          \"commandLine\": \"mvn clean install -f /projects/che/assembly/assembly-main\",\n+          \"name\": \"2. Build Che in Che\",\n+          \"type\": \"custom\"\n+        },\n+        {\n+          \"commandLine\": 'export CHE_BIN_PATH=$(ls -d /projects/che/assembly/assembly-main/target/eclipse-che-*/eclipse-che-*); sudo docker run -t -v /var/run/docker.sock:/var/run/docker.sock --env CHE_LOCAL_BINARY=${CHE_BIN_PATH//projects/\"home/user/che/workspaces/che\"} --env CHE_HOST_IP=$HOST_IP --env CHE_PORT=54321 codenvy/che-launcher start',\n+          \"name\": \"3. Run Che in Che\",\n+          \"type\": \"custom\",\n+          \"attributes\": {\n+              \"previewUrl\": \"http://<host.ip>:54321/\"\n+            }\n+        },\n+        {\n+          \"commandLine\": \"sudo docker run -t -v /var/run/docker.sock:/var/run/docker.sock codenvy/che-launcher stop\",\n+          \"name\": \"4. Stop Che in Che\",\n+          \"type\": \"custom\"\n+        },\n+        {\n+          \"commandLine\": \"sudo docker rm -f che-server\",\n+          \"name\": \"** Kill Che in Che **\",\n+          \"type\": \"custom\"\n         }\n+\n       ]\n     },\n     \"acl\": [\n@@ -79,7 +96,7 @@\n       }\n     ],\n     \"stackIcon\": {\n-      \"name\": \"type-java.svg\",\n+      \"name\": \"type-che.svg\",\n       \"mediaType\": \"image/svg+xml\"\n     }\n   },"}]}
