{"sha":"0230d4e50c360574046c741216cb84d769cd1d7f","commit":{"author":{"name":"Anatoliy Bazko","email":"abazko@codenvy.com","date":"2016-05-26T13:49:41Z"},"committer":{"name":"Anatoliy Bazko","email":"abazko@codenvy.com","date":"2016-05-26T13:49:41Z"},"message":"CODENVY-563: Unexpected errors after consuming factory (#1361)","tree":{"sha":"9fcd975528c769b91c1514828b0b1450fd3d68b7","url":"https://api.github.com/repos/eclipse/che/git/trees/9fcd975528c769b91c1514828b0b1450fd3d68b7"},"url":"https://api.github.com/repos/eclipse/che/git/commits/0230d4e50c360574046c741216cb84d769cd1d7f","comment_count":0,"verification":{"verified":false,"reason":"unsigned","signature":null,"payload":null}},"url":"https://api.github.com/repos/eclipse/che/commits/0230d4e50c360574046c741216cb84d769cd1d7f","html_url":"https://github.com/eclipse/che/commit/0230d4e50c360574046c741216cb84d769cd1d7f","comments_url":"https://api.github.com/repos/eclipse/che/commits/0230d4e50c360574046c741216cb84d769cd1d7f/comments","author":null,"committer":null,"parents":[{"sha":"1d272ee468c9db204321ee5c822e25bcf345e585","url":"https://api.github.com/repos/eclipse/che/commits/1d272ee468c9db204321ee5c822e25bcf345e585","html_url":"https://github.com/eclipse/che/commit/1d272ee468c9db204321ee5c822e25bcf345e585"}],"stats":{"total":12,"additions":8,"deletions":4},"files":[{"sha":"1fc1435594cbf156ad8e50411c04ee6c8821a742","filename":"plugins/plugin-svn/che-plugin-svn-ext-ide/src/main/java/org/eclipse/che/plugin/svn/ide/resolve/ResolvePresenter.java","status":"modified","additions":8,"deletions":4,"changes":12,"blob_url":"https://github.com/eclipse/che/blob/0230d4e50c360574046c741216cb84d769cd1d7f/plugins/plugin-svn/che-plugin-svn-ext-ide/src/main/java/org/eclipse/che/plugin/svn/ide/resolve/ResolvePresenter.java","raw_url":"https://github.com/eclipse/che/raw/0230d4e50c360574046c741216cb84d769cd1d7f/plugins/plugin-svn/che-plugin-svn-ext-ide/src/main/java/org/eclipse/che/plugin/svn/ide/resolve/ResolvePresenter.java","contents_url":"https://api.github.com/repos/eclipse/che/contents/plugins/plugin-svn/che-plugin-svn-ext-ide/src/main/java/org/eclipse/che/plugin/svn/ide/resolve/ResolvePresenter.java?ref=0230d4e50c360574046c741216cb84d769cd1d7f","patch":"@@ -78,16 +78,20 @@ public void fetchConflictsList(boolean forCurrentSelection) {\n             return;\n         }\n \n-        ProjectConfigDto project = currentProject.getRootProject();\n-        if (project == null) {\n+        ProjectConfigDto projectConfig = currentProject.getRootProject();\n+        if (projectConfig == null) {\n+            return;\n+        }\n+\n+        if (projectConfig.getPath() == null) {\n             return;\n         }\n \n-        if (project.getPath() == null) {\n+        if (!projectConfig.getProblems().isEmpty()) {\n             return;\n         }\n \n-        subversionClientService.showConflicts(project.getPath(),\n+        subversionClientService.showConflicts(projectConfig.getPath(),\n                                               forCurrentSelection ? getSelectedPaths() : null,\n                                               new AsyncCallback<List<String>>() {\n                                                   @Override"}]}
