{"sha":"02389852212e966d7055acefda4dd9c8545428e8","commit":{"author":{"name":"Stévan Le Meur","email":"slemeur@codenvy.com","date":"2016-10-21T07:32:21Z"},"committer":{"name":"GitHub","email":"noreply@github.com","date":"2016-10-21T07:32:21Z"},"message":"Add missing dependencies to build all sample plugins (#2854)\n\nSigned-off-by: Stevan Le Meur <stevan.lemeur@gmail.com>\r\n\r\nAdd missing dependencies to build all sample plugins","tree":{"sha":"4325e262006f63707780637e2ac5839f8bc6fd33","url":"https://api.github.com/repos/eclipse/che/git/trees/4325e262006f63707780637e2ac5839f8bc6fd33"},"url":"https://api.github.com/repos/eclipse/che/git/commits/02389852212e966d7055acefda4dd9c8545428e8","comment_count":0,"verification":{"verified":false,"reason":"unsigned","signature":null,"payload":null}},"url":"https://api.github.com/repos/eclipse/che/commits/02389852212e966d7055acefda4dd9c8545428e8","html_url":"https://github.com/eclipse/che/commit/02389852212e966d7055acefda4dd9c8545428e8","comments_url":"https://api.github.com/repos/eclipse/che/commits/02389852212e966d7055acefda4dd9c8545428e8/comments","author":{"login":"slemeur","id":1636769,"avatar_url":"https://avatars0.githubusercontent.com/u/1636769?v=4","gravatar_id":"","url":"https://api.github.com/users/slemeur","html_url":"https://github.com/slemeur","followers_url":"https://api.github.com/users/slemeur/followers","following_url":"https://api.github.com/users/slemeur/following{/other_user}","gists_url":"https://api.github.com/users/slemeur/gists{/gist_id}","starred_url":"https://api.github.com/users/slemeur/starred{/owner}{/repo}","subscriptions_url":"https://api.github.com/users/slemeur/subscriptions","organizations_url":"https://api.github.com/users/slemeur/orgs","repos_url":"https://api.github.com/users/slemeur/repos","events_url":"https://api.github.com/users/slemeur/events{/privacy}","received_events_url":"https://api.github.com/users/slemeur/received_events","type":"User","site_admin":false},"committer":{"login":"web-flow","id":19864447,"avatar_url":"https://avatars3.githubusercontent.com/u/19864447?v=4","gravatar_id":"","url":"https://api.github.com/users/web-flow","html_url":"https://github.com/web-flow","followers_url":"https://api.github.com/users/web-flow/followers","following_url":"https://api.github.com/users/web-flow/following{/other_user}","gists_url":"https://api.github.com/users/web-flow/gists{/gist_id}","starred_url":"https://api.github.com/users/web-flow/starred{/owner}{/repo}","subscriptions_url":"https://api.github.com/users/web-flow/subscriptions","organizations_url":"https://api.github.com/users/web-flow/orgs","repos_url":"https://api.github.com/users/web-flow/repos","events_url":"https://api.github.com/users/web-flow/events{/privacy}","received_events_url":"https://api.github.com/users/web-flow/received_events","type":"User","site_admin":false},"parents":[{"sha":"a6f2577ae8a7cae054adef23ecbc78fc8b825ebc","url":"https://api.github.com/repos/eclipse/che/commits/a6f2577ae8a7cae054adef23ecbc78fc8b825ebc","html_url":"https://github.com/eclipse/che/commit/a6f2577ae8a7cae054adef23ecbc78fc8b825ebc"}],"stats":{"total":27,"additions":26,"deletions":1},"files":[{"sha":"5669bce3c344ecaf9ac097214e738e3390cab5a4","filename":"assembly/assembly-main/pom.xml","status":"modified","additions":1,"deletions":1,"changes":2,"blob_url":"https://github.com/eclipse/che/blob/02389852212e966d7055acefda4dd9c8545428e8/assembly/assembly-main/pom.xml","raw_url":"https://github.com/eclipse/che/raw/02389852212e966d7055acefda4dd9c8545428e8/assembly/assembly-main/pom.xml","contents_url":"https://api.github.com/repos/eclipse/che/contents/assembly/assembly-main/pom.xml?ref=02389852212e966d7055acefda4dd9c8545428e8","patch":"@@ -95,7 +95,7 @@\n                         <configuration>\n                             <target>\n                                 <loadfile property=\"stack.che-in-che\" srcFile=\"${project.basedir}/src/assembly/stack/che-in-che.json\" />\n-                                <unzip src=\"${org.eclipse.che.core:che-core-ide-stacks:jar}\" dest=\"${project.build.directory}/stacks\" />\n+                                <unzip dest=\"${project.build.directory}/stacks\" src=\"${org.eclipse.che.core:che-core-ide-stacks:jar}\" />\n                                 <replaceregexp file=\"${project.build.directory}/stacks/stacks.json\" flags=\"m\">\n                                     <regexp pattern=\"^]$\" />\n                                     <substitution expression=\", ${stack.che-in-che} ]\" />"},{"sha":"2afdb3c09da5975935078f86f87d7adeb138c0b1","filename":"pom.xml","status":"modified","additions":25,"deletions":0,"changes":25,"blob_url":"https://github.com/eclipse/che/blob/02389852212e966d7055acefda4dd9c8545428e8/pom.xml","raw_url":"https://github.com/eclipse/che/raw/02389852212e966d7055acefda4dd9c8545428e8/pom.xml","contents_url":"https://api.github.com/repos/eclipse/che/contents/pom.xml?ref=02389852212e966d7055acefda4dd9c8545428e8","patch":"@@ -787,6 +787,11 @@\n                 <artifactId>che-sample-plugin-actions-ide</artifactId>\n                 <version>${che.version}</version>\n             </dependency>\n+            <dependency>\n+                <groupId>org.eclipse.che.sample</groupId>\n+                <artifactId>che-sample-plugin-embedjs-ide</artifactId>\n+                <version>${che.version}</version>\n+            </dependency>\n             <dependency>\n                 <groupId>org.eclipse.che.sample</groupId>\n                 <artifactId>che-sample-plugin-filetype-ide</artifactId>\n@@ -807,6 +812,26 @@\n                 <artifactId>che-sample-plugin-json-shared</artifactId>\n                 <version>${che.version}</version>\n             </dependency>\n+            <dependency>\n+                <groupId>org.eclipse.che.sample</groupId>\n+                <artifactId>che-sample-plugin-nativeaccess-ide</artifactId>\n+                <version>${che.version}</version>\n+            </dependency>\n+            <dependency>\n+                <groupId>org.eclipse.che.sample</groupId>\n+                <artifactId>che-sample-plugin-parts-ide</artifactId>\n+                <version>${che.version}</version>\n+            </dependency>\n+            <dependency>\n+                <groupId>org.eclipse.che.sample</groupId>\n+                <artifactId>che-sample-plugin-serverservice-ide</artifactId>\n+                <version>${che.version}</version>\n+            </dependency>\n+            <dependency>\n+                <groupId>org.eclipse.che.sample</groupId>\n+                <artifactId>che-sample-plugin-serverservice-server</artifactId>\n+                <version>${che.version}</version>\n+            </dependency>\n             <dependency>\n                 <groupId>org.eclipse.che.sample</groupId>\n                 <artifactId>che-sample-plugin-wizard-ide</artifactId>"}]}
