{"sha":"0250757c207caa80491fa4779fd59a7db4e5f095","commit":{"author":{"name":"Eugene Ivantsov","email":"eivantsov@redhat.com","date":"2017-10-30T14:15:25Z"},"committer":{"name":"GitHub","email":"noreply@github.com","date":"2017-10-30T14:15:25Z"},"message":"Use a more advanced TypeScript LS (#7079)\n\n* Use a more advanced TypeScript LS\r\n\r\n* Use a more advanced TypeScript LS\r\n\r\n* Use a more advanced TypeScript LS\r\n\r\n* Use a more advanced TypeScript LS","tree":{"sha":"49a67a3e5d32634f456e0d5975171e1e88d11c8d","url":"https://api.github.com/repos/eclipse/che/git/trees/49a67a3e5d32634f456e0d5975171e1e88d11c8d"},"url":"https://api.github.com/repos/eclipse/che/git/commits/0250757c207caa80491fa4779fd59a7db4e5f095","comment_count":0,"verification":{"verified":true,"reason":"valid","signature":"-----BEGIN PGP SIGNATURE-----\n\nwsBcBAABCAAQBQJZ9zP9CRBK7hj4Ov3rIwAAdHIIADAeJxncPSn57R/rUTTgjaag\n5P6UmxEyHvxGO3ySCZVySXpC8Gr7Ju/gDZgybWeAa3kEGn1JdO68SsB3rmWMAh9d\nsQepcNNeNoYARaQpLtSmH7k7+coqTNDUA/GqHMM+HF1IkNuTOWXwirFHVaUpHHSp\ni7Bb2ueDxRkl2AFkYIUArChKt8R0EwqpLlg9gKmKU7HPePvP/C9No7hVkrPUNP4T\n14W9hh4CvHP4YgG5UCX7dPbwYJfsl0D0UVrEu9LU/1eSLiSjYdg1iCybheOFWyPN\nX3tl8f1gyJcdz9MZsYm15B1VC7rRQzKM7Q6SUoDgJ+o+4VgKxJws6HhA/soLnFY=\n=TJZh\n-----END PGP SIGNATURE-----\n","payload":"tree 49a67a3e5d32634f456e0d5975171e1e88d11c8d\nparent 5e434faac19764521423de41321ec2e07f06dff3\nauthor Eugene Ivantsov <eivantsov@redhat.com> 1509372925 +0100\ncommitter GitHub <noreply@github.com> 1509372925 +0100\n\nUse a more advanced TypeScript LS (#7079)\n\n* Use a more advanced TypeScript LS\r\n\r\n* Use a more advanced TypeScript LS\r\n\r\n* Use a more advanced TypeScript LS\r\n\r\n* Use a more advanced TypeScript LS\r\n"}},"url":"https://api.github.com/repos/eclipse/che/commits/0250757c207caa80491fa4779fd59a7db4e5f095","html_url":"https://github.com/eclipse/che/commit/0250757c207caa80491fa4779fd59a7db4e5f095","comments_url":"https://api.github.com/repos/eclipse/che/commits/0250757c207caa80491fa4779fd59a7db4e5f095/comments","author":{"login":"eivantsov","id":5337267,"avatar_url":"https://avatars2.githubusercontent.com/u/5337267?v=4","gravatar_id":"","url":"https://api.github.com/users/eivantsov","html_url":"https://github.com/eivantsov","followers_url":"https://api.github.com/users/eivantsov/followers","following_url":"https://api.github.com/users/eivantsov/following{/other_user}","gists_url":"https://api.github.com/users/eivantsov/gists{/gist_id}","starred_url":"https://api.github.com/users/eivantsov/starred{/owner}{/repo}","subscriptions_url":"https://api.github.com/users/eivantsov/subscriptions","organizations_url":"https://api.github.com/users/eivantsov/orgs","repos_url":"https://api.github.com/users/eivantsov/repos","events_url":"https://api.github.com/users/eivantsov/events{/privacy}","received_events_url":"https://api.github.com/users/eivantsov/received_events","type":"User","site_admin":false},"committer":{"login":"web-flow","id":19864447,"avatar_url":"https://avatars3.githubusercontent.com/u/19864447?v=4","gravatar_id":"","url":"https://api.github.com/users/web-flow","html_url":"https://github.com/web-flow","followers_url":"https://api.github.com/users/web-flow/followers","following_url":"https://api.github.com/users/web-flow/following{/other_user}","gists_url":"https://api.github.com/users/web-flow/gists{/gist_id}","starred_url":"https://api.github.com/users/web-flow/starred{/owner}{/repo}","subscriptions_url":"https://api.github.com/users/web-flow/subscriptions","organizations_url":"https://api.github.com/users/web-flow/orgs","repos_url":"https://api.github.com/users/web-flow/repos","events_url":"https://api.github.com/users/web-flow/events{/privacy}","received_events_url":"https://api.github.com/users/web-flow/received_events","type":"User","site_admin":false},"parents":[{"sha":"5e434faac19764521423de41321ec2e07f06dff3","url":"https://api.github.com/repos/eclipse/che/commits/5e434faac19764521423de41321ec2e07f06dff3","html_url":"https://github.com/eclipse/che/commit/5e434faac19764521423de41321ec2e07f06dff3"}],"stats":{"total":13,"additions":10,"deletions":3},"files":[{"sha":"59774eac2a6f1cab6b7a6c2abd718d8575d5bbfb","filename":"agents/ls-typescript/src/main/resources/installers/1.0.1/org.eclipse.che.ls.typescript.script.sh","status":"modified","additions":10,"deletions":3,"changes":13,"blob_url":"https://github.com/eclipse/che/blob/0250757c207caa80491fa4779fd59a7db4e5f095/agents/ls-typescript/src/main/resources/installers/1.0.1/org.eclipse.che.ls.typescript.script.sh","raw_url":"https://github.com/eclipse/che/raw/0250757c207caa80491fa4779fd59a7db4e5f095/agents/ls-typescript/src/main/resources/installers/1.0.1/org.eclipse.che.ls.typescript.script.sh","contents_url":"https://api.github.com/repos/eclipse/che/contents/agents/ls-typescript/src/main/resources/installers/1.0.1/org.eclipse.che.ls.typescript.script.sh?ref=0250757c207caa80491fa4779fd59a7db4e5f095","patch":"@@ -26,7 +26,6 @@ unset PACKAGES\n command -v tar >/dev/null 2>&1 || { PACKAGES=${PACKAGES}\" tar\"; }\n command -v curl >/dev/null 2>&1 || { PACKAGES=${PACKAGES}\" curl\"; }\n \n-AGENT_BINARIES_URI=https://codenvy.com/update/repository/public/download/org.eclipse.che.ls.typescript.binaries/1.0.1\n CHE_DIR=$HOME/che\n LS_DIR=${CHE_DIR}/ls-typescript\n LS_LAUNCHER=${LS_DIR}/launch.sh\n@@ -161,8 +160,16 @@ fi\n ### Install JS-TS LS ###\n ########################\n \n-curl -s ${AGENT_BINARIES_URI} | tar xzf - -C ${LS_DIR}\n+# Check if tsserver and typescript-language-server are installed\n+\n+unset TS_NPMS\n+command -v tsserver >/dev/null 2>&1 || { TS_NPMS=${TS_NPMS}\" typescript\"; }\n+command -v typescript-language-server >/dev/null 2>&1 || { TS_NPMS=${TS_NPMS}\" typescript-language-server\"; }\n+\n+test \"${TS_NPMS}\" = \"\" || {\n+       ${SUDO} npm install -g ${TS_NPMS};\n+   }\n \n touch ${LS_LAUNCHER}\n chmod +x ${LS_LAUNCHER}\n-echo \"nodejs ${LS_DIR}/build/language-server-stdio.js\" > ${LS_LAUNCHER}\n+echo \"typescript-language-server --stdio\" > ${LS_LAUNCHER}"}]}
