{"sha":"0276a4e562b1d86c1a5abce7d8779e1cace9a901","commit":{"author":{"name":"Mykola Morhun","email":"mmorhun@codenvy.com","date":"2016-03-23T11:25:04Z"},"committer":{"name":"Mykola Morhun","email":"mmorhun@codenvy.com","date":"2016-03-23T11:25:04Z"},"message":"Merge pull request #714 from eclipse/CHE-312\n\nChe 312: Remove existing docker snapshot when creating new one","tree":{"sha":"e856c7de01d5346900679babf185692417346228","url":"https://api.github.com/repos/eclipse/che/git/trees/e856c7de01d5346900679babf185692417346228"},"url":"https://api.github.com/repos/eclipse/che/git/commits/0276a4e562b1d86c1a5abce7d8779e1cace9a901","comment_count":0,"verification":{"verified":false,"reason":"unsigned","signature":null,"payload":null}},"url":"https://api.github.com/repos/eclipse/che/commits/0276a4e562b1d86c1a5abce7d8779e1cace9a901","html_url":"https://github.com/eclipse/che/commit/0276a4e562b1d86c1a5abce7d8779e1cace9a901","comments_url":"https://api.github.com/repos/eclipse/che/commits/0276a4e562b1d86c1a5abce7d8779e1cace9a901/comments","author":{"login":"mmorhun","id":15607393,"avatar_url":"https://avatars2.githubusercontent.com/u/15607393?v=4","gravatar_id":"","url":"https://api.github.com/users/mmorhun","html_url":"https://github.com/mmorhun","followers_url":"https://api.github.com/users/mmorhun/followers","following_url":"https://api.github.com/users/mmorhun/following{/other_user}","gists_url":"https://api.github.com/users/mmorhun/gists{/gist_id}","starred_url":"https://api.github.com/users/mmorhun/starred{/owner}{/repo}","subscriptions_url":"https://api.github.com/users/mmorhun/subscriptions","organizations_url":"https://api.github.com/users/mmorhun/orgs","repos_url":"https://api.github.com/users/mmorhun/repos","events_url":"https://api.github.com/users/mmorhun/events{/privacy}","received_events_url":"https://api.github.com/users/mmorhun/received_events","type":"User","site_admin":false},"committer":{"login":"mmorhun","id":15607393,"avatar_url":"https://avatars2.githubusercontent.com/u/15607393?v=4","gravatar_id":"","url":"https://api.github.com/users/mmorhun","html_url":"https://github.com/mmorhun","followers_url":"https://api.github.com/users/mmorhun/followers","following_url":"https://api.github.com/users/mmorhun/following{/other_user}","gists_url":"https://api.github.com/users/mmorhun/gists{/gist_id}","starred_url":"https://api.github.com/users/mmorhun/starred{/owner}{/repo}","subscriptions_url":"https://api.github.com/users/mmorhun/subscriptions","organizations_url":"https://api.github.com/users/mmorhun/orgs","repos_url":"https://api.github.com/users/mmorhun/repos","events_url":"https://api.github.com/users/mmorhun/events{/privacy}","received_events_url":"https://api.github.com/users/mmorhun/received_events","type":"User","site_admin":false},"parents":[{"sha":"7b3737f7eda7160f6bbdeb265776d050d974c434","url":"https://api.github.com/repos/eclipse/che/commits/7b3737f7eda7160f6bbdeb265776d050d974c434","html_url":"https://github.com/eclipse/che/commit/7b3737f7eda7160f6bbdeb265776d050d974c434"},{"sha":"b6d509ea789f211dd67327ab7200f972369f7c3a","url":"https://api.github.com/repos/eclipse/che/commits/b6d509ea789f211dd67327ab7200f972369f7c3a","html_url":"https://github.com/eclipse/che/commit/b6d509ea789f211dd67327ab7200f972369f7c3a"}],"stats":{"total":190,"additions":133,"deletions":57},"files":[{"sha":"db76775d7873ee00a2b1831e2c11b48aad4b365f","filename":"master/che-core-api-machine/src/main/java/org/eclipse/che/api/machine/server/MachineManager.java","status":"modified","additions":11,"deletions":4,"changes":15,"blob_url":"https://github.com/eclipse/che/blob/0276a4e562b1d86c1a5abce7d8779e1cace9a901/master/che-core-api-machine/src/main/java/org/eclipse/che/api/machine/server/MachineManager.java","raw_url":"https://github.com/eclipse/che/raw/0276a4e562b1d86c1a5abce7d8779e1cace9a901/master/che-core-api-machine/src/main/java/org/eclipse/che/api/machine/server/MachineManager.java","contents_url":"https://api.github.com/repos/eclipse/che/contents/master/che-core-api-machine/src/main/java/org/eclipse/che/api/machine/server/MachineManager.java?ref=0276a4e562b1d86c1a5abce7d8779e1cace9a901","patch":"@@ -803,13 +803,20 @@ private SnapshotImpl doSaveMachine(SnapshotImpl snapshot, Instance machine) thro\n \n             snapshotWithKey = new SnapshotImpl(snapshot);\n             snapshotWithKey.setInstanceKey(machine.saveToSnapshot(machine.getOwner()));\n-            //TODO remove old snapshot\n+\n             try {\n-                snapshotDao.removeSnapshot(snapshotDao.getSnapshot(snapshot.getWorkspaceId(), snapshot.getEnvName(), snapshot.getMachineName()).getId());\n+                SnapshotImpl oldSnapshot = snapshotDao.getSnapshot(snapshot.getWorkspaceId(),\n+                                                                   snapshot.getEnvName(),\n+                                                                   snapshot.getMachineName());\n+                snapshotDao.removeSnapshot(oldSnapshot.getId());\n+                machineInstanceProviders.getProvider(oldSnapshot.getType()).removeInstanceSnapshot(oldSnapshot.getInstanceKey());\n             } catch (NotFoundException ignored) {\n-               //DO nothing if we has no snapshots\n+               //DO nothing if we has no snapshots or when provider not found\n+            } catch (SnapshotException se) {\n+                LOG.error(\"Failed to delete snapshot: {}, because {}\",\n+                          snapshot,\n+                          se.getLocalizedMessage());\n             }\n-\n             snapshotDao.saveSnapshot(snapshotWithKey);\n \n             LOG.info(\"Snapshot of machine [ws = {}: env = {}: machine = {}] was successfully created, its id is '{}'\","},{"sha":"04756b7eff08897c664b826fa14a8999a38f5b84","filename":"plugins/plugin-docker/che-plugin-docker-client/src/main/java/org/eclipse/che/plugin/docker/client/DockerConnector.java","status":"modified","additions":46,"deletions":10,"changes":56,"blob_url":"https://github.com/eclipse/che/blob/0276a4e562b1d86c1a5abce7d8779e1cace9a901/plugins/plugin-docker/che-plugin-docker-client/src/main/java/org/eclipse/che/plugin/docker/client/DockerConnector.java","raw_url":"https://github.com/eclipse/che/raw/0276a4e562b1d86c1a5abce7d8779e1cace9a901/plugins/plugin-docker/che-plugin-docker-client/src/main/java/org/eclipse/che/plugin/docker/client/DockerConnector.java","contents_url":"https://api.github.com/repos/eclipse/che/contents/plugins/plugin-docker/che-plugin-docker-client/src/main/java/org/eclipse/che/plugin/docker/client/DockerConnector.java?ref=0276a4e562b1d86c1a5abce7d8779e1cace9a901","patch":"@@ -69,6 +69,7 @@\n import java.util.concurrent.Executors;\n import java.util.concurrent.TimeUnit;\n \n+import static com.google.common.base.MoreObjects.firstNonNull;\n import static com.google.common.net.UrlEscapers.urlPathSegmentEscaper;\n import static javax.ws.rs.core.Response.Status.CREATED;\n import static javax.ws.rs.core.Response.Status.NOT_MODIFIED;\n@@ -276,11 +277,28 @@ public void tag(String image, String repository, String tag) throws IOException\n         doTag(image, repository, tag, dockerDaemonUri);\n     }\n \n-    public void push(String repository,\n-                     String tag,\n-                     String registry,\n-                     final ProgressMonitor progressMonitor) throws IOException, InterruptedException {\n-        doPush(repository, tag, registry, progressMonitor, dockerDaemonUri);\n+    /**\n+     * Push docker image to the registry\n+     *\n+     * @param repository\n+     *         full repository name to be applied to newly created image\n+     * @param tag\n+     *         tag of the image\n+     * @param registry\n+     *         registry url\n+     * @param progressMonitor\n+     *         ProgressMonitor for images creation process\n+     * @return digest of just pushed image\n+     * @throws IOException\n+     *         when problems occurs with docker api calls\n+     * @throws InterruptedException\n+     *         if push process was interrupted\n+     */\n+    public String push(String repository,\n+                       String tag,\n+                       String registry,\n+                       final ProgressMonitor progressMonitor) throws IOException, InterruptedException {\n+        return doPush(repository, tag, registry, progressMonitor, dockerDaemonUri);\n     }\n \n     /**\n@@ -933,16 +951,17 @@ protected void doTag(String image, String repository, String tag, URI dockerDaem\n         }\n     }\n \n-    protected void doPush(final String repository,\n-                          final String tag,\n-                          final String registry,\n-                          final ProgressMonitor progressMonitor,\n-                          final URI dockerDaemonUri) throws IOException, InterruptedException {\n+    protected String doPush(final String repository,\n+                            final String tag,\n+                            final String registry,\n+                            final ProgressMonitor progressMonitor,\n+                            final URI dockerDaemonUri) throws IOException, InterruptedException {\n         final List<Pair<String, ?>> headers = new ArrayList<>(3);\n         headers.add(Pair.of(\"Content-Type\", MediaType.TEXT_PLAIN));\n         headers.add(Pair.of(\"Content-Length\", 0));\n         headers.add(Pair.of(\"X-Registry-Auth\", initialAuthConfig.getAuthConfigHeader()));\n         final String fullRepo = registry != null ? registry + \"/\" + repository : repository;\n+        final ValueHolder<String> digestHolder = new ValueHolder<>();\n \n         try (DockerConnection connection = connectionFactory.openConnection(dockerDaemonUri)\n                                                             .method(\"POST\")\n@@ -971,12 +990,22 @@ protected void doPush(final String repository,\n                     @Override\n                     public void run() {\n                         try {\n+                            String digestPrefix = firstNonNull(tag, \"latest\") + \": digest: \";\n                             ProgressStatus progressStatus;\n                             while ((progressStatus = progressReader.next()) != null && exceptionHolder.get() == null) {\n                                 progressMonitor.updateProgress(progressStatus);\n                                 if (progressStatus.getError() != null) {\n                                     exceptionHolder.set(progressStatus.getError());\n                                 }\n+                                String status = progressStatus.getStatus();\n+                                // Here we find string with digest which has following format:\n+                                // <tag>: digest: <digest> size: <size>\n+                                // for example:\n+                                // latest: digest: sha256:9a70e6222ded459fde37c56af23887467c512628eb8e78c901f3390e49a800a0 size: 62189\n+                                if (status != null && status.startsWith(digestPrefix)) {\n+                                    String digest = status.substring(digestPrefix.length(), status.indexOf(\" \", digestPrefix.length()));\n+                                    digestHolder.set(digest);\n+                                }\n                             }\n                         } catch (IOException e) {\n                             errorHolder.set(e);\n@@ -994,12 +1023,19 @@ public void run() {\n                 if (exceptionHolder.get() != null) {\n                     throw new DockerException(exceptionHolder.get(), 500);\n                 }\n+                if (digestHolder.get() == null) {\n+                    LOG.error(\"Docker image {}:{} was successfully pushed, but its digest wasn't obtained\",\n+                              fullRepo,\n+                              firstNonNull(tag, \"latest\"));\n+                    throw new DockerException(\"Docker image was successfully pushed, but its digest wasn't obtained\", 500);\n+                }\n                 final IOException ioe = errorHolder.get();\n                 if (ioe != null) {\n                     throw ioe;\n                 }\n             }\n         }\n+        return digestHolder.get();\n     }\n \n     protected String doCommit(String container,"},{"sha":"d43bccbe671477f47508b1a38929e4f08a18252c","filename":"plugins/plugin-docker/che-plugin-docker-client/src/test/java/org/eclipse/che/plugin/docker/client/DockerConnectorTest.java","status":"modified","additions":35,"deletions":11,"changes":46,"blob_url":"https://github.com/eclipse/che/blob/0276a4e562b1d86c1a5abce7d8779e1cace9a901/plugins/plugin-docker/che-plugin-docker-client/src/test/java/org/eclipse/che/plugin/docker/client/DockerConnectorTest.java","raw_url":"https://github.com/eclipse/che/raw/0276a4e562b1d86c1a5abce7d8779e1cace9a901/plugins/plugin-docker/che-plugin-docker-client/src/test/java/org/eclipse/che/plugin/docker/client/DockerConnectorTest.java","contents_url":"https://api.github.com/repos/eclipse/che/contents/plugins/plugin-docker/che-plugin-docker-client/src/test/java/org/eclipse/che/plugin/docker/client/DockerConnectorTest.java?ref=0276a4e562b1d86c1a5abce7d8779e1cace9a901","patch":"@@ -16,10 +16,8 @@\n import org.eclipse.che.plugin.docker.client.connection.DockerConnection;\n import org.eclipse.che.plugin.docker.client.connection.DockerConnectionFactory;\n import org.eclipse.che.plugin.docker.client.connection.DockerResponse;\n-import org.mockito.InjectMocks;\n import org.mockito.Mock;\n import org.mockito.testng.MockitoTestNGListener;\n-import org.testng.Assert;\n import org.testng.annotations.BeforeMethod;\n import org.testng.annotations.Listeners;\n import org.testng.annotations.Test;\n@@ -34,26 +32,29 @@\n import static org.mockito.Matchers.anyString;\n import static org.mockito.Matchers.anyVararg;\n import static org.mockito.Mockito.when;\n+import static org.testng.Assert.assertEquals;\n \n /**\n  * @author Anton Korneta\n+ * @author Mykola Morhun\n  */\n @Listeners(MockitoTestNGListener.class)\n public class DockerConnectorTest {\n \n+    private DockerConnector dockerConnector;\n+\n     @Mock\n     private DockerConnectorConfiguration dockerConnectorConfiguration;\n-\n     @Mock\n-    private DockerConnectionFactory dockerConnectionFactory;\n-\n-    @InjectMocks\n-    private DockerConnector dockerConnector;\n-\n+    private DockerConnectionFactory      dockerConnectionFactory;\n+    @Mock\n+    private DockerConnection             dockerConnection;\n+    @Mock\n+    private DockerResponse               dockerResponse;\n     @Mock\n-    private DockerConnection dockerConnection;\n+    private ProgressMonitor              progressMonitor;\n     @Mock\n-    private DockerResponse   dockerResponse;\n+    private InitialAuthConfig            initialAuthConfig;\n \n     @BeforeMethod\n     public void setup() throws IOException {\n@@ -64,6 +65,9 @@ public void setup() throws IOException {\n         when(dockerConnection.query(any(), anyVararg())).thenReturn(dockerConnection);\n         when(dockerConnection.path(anyString())).thenReturn(dockerConnection);\n         when(dockerConnection.request()).thenReturn(dockerResponse);\n+        when(dockerConnectorConfiguration.getAuthConfigs()).thenReturn(initialAuthConfig);\n+\n+        dockerConnector = new DockerConnector(dockerConnectorConfiguration, dockerConnectionFactory);\n     }\n \n     @Test\n@@ -75,7 +79,7 @@ public void shouldGetResourcesFromContainer() throws IOException {\n \n         String response = CharStreams.toString(new InputStreamReader(dockerConnector.getResource(\"id\", \"path\")));\n \n-        Assert.assertEquals(response, resource);\n+        assertEquals(response, resource);\n     }\n \n     @Test(expectedExceptions = IOException.class, expectedExceptionsMessageRegExp = \"Error response from docker API, status: 500, message: Error\")\n@@ -107,4 +111,24 @@ public void shouldProduceAnErrorWhenPutsResourcesIntoContainer() throws IOExcept\n \n         dockerConnector.putResource(\"id\", \"path\", source, false);\n     }\n+\n+    @Test\n+    public void shouldParseDigestFromDockerPushOutput() throws IOException, InterruptedException {\n+        String digest = \"hash:1234567890\";\n+        String repository = \"repository\";\n+        String tag = \"tag\";\n+        String registry = \"registry\";\n+\n+        String dockerPushOutput = \"{\\\"progress\\\":\\\"[=====>              ] 25%\\\"}\\n\" +\n+                                  \"{\\\"status\\\":\\\"Image already exists\\\"}\\n\" +\n+                                  \"{\\\"progress\\\":\\\"[===============>    ] 75%\\\"}\\n\" +\n+                                  \"{\\\"status\\\":\\\"\" + tag + \": digest: \" + digest + \" size: 12345\\\"}\";\n+\n+        when(initialAuthConfig.getAuthConfigHeader()).thenReturn(\"authHeader\");\n+        when(dockerResponse.getStatus()).thenReturn(200);\n+        when(dockerResponse.getInputStream()).thenReturn(new ByteArrayInputStream(dockerPushOutput.getBytes()));\n+\n+        assertEquals(digest, dockerConnector.push(repository, tag, registry, progressMonitor));\n+    }\n+\n }"},{"sha":"34842ca1d5258bc6353bca4cab43ae0e0c3109af","filename":"plugins/plugin-docker/che-plugin-docker-machine/pom.xml","status":"modified","additions":4,"deletions":0,"changes":4,"blob_url":"https://github.com/eclipse/che/blob/0276a4e562b1d86c1a5abce7d8779e1cace9a901/plugins/plugin-docker/che-plugin-docker-machine/pom.xml","raw_url":"https://github.com/eclipse/che/raw/0276a4e562b1d86c1a5abce7d8779e1cace9a901/plugins/plugin-docker/che-plugin-docker-machine/pom.xml","contents_url":"https://api.github.com/repos/eclipse/che/contents/plugins/plugin-docker/che-plugin-docker-machine/pom.xml?ref=0276a4e562b1d86c1a5abce7d8779e1cace9a901","patch":"@@ -53,6 +53,10 @@\n             <groupId>javax.inject</groupId>\n             <artifactId>javax.inject</artifactId>\n         </dependency>\n+        <dependency>\n+            <groupId>javax.ws.rs</groupId>\n+            <artifactId>javax.ws.rs-api</artifactId>\n+        </dependency>\n         <dependency>\n             <groupId>org.eclipse.che.core</groupId>\n             <artifactId>che-core-api-core</artifactId>"},{"sha":"e20abf6005d3f8747acba6fb3110c4f94d4bea51","filename":"plugins/plugin-docker/che-plugin-docker-machine/src/main/java/org/eclipse/che/plugin/docker/machine/DockerInstance.java","status":"modified","additions":6,"deletions":3,"changes":9,"blob_url":"https://github.com/eclipse/che/blob/0276a4e562b1d86c1a5abce7d8779e1cace9a901/plugins/plugin-docker/che-plugin-docker-machine/src/main/java/org/eclipse/che/plugin/docker/machine/DockerInstance.java","raw_url":"https://github.com/eclipse/che/raw/0276a4e562b1d86c1a5abce7d8779e1cace9a901/plugins/plugin-docker/che-plugin-docker-machine/src/main/java/org/eclipse/che/plugin/docker/machine/DockerInstance.java","contents_url":"https://api.github.com/repos/eclipse/che/contents/plugins/plugin-docker/che-plugin-docker-machine/src/main/java/org/eclipse/che/plugin/docker/machine/DockerInstance.java?ref=0276a4e562b1d86c1a5abce7d8779e1cace9a901","patch":"@@ -194,18 +194,21 @@ public InstanceKey saveToSnapshot(String owner) throws MachineException {\n             // !! We SHOULD NOT pause container before commit because all execs will fail\n             // to push image to private registry it should be tagged with registry in repo name\n             // https://docs.docker.com/reference/api/docker_remote_api_v1.16/#push-an-image-on-the-registry\n-            docker.commit(container, registry + \"/\" + repository, null, comment, owner);\n+            docker.commit(container, registry + '/' + repository, \"latest\", comment, owner);\n             //TODO fix this workaround. Docker image is not visible after commit when using swarm\n             Thread.sleep(2000);\n \n             final ProgressLineFormatterImpl progressLineFormatter = new ProgressLineFormatterImpl();\n-            docker.push(repository, null, registry, currentProgressStatus -> {\n+            String digest = docker.push(repository, \"latest\", registry, currentProgressStatus -> {\n                 try {\n                     outputConsumer.writeLine(progressLineFormatter.format(currentProgressStatus));\n                 } catch (IOException ignored) {\n                 }\n             });\n-            return new DockerInstanceKey(repository, registry);\n+\n+            docker.removeImage(registry + '/' + repository, false);\n+\n+            return new DockerInstanceKey(repository, \"latest\", registry, digest);\n         } catch (IOException e) {\n             throw new MachineException(e);\n         } catch (InterruptedException e) {"},{"sha":"9f643e0a8bddfe2ebbce4633a3bf09701c7435ff","filename":"plugins/plugin-docker/che-plugin-docker-machine/src/main/java/org/eclipse/che/plugin/docker/machine/DockerInstanceKey.java","status":"modified","additions":12,"deletions":15,"changes":27,"blob_url":"https://github.com/eclipse/che/blob/0276a4e562b1d86c1a5abce7d8779e1cace9a901/plugins/plugin-docker/che-plugin-docker-machine/src/main/java/org/eclipse/che/plugin/docker/machine/DockerInstanceKey.java","raw_url":"https://github.com/eclipse/che/raw/0276a4e562b1d86c1a5abce7d8779e1cace9a901/plugins/plugin-docker/che-plugin-docker-machine/src/main/java/org/eclipse/che/plugin/docker/machine/DockerInstanceKey.java","contents_url":"https://api.github.com/repos/eclipse/che/contents/plugins/plugin-docker/che-plugin-docker-machine/src/main/java/org/eclipse/che/plugin/docker/machine/DockerInstanceKey.java?ref=0276a4e562b1d86c1a5abce7d8779e1cace9a901","patch":"@@ -23,23 +23,15 @@\n public class DockerInstanceKey extends InstanceKeyImpl {\n     public static final String REPOSITORY = \"repository\";\n     public static final String TAG        = \"tag\";\n-    public static final String ID         = \"id\";\n     public static final String REGISTRY   = \"registry\";\n+    public static final String DIGEST     = \"digest\";\n \n     public DockerInstanceKey(InstanceKey key) {\n         super(key);\n     }\n \n-    public DockerInstanceKey(String repository, String tag, String id, String registry) {\n-        super(ImmutableMap.of(REPOSITORY, repository, TAG, tag, ID, id, REGISTRY, registry));\n-    }\n-\n-    public DockerInstanceKey(String repository, String id, String registry) {\n-        super(ImmutableMap.of(REPOSITORY, repository, ID, id, REGISTRY, registry));\n-    }\n-\n-    public DockerInstanceKey(String repository,  String registry) {\n-        super(ImmutableMap.of(REPOSITORY, repository, REGISTRY, registry));\n+    public DockerInstanceKey(String repository, String tag, String registry, String digest) {\n+        super(ImmutableMap.of(REPOSITORY, repository, TAG, tag, REGISTRY, registry, DIGEST, digest));\n     }\n \n     public String getRepository() {\n@@ -50,14 +42,14 @@ public String getTag() {\n         return getFields().get(TAG);\n     }\n \n-    public String getImageId() {\n-        return getFields().get(ID);\n-    }\n-\n     public String getRegistry() {\n         return getFields().get(REGISTRY);\n     }\n \n+    public String getDigest() {\n+        return getFields().get(DIGEST);\n+    }\n+\n     /**\n      * Returns full name of docker image.\n      *\n@@ -76,4 +68,9 @@ public String getFullName() {\n         return fullRepoId.toString();\n     }\n \n+    @Override\n+    public String toString() {\n+        return getFields().toString();\n+    }\n+\n }"},{"sha":"65e0257f48e44d3d8f70beb914ffb081d8da88d8","filename":"plugins/plugin-docker/che-plugin-docker-machine/src/main/java/org/eclipse/che/plugin/docker/machine/DockerInstanceProvider.java","status":"modified","additions":12,"deletions":9,"changes":21,"blob_url":"https://github.com/eclipse/che/blob/0276a4e562b1d86c1a5abce7d8779e1cace9a901/plugins/plugin-docker/che-plugin-docker-machine/src/main/java/org/eclipse/che/plugin/docker/machine/DockerInstanceProvider.java","raw_url":"https://github.com/eclipse/che/raw/0276a4e562b1d86c1a5abce7d8779e1cace9a901/plugins/plugin-docker/che-plugin-docker-machine/src/main/java/org/eclipse/che/plugin/docker/machine/DockerInstanceProvider.java","contents_url":"https://api.github.com/repos/eclipse/che/contents/plugins/plugin-docker/che-plugin-docker-machine/src/main/java/org/eclipse/che/plugin/docker/machine/DockerInstanceProvider.java?ref=0276a4e562b1d86c1a5abce7d8779e1cace9a901","patch":"@@ -48,6 +48,7 @@\n import org.slf4j.LoggerFactory;\n \n import javax.inject.Named;\n+import javax.ws.rs.core.UriBuilder;\n import java.io.File;\n import java.io.IOException;\n import java.io.InputStream;\n@@ -338,7 +339,6 @@ private void pullImage(DockerInstanceKey dockerInstanceKey, final LineConsumer c\n         }\n     }\n \n-    // TODO rework in accordance with v2 docker registry API\n     @Override\n     public void removeInstanceSnapshot(InstanceKey instanceKey) throws SnapshotException {\n         // use registry API directly because docker doesn't have such API yet\n@@ -347,27 +347,30 @@ public void removeInstanceSnapshot(InstanceKey instanceKey) throws SnapshotExcep\n         String registry = dockerInstanceKey.getRegistry();\n         String repository = dockerInstanceKey.getRepository();\n         if (registry == null || repository == null) {\n+            LOG.error(\"Failed to remove instance snapshot: invalid instance key: {}\", instanceKey);\n             throw new SnapshotException(\"Snapshot removing failed. Snapshot attributes are not valid\");\n         }\n \n-        StringBuilder sb = new StringBuilder(\"http://\");// TODO make possible to use https here\n-        sb.append(registry).append(\"/v1/repositories/\");\n-        sb.append(repository);\n-        sb.append(\"/\");// do not remove! Doesn't work without this slash\n         try {\n-            final HttpURLConnection conn = (HttpURLConnection)new URL(sb.toString()).openConnection();\n+            URL url = UriBuilder.fromUri(\"http://\" + registry) // TODO make possible to use https here\n+                                .path(\"/v2/{repository}/manifests/{digest}\")\n+                                .build(repository, dockerInstanceKey.getDigest())\n+                                .toURL();\n+            final HttpURLConnection conn = (HttpURLConnection)url.openConnection();\n             try {\n                 conn.setConnectTimeout(30 * 1000);\n                 conn.setRequestMethod(\"DELETE\");\n-                // fixme add auth header for secured registry\n-//                conn.setRequestProperty(\"Authorization\", authHeader);\n+                // TODO add auth header for secured registry\n+                // conn.setRequestProperty(\"Authorization\", authHeader);\n                 final int responseCode = conn.getResponseCode();\n                 if ((responseCode / 100) != 2) {\n                     InputStream in = conn.getErrorStream();\n                     if (in == null) {\n                         in = conn.getInputStream();\n                     }\n-                    LOG.error(IoUtil.readAndCloseQuietly(in));\n+                    LOG.error(\"An error occurred while deleting snapshot with url: {}\\nError stream: {}\",\n+                              url,\n+                              IoUtil.readAndCloseQuietly(in));\n                     throw new SnapshotException(\"Internal server error occurs. Can't remove snapshot\");\n                 }\n             } finally {"},{"sha":"075dc1e78cb6e07680582edcf70a076444b957d7","filename":"plugins/plugin-docker/che-plugin-docker-machine/src/test/java/org/eclipse/che/plugin/docker/machine/DockerInstanceProviderTest.java","status":"modified","additions":7,"deletions":5,"changes":12,"blob_url":"https://github.com/eclipse/che/blob/0276a4e562b1d86c1a5abce7d8779e1cace9a901/plugins/plugin-docker/che-plugin-docker-machine/src/test/java/org/eclipse/che/plugin/docker/machine/DockerInstanceProviderTest.java","raw_url":"https://github.com/eclipse/che/raw/0276a4e562b1d86c1a5abce7d8779e1cace9a901/plugins/plugin-docker/che-plugin-docker-machine/src/test/java/org/eclipse/che/plugin/docker/machine/DockerInstanceProviderTest.java","contents_url":"https://api.github.com/repos/eclipse/che/contents/plugins/plugin-docker/che-plugin-docker-machine/src/test/java/org/eclipse/che/plugin/docker/machine/DockerInstanceProviderTest.java?ref=0276a4e562b1d86c1a5abce7d8779e1cace9a901","patch":"@@ -42,6 +42,8 @@\n import org.testng.annotations.Listeners;\n import org.testng.annotations.Test;\n \n+import javax.ws.rs.core.UriBuilder;\n+import java.net.HttpURLConnection;\n import java.util.ArrayList;\n import java.util.Arrays;\n import java.util.Collections;\n@@ -164,7 +166,7 @@ public void shouldBuildDockerfileOnInstanceCreationFromRecipe() throws Exception\n     @Test\n     public void shouldPullDockerImageOnInstanceCreationFromSnapshot() throws Exception {\n         String repo = \"repo\";\n-        String tag = \"tag\";\n+        String tag = \"latest\";\n         String registry = \"localhost:1234\";\n \n \n@@ -179,8 +181,8 @@ public void shouldReTagBuiltImageWithPredictableOnInstanceCreationFromRecipe() t\n         String generatedContainerId = \"genContainerId\";\n         doReturn(generatedContainerId).when(dockerInstanceProvider).generateContainerName(WORKSPACE_ID, DISPLAY_NAME);\n         String repo = \"repo1\";\n-        String registry = \"registry1\";\n         String tag = \"tag1\";\n+        String registry = \"registry1\";\n \n \n         createInstanceFromSnapshot(repo, tag, registry);\n@@ -1584,7 +1586,7 @@ private void createInstanceFromRecipe(int memorySizeInMB) throws Exception {\n     }\n \n     private void createInstanceFromSnapshot(String repo, String tag, String registry) throws NotFoundException, MachineException {\n-        createInstanceFromSnapshot(getMachineBuilder().build(), new DockerInstanceKey(repo, tag, \"imageId\", registry));\n+        createInstanceFromSnapshot(getMachineBuilder().build(), new DockerInstanceKey(repo, tag, registry, \"digest\"));\n     }\n \n     private void createInstanceFromRecipe(Machine machine) throws Exception {\n@@ -1626,8 +1628,8 @@ private void createInstanceFromRecipe(Recipe recipe, Machine machine) throws Exc\n     private void createInstanceFromSnapshot(Machine machine) throws NotFoundException, MachineException {\n         dockerInstanceProvider.createInstance(new DockerInstanceKey(\"repo\",\n                                                                     \"tag\",\n-                                                                    \"imageId\",\n-                                                                    \"localhost:1234\"),\n+                                                                    \"registry\",\n+                                                                    \"digest\"),\n                                               machine,\n                                               LineConsumer.DEV_NULL);\n     }"}]}
