{"sha":"0278e34f40c69d4fa99af2ac2be62c12c9402108","commit":{"author":{"name":"Oleksandr Andriienko","email":"oandriie@redhat.com","date":"2017-08-23T13:59:34Z"},"committer":{"name":"Oleksandr Andriienko","email":"oandriie@redhat.com","date":"2017-09-02T10:00:43Z"},"message":"Fix typo","tree":{"sha":"263290e17b6845add84b510d75f6259888f58170","url":"https://api.github.com/repos/eclipse/che/git/trees/263290e17b6845add84b510d75f6259888f58170"},"url":"https://api.github.com/repos/eclipse/che/git/commits/0278e34f40c69d4fa99af2ac2be62c12c9402108","comment_count":0,"verification":{"verified":false,"reason":"unsigned","signature":null,"payload":null}},"url":"https://api.github.com/repos/eclipse/che/commits/0278e34f40c69d4fa99af2ac2be62c12c9402108","html_url":"https://github.com/eclipse/che/commit/0278e34f40c69d4fa99af2ac2be62c12c9402108","comments_url":"https://api.github.com/repos/eclipse/che/commits/0278e34f40c69d4fa99af2ac2be62c12c9402108/comments","author":{"login":"AndrienkoAleksandr","id":6873095,"avatar_url":"https://avatars2.githubusercontent.com/u/6873095?v=4","gravatar_id":"","url":"https://api.github.com/users/AndrienkoAleksandr","html_url":"https://github.com/AndrienkoAleksandr","followers_url":"https://api.github.com/users/AndrienkoAleksandr/followers","following_url":"https://api.github.com/users/AndrienkoAleksandr/following{/other_user}","gists_url":"https://api.github.com/users/AndrienkoAleksandr/gists{/gist_id}","starred_url":"https://api.github.com/users/AndrienkoAleksandr/starred{/owner}{/repo}","subscriptions_url":"https://api.github.com/users/AndrienkoAleksandr/subscriptions","organizations_url":"https://api.github.com/users/AndrienkoAleksandr/orgs","repos_url":"https://api.github.com/users/AndrienkoAleksandr/repos","events_url":"https://api.github.com/users/AndrienkoAleksandr/events{/privacy}","received_events_url":"https://api.github.com/users/AndrienkoAleksandr/received_events","type":"User","site_admin":false},"committer":{"login":"AndrienkoAleksandr","id":6873095,"avatar_url":"https://avatars2.githubusercontent.com/u/6873095?v=4","gravatar_id":"","url":"https://api.github.com/users/AndrienkoAleksandr","html_url":"https://github.com/AndrienkoAleksandr","followers_url":"https://api.github.com/users/AndrienkoAleksandr/followers","following_url":"https://api.github.com/users/AndrienkoAleksandr/following{/other_user}","gists_url":"https://api.github.com/users/AndrienkoAleksandr/gists{/gist_id}","starred_url":"https://api.github.com/users/AndrienkoAleksandr/starred{/owner}{/repo}","subscriptions_url":"https://api.github.com/users/AndrienkoAleksandr/subscriptions","organizations_url":"https://api.github.com/users/AndrienkoAleksandr/orgs","repos_url":"https://api.github.com/users/AndrienkoAleksandr/repos","events_url":"https://api.github.com/users/AndrienkoAleksandr/events{/privacy}","received_events_url":"https://api.github.com/users/AndrienkoAleksandr/received_events","type":"User","site_admin":false},"parents":[{"sha":"4564c1a0644d8541108798e10a83c100c8266548","url":"https://api.github.com/repos/eclipse/che/commits/4564c1a0644d8541108798e10a83c100c8266548","html_url":"https://github.com/eclipse/che/commit/4564c1a0644d8541108798e10a83c100c8266548"}],"stats":{"total":4,"additions":2,"deletions":2},"files":[{"sha":"21500dbe3e7ba0c27405e9ff3de631c9a8b78656","filename":".github/ISSUE_TEMPLATE.md","status":"modified","additions":2,"deletions":2,"changes":4,"blob_url":"https://github.com/eclipse/che/blob/0278e34f40c69d4fa99af2ac2be62c12c9402108/.github/ISSUE_TEMPLATE.md","raw_url":"https://github.com/eclipse/che/raw/0278e34f40c69d4fa99af2ac2be62c12c9402108/.github/ISSUE_TEMPLATE.md","contents_url":"https://api.github.com/repos/eclipse/che/contents/.github/ISSUE_TEMPLATE.md?ref=0278e34f40c69d4fa99af2ac2be62c12c9402108","patch":"@@ -9,7 +9,7 @@ Please help us by providing all of the details listed below. A complete and thou\n **OS and version:**    \n \n **Diagnostics:** \n-<!-- Provide output of 'docker run <DOCKER_OPTIONS> eclise/che info' -->\n+<!-- Provide output of 'docker run <DOCKER_OPTIONS> eclipse/che info' -->\n \n-<!-- If asked, provide a support bundle with 'docker run <DOCKER_OPTIONS> eclise/che info --bundle' -->\n+<!-- If asked, provide a support bundle with 'docker run <DOCKER_OPTIONS> eclipse/che info --bundle' -->\n <!-- If asked, provide CLI debugging info by adding '--trace' to your commands -->"}]}
