{"sha":"0297b6b7a7f06e9c33efd2efdac68d4a45138434","commit":{"author":{"name":"Ann Shumilova","email":"ashumilova@codenvy.com","date":"2016-11-20T11:31:07Z"},"committer":{"name":"Ann Shumilova","email":"ashumilova@codenvy.com","date":"2017-01-22T18:29:26Z"},"message":"Avoid error message change input height\n\nSigned-off-by: Ann Shumilova <ashumilova@codenvy.com>","tree":{"sha":"7b01d3a923784be57a27c86b026d92456c2cba2e","url":"https://api.github.com/repos/eclipse/che/git/trees/7b01d3a923784be57a27c86b026d92456c2cba2e"},"url":"https://api.github.com/repos/eclipse/che/git/commits/0297b6b7a7f06e9c33efd2efdac68d4a45138434","comment_count":0,"verification":{"verified":false,"reason":"unsigned","signature":null,"payload":null}},"url":"https://api.github.com/repos/eclipse/che/commits/0297b6b7a7f06e9c33efd2efdac68d4a45138434","html_url":"https://github.com/eclipse/che/commit/0297b6b7a7f06e9c33efd2efdac68d4a45138434","comments_url":"https://api.github.com/repos/eclipse/che/commits/0297b6b7a7f06e9c33efd2efdac68d4a45138434/comments","author":{"login":"ashumilova","id":1611939,"avatar_url":"https://avatars1.githubusercontent.com/u/1611939?v=4","gravatar_id":"","url":"https://api.github.com/users/ashumilova","html_url":"https://github.com/ashumilova","followers_url":"https://api.github.com/users/ashumilova/followers","following_url":"https://api.github.com/users/ashumilova/following{/other_user}","gists_url":"https://api.github.com/users/ashumilova/gists{/gist_id}","starred_url":"https://api.github.com/users/ashumilova/starred{/owner}{/repo}","subscriptions_url":"https://api.github.com/users/ashumilova/subscriptions","organizations_url":"https://api.github.com/users/ashumilova/orgs","repos_url":"https://api.github.com/users/ashumilova/repos","events_url":"https://api.github.com/users/ashumilova/events{/privacy}","received_events_url":"https://api.github.com/users/ashumilova/received_events","type":"User","site_admin":false},"committer":{"login":"ashumilova","id":1611939,"avatar_url":"https://avatars1.githubusercontent.com/u/1611939?v=4","gravatar_id":"","url":"https://api.github.com/users/ashumilova","html_url":"https://github.com/ashumilova","followers_url":"https://api.github.com/users/ashumilova/followers","following_url":"https://api.github.com/users/ashumilova/following{/other_user}","gists_url":"https://api.github.com/users/ashumilova/gists{/gist_id}","starred_url":"https://api.github.com/users/ashumilova/starred{/owner}{/repo}","subscriptions_url":"https://api.github.com/users/ashumilova/subscriptions","organizations_url":"https://api.github.com/users/ashumilova/orgs","repos_url":"https://api.github.com/users/ashumilova/repos","events_url":"https://api.github.com/users/ashumilova/events{/privacy}","received_events_url":"https://api.github.com/users/ashumilova/received_events","type":"User","site_admin":false},"parents":[{"sha":"5948a8806016091ed4cd86b96bf31c4e9c0da791","url":"https://api.github.com/repos/eclipse/che/commits/5948a8806016091ed4cd86b96bf31c4e9c0da791","html_url":"https://github.com/eclipse/che/commit/5948a8806016091ed4cd86b96bf31c4e9c0da791"}],"stats":{"total":1,"additions":1,"deletions":0},"files":[{"sha":"9f8bcb66eca61831fd6f45063972ccf54eb77c3d","filename":"dashboard/src/components/widget/input/che-input-box.styl","status":"modified","additions":1,"deletions":0,"changes":1,"blob_url":"https://github.com/eclipse/che/blob/0297b6b7a7f06e9c33efd2efdac68d4a45138434/dashboard/src/components/widget/input/che-input-box.styl","raw_url":"https://github.com/eclipse/che/raw/0297b6b7a7f06e9c33efd2efdac68d4a45138434/dashboard/src/components/widget/input/che-input-box.styl","contents_url":"https://api.github.com/repos/eclipse/che/contents/dashboard/src/components/widget/input/che-input-box.styl?ref=0297b6b7a7f06e9c33efd2efdac68d4a45138434","patch":"@@ -43,6 +43,7 @@ label.che-input-box-desktop-label\n     position relative\n     width 100%\n     max-width 400px\n+    height 60px\n \n     textarea\n       min-width 200px"}]}
