{"sha":"02a60a29c189dbfafcf71e8b65a58cc06642ffad","commit":{"author":{"name":"Yevhenii Voevodin","email":"evoevodin@codenvy.com","date":"2017-02-14T16:28:15Z"},"committer":{"name":"Yevhenii Voevodin","email":"evoevodin@codenvy.com","date":"2017-02-15T08:58:27Z"},"message":"Allow to override JAVA_OPTS from che.env","tree":{"sha":"639be48da9280cb43451484fd8fbb99397515c86","url":"https://api.github.com/repos/eclipse/che/git/trees/639be48da9280cb43451484fd8fbb99397515c86"},"url":"https://api.github.com/repos/eclipse/che/git/commits/02a60a29c189dbfafcf71e8b65a58cc06642ffad","comment_count":0,"verification":{"verified":false,"reason":"unsigned","signature":null,"payload":null}},"url":"https://api.github.com/repos/eclipse/che/commits/02a60a29c189dbfafcf71e8b65a58cc06642ffad","html_url":"https://github.com/eclipse/che/commit/02a60a29c189dbfafcf71e8b65a58cc06642ffad","comments_url":"https://api.github.com/repos/eclipse/che/commits/02a60a29c189dbfafcf71e8b65a58cc06642ffad/comments","author":null,"committer":null,"parents":[{"sha":"bb03ebd9362f8da4bc8b307f6a1e34397350927d","url":"https://api.github.com/repos/eclipse/che/commits/bb03ebd9362f8da4bc8b307f6a1e34397350927d","html_url":"https://github.com/eclipse/che/commit/bb03ebd9362f8da4bc8b307f6a1e34397350927d"}],"stats":{"total":7,"additions":6,"deletions":1},"files":[{"sha":"b0154286de32d537a9073e75988d92a89ce25d33","filename":"dockerfiles/init/manifests/che.pp","status":"modified","additions":5,"deletions":0,"changes":5,"blob_url":"https://github.com/eclipse/che/blob/02a60a29c189dbfafcf71e8b65a58cc06642ffad/dockerfiles/init/manifests/che.pp","raw_url":"https://github.com/eclipse/che/raw/02a60a29c189dbfafcf71e8b65a58cc06642ffad/dockerfiles/init/manifests/che.pp","contents_url":"https://api.github.com/repos/eclipse/che/contents/dockerfiles/init/manifests/che.pp?ref=02a60a29c189dbfafcf71e8b65a58cc06642ffad","patch":"@@ -46,6 +46,11 @@\n   # please leave this as it is if you don't need no_proxy configuration\n   $no_proxy_for_che_workspaces = getValue(\"CHE_WORKSPACE_NO__PROXY\",\"\")\n \n+  ###############################\n+  # Workspace configuration\n+  #\n+  $workspace_java_options = getValue(\"CHE_WORKSPACE_JAVA_OPTIONS\", \"-Xms256m -Xmx2048m -Djava.security.egd=file:/dev/./urandom\")\n+\n   ###############################\n   # Include base module\n   include base"},{"sha":"19f3c10154bb4b0bcc02ce3d5058b75990036d16","filename":"dockerfiles/init/modules/che/templates/che.env.erb","status":"modified","additions":1,"deletions":1,"changes":2,"blob_url":"https://github.com/eclipse/che/blob/02a60a29c189dbfafcf71e8b65a58cc06642ffad/dockerfiles/init/modules/che/templates/che.env.erb","raw_url":"https://github.com/eclipse/che/raw/02a60a29c189dbfafcf71e8b65a58cc06642ffad/dockerfiles/init/modules/che/templates/che.env.erb","contents_url":"https://api.github.com/repos/eclipse/che/contents/dockerfiles/init/modules/che/templates/che.env.erb?ref=02a60a29c189dbfafcf71e8b65a58cc06642ffad","patch":"@@ -63,4 +63,4 @@ JAVA_NO_PROXY=-Dhttp.nonProxyHosts='<%= @che_no_proxy.gsub(/^https?\\:\\/\\//, '').\n JAVA_OPTS=-Xms512m -Djava.security.egd=file:/dev/./urandom -server -XX:+HeapDumpOnOutOfMemoryError -XX:+UseConcMarkSweepGC -XX:+CMSParallelRemarkEnabled -XX:+UseCMSInitiatingOccupancyOnly -XX:+ScavengeBeforeFullGC -XX:+CMSScavengeBeforeRemark <% if ! @che_http_proxy.empty? or ! @che_https_proxy.empty? -%>$JAVA_HTTP_PROXY_SET<% end -%> <% if ! @che_http_proxy.empty? -%>$JAVA_HTTP_PROXY_HOST $JAVA_HTTP_PROXY_PORT<% end -%> <% if ! @che_https_proxy.empty? -%>$JAVA_HTTPS_PROXY_HOST $JAVA_HTTPS_PROXY_PORT<% end -%><%- if ! @che_no_proxy.empty? -%> $JAVA_NO_PROXY<% end -%><% if @che_http_proxy.include? '@' -%> $JAVA_HTTP_USER_NAME $JAVA_HTTP_USER_PASSWORD<% end -%><% if @che_https_proxy.include? '@' -%> $JAVA_HTTPS_USER_NAME $JAVA_HTTPS_USER_PASSWORD<% end %>\n \n # java opts for ws agent\n-CHE_WORKSPACE_JAVA_OPTIONS=-Xms256m -Xmx2048m -Djava.security.egd=file:/dev/./urandom <% if ! @http_proxy_for_che_workspaces.empty? or ! @https_proxy_for_che_workspaces.empty? -%>-Dhttp.proxySet=true<% end -%><% if ! @http_proxy_for_che_workspaces.empty? -%><% if ! @http_proxy_for_che_workspaces.empty? and @http_proxy_for_che_workspaces.include? '@' -%> -Dhttp.proxyUser=<%= @http_proxy_for_che_workspaces.gsub(/^https?\\:\\/\\//, '').gsub(/^www./,'').split('@')[0].split(':')[0] %> -Dhttp.proxyPassword=<%= @http_proxy_for_che_workspaces.gsub(/^https?\\:\\/\\//, '').gsub(/^www./,'').split('@')[0].split(':')[1] %> -Dhttp.proxyHost=<%= @http_proxy_for_che_workspaces.gsub(/^https?\\:\\/\\//, '').gsub(/^www./,'').split('@')[1].split(':')[0] %> -Dhttp.proxyPort=<%= @http_proxy_for_che_workspaces.gsub(/^https?\\:\\/\\//, '').gsub(/^www./,'').split('@')[1].split(':')[1].gsub(/\\/.*/,'') %><% else -%> -Dhttp.proxyHost=<%= @http_proxy_for_che_workspaces.gsub(/^https?\\:\\/\\//, '').gsub(/^www./,'').split(':')[0] %> -Dhttp.proxyPort=<%= @http_proxy_for_che_workspaces.gsub(/^https?\\:\\/\\//, '').gsub(/^www./,'').split(':')[1].gsub(/\\/.*/,'') %><% end -%><% end -%><% if ! @https_proxy_for_che_workspaces.empty? -%><% if @https_proxy_for_che_workspaces.include? '@' -%> -Dhttps.proxyUser=<%= @https_proxy_for_che_workspaces.gsub(/^https?\\:\\/\\//, '').gsub(/^www./,'').split('@')[0].split(':')[0] %> -Dhttps.proxyPassword=<%= @https_proxy_for_che_workspaces.gsub(/^https?\\:\\/\\//, '').gsub(/^www./,'').split('@')[0].split(':')[1] %> -Dhttps.proxyHost=<%= @https_proxy_for_che_workspaces.gsub(/^https?\\:\\/\\//, '').gsub(/^www./,'').split('@')[1].split(':')[0] %> -Dhttps.proxyPort=<%= @https_proxy_for_che_workspaces.gsub(/^https?\\:\\/\\//, '').gsub(/^www./,'').split('@')[1].split(':')[1].gsub(/\\/.*/,'') %><% else -%> -Dhttps.proxyHost=<%= @https_proxy_for_che_workspaces.gsub(/^https?\\:\\/\\//, '').gsub(/^www./,'').split(':')[0] %> -Dhttps.proxyPort=<%= @https_proxy_for_che_workspaces.gsub(/^https?\\:\\/\\//, '').gsub(/^www./,'').split(':')[1].gsub(/\\/.*/,'') %><% end -%><% end -%><% if ! @che_no_proxy.empty? -%> -Dhttp.nonProxyHosts='<%= @no_proxy_for_che_workspaces.gsub(/^https?\\:\\/\\//, '').gsub(/^www./,'').gsub(',','|') %>|'<% end -%>\n+CHE_WORKSPACE_JAVA_OPTIONS=<%= scope.lookupvar('che::workspace_java_options') %> <% if ! @http_proxy_for_che_workspaces.empty? or ! @https_proxy_for_che_workspaces.empty? -%>-Dhttp.proxySet=true<% end -%><% if ! @http_proxy_for_che_workspaces.empty? -%><% if ! @http_proxy_for_che_workspaces.empty? and @http_proxy_for_che_workspaces.include? '@' -%> -Dhttp.proxyUser=<%= @http_proxy_for_che_workspaces.gsub(/^https?\\:\\/\\//, '').gsub(/^www./,'').split('@')[0].split(':')[0] %> -Dhttp.proxyPassword=<%= @http_proxy_for_che_workspaces.gsub(/^https?\\:\\/\\//, '').gsub(/^www./,'').split('@')[0].split(':')[1] %> -Dhttp.proxyHost=<%= @http_proxy_for_che_workspaces.gsub(/^https?\\:\\/\\//, '').gsub(/^www./,'').split('@')[1].split(':')[0] %> -Dhttp.proxyPort=<%= @http_proxy_for_che_workspaces.gsub(/^https?\\:\\/\\//, '').gsub(/^www./,'').split('@')[1].split(':')[1].gsub(/\\/.*/,'') %><% else -%> -Dhttp.proxyHost=<%= @http_proxy_for_che_workspaces.gsub(/^https?\\:\\/\\//, '').gsub(/^www./,'').split(':')[0] %> -Dhttp.proxyPort=<%= @http_proxy_for_che_workspaces.gsub(/^https?\\:\\/\\//, '').gsub(/^www./,'').split(':')[1].gsub(/\\/.*/,'') %><% end -%><% end -%><% if ! @https_proxy_for_che_workspaces.empty? -%><% if @https_proxy_for_che_workspaces.include? '@' -%> -Dhttps.proxyUser=<%= @https_proxy_for_che_workspaces.gsub(/^https?\\:\\/\\//, '').gsub(/^www./,'').split('@')[0].split(':')[0] %> -Dhttps.proxyPassword=<%= @https_proxy_for_che_workspaces.gsub(/^https?\\:\\/\\//, '').gsub(/^www./,'').split('@')[0].split(':')[1] %> -Dhttps.proxyHost=<%= @https_proxy_for_che_workspaces.gsub(/^https?\\:\\/\\//, '').gsub(/^www./,'').split('@')[1].split(':')[0] %> -Dhttps.proxyPort=<%= @https_proxy_for_che_workspaces.gsub(/^https?\\:\\/\\//, '').gsub(/^www./,'').split('@')[1].split(':')[1].gsub(/\\/.*/,'') %><% else -%> -Dhttps.proxyHost=<%= @https_proxy_for_che_workspaces.gsub(/^https?\\:\\/\\//, '').gsub(/^www./,'').split(':')[0] %> -Dhttps.proxyPort=<%= @https_proxy_for_che_workspaces.gsub(/^https?\\:\\/\\//, '').gsub(/^www./,'').split(':')[1].gsub(/\\/.*/,'') %><% end -%><% end -%><% if ! @che_no_proxy.empty? -%> -Dhttp.nonProxyHosts='<%= @no_proxy_for_che_workspaces.gsub(/^https?\\:\\/\\//, '').gsub(/^www./,'').gsub(',','|') %>|'<% end -%>"}]}
