{"sha":"02ac4da466f5ec163e4418175a38b06ce00ac0d2","commit":{"author":{"name":"Oleksii Kurinnyi","email":"okurinnyi@codenvy.com","date":"2017-04-24T10:57:43Z"},"committer":{"name":"GitHub","email":"noreply@github.com","date":"2017-04-24T10:57:43Z"},"message":"CHE-4510: fix \"Close\" icon on \"Remove machine\" popup. (#4890)\n\nSigned-off-by: Oleksii Kurinnyi <okurinnyi@codenvy.com>","tree":{"sha":"b14e62c4d26cface5303f9cc130093056d6214bc","url":"https://api.github.com/repos/eclipse/che/git/trees/b14e62c4d26cface5303f9cc130093056d6214bc"},"url":"https://api.github.com/repos/eclipse/che/git/commits/02ac4da466f5ec163e4418175a38b06ce00ac0d2","comment_count":0,"verification":{"verified":false,"reason":"unsigned","signature":null,"payload":null}},"url":"https://api.github.com/repos/eclipse/che/commits/02ac4da466f5ec163e4418175a38b06ce00ac0d2","html_url":"https://github.com/eclipse/che/commit/02ac4da466f5ec163e4418175a38b06ce00ac0d2","comments_url":"https://api.github.com/repos/eclipse/che/commits/02ac4da466f5ec163e4418175a38b06ce00ac0d2/comments","author":{"login":"akurinnoy","id":16220722,"avatar_url":"https://avatars2.githubusercontent.com/u/16220722?v=4","gravatar_id":"","url":"https://api.github.com/users/akurinnoy","html_url":"https://github.com/akurinnoy","followers_url":"https://api.github.com/users/akurinnoy/followers","following_url":"https://api.github.com/users/akurinnoy/following{/other_user}","gists_url":"https://api.github.com/users/akurinnoy/gists{/gist_id}","starred_url":"https://api.github.com/users/akurinnoy/starred{/owner}{/repo}","subscriptions_url":"https://api.github.com/users/akurinnoy/subscriptions","organizations_url":"https://api.github.com/users/akurinnoy/orgs","repos_url":"https://api.github.com/users/akurinnoy/repos","events_url":"https://api.github.com/users/akurinnoy/events{/privacy}","received_events_url":"https://api.github.com/users/akurinnoy/received_events","type":"User","site_admin":false},"committer":{"login":"web-flow","id":19864447,"avatar_url":"https://avatars3.githubusercontent.com/u/19864447?v=4","gravatar_id":"","url":"https://api.github.com/users/web-flow","html_url":"https://github.com/web-flow","followers_url":"https://api.github.com/users/web-flow/followers","following_url":"https://api.github.com/users/web-flow/following{/other_user}","gists_url":"https://api.github.com/users/web-flow/gists{/gist_id}","starred_url":"https://api.github.com/users/web-flow/starred{/owner}{/repo}","subscriptions_url":"https://api.github.com/users/web-flow/subscriptions","organizations_url":"https://api.github.com/users/web-flow/orgs","repos_url":"https://api.github.com/users/web-flow/repos","events_url":"https://api.github.com/users/web-flow/events{/privacy}","received_events_url":"https://api.github.com/users/web-flow/received_events","type":"User","site_admin":false},"parents":[{"sha":"6ba4117e57a371862611f0966dbc160adec80ce9","url":"https://api.github.com/repos/eclipse/che/commits/6ba4117e57a371862611f0966dbc160adec80ce9","html_url":"https://github.com/eclipse/che/commit/6ba4117e57a371862611f0966dbc160adec80ce9"}],"stats":{"total":3,"additions":1,"deletions":2},"files":[{"sha":"417d89a760b39c1d3b6eaa551973682919b9b0e6","filename":"dashboard/src/app/workspaces/workspace-details/environments/machine-config/delete-dev-machine-dialog/delete-dev-machine-dialog.html","status":"modified","additions":1,"deletions":1,"changes":2,"blob_url":"https://github.com/eclipse/che/blob/02ac4da466f5ec163e4418175a38b06ce00ac0d2/dashboard/src/app/workspaces/workspace-details/environments/machine-config/delete-dev-machine-dialog/delete-dev-machine-dialog.html","raw_url":"https://github.com/eclipse/che/raw/02ac4da466f5ec163e4418175a38b06ce00ac0d2/dashboard/src/app/workspaces/workspace-details/environments/machine-config/delete-dev-machine-dialog/delete-dev-machine-dialog.html","contents_url":"https://api.github.com/repos/eclipse/che/contents/dashboard/src/app/workspaces/workspace-details/environments/machine-config/delete-dev-machine-dialog/delete-dev-machine-dialog.html?ref=02ac4da466f5ec163e4418175a38b06ce00ac0d2","patch":"@@ -1,4 +1,4 @@\n-<che-popup title=\"Remove machine\" on-close=\"deleteDevMachineDialogController.hide()\">\n+<che-popup title=\"Remove machine\" on-close=\"deleteDevMachineDialogController.cancel()\">\n   <div layout=\"column\" flex\n        class=\"delete-dev-machine-dialog\">\n "},{"sha":"ea14ab9e09840fb5721c7b25cdbd02c8443e187e","filename":"dashboard/src/app/workspaces/workspace-details/environments/machine-config/machine-config.controller.ts","status":"modified","additions":0,"deletions":1,"changes":1,"blob_url":"https://github.com/eclipse/che/blob/02ac4da466f5ec163e4418175a38b06ce00ac0d2/dashboard/src/app/workspaces/workspace-details/environments/machine-config/machine-config.controller.ts","raw_url":"https://github.com/eclipse/che/raw/02ac4da466f5ec163e4418175a38b06ce00ac0d2/dashboard/src/app/workspaces/workspace-details/environments/machine-config/machine-config.controller.ts","contents_url":"https://api.github.com/repos/eclipse/che/contents/dashboard/src/app/workspaces/workspace-details/environments/machine-config/machine-config.controller.ts?ref=02ac4da466f5ec163e4418175a38b06ce00ac0d2","patch":"@@ -233,7 +233,6 @@ export class WorkspaceMachineConfigController {\n    * @param {MouseEvent} $event\n    * @returns {ng.IPromise<any>}\n    */\n-  // todo\n   showDeleteDevMachineDialog($event: MouseEvent): ng.IPromise<any> {\n     return this.$mdDialog.show({\n       targetEvent: $event,"}]}
