{"sha":"02c683055a456041e19dc7f13fbda511a5ff345f","commit":{"author":{"name":"Vitalii Parfonov","email":"vparfonov@codenvy.com","date":"2016-03-30T09:52:13Z"},"committer":{"name":"Vitalii Parfonov","email":"vparfonov@codenvy.com","date":"2016-03-30T09:52:13Z"},"message":"Merge pull request #928 from eclipse/CHE-749\n\nCHE-749: Add C/C++ project type\r\nC/C++ Editor (with syntax highlighter only)","tree":{"sha":"8c07a115fdbc8c2dc0f4424cf960c00094d6065a","url":"https://api.github.com/repos/eclipse/che/git/trees/8c07a115fdbc8c2dc0f4424cf960c00094d6065a"},"url":"https://api.github.com/repos/eclipse/che/git/commits/02c683055a456041e19dc7f13fbda511a5ff345f","comment_count":0,"verification":{"verified":false,"reason":"unsigned","signature":null,"payload":null}},"url":"https://api.github.com/repos/eclipse/che/commits/02c683055a456041e19dc7f13fbda511a5ff345f","html_url":"https://github.com/eclipse/che/commit/02c683055a456041e19dc7f13fbda511a5ff345f","comments_url":"https://api.github.com/repos/eclipse/che/commits/02c683055a456041e19dc7f13fbda511a5ff345f/comments","author":{"login":"vparfonov","id":1636592,"avatar_url":"https://avatars1.githubusercontent.com/u/1636592?v=4","gravatar_id":"","url":"https://api.github.com/users/vparfonov","html_url":"https://github.com/vparfonov","followers_url":"https://api.github.com/users/vparfonov/followers","following_url":"https://api.github.com/users/vparfonov/following{/other_user}","gists_url":"https://api.github.com/users/vparfonov/gists{/gist_id}","starred_url":"https://api.github.com/users/vparfonov/starred{/owner}{/repo}","subscriptions_url":"https://api.github.com/users/vparfonov/subscriptions","organizations_url":"https://api.github.com/users/vparfonov/orgs","repos_url":"https://api.github.com/users/vparfonov/repos","events_url":"https://api.github.com/users/vparfonov/events{/privacy}","received_events_url":"https://api.github.com/users/vparfonov/received_events","type":"User","site_admin":false},"committer":{"login":"vparfonov","id":1636592,"avatar_url":"https://avatars1.githubusercontent.com/u/1636592?v=4","gravatar_id":"","url":"https://api.github.com/users/vparfonov","html_url":"https://github.com/vparfonov","followers_url":"https://api.github.com/users/vparfonov/followers","following_url":"https://api.github.com/users/vparfonov/following{/other_user}","gists_url":"https://api.github.com/users/vparfonov/gists{/gist_id}","starred_url":"https://api.github.com/users/vparfonov/starred{/owner}{/repo}","subscriptions_url":"https://api.github.com/users/vparfonov/subscriptions","organizations_url":"https://api.github.com/users/vparfonov/orgs","repos_url":"https://api.github.com/users/vparfonov/repos","events_url":"https://api.github.com/users/vparfonov/events{/privacy}","received_events_url":"https://api.github.com/users/vparfonov/received_events","type":"User","site_admin":false},"parents":[{"sha":"a0b3c18bb37fd69985b8613cbac668979a805c07","url":"https://api.github.com/repos/eclipse/che/commits/a0b3c18bb37fd69985b8613cbac668979a805c07","html_url":"https://github.com/eclipse/che/commit/a0b3c18bb37fd69985b8613cbac668979a805c07"},{"sha":"770eb38d380e6fedb643bc0c175a3f12a9faaff5","url":"https://api.github.com/repos/eclipse/che/commits/770eb38d380e6fedb643bc0c175a3f12a9faaff5","html_url":"https://github.com/eclipse/che/commit/770eb38d380e6fedb643bc0c175a3f12a9faaff5"}],"stats":{"total":1297,"additions":1286,"deletions":11},"files":[{"sha":"d65e5f1d051bef5c57c07ee1f526392f2547fb7f","filename":"assembly/assembly-ide-war/pom.xml","status":"modified","additions":8,"deletions":0,"changes":8,"blob_url":"https://github.com/eclipse/che/blob/02c683055a456041e19dc7f13fbda511a5ff345f/assembly/assembly-ide-war/pom.xml","raw_url":"https://github.com/eclipse/che/raw/02c683055a456041e19dc7f13fbda511a5ff345f/assembly/assembly-ide-war/pom.xml","contents_url":"https://api.github.com/repos/eclipse/che/contents/assembly/assembly-ide-war/pom.xml?ref=02c683055a456041e19dc7f13fbda511a5ff345f","patch":"@@ -160,6 +160,14 @@\n             <groupId>org.eclipse.che.lib</groupId>\n             <artifactId>che-swagger-module</artifactId>\n         </dependency>\n+        <dependency>\n+            <groupId>org.eclipse.che.plugin</groupId>\n+            <artifactId>che-plugin-cpp-lang-ide</artifactId>\n+        </dependency>\n+        <dependency>\n+            <groupId>org.eclipse.che.plugin</groupId>\n+            <artifactId>che-plugin-cpp-lang-shared</artifactId>\n+        </dependency>\n         <dependency>\n             <groupId>org.eclipse.che.plugin</groupId>\n             <artifactId>che-plugin-docker-client</artifactId>"},{"sha":"bd366f7fc7eb23c6b1dbe9e83b93427a0c172c6f","filename":"assembly/assembly-ide-war/src/main/resources/org/eclipse/che/ide/IDE.gwt.xml","status":"modified","additions":1,"deletions":0,"changes":1,"blob_url":"https://github.com/eclipse/che/blob/02c683055a456041e19dc7f13fbda511a5ff345f/assembly/assembly-ide-war/src/main/resources/org/eclipse/che/ide/IDE.gwt.xml","raw_url":"https://github.com/eclipse/che/raw/02c683055a456041e19dc7f13fbda511a5ff345f/assembly/assembly-ide-war/src/main/resources/org/eclipse/che/ide/IDE.gwt.xml","contents_url":"https://api.github.com/repos/eclipse/che/contents/assembly/assembly-ide-war/src/main/resources/org/eclipse/che/ide/IDE.gwt.xml?ref=02c683055a456041e19dc7f13fbda511a5ff345f","patch":"@@ -55,6 +55,7 @@\n     <inherits name='org.eclipse.che.env.local.LocalEnvironment'/>\n     <inherits name='org.eclipse.che.ide.ext.plugins.PluginsDevelopment'/>\n \n+    <inherits name='org.eclipse.che.plugin.cpp.Cpp'/>\n     <inherits name='org.eclipse.che.plugin.python.Python'/>\n     <inherits name='org.eclipse.che.plugin.docker.client.dto.Dto'/>\n "},{"sha":"ca7e9db119904ac18d21b422187f6b821882c610","filename":"assembly/assembly-machine-war/pom.xml","status":"modified","additions":8,"deletions":0,"changes":8,"blob_url":"https://github.com/eclipse/che/blob/02c683055a456041e19dc7f13fbda511a5ff345f/assembly/assembly-machine-war/pom.xml","raw_url":"https://github.com/eclipse/che/raw/02c683055a456041e19dc7f13fbda511a5ff345f/assembly/assembly-machine-war/pom.xml","contents_url":"https://api.github.com/repos/eclipse/che/contents/assembly/assembly-machine-war/pom.xml?ref=02c683055a456041e19dc7f13fbda511a5ff345f","patch":"@@ -95,6 +95,14 @@\n             <artifactId>che-jdt-ext-machine</artifactId>\n             <type>jar</type>\n         </dependency>\n+        <dependency>\n+            <groupId>org.eclipse.che.plugin</groupId>\n+            <artifactId>che-plugin-cpp-lang-server</artifactId>\n+        </dependency>\n+        <dependency>\n+            <groupId>org.eclipse.che.plugin</groupId>\n+            <artifactId>che-plugin-cpp-lang-shared</artifactId>\n+        </dependency>\n         <dependency>\n             <groupId>org.eclipse.che.plugin</groupId>\n             <artifactId>che-plugin-git-provider-che</artifactId>"},{"sha":"1fa3502ccd62503b80a5c30507d7fa5c78659224","filename":"core/commons/che-core-commons-gwt/src/main/java/org/eclipse/che/ide/MimeType.java","status":"modified","additions":4,"deletions":1,"changes":5,"blob_url":"https://github.com/eclipse/che/blob/02c683055a456041e19dc7f13fbda511a5ff345f/core/commons/che-core-commons-gwt/src/main/java/org/eclipse/che/ide/MimeType.java","raw_url":"https://github.com/eclipse/che/raw/02c683055a456041e19dc7f13fbda511a5ff345f/core/commons/che-core-commons-gwt/src/main/java/org/eclipse/che/ide/MimeType.java","contents_url":"https://api.github.com/repos/eclipse/che/contents/core/commons/che-core-commons-gwt/src/main/java/org/eclipse/che/ide/MimeType.java?ref=02c683055a456041e19dc7f13fbda511a5ff345f","patch":"@@ -67,7 +67,10 @@\n     String TEXT_CSS = \"text/css\";\n \n     /** \"text/x-c\" */\n-    String TEXT_C = \"text/x-c\";\n+    String TEXT_C = \"text/x-csrc\";\n+\n+    /** \"text/x-c\" */\n+    String TEXT_CPP = \"text/x-c++src\";\n \n     /** \"text/x-h\" */\n     String TEXT_H = \"text/x-h\";"},{"sha":"6578682344c37ff722e6affc6572c7450bd3b813","filename":"core/ide/che-core-ide-app/src/main/java/org/eclipse/che/ide/projecttype/wizard/presenter/ProjectWizardPresenter.java","status":"modified","additions":17,"deletions":9,"changes":26,"blob_url":"https://github.com/eclipse/che/blob/02c683055a456041e19dc7f13fbda511a5ff345f/core/ide/che-core-ide-app/src/main/java/org/eclipse/che/ide/projecttype/wizard/presenter/ProjectWizardPresenter.java","raw_url":"https://github.com/eclipse/che/raw/02c683055a456041e19dc7f13fbda511a5ff345f/core/ide/che-core-ide-app/src/main/java/org/eclipse/che/ide/projecttype/wizard/presenter/ProjectWizardPresenter.java","contents_url":"https://api.github.com/repos/eclipse/che/contents/core/ide/che-core-ide-app/src/main/java/org/eclipse/che/ide/projecttype/wizard/presenter/ProjectWizardPresenter.java?ref=02c683055a456041e19dc7f13fbda511a5ff345f","patch":"@@ -14,6 +14,7 @@\n import com.google.inject.Provider;\n import com.google.inject.Singleton;\n \n+import org.eclipse.che.api.project.shared.dto.AttributeDto;\n import org.eclipse.che.api.project.shared.dto.ItemReference;\n import org.eclipse.che.api.project.shared.dto.ProjectTemplateDescriptor;\n import org.eclipse.che.api.project.shared.dto.ProjectTypeDto;\n@@ -32,6 +33,7 @@\n import org.eclipse.che.ide.ui.dialogs.DialogFactory;\n \n import javax.validation.constraints.NotNull;\n+import java.util.Collections;\n import java.util.HashMap;\n import java.util.List;\n import java.util.Map;\n@@ -191,19 +193,25 @@ public void onProjectTypeSelected(ProjectTypeDto projectType) {\n         wizard = getWizardForProjectType(projectType, prevData);\n         wizard.navigateToFirst();\n         final ProjectConfigDto newProject = wizard.getDataObject();\n-\n-        // some values should be shared between wizards for different project types\n-        newProject.setPath(prevData.getPath());\n+        newProject.setType(projectType.getId());\n         newProject.setName(prevData.getName());\n         newProject.setDescription(prevData.getDescription());\n-        newProject.setMixins(prevData.getMixins());\n-        if (wizardMode == UPDATE) {\n+        if (wizardMode == CREATE) {\n+            newProject.setMixins(Collections.<String>emptyList());\n+            List<AttributeDto> attributes = projectType.getAttributes();\n+            Map<String, List<String>> prevDataAttributes = prevData.getAttributes();\n+            Map<String, List<String>> newAttributes = new HashMap<>();\n+            for (AttributeDto attribute : attributes) {\n+                if(prevDataAttributes.containsKey(attribute.getId())) {\n+                    newAttributes.put(attribute.getId(), prevDataAttributes.get(attribute.getId()));\n+                }\n+            }\n+            newProject.setAttributes(newAttributes);\n+        } else {\n+            // some values should be shared between wizards for different project types\n+            newProject.setMixins(prevData.getMixins());\n             newProject.setAttributes(prevData.getAttributes());\n         }\n-\n-        // set dataObject's values from projectType\n-        newProject.setType(projectType.getId());\n-//        newProject.setRecipe(projectType.getDefaultRecipe());\n     }\n \n     @Override"},{"sha":"72d6a9c3ec3bad09f9396ea412e369b0e8d59671","filename":"core/ide/che-core-ide-jseditor/src/main/java/org/eclipse/che/ide/jseditor/client/filetype/ExtensionFileTypeIdentifier.java","status":"modified","additions":1,"deletions":1,"changes":2,"blob_url":"https://github.com/eclipse/che/blob/02c683055a456041e19dc7f13fbda511a5ff345f/core/ide/che-core-ide-jseditor/src/main/java/org/eclipse/che/ide/jseditor/client/filetype/ExtensionFileTypeIdentifier.java","raw_url":"https://github.com/eclipse/che/raw/02c683055a456041e19dc7f13fbda511a5ff345f/core/ide/che-core-ide-jseditor/src/main/java/org/eclipse/che/ide/jseditor/client/filetype/ExtensionFileTypeIdentifier.java","contents_url":"https://api.github.com/repos/eclipse/che/contents/core/ide/che-core-ide-jseditor/src/main/java/org/eclipse/che/ide/jseditor/client/filetype/ExtensionFileTypeIdentifier.java?ref=02c683055a456041e19dc7f13fbda511a5ff345f","patch":"@@ -48,7 +48,7 @@ public ExtensionFileTypeIdentifier() {\n \n     /** Prepares the know extension registry. */\n     public void init() {\n-        this.mappings.put(\"c\", makeList(\"text/x-c\"));\n+        this.mappings.put(\"c\", makeList(\"text/x-csrc\"));\n         this.mappings.put(\"C\", makeList(\"text/x-c++src\"));\n         this.mappings.put(\"cc\", makeList(\"text/x-c++src\"));\n         this.mappings.put(\"cpp\", makeList(\"text/x-c++src\"));"},{"sha":"020ba333994b3a5d59130b6e418c8200b427333e","filename":"plugins/plugin-cpp/che-plugin-cpp-lang-ide/pom.xml","status":"added","additions":85,"deletions":0,"changes":85,"blob_url":"https://github.com/eclipse/che/blob/02c683055a456041e19dc7f13fbda511a5ff345f/plugins/plugin-cpp/che-plugin-cpp-lang-ide/pom.xml","raw_url":"https://github.com/eclipse/che/raw/02c683055a456041e19dc7f13fbda511a5ff345f/plugins/plugin-cpp/che-plugin-cpp-lang-ide/pom.xml","contents_url":"https://api.github.com/repos/eclipse/che/contents/plugins/plugin-cpp/che-plugin-cpp-lang-ide/pom.xml?ref=02c683055a456041e19dc7f13fbda511a5ff345f","patch":"@@ -0,0 +1,85 @@\n+<?xml version=\"1.0\" encoding=\"UTF-8\"?>\n+<!--\n+\n+    Copyright (c) 2012-2016 Codenvy, S.A.\n+    All rights reserved. This program and the accompanying materials\n+    are made available under the terms of the Eclipse Public License v1.0\n+    which accompanies this distribution, and is available at\n+    http://www.eclipse.org/legal/epl-v10.html\n+\n+    Contributors:\n+      Codenvy, S.A. - initial API and implementation\n+\n+-->\n+<project xmlns=\"http://maven.apache.org/POM/4.0.0\" xmlns:xsi=\"http://www.w3.org/2001/XMLSchema-instance\" xsi:schemaLocation=\"http://maven.apache.org/POM/4.0.0 http://maven.apache.org/maven-v4_0_0.xsd\">\n+    <modelVersion>4.0.0</modelVersion>\n+    <parent>\n+        <artifactId>che-plugin-cpp-parent</artifactId>\n+        <groupId>org.eclipse.che.plugin</groupId>\n+        <version>4.1.0-RC1-SNAPSHOT</version>\n+    </parent>\n+    <artifactId>che-plugin-cpp-lang-ide</artifactId>\n+    <packaging>jar</packaging>\n+    <name>Che Plugin :: C/C++ :: IDE</name>\n+    <dependencies>\n+        <dependency>\n+            <groupId>com.google.gwt.inject</groupId>\n+            <artifactId>gin</artifactId>\n+        </dependency>\n+        <dependency>\n+            <groupId>com.google.inject</groupId>\n+            <artifactId>guice</artifactId>\n+        </dependency>\n+        <dependency>\n+            <groupId>javax.inject</groupId>\n+            <artifactId>javax.inject</artifactId>\n+        </dependency>\n+        <dependency>\n+            <groupId>javax.validation</groupId>\n+            <artifactId>validation-api</artifactId>\n+        </dependency>\n+        <dependency>\n+            <groupId>org.eclipse.che.core</groupId>\n+            <artifactId>che-core-api-workspace</artifactId>\n+        </dependency>\n+        <dependency>\n+            <groupId>org.eclipse.che.core</groupId>\n+            <artifactId>che-core-commons-annotations</artifactId>\n+        </dependency>\n+        <dependency>\n+            <groupId>org.eclipse.che.core</groupId>\n+            <artifactId>che-core-ide-api</artifactId>\n+        </dependency>\n+        <dependency>\n+            <groupId>org.eclipse.che.core</groupId>\n+            <artifactId>che-core-ide-app</artifactId>\n+        </dependency>\n+        <dependency>\n+            <groupId>org.eclipse.che.core</groupId>\n+            <artifactId>che-core-ide-jseditor</artifactId>\n+        </dependency>\n+        <dependency>\n+            <groupId>org.eclipse.che.plugin</groupId>\n+            <artifactId>che-plugin-cpp-lang-shared</artifactId>\n+        </dependency>\n+        <dependency>\n+            <groupId>org.vectomatic</groupId>\n+            <artifactId>lib-gwt-svg</artifactId>\n+        </dependency>\n+        <dependency>\n+            <groupId>com.google.gwt</groupId>\n+            <artifactId>gwt-user</artifactId>\n+            <scope>provided</scope>\n+        </dependency>\n+    </dependencies>\n+    <build>\n+        <resources>\n+            <resource>\n+                <directory>src/main/java</directory>\n+            </resource>\n+            <resource>\n+                <directory>src/main/resources</directory>\n+            </resource>\n+        </resources>\n+    </build>\n+</project>"},{"sha":"3a942c17835b1e1e28f046a3b09ba31b913c9dbc","filename":"plugins/plugin-cpp/che-plugin-cpp-lang-ide/src/main/java/org/eclipse/che/plugin/cpp/ide/CppExtension.java","status":"added","additions":69,"deletions":0,"changes":69,"blob_url":"https://github.com/eclipse/che/blob/02c683055a456041e19dc7f13fbda511a5ff345f/plugins/plugin-cpp/che-plugin-cpp-lang-ide/src/main/java/org/eclipse/che/plugin/cpp/ide/CppExtension.java","raw_url":"https://github.com/eclipse/che/raw/02c683055a456041e19dc7f13fbda511a5ff345f/plugins/plugin-cpp/che-plugin-cpp-lang-ide/src/main/java/org/eclipse/che/plugin/cpp/ide/CppExtension.java","contents_url":"https://api.github.com/repos/eclipse/che/contents/plugins/plugin-cpp/che-plugin-cpp-lang-ide/src/main/java/org/eclipse/che/plugin/cpp/ide/CppExtension.java?ref=02c683055a456041e19dc7f13fbda511a5ff345f","patch":"@@ -0,0 +1,69 @@\n+/*******************************************************************************\n+ * Copyright (c) 2012-2016 Codenvy, S.A.\n+ * All rights reserved. This program and the accompanying materials\n+ * are made available under the terms of the Eclipse Public License v1.0\n+ * which accompanies this distribution, and is available at\n+ * http://www.eclipse.org/legal/epl-v10.html\n+ *\n+ * Contributors:\n+ *   Codenvy, S.A. - initial API and implementation\n+ *******************************************************************************/\n+package org.eclipse.che.plugin.cpp.ide;\n+\n+import com.google.inject.Inject;\n+import com.google.inject.name.Named;\n+\n+import org.eclipse.che.ide.api.action.ActionManager;\n+import org.eclipse.che.ide.api.action.DefaultActionGroup;\n+import org.eclipse.che.ide.api.constraints.Constraints;\n+import org.eclipse.che.ide.api.extension.Extension;\n+import org.eclipse.che.ide.api.filetypes.FileType;\n+import org.eclipse.che.ide.api.filetypes.FileTypeRegistry;\n+import org.eclipse.che.ide.api.icon.Icon;\n+import org.eclipse.che.ide.api.icon.IconRegistry;\n+import org.eclipse.che.plugin.cpp.ide.action.CreateCSourceFileAction;\n+import org.eclipse.che.plugin.cpp.ide.action.CreateCppSourceFileAction;\n+import org.eclipse.che.plugin.cpp.ide.action.CreateHeaderSourceFileAction;\n+\n+import static org.eclipse.che.ide.api.action.IdeActions.GROUP_FILE_NEW;\n+\n+/**\n+ * @author Vitalii Parfonov\n+ *\n+ * */\n+@Extension(title = \"Cpp\")\n+public class CppExtension {\n+\n+    public static String C_CATEGORY       = \"C/C++\";\n+\n+    @Inject\n+    public CppExtension(FileTypeRegistry fileTypeRegistry,\n+                        @Named(\"CFileType\") FileType cFile,\n+                        @Named(\"CppFileType\") FileType cppFile,\n+                        @Named(\"HFileType\") FileType hFile) {\n+        fileTypeRegistry.registerFileType(cFile);\n+        fileTypeRegistry.registerFileType(cppFile);\n+        fileTypeRegistry.registerFileType(hFile);\n+    }\n+\n+    @Inject\n+    private void prepareActions(CreateCSourceFileAction newCSourceFileAction,\n+                                CreateCppSourceFileAction newCppSourceFileAction,\n+                                CreateHeaderSourceFileAction newHeadSourceFileAction,\n+                                ActionManager actionManager,\n+                                CppResources resources,\n+                                IconRegistry iconRegistry) {\n+\n+        DefaultActionGroup newGroup = (DefaultActionGroup)actionManager.getAction(GROUP_FILE_NEW);\n+\n+        actionManager.registerAction(\"newCFile\", newCSourceFileAction);\n+        actionManager.registerAction(\"newCppFile\", newCppSourceFileAction);\n+        actionManager.registerAction(\"newHFile\", newHeadSourceFileAction);\n+        newGroup.add(newCSourceFileAction, Constraints.FIRST);\n+        newGroup.add(newHeadSourceFileAction, Constraints.FIRST);\n+        newGroup.add(newCppSourceFileAction, Constraints.FIRST);\n+        iconRegistry.registerIcon(new Icon(C_CATEGORY + \".samples.category.icon\", resources.category()));\n+\n+    }\n+\n+}"},{"sha":"1222bdf141c1a308af58f3b444d8f089fbfd6f61","filename":"plugins/plugin-cpp/che-plugin-cpp-lang-ide/src/main/java/org/eclipse/che/plugin/cpp/ide/CppJsEditorExtension.java","status":"added","additions":39,"deletions":0,"changes":39,"blob_url":"https://github.com/eclipse/che/blob/02c683055a456041e19dc7f13fbda511a5ff345f/plugins/plugin-cpp/che-plugin-cpp-lang-ide/src/main/java/org/eclipse/che/plugin/cpp/ide/CppJsEditorExtension.java","raw_url":"https://github.com/eclipse/che/raw/02c683055a456041e19dc7f13fbda511a5ff345f/plugins/plugin-cpp/che-plugin-cpp-lang-ide/src/main/java/org/eclipse/che/plugin/cpp/ide/CppJsEditorExtension.java","contents_url":"https://api.github.com/repos/eclipse/che/contents/plugins/plugin-cpp/che-plugin-cpp-lang-ide/src/main/java/org/eclipse/che/plugin/cpp/ide/CppJsEditorExtension.java?ref=02c683055a456041e19dc7f13fbda511a5ff345f","patch":"@@ -0,0 +1,39 @@\n+/*******************************************************************************\n+ * Copyright (c) 2012-2016 Codenvy, S.A.\n+ * All rights reserved. This program and the accompanying materials\n+ * are made available under the terms of the Eclipse Public License v1.0\n+ * which accompanies this distribution, and is available at\n+ * http://www.eclipse.org/legal/epl-v10.html\n+ *\n+ * Contributors:\n+ *   Codenvy, S.A. - initial API and implementation\n+ *******************************************************************************/\n+package org.eclipse.che.plugin.cpp.ide;\n+\n+import com.google.inject.name.Named;\n+\n+import org.eclipse.che.ide.api.editor.EditorRegistry;\n+import org.eclipse.che.ide.api.extension.Extension;\n+import org.eclipse.che.ide.api.filetypes.FileType;\n+import org.eclipse.che.plugin.cpp.ide.editor.CEditorProvider;\n+import org.eclipse.che.plugin.cpp.ide.editor.CppEditorProvider;\n+\n+import javax.inject.Inject;\n+\n+@Extension(title = \"C/C++ JS Editor\")\n+public class CppJsEditorExtension {\n+\n+    @Inject\n+    public CppJsEditorExtension(final EditorRegistry editorRegistry,\n+                                final @Named(\"CFileType\") FileType cFile,\n+                                final @Named(\"HFileType\") FileType hFile,\n+                                final @Named(\"CppFileType\") FileType classFile,\n+                                final CEditorProvider cEditorProvider,\n+                                final CppEditorProvider cppEditorProvider) {\n+        // register editor provider\n+        editorRegistry.registerDefaultEditor(cFile, cEditorProvider);\n+        editorRegistry.registerDefaultEditor(hFile, cEditorProvider);\n+        editorRegistry.registerDefaultEditor(classFile, cppEditorProvider);\n+        editorRegistry.registerDefaultEditor(classFile, cppEditorProvider);\n+    }\n+}"},{"sha":"2c6e87448c16745f1c1f19d9cc9b79d998c2838d","filename":"plugins/plugin-cpp/che-plugin-cpp-lang-ide/src/main/java/org/eclipse/che/plugin/cpp/ide/CppLocalizationConstant.java","status":"added","additions":48,"deletions":0,"changes":48,"blob_url":"https://github.com/eclipse/che/blob/02c683055a456041e19dc7f13fbda511a5ff345f/plugins/plugin-cpp/che-plugin-cpp-lang-ide/src/main/java/org/eclipse/che/plugin/cpp/ide/CppLocalizationConstant.java","raw_url":"https://github.com/eclipse/che/raw/02c683055a456041e19dc7f13fbda511a5ff345f/plugins/plugin-cpp/che-plugin-cpp-lang-ide/src/main/java/org/eclipse/che/plugin/cpp/ide/CppLocalizationConstant.java","contents_url":"https://api.github.com/repos/eclipse/che/contents/plugins/plugin-cpp/che-plugin-cpp-lang-ide/src/main/java/org/eclipse/che/plugin/cpp/ide/CppLocalizationConstant.java?ref=02c683055a456041e19dc7f13fbda511a5ff345f","patch":"@@ -0,0 +1,48 @@\n+/*******************************************************************************\n+ * Copyright (c) 2012-2016 Codenvy, S.A.\n+ * All rights reserved. This program and the accompanying materials\n+ * are made available under the terms of the Eclipse Public License v1.0\n+ * which accompanies this distribution, and is available at\n+ * http://www.eclipse.org/legal/epl-v10.html\n+ *\n+ * Contributors:\n+ *   Codenvy, S.A. - initial API and implementation\n+ *******************************************************************************/\n+package org.eclipse.che.plugin.cpp.ide;\n+\n+import com.google.gwt.i18n.client.Messages;\n+\n+/**\n+ * Localization constants. Interface to represent the constants defined in resource bundle:\n+ * 'CppLocalizationConstant.properties'.\n+ *\n+ * @author Vitalii PArfonov\n+ */\n+public interface CppLocalizationConstant extends Messages {\n+\n+\n+    @Key(\"cpp.action.create.c.file.title\")\n+    @DefaultMessage(\"New C File\")\n+    String createCFileActionTitle();\n+\n+    @Key(\"cpp.action.create.c.file.description\")\n+    @DefaultMessage(\"Create C File\")\n+    String createCFileActionDescription();\n+\n+    @Key(\"cpp.action.create.h.file.title\")\n+    @DefaultMessage(\"New H File\")\n+    String createCHeaderFileActionTitle();\n+\n+    @Key(\"cpp.action.create.c.file.description\")\n+    @DefaultMessage(\"Create C Header File\")\n+    String createCHeaderFileActionDescription();\n+\n+    @Key(\"cpp.action.create.cpp.file.title\")\n+    @DefaultMessage(\"New C++ File\")\n+    String createCppFileActionTitle();\n+\n+    @Key(\"cpp.action.create.cpp.file.description\")\n+    @DefaultMessage(\"Create C++ File\")\n+    String createCppFileActionDescription();\n+\n+}"},{"sha":"930c84d50fae28846b506dd5c16517cf3c0212e3","filename":"plugins/plugin-cpp/che-plugin-cpp-lang-ide/src/main/java/org/eclipse/che/plugin/cpp/ide/CppResources.java","status":"added","additions":35,"deletions":0,"changes":35,"blob_url":"https://github.com/eclipse/che/blob/02c683055a456041e19dc7f13fbda511a5ff345f/plugins/plugin-cpp/che-plugin-cpp-lang-ide/src/main/java/org/eclipse/che/plugin/cpp/ide/CppResources.java","raw_url":"https://github.com/eclipse/che/raw/02c683055a456041e19dc7f13fbda511a5ff345f/plugins/plugin-cpp/che-plugin-cpp-lang-ide/src/main/java/org/eclipse/che/plugin/cpp/ide/CppResources.java","contents_url":"https://api.github.com/repos/eclipse/che/contents/plugins/plugin-cpp/che-plugin-cpp-lang-ide/src/main/java/org/eclipse/che/plugin/cpp/ide/CppResources.java?ref=02c683055a456041e19dc7f13fbda511a5ff345f","patch":"@@ -0,0 +1,35 @@\n+/*******************************************************************************\n+ * Copyright (c) 2012-2016 Codenvy, S.A.\n+ * All rights reserved. This program and the accompanying materials\n+ * are made available under the terms of the Eclipse Public License v1.0\n+ * which accompanies this distribution, and is available at\n+ * http://www.eclipse.org/legal/epl-v10.html\n+ *\n+ * Contributors:\n+ *   Codenvy, S.A. - initial API and implementation\n+ *******************************************************************************/\n+package org.eclipse.che.plugin.cpp.ide;\n+\n+import com.google.gwt.core.client.GWT;\n+import com.google.gwt.resources.client.ClientBundle;\n+\n+import org.vectomatic.dom.svg.ui.SVGResource;\n+\n+/**\n+ * @author Vitalii Parfonov\n+ */\n+public interface CppResources extends ClientBundle {\n+    CppResources INSTANCE = GWT.create(CppResources.class);\n+\n+    @Source(\"svg/c_file.svg\")\n+    SVGResource cFile();\n+\n+    @Source(\"svg/cpp_file.svg\")\n+    SVGResource cppFile();\n+\n+    @Source(\"svg/c_header_file.svg\")\n+    SVGResource cHeaderFile();\n+\n+    @Source(\"svg/category.svg\")\n+    SVGResource category();\n+}"},{"sha":"a76c800e31d54fd0b2c011ad562289b558c45991","filename":"plugins/plugin-cpp/che-plugin-cpp-lang-ide/src/main/java/org/eclipse/che/plugin/cpp/ide/action/CreateCSourceFileAction.java","status":"added","additions":55,"deletions":0,"changes":55,"blob_url":"https://github.com/eclipse/che/blob/02c683055a456041e19dc7f13fbda511a5ff345f/plugins/plugin-cpp/che-plugin-cpp-lang-ide/src/main/java/org/eclipse/che/plugin/cpp/ide/action/CreateCSourceFileAction.java","raw_url":"https://github.com/eclipse/che/raw/02c683055a456041e19dc7f13fbda511a5ff345f/plugins/plugin-cpp/che-plugin-cpp-lang-ide/src/main/java/org/eclipse/che/plugin/cpp/ide/action/CreateCSourceFileAction.java","contents_url":"https://api.github.com/repos/eclipse/che/contents/plugins/plugin-cpp/che-plugin-cpp-lang-ide/src/main/java/org/eclipse/che/plugin/cpp/ide/action/CreateCSourceFileAction.java?ref=02c683055a456041e19dc7f13fbda511a5ff345f","patch":"@@ -0,0 +1,55 @@\n+/*******************************************************************************\n+ * Copyright (c) 2012-2016 Codenvy, S.A.\n+ * All rights reserved. This program and the accompanying materials\n+ * are made available under the terms of the Eclipse Public License v1.0\n+ * which accompanies this distribution, and is available at\n+ * http://www.eclipse.org/legal/epl-v10.html\n+ *\n+ * Contributors:\n+ *   Codenvy, S.A. - initial API and implementation\n+ *******************************************************************************/\n+package org.eclipse.che.plugin.cpp.ide.action;\n+\n+import com.google.inject.Inject;\n+import com.google.inject.Singleton;\n+\n+import org.eclipse.che.ide.api.app.AppContext;\n+import org.eclipse.che.plugin.cpp.ide.CppLocalizationConstant;\n+import org.eclipse.che.plugin.cpp.ide.CppResources;\n+\n+import static org.eclipse.che.plugin.cpp.shared.Constants.C_EXT;\n+\n+/**\n+ * Action to create new C source file.\n+ *\n+ * @author Vitalii Parfonov\n+ */\n+@Singleton\n+public class CreateCSourceFileAction extends NewClikeResourceAction {\n+\n+    private static final String DEFAULT_CONTENT = \"#include <stdio.h>\\n\" +\n+                                                  \"\\n\" +\n+                                                  \"int main(void)\\n\" +\n+                                                  \"{\\n\" +\n+                                                  \"    printf(\\\"hello, world\\\\n\\\");\\n\" +\n+                                                  \"}\";\n+\n+    @Inject\n+    public CreateCSourceFileAction(CppLocalizationConstant localizationConstant,\n+                                   CppResources cppResources,\n+                                   AppContext appContext) {\n+        super(localizationConstant.createCFileActionTitle(),\n+              localizationConstant.createCFileActionDescription(),\n+              cppResources.cFile(), appContext);\n+    }\n+\n+    @Override\n+    protected String getExtension() {\n+        return C_EXT;\n+    }\n+\n+    @Override\n+    protected String getDefaultContent() {\n+        return DEFAULT_CONTENT;\n+    }\n+}"},{"sha":"6a67fa191224bc4e34c2b28ba8d39928a3f77e7d","filename":"plugins/plugin-cpp/che-plugin-cpp-lang-ide/src/main/java/org/eclipse/che/plugin/cpp/ide/action/CreateCppSourceFileAction.java","status":"added","additions":57,"deletions":0,"changes":57,"blob_url":"https://github.com/eclipse/che/blob/02c683055a456041e19dc7f13fbda511a5ff345f/plugins/plugin-cpp/che-plugin-cpp-lang-ide/src/main/java/org/eclipse/che/plugin/cpp/ide/action/CreateCppSourceFileAction.java","raw_url":"https://github.com/eclipse/che/raw/02c683055a456041e19dc7f13fbda511a5ff345f/plugins/plugin-cpp/che-plugin-cpp-lang-ide/src/main/java/org/eclipse/che/plugin/cpp/ide/action/CreateCppSourceFileAction.java","contents_url":"https://api.github.com/repos/eclipse/che/contents/plugins/plugin-cpp/che-plugin-cpp-lang-ide/src/main/java/org/eclipse/che/plugin/cpp/ide/action/CreateCppSourceFileAction.java?ref=02c683055a456041e19dc7f13fbda511a5ff345f","patch":"@@ -0,0 +1,57 @@\n+/*******************************************************************************\n+ * Copyright (c) 2012-2016 Codenvy, S.A.\n+ * All rights reserved. This program and the accompanying materials\n+ * are made available under the terms of the Eclipse Public License v1.0\n+ * which accompanies this distribution, and is available at\n+ * http://www.eclipse.org/legal/epl-v10.html\n+ *\n+ * Contributors:\n+ *   Codenvy, S.A. - initial API and implementation\n+ *******************************************************************************/\n+package org.eclipse.che.plugin.cpp.ide.action;\n+\n+import com.google.inject.Inject;\n+import com.google.inject.Singleton;\n+\n+import org.eclipse.che.ide.api.app.AppContext;\n+import org.eclipse.che.plugin.cpp.ide.CppLocalizationConstant;\n+import org.eclipse.che.plugin.cpp.ide.CppResources;\n+\n+import static org.eclipse.che.plugin.cpp.shared.Constants.CPP_EXT;\n+\n+/**\n+ * Action to create new C++ source file.\n+ *\n+ * @author Vitalii Parfonov\n+ */\n+@Singleton\n+public class CreateCppSourceFileAction extends NewClikeResourceAction {\n+\n+\n+    private static final String DEFAULT_CONTENT = \"#include <iostream>\\n\" +\n+                                                  \"\\n\" +\n+                                                  \"int main()\\n\" +\n+                                                  \"{\\n\" +\n+                                                  \"    std::cout << \\\"Hello, world!\\\\n\\\";\\n\" +\n+                                                  \"    return 0;\\n\" +\n+                                                  \"}\";\n+\n+    @Inject\n+    public CreateCppSourceFileAction(CppLocalizationConstant localizationConstant,\n+                                     AppContext appContext,\n+                                     CppResources cppResources) {\n+        super(localizationConstant.createCppFileActionTitle(),\n+              localizationConstant.createCppFileActionDescription(),\n+              cppResources.cppFile(), appContext);\n+    }\n+\n+    @Override\n+    protected String getExtension() {\n+        return CPP_EXT;\n+    }\n+\n+    @Override\n+    protected String getDefaultContent() {\n+        return DEFAULT_CONTENT;\n+    }\n+}"},{"sha":"1ebd9f6cc315bc0df10e571106e0aa94e79f7c9e","filename":"plugins/plugin-cpp/che-plugin-cpp-lang-ide/src/main/java/org/eclipse/che/plugin/cpp/ide/action/CreateHeaderSourceFileAction.java","status":"added","additions":54,"deletions":0,"changes":54,"blob_url":"https://github.com/eclipse/che/blob/02c683055a456041e19dc7f13fbda511a5ff345f/plugins/plugin-cpp/che-plugin-cpp-lang-ide/src/main/java/org/eclipse/che/plugin/cpp/ide/action/CreateHeaderSourceFileAction.java","raw_url":"https://github.com/eclipse/che/raw/02c683055a456041e19dc7f13fbda511a5ff345f/plugins/plugin-cpp/che-plugin-cpp-lang-ide/src/main/java/org/eclipse/che/plugin/cpp/ide/action/CreateHeaderSourceFileAction.java","contents_url":"https://api.github.com/repos/eclipse/che/contents/plugins/plugin-cpp/che-plugin-cpp-lang-ide/src/main/java/org/eclipse/che/plugin/cpp/ide/action/CreateHeaderSourceFileAction.java?ref=02c683055a456041e19dc7f13fbda511a5ff345f","patch":"@@ -0,0 +1,54 @@\n+/*******************************************************************************\n+ * Copyright (c) 2012-2016 Codenvy, S.A.\n+ * All rights reserved. This program and the accompanying materials\n+ * are made available under the terms of the Eclipse Public License v1.0\n+ * which accompanies this distribution, and is available at\n+ * http://www.eclipse.org/legal/epl-v10.html\n+ *\n+ * Contributors:\n+ *   Codenvy, S.A. - initial API and implementation\n+ *******************************************************************************/\n+package org.eclipse.che.plugin.cpp.ide.action;\n+\n+import com.google.inject.Inject;\n+import com.google.inject.Singleton;\n+\n+import org.eclipse.che.ide.api.app.AppContext;\n+import org.eclipse.che.plugin.cpp.ide.CppLocalizationConstant;\n+import org.eclipse.che.plugin.cpp.ide.CppResources;\n+\n+import static org.eclipse.che.plugin.cpp.shared.Constants.H_EXT;\n+\n+/**\n+ * Action to create new C Header file.\n+ *\n+ * @author Vitalii Parfonov\n+ */\n+@Singleton\n+public class CreateHeaderSourceFileAction extends NewClikeResourceAction {\n+\n+    private static final String DEFAULT_CONTENT = \"#ifndef VARIABLE\\n\" +\n+                                                  \"#define VARIABLE\\n\" +\n+                                                  \"// Write your header file here.\\n\" +\n+                                                  \"#endif\";\n+\n+    @Inject\n+    public CreateHeaderSourceFileAction(CppLocalizationConstant localizationConstant,\n+                                        CppResources cppResources,\n+                                        AppContext appContext) {\n+        super(localizationConstant.createCHeaderFileActionTitle(),\n+              localizationConstant.createCHeaderFileActionDescription(),\n+              cppResources.cHeaderFile(),\n+              appContext);\n+    }\n+\n+    @Override\n+    protected String getExtension() {\n+        return H_EXT;\n+    }\n+\n+    @Override\n+    protected String getDefaultContent() {\n+        return DEFAULT_CONTENT;\n+    }\n+}"},{"sha":"b9fb9d830452ff52f2e69cff74433e91399b61a0","filename":"plugins/plugin-cpp/che-plugin-cpp-lang-ide/src/main/java/org/eclipse/che/plugin/cpp/ide/action/NewClikeResourceAction.java","status":"added","additions":68,"deletions":0,"changes":68,"blob_url":"https://github.com/eclipse/che/blob/02c683055a456041e19dc7f13fbda511a5ff345f/plugins/plugin-cpp/che-plugin-cpp-lang-ide/src/main/java/org/eclipse/che/plugin/cpp/ide/action/NewClikeResourceAction.java","raw_url":"https://github.com/eclipse/che/raw/02c683055a456041e19dc7f13fbda511a5ff345f/plugins/plugin-cpp/che-plugin-cpp-lang-ide/src/main/java/org/eclipse/che/plugin/cpp/ide/action/NewClikeResourceAction.java","contents_url":"https://api.github.com/repos/eclipse/che/contents/plugins/plugin-cpp/che-plugin-cpp-lang-ide/src/main/java/org/eclipse/che/plugin/cpp/ide/action/NewClikeResourceAction.java?ref=02c683055a456041e19dc7f13fbda511a5ff345f","patch":"@@ -0,0 +1,68 @@\n+/*******************************************************************************\n+ * Copyright (c) 2012-2016 Codenvy, S.A.\n+ * All rights reserved. This program and the accompanying materials\n+ * are made available under the terms of the Eclipse Public License v1.0\n+ * which accompanies this distribution, and is available at\n+ * http://www.eclipse.org/legal/epl-v10.html\n+ *\n+ * Contributors:\n+ *   Codenvy, S.A. - initial API and implementation\n+ *******************************************************************************/\n+package org.eclipse.che.plugin.cpp.ide.action;\n+\n+import org.eclipse.che.commons.annotation.Nullable;\n+import org.eclipse.che.ide.api.action.ActionEvent;\n+import org.eclipse.che.ide.api.app.AppContext;\n+import org.eclipse.che.ide.api.app.CurrentProject;\n+import org.eclipse.che.ide.api.selection.Selection;\n+import org.eclipse.che.ide.newresource.AbstractNewResourceAction;\n+import org.vectomatic.dom.svg.ui.SVGResource;\n+\n+import javax.validation.constraints.NotNull;\n+\n+import static org.eclipse.che.plugin.cpp.shared.Constants.CPP_PROJECT_TYPE_ID;\n+import static org.eclipse.che.plugin.cpp.shared.Constants.C_PROJECT_TYPE_ID;\n+\n+/**\n+ * Base class for ne C/C++ resource\n+ *\n+ * Show/hide action depend on project type\n+ *\n+ * @author Vitalii Parfonov\n+ */\n+public abstract class NewClikeResourceAction extends AbstractNewResourceAction  {\n+\n+    protected final AppContext appContext;\n+\n+    /**\n+     * Creates new action.\n+     *\n+     * @param title\n+     *         action's title\n+     * @param description\n+     *         action's description\n+     * @param svgIcon\n+     */\n+    public NewClikeResourceAction(String title, String description, @Nullable SVGResource svgIcon, AppContext appContext) {\n+        super(title, description, svgIcon);\n+        this.appContext = appContext;\n+    }\n+\n+    @Override\n+    public void updateInPerspective(@NotNull ActionEvent e) {\n+        CurrentProject project = appContext.getCurrentProject();\n+        if (project == null || !(CPP_PROJECT_TYPE_ID.equals(project.getRootProject().getType()) ||\n+                                 C_PROJECT_TYPE_ID.equals(project.getRootProject().getType()))) {\n+            e.getPresentation().setEnabledAndVisible(false);\n+            return;\n+        }\n+\n+        Selection<?> selection = projectExplorer.getSelection();\n+        if (selection == null) {\n+            e.getPresentation().setEnabledAndVisible(false);\n+            return;\n+        }\n+\n+        e.getPresentation().setEnabledAndVisible(true);\n+    }\n+}"},{"sha":"e2af0ba29392be800877490428b5205172b95fae","filename":"plugins/plugin-cpp/che-plugin-cpp-lang-ide/src/main/java/org/eclipse/che/plugin/cpp/ide/editor/CEditorProvider.java","status":"added","additions":61,"deletions":0,"changes":61,"blob_url":"https://github.com/eclipse/che/blob/02c683055a456041e19dc7f13fbda511a5ff345f/plugins/plugin-cpp/che-plugin-cpp-lang-ide/src/main/java/org/eclipse/che/plugin/cpp/ide/editor/CEditorProvider.java","raw_url":"https://github.com/eclipse/che/raw/02c683055a456041e19dc7f13fbda511a5ff345f/plugins/plugin-cpp/che-plugin-cpp-lang-ide/src/main/java/org/eclipse/che/plugin/cpp/ide/editor/CEditorProvider.java","contents_url":"https://api.github.com/repos/eclipse/che/contents/plugins/plugin-cpp/che-plugin-cpp-lang-ide/src/main/java/org/eclipse/che/plugin/cpp/ide/editor/CEditorProvider.java?ref=02c683055a456041e19dc7f13fbda511a5ff345f","patch":"@@ -0,0 +1,61 @@\n+/*******************************************************************************\n+ * Copyright (c) 2012-2016 Codenvy, S.A.\n+ * All rights reserved. This program and the accompanying materials\n+ * are made available under the terms of the Eclipse Public License v1.0\n+ * which accompanies this distribution, and is available at\n+ * http://www.eclipse.org/legal/epl-v10.html\n+ *\n+ * Contributors:\n+ *   Codenvy, S.A. - initial API and implementation\n+ *******************************************************************************/\n+package org.eclipse.che.plugin.cpp.ide.editor;\n+\n+import org.eclipse.che.ide.api.editor.EditorPartPresenter;\n+import org.eclipse.che.ide.api.editor.EditorProvider;\n+import org.eclipse.che.ide.api.notification.NotificationManager;\n+import org.eclipse.che.ide.jseditor.client.defaulteditor.DefaultEditorProvider;\n+import org.eclipse.che.ide.jseditor.client.editorconfig.AutoSaveTextEditorConfiguration;\n+import org.eclipse.che.ide.jseditor.client.texteditor.EmbeddedTextEditorPresenter;\n+\n+import javax.inject.Inject;\n+\n+\n+/**\n+ * EditorProvider that provides a text editor configured for C source files.\n+ *\n+ * @author Vitalii Parfonov\n+ */\n+public class CEditorProvider implements EditorProvider {\n+\n+    private final DefaultEditorProvider editorProvider;\n+    private final NotificationManager   notificationManager;\n+\n+\n+    @Inject\n+    public CEditorProvider(final DefaultEditorProvider editorProvider,\n+                           final NotificationManager notificationManager) {\n+        this.editorProvider = editorProvider;\n+        this.notificationManager = notificationManager;\n+    }\n+\n+    @Override\n+    public String getId() {\n+        return \"CEditor\";\n+    }\n+\n+    @Override\n+    public String getDescription() {\n+        return \"C Editor\";\n+    }\n+\n+    @Override\n+    public EditorPartPresenter getEditor() {\n+        final EditorPartPresenter textEditor = editorProvider.getEditor();\n+        if (textEditor instanceof EmbeddedTextEditorPresenter) {\n+            final EmbeddedTextEditorPresenter<?> editor = (EmbeddedTextEditorPresenter<?>)textEditor;\n+            editor.initialize(new AutoSaveTextEditorConfiguration(), notificationManager);\n+        }\n+        return textEditor;\n+    }\n+\n+}"},{"sha":"2eb635209fd66cf0dc354c265d6ed5961689ae6a","filename":"plugins/plugin-cpp/che-plugin-cpp-lang-ide/src/main/java/org/eclipse/che/plugin/cpp/ide/editor/CppEditorProvider.java","status":"added","additions":41,"deletions":0,"changes":41,"blob_url":"https://github.com/eclipse/che/blob/02c683055a456041e19dc7f13fbda511a5ff345f/plugins/plugin-cpp/che-plugin-cpp-lang-ide/src/main/java/org/eclipse/che/plugin/cpp/ide/editor/CppEditorProvider.java","raw_url":"https://github.com/eclipse/che/raw/02c683055a456041e19dc7f13fbda511a5ff345f/plugins/plugin-cpp/che-plugin-cpp-lang-ide/src/main/java/org/eclipse/che/plugin/cpp/ide/editor/CppEditorProvider.java","contents_url":"https://api.github.com/repos/eclipse/che/contents/plugins/plugin-cpp/che-plugin-cpp-lang-ide/src/main/java/org/eclipse/che/plugin/cpp/ide/editor/CppEditorProvider.java?ref=02c683055a456041e19dc7f13fbda511a5ff345f","patch":"@@ -0,0 +1,41 @@\n+/*******************************************************************************\n+ * Copyright (c) 2012-2016 Codenvy, S.A.\n+ * All rights reserved. This program and the accompanying materials\n+ * are made available under the terms of the Eclipse Public License v1.0\n+ * which accompanies this distribution, and is available at\n+ * http://www.eclipse.org/legal/epl-v10.html\n+ *\n+ * Contributors:\n+ *   Codenvy, S.A. - initial API and implementation\n+ *******************************************************************************/\n+package org.eclipse.che.plugin.cpp.ide.editor;\n+\n+import org.eclipse.che.ide.api.notification.NotificationManager;\n+import org.eclipse.che.ide.jseditor.client.defaulteditor.DefaultEditorProvider;\n+\n+import javax.inject.Inject;\n+\n+\n+/**\n+ *  EditorProvider that provides a text editor configured for C++ source files.\n+ *\n+ *  @author Vitalii Parfonov\n+ */\n+public class CppEditorProvider extends CEditorProvider {\n+\n+    @Inject\n+    public CppEditorProvider(final DefaultEditorProvider editorProvider,\n+                             final NotificationManager notificationManager) {\n+        super(editorProvider, notificationManager);\n+    }\n+\n+    @Override\n+    public String getId() {\n+        return \"CppEditor\";\n+    }\n+\n+    @Override\n+    public String getDescription() {\n+        return \"C++ Editor\";\n+    }\n+}"},{"sha":"549d0b620cd73a31dfe7884badbb3691b94abc2f","filename":"plugins/plugin-cpp/che-plugin-cpp-lang-ide/src/main/java/org/eclipse/che/plugin/cpp/ide/inject/CppGinModule.java","status":"added","additions":65,"deletions":0,"changes":65,"blob_url":"https://github.com/eclipse/che/blob/02c683055a456041e19dc7f13fbda511a5ff345f/plugins/plugin-cpp/che-plugin-cpp-lang-ide/src/main/java/org/eclipse/che/plugin/cpp/ide/inject/CppGinModule.java","raw_url":"https://github.com/eclipse/che/raw/02c683055a456041e19dc7f13fbda511a5ff345f/plugins/plugin-cpp/che-plugin-cpp-lang-ide/src/main/java/org/eclipse/che/plugin/cpp/ide/inject/CppGinModule.java","contents_url":"https://api.github.com/repos/eclipse/che/contents/plugins/plugin-cpp/che-plugin-cpp-lang-ide/src/main/java/org/eclipse/che/plugin/cpp/ide/inject/CppGinModule.java?ref=02c683055a456041e19dc7f13fbda511a5ff345f","patch":"@@ -0,0 +1,65 @@\n+/*******************************************************************************\n+ * Copyright (c) 2012-2016 Codenvy, S.A.\n+ * All rights reserved. This program and the accompanying materials\n+ * are made available under the terms of the Eclipse Public License v1.0\n+ * which accompanies this distribution, and is available at\n+ * http://www.eclipse.org/legal/epl-v10.html\n+ *\n+ * Contributors:\n+ *   Codenvy, S.A. - initial API and implementation\n+ *******************************************************************************/\n+package org.eclipse.che.plugin.cpp.ide.inject;\n+\n+import com.google.gwt.inject.client.AbstractGinModule;\n+import com.google.gwt.inject.client.multibindings.GinMultibinder;\n+import com.google.inject.Provides;\n+import com.google.inject.Singleton;\n+import com.google.inject.name.Named;\n+\n+import org.eclipse.che.ide.MimeType;\n+import org.eclipse.che.ide.api.extension.ExtensionGinModule;\n+import org.eclipse.che.ide.api.filetypes.FileType;\n+import org.eclipse.che.ide.api.project.type.wizard.ProjectWizardRegistrar;\n+import org.eclipse.che.plugin.cpp.ide.CppResources;\n+import org.eclipse.che.plugin.cpp.ide.project.CProjectWizardRegistrar;\n+import org.eclipse.che.plugin.cpp.ide.project.CppProjectWizardRegistrar;\n+\n+import static org.eclipse.che.plugin.cpp.shared.Constants.CPP_EXT;\n+import static org.eclipse.che.plugin.cpp.shared.Constants.C_EXT;\n+import static org.eclipse.che.plugin.cpp.shared.Constants.H_EXT;\n+\n+\n+/**\n+ * @author Vitalii Parfonov\n+ */\n+@ExtensionGinModule\n+public class CppGinModule extends AbstractGinModule {\n+\n+    /** {@inheritDoc} */\n+    @Override\n+    protected void configure() {\n+        GinMultibinder.newSetBinder(binder(), ProjectWizardRegistrar.class).addBinding().to(CppProjectWizardRegistrar.class);\n+        GinMultibinder.newSetBinder(binder(), ProjectWizardRegistrar.class).addBinding().to(CProjectWizardRegistrar.class);\n+    }\n+\n+    @Provides\n+    @Singleton\n+    @Named(\"CFileType\")\n+    protected FileType provideCFile() {\n+        return new FileType(\"C\", CppResources.INSTANCE.cFile(), MimeType.TEXT_C, C_EXT);\n+    }\n+\n+    @Provides\n+    @Singleton\n+    @Named(\"CppFileType\")\n+    protected FileType provideCppFile() {\n+        return new FileType(\"C++\", CppResources.INSTANCE.cppFile(), MimeType.TEXT_CPP, CPP_EXT);\n+    }\n+\n+    @Provides\n+    @Singleton\n+    @Named(\"HFileType\")\n+    protected FileType provideHeaderFile() {\n+        return new FileType(\"C Header\", CppResources.INSTANCE.cHeaderFile(), MimeType.TEXT_H, H_EXT);\n+    }\n+}"},{"sha":"045dd5dc6a72ad6a27d4363cdc07f7cd3521bbde","filename":"plugins/plugin-cpp/che-plugin-cpp-lang-ide/src/main/java/org/eclipse/che/plugin/cpp/ide/project/CProjectWizardRegistrar.java","status":"added","additions":54,"deletions":0,"changes":54,"blob_url":"https://github.com/eclipse/che/blob/02c683055a456041e19dc7f13fbda511a5ff345f/plugins/plugin-cpp/che-plugin-cpp-lang-ide/src/main/java/org/eclipse/che/plugin/cpp/ide/project/CProjectWizardRegistrar.java","raw_url":"https://github.com/eclipse/che/raw/02c683055a456041e19dc7f13fbda511a5ff345f/plugins/plugin-cpp/che-plugin-cpp-lang-ide/src/main/java/org/eclipse/che/plugin/cpp/ide/project/CProjectWizardRegistrar.java","contents_url":"https://api.github.com/repos/eclipse/che/contents/plugins/plugin-cpp/che-plugin-cpp-lang-ide/src/main/java/org/eclipse/che/plugin/cpp/ide/project/CProjectWizardRegistrar.java?ref=02c683055a456041e19dc7f13fbda511a5ff345f","patch":"@@ -0,0 +1,54 @@\n+/*******************************************************************************\n+ * Copyright (c) 2012-2016 Codenvy, S.A.\n+ * All rights reserved. This program and the accompanying materials\n+ * are made available under the terms of the Eclipse Public License v1.0\n+ * which accompanies this distribution, and is available at\n+ * http://www.eclipse.org/legal/epl-v10.html\n+ *\n+ * Contributors:\n+ *   Codenvy, S.A. - initial API and implementation\n+ *******************************************************************************/\n+package org.eclipse.che.plugin.cpp.ide.project;\n+\n+import com.google.inject.Provider;\n+import org.eclipse.che.api.workspace.shared.dto.ProjectConfigDto;\n+import org.eclipse.che.ide.api.project.type.wizard.ProjectWizardRegistrar;\n+import org.eclipse.che.ide.api.wizard.WizardPage;\n+import org.eclipse.che.plugin.cpp.ide.CppExtension;\n+\n+import javax.validation.constraints.NotNull;\n+import java.util.ArrayList;\n+import java.util.List;\n+\n+import static org.eclipse.che.plugin.cpp.shared.Constants.C_PROJECT_TYPE_ID;\n+\n+\n+/**\n+ * Provides information for registering C_PROJECT_TYPE_ID project type into project wizard.\n+ *\n+ * @author Vitalii Parfonov\n+ */\n+public class CProjectWizardRegistrar implements ProjectWizardRegistrar {\n+\n+\n+    private final List<Provider<? extends WizardPage<ProjectConfigDto>>> wizardPages;\n+\n+    public CProjectWizardRegistrar() {\n+        wizardPages = new ArrayList<>();\n+    }\n+\n+    @NotNull\n+    public String getProjectTypeId() {\n+        return C_PROJECT_TYPE_ID;\n+    }\n+\n+    @NotNull\n+    public String getCategory() {\n+        return CppExtension.C_CATEGORY;\n+    }\n+\n+    @NotNull\n+    public List<Provider<? extends WizardPage<ProjectConfigDto>>> getWizardPages() {\n+        return wizardPages;\n+    }\n+}"},{"sha":"042e5e07450d04b99ad35ed989d81784f1b0aa2c","filename":"plugins/plugin-cpp/che-plugin-cpp-lang-ide/src/main/java/org/eclipse/che/plugin/cpp/ide/project/CppProjectWizardRegistrar.java","status":"added","additions":54,"deletions":0,"changes":54,"blob_url":"https://github.com/eclipse/che/blob/02c683055a456041e19dc7f13fbda511a5ff345f/plugins/plugin-cpp/che-plugin-cpp-lang-ide/src/main/java/org/eclipse/che/plugin/cpp/ide/project/CppProjectWizardRegistrar.java","raw_url":"https://github.com/eclipse/che/raw/02c683055a456041e19dc7f13fbda511a5ff345f/plugins/plugin-cpp/che-plugin-cpp-lang-ide/src/main/java/org/eclipse/che/plugin/cpp/ide/project/CppProjectWizardRegistrar.java","contents_url":"https://api.github.com/repos/eclipse/che/contents/plugins/plugin-cpp/che-plugin-cpp-lang-ide/src/main/java/org/eclipse/che/plugin/cpp/ide/project/CppProjectWizardRegistrar.java?ref=02c683055a456041e19dc7f13fbda511a5ff345f","patch":"@@ -0,0 +1,54 @@\n+/*******************************************************************************\n+ * Copyright (c) 2012-2016 Codenvy, S.A.\n+ * All rights reserved. This program and the accompanying materials\n+ * are made available under the terms of the Eclipse Public License v1.0\n+ * which accompanies this distribution, and is available at\n+ * http://www.eclipse.org/legal/epl-v10.html\n+ *\n+ * Contributors:\n+ *   Codenvy, S.A. - initial API and implementation\n+ *******************************************************************************/\n+package org.eclipse.che.plugin.cpp.ide.project;\n+\n+import com.google.inject.Provider;\n+\n+import org.eclipse.che.api.workspace.shared.dto.ProjectConfigDto;\n+import org.eclipse.che.ide.api.project.type.wizard.ProjectWizardRegistrar;\n+import org.eclipse.che.ide.api.wizard.WizardPage;\n+import org.eclipse.che.plugin.cpp.ide.CppExtension;\n+\n+import javax.validation.constraints.NotNull;\n+import java.util.ArrayList;\n+import java.util.List;\n+\n+import static org.eclipse.che.plugin.cpp.shared.Constants.CPP_PROJECT_TYPE_ID;\n+\n+\n+/**\n+ * Provides information for registering C_PROJECT_TYPE_ID++ project type into project wizard.\n+ *\n+ * @author Vitalii Parfonov\n+ */\n+public class CppProjectWizardRegistrar implements ProjectWizardRegistrar {\n+\n+    private final List<Provider<? extends WizardPage<ProjectConfigDto>>> wizardPages;\n+\n+    public CppProjectWizardRegistrar() {\n+        wizardPages = new ArrayList<>();\n+    }\n+\n+    @NotNull\n+    public String getProjectTypeId() {\n+        return CPP_PROJECT_TYPE_ID;\n+    }\n+\n+    @NotNull\n+    public String getCategory() {\n+        return CppExtension.C_CATEGORY;\n+    }\n+\n+    @NotNull\n+    public List<Provider<? extends WizardPage<ProjectConfigDto>>> getWizardPages() {\n+        return wizardPages;\n+    }\n+}"},{"sha":"ebabb50146c5c36aefab51affcbf038ebc389027","filename":"plugins/plugin-cpp/che-plugin-cpp-lang-ide/src/main/resources/org/eclipse/che/plugin/cpp/Cpp.gwt.xml","status":"added","additions":29,"deletions":0,"changes":29,"blob_url":"https://github.com/eclipse/che/blob/02c683055a456041e19dc7f13fbda511a5ff345f/plugins/plugin-cpp/che-plugin-cpp-lang-ide/src/main/resources/org/eclipse/che/plugin/cpp/Cpp.gwt.xml","raw_url":"https://github.com/eclipse/che/raw/02c683055a456041e19dc7f13fbda511a5ff345f/plugins/plugin-cpp/che-plugin-cpp-lang-ide/src/main/resources/org/eclipse/che/plugin/cpp/Cpp.gwt.xml","contents_url":"https://api.github.com/repos/eclipse/che/contents/plugins/plugin-cpp/che-plugin-cpp-lang-ide/src/main/resources/org/eclipse/che/plugin/cpp/Cpp.gwt.xml?ref=02c683055a456041e19dc7f13fbda511a5ff345f","patch":"@@ -0,0 +1,29 @@\n+<?xml version=\"1.0\" encoding=\"UTF-8\"?>\n+<!--\n+\n+    Copyright (c) 2012-2016 Codenvy, S.A.\n+    All rights reserved. This program and the accompanying materials\n+    are made available under the terms of the Eclipse Public License v1.0\n+    which accompanies this distribution, and is available at\n+    http://www.eclipse.org/legal/epl-v10.html\n+\n+    Contributors:\n+      Codenvy, S.A. - initial API and implementation\n+\n+-->\n+<!DOCTYPE module PUBLIC \"-//Google Inc.//DTD Google Web Toolkit 2.7.0//EN\" \"http://gwtproject.org/doctype/2.7.0/gwt-module.dtd\">\n+<module>\n+    <inherits name=\"com.google.gwt.user.User\"/>\n+    <inherits name=\"com.google.gwt.http.HTTP\"/>\n+    <inherits name=\"com.google.gwt.i18n.I18N\"/>\n+    <inherits name=\"com.google.gwt.json.JSON\"/>\n+    <inherits name='org.eclipse.che.ide.Api'/>\n+    <inherits name='org.eclipse.che.ide.ui.CodenvyUI'/>\n+    <inherits name=\"com.google.gwt.inject.Inject\"/>\n+    <inherits name=\"org.eclipse.che.api.Project\"/>\n+    <inherits name=\"org.eclipse.che.ide.Core\"/>\n+    <inherits name=\"org.eclipse.che.ide.jseditor.JsEditor\"/>\n+\n+    <source path=\"ide\"/>\n+    <source path=\"shared\"/>\n+</module>"},{"sha":"0b073df26da8f09c959f1d7efce1635dd7b816e4","filename":"plugins/plugin-cpp/che-plugin-cpp-lang-ide/src/main/resources/org/eclipse/che/plugin/cpp/ide/CppLocalizationConstant.properties","status":"added","additions":12,"deletions":0,"changes":12,"blob_url":"https://github.com/eclipse/che/blob/02c683055a456041e19dc7f13fbda511a5ff345f/plugins/plugin-cpp/che-plugin-cpp-lang-ide/src/main/resources/org/eclipse/che/plugin/cpp/ide/CppLocalizationConstant.properties","raw_url":"https://github.com/eclipse/che/raw/02c683055a456041e19dc7f13fbda511a5ff345f/plugins/plugin-cpp/che-plugin-cpp-lang-ide/src/main/resources/org/eclipse/che/plugin/cpp/ide/CppLocalizationConstant.properties","contents_url":"https://api.github.com/repos/eclipse/che/contents/plugins/plugin-cpp/che-plugin-cpp-lang-ide/src/main/resources/org/eclipse/che/plugin/cpp/ide/CppLocalizationConstant.properties?ref=02c683055a456041e19dc7f13fbda511a5ff345f","patch":"@@ -0,0 +1,12 @@\n+#\n+# Copyright (c) 2012-2016 Codenvy, S.A.\n+# All rights reserved. This program and the accompanying materials\n+# are made available under the terms of the Eclipse Public License v1.0\n+# which accompanies this distribution, and is available at\n+# http://www.eclipse.org/legal/epl-v10.html\n+#\n+# Contributors:\n+#   Codenvy, S.A. - initial API and implementation\n+#\n+\n+#"},{"sha":"64d8186a3ee903c671fd4520ee8f854a26834818","filename":"plugins/plugin-cpp/che-plugin-cpp-lang-ide/src/main/resources/org/eclipse/che/plugin/cpp/ide/svg/c_file.svg","status":"added","additions":31,"deletions":0,"changes":31,"blob_url":"https://github.com/eclipse/che/blob/02c683055a456041e19dc7f13fbda511a5ff345f/plugins/plugin-cpp/che-plugin-cpp-lang-ide/src/main/resources/org/eclipse/che/plugin/cpp/ide/svg/c_file.svg","raw_url":"https://github.com/eclipse/che/raw/02c683055a456041e19dc7f13fbda511a5ff345f/plugins/plugin-cpp/che-plugin-cpp-lang-ide/src/main/resources/org/eclipse/che/plugin/cpp/ide/svg/c_file.svg","contents_url":"https://api.github.com/repos/eclipse/che/contents/plugins/plugin-cpp/che-plugin-cpp-lang-ide/src/main/resources/org/eclipse/che/plugin/cpp/ide/svg/c_file.svg?ref=02c683055a456041e19dc7f13fbda511a5ff345f","patch":"@@ -0,0 +1,31 @@\n+<?xml version=\"1.0\" encoding=\"utf-8\"?>\n+<!--\n+\n+    Copyright (c) 2012-2016 Codenvy, S.A.\n+    All rights reserved. This program and the accompanying materials\n+    are made available under the terms of the Eclipse Public License v1.0\n+    which accompanies this distribution, and is available at\n+    http://www.eclipse.org/legal/epl-v10.html\n+\n+    Contributors:\n+      Codenvy, S.A. - initial API and implementation\n+\n+-->\n+<!DOCTYPE svg PUBLIC \"-//W3C//DTD SVG 1.1//EN\" \"http://www.w3.org/Graphics/SVG/1.1/DTD/svg11.dtd\">\n+<svg version=\"1.1\" xmlns=\"http://www.w3.org/2000/svg\" xmlns:xlink=\"http://www.w3.org/1999/xlink\" x=\"0px\" y=\"0px\" width=\"32px\"\n+\t height=\"32px\" viewBox=\"0 0 32 32\" enable-background=\"new 0 0 32 32\" xml:space=\"preserve\">\n+<g id=\"C_x2B__x2B__file\">\n+\t<path fill-rule=\"evenodd\" clip-rule=\"evenodd\" fill=\"#9A5CFF\" d=\"M11.053,10.436c1.535-0.996,3.494-1.295,5.26-0.823\n+\t\tc1.685,0.44,3.187,1.569,4.047,3.087c-0.95,0.557-1.904,1.106-2.859,1.652c-0.486-0.769-1.252-1.368-2.148-1.563\n+\t\tc-1.236-0.3-2.609,0.214-3.362,1.234c-0.8,1.024-0.884,2.529-0.213,3.641c0.5,0.849,1.391,1.456,2.368,1.594\n+\t\tc1.307,0.211,2.687-0.47,3.342-1.615c0.963,0.546,1.92,1.1,2.875,1.659c-0.857,1.501-2.336,2.628-4.005,3.074\n+\t\tc-1.676,0.459-3.531,0.226-5.035-0.647c-1-0.575-1.847-1.415-2.426-2.413c-0.854-1.443-1.106-3.219-0.716-4.848\n+\t\tC8.567,12.819,9.624,11.343,11.053,10.436L11.053,10.436z M22.516,14.894c0.252,0,0.504,0,0.755,0c0.001,0.243,0.001,0.486,0,0.729\n+\t\tc0.243,0,0.487,0,0.73,0c-0.001,0.252-0.001,0.504,0,0.756c-0.243,0-0.487,0-0.73,0c0.001,0.243,0.001,0.486,0,0.728\n+\t\tc-0.251,0.001-0.503,0.001-0.755,0c0-0.242,0-0.485,0-0.728c-0.243,0-0.486,0-0.729,0c-0.001-0.252-0.001-0.504,0-0.756\n+\t\tc0.242,0,0.485,0,0.729,0C22.516,15.38,22.516,15.137,22.516,14.894L22.516,14.894z M19.762,14.894c0,0.243,0,0.486,0,0.729\n+\t\tc-0.243,0-0.486,0-0.729,0c-0.001,0.252-0.001,0.504,0,0.756c0.242,0,0.485,0,0.729,0c0,0.243,0,0.486,0,0.728\n+\t\tc0.247,0.001,0.494,0.001,0.742,0c0-0.242,0-0.485,0-0.728c0.248,0,0.495,0,0.743,0c-0.001-0.252-0.001-0.504,0-0.756\n+\t\tc-0.248,0-0.495,0-0.743,0c0-0.243,0-0.486,0-0.729C20.256,14.894,20.009,14.893,19.762,14.894z\"/>\n+</g>\n+</svg>"},{"sha":"ccce47a87072d59d0a8e1a69298becaa6d055a05","filename":"plugins/plugin-cpp/che-plugin-cpp-lang-ide/src/main/resources/org/eclipse/che/plugin/cpp/ide/svg/c_header_file.svg","status":"added","additions":29,"deletions":0,"changes":29,"blob_url":"https://github.com/eclipse/che/blob/02c683055a456041e19dc7f13fbda511a5ff345f/plugins/plugin-cpp/che-plugin-cpp-lang-ide/src/main/resources/org/eclipse/che/plugin/cpp/ide/svg/c_header_file.svg","raw_url":"https://github.com/eclipse/che/raw/02c683055a456041e19dc7f13fbda511a5ff345f/plugins/plugin-cpp/che-plugin-cpp-lang-ide/src/main/resources/org/eclipse/che/plugin/cpp/ide/svg/c_header_file.svg","contents_url":"https://api.github.com/repos/eclipse/che/contents/plugins/plugin-cpp/che-plugin-cpp-lang-ide/src/main/resources/org/eclipse/che/plugin/cpp/ide/svg/c_header_file.svg?ref=02c683055a456041e19dc7f13fbda511a5ff345f","patch":"@@ -0,0 +1,29 @@\n+<?xml version=\"1.0\" encoding=\"utf-8\"?>\n+<!--\n+\n+    Copyright (c) 2012-2016 Codenvy, S.A.\n+    All rights reserved. This program and the accompanying materials\n+    are made available under the terms of the Eclipse Public License v1.0\n+    which accompanies this distribution, and is available at\n+    http://www.eclipse.org/legal/epl-v10.html\n+\n+    Contributors:\n+      Codenvy, S.A. - initial API and implementation\n+\n+-->\n+<!DOCTYPE svg PUBLIC \"-//W3C//DTD SVG 1.1//EN\" \"http://www.w3.org/Graphics/SVG/1.1/DTD/svg11.dtd\">\n+<svg version=\"1.1\" xmlns=\"http://www.w3.org/2000/svg\" xmlns:xlink=\"http://www.w3.org/1999/xlink\" x=\"0px\" y=\"0px\"\n+\t width=\"32.001px\" height=\"32px\" viewBox=\"0 0 32.001 32\" enable-background=\"new 0 0 32.001 32\" xml:space=\"preserve\">\n+<g id=\"C_header_file\">\n+\t<g>\n+\t\t<g>\n+\t\t\t<path fill-rule=\"evenodd\" clip-rule=\"evenodd\" fill=\"#E0B91D\" d=\"M23.751,16H8.25c-0.137,0-0.249,0.113-0.249,0.25v7.501\n+\t\t\t\tC8.001,23.888,8.113,24,8.25,24h15.501c0.138,0,0.25-0.112,0.25-0.249V16.25C24.001,16.112,23.887,16,23.751,16z\"/>\n+\t\t\t<text transform=\"matrix(1 0 0 1 15.2168 22.25)\" fill=\"#4D4D4D\" font-family=\"'Roboto-Black'\" font-size=\"4.5927\">h</text>\n+\t\t</g>\n+\t\t<path fill-rule=\"evenodd\" clip-rule=\"evenodd\" fill=\"#4D4D4D\" d=\"M9.251,8h9.667c0.068,0,0.128,0.025,0.177,0.074l3.834,3.853\n+\t\t\tc0.048,0.048,0.072,0.108,0.072,0.176V15h-2v-2.172h-2.578c-0.138,0-0.25-0.112-0.25-0.25V10l-7.172,0v5h-2V8.25\n+\t\t\tC9.001,8.112,9.113,8,9.251,8z\"/>\n+\t</g>\n+</g>\n+</svg>"},{"sha":"64d8186a3ee903c671fd4520ee8f854a26834818","filename":"plugins/plugin-cpp/che-plugin-cpp-lang-ide/src/main/resources/org/eclipse/che/plugin/cpp/ide/svg/category.svg","status":"added","additions":31,"deletions":0,"changes":31,"blob_url":"https://github.com/eclipse/che/blob/02c683055a456041e19dc7f13fbda511a5ff345f/plugins/plugin-cpp/che-plugin-cpp-lang-ide/src/main/resources/org/eclipse/che/plugin/cpp/ide/svg/category.svg","raw_url":"https://github.com/eclipse/che/raw/02c683055a456041e19dc7f13fbda511a5ff345f/plugins/plugin-cpp/che-plugin-cpp-lang-ide/src/main/resources/org/eclipse/che/plugin/cpp/ide/svg/category.svg","contents_url":"https://api.github.com/repos/eclipse/che/contents/plugins/plugin-cpp/che-plugin-cpp-lang-ide/src/main/resources/org/eclipse/che/plugin/cpp/ide/svg/category.svg?ref=02c683055a456041e19dc7f13fbda511a5ff345f","patch":"@@ -0,0 +1,31 @@\n+<?xml version=\"1.0\" encoding=\"utf-8\"?>\n+<!--\n+\n+    Copyright (c) 2012-2016 Codenvy, S.A.\n+    All rights reserved. This program and the accompanying materials\n+    are made available under the terms of the Eclipse Public License v1.0\n+    which accompanies this distribution, and is available at\n+    http://www.eclipse.org/legal/epl-v10.html\n+\n+    Contributors:\n+      Codenvy, S.A. - initial API and implementation\n+\n+-->\n+<!DOCTYPE svg PUBLIC \"-//W3C//DTD SVG 1.1//EN\" \"http://www.w3.org/Graphics/SVG/1.1/DTD/svg11.dtd\">\n+<svg version=\"1.1\" xmlns=\"http://www.w3.org/2000/svg\" xmlns:xlink=\"http://www.w3.org/1999/xlink\" x=\"0px\" y=\"0px\" width=\"32px\"\n+\t height=\"32px\" viewBox=\"0 0 32 32\" enable-background=\"new 0 0 32 32\" xml:space=\"preserve\">\n+<g id=\"C_x2B__x2B__file\">\n+\t<path fill-rule=\"evenodd\" clip-rule=\"evenodd\" fill=\"#9A5CFF\" d=\"M11.053,10.436c1.535-0.996,3.494-1.295,5.26-0.823\n+\t\tc1.685,0.44,3.187,1.569,4.047,3.087c-0.95,0.557-1.904,1.106-2.859,1.652c-0.486-0.769-1.252-1.368-2.148-1.563\n+\t\tc-1.236-0.3-2.609,0.214-3.362,1.234c-0.8,1.024-0.884,2.529-0.213,3.641c0.5,0.849,1.391,1.456,2.368,1.594\n+\t\tc1.307,0.211,2.687-0.47,3.342-1.615c0.963,0.546,1.92,1.1,2.875,1.659c-0.857,1.501-2.336,2.628-4.005,3.074\n+\t\tc-1.676,0.459-3.531,0.226-5.035-0.647c-1-0.575-1.847-1.415-2.426-2.413c-0.854-1.443-1.106-3.219-0.716-4.848\n+\t\tC8.567,12.819,9.624,11.343,11.053,10.436L11.053,10.436z M22.516,14.894c0.252,0,0.504,0,0.755,0c0.001,0.243,0.001,0.486,0,0.729\n+\t\tc0.243,0,0.487,0,0.73,0c-0.001,0.252-0.001,0.504,0,0.756c-0.243,0-0.487,0-0.73,0c0.001,0.243,0.001,0.486,0,0.728\n+\t\tc-0.251,0.001-0.503,0.001-0.755,0c0-0.242,0-0.485,0-0.728c-0.243,0-0.486,0-0.729,0c-0.001-0.252-0.001-0.504,0-0.756\n+\t\tc0.242,0,0.485,0,0.729,0C22.516,15.38,22.516,15.137,22.516,14.894L22.516,14.894z M19.762,14.894c0,0.243,0,0.486,0,0.729\n+\t\tc-0.243,0-0.486,0-0.729,0c-0.001,0.252-0.001,0.504,0,0.756c0.242,0,0.485,0,0.729,0c0,0.243,0,0.486,0,0.728\n+\t\tc0.247,0.001,0.494,0.001,0.742,0c0-0.242,0-0.485,0-0.728c0.248,0,0.495,0,0.743,0c-0.001-0.252-0.001-0.504,0-0.756\n+\t\tc-0.248,0-0.495,0-0.743,0c0-0.243,0-0.486,0-0.729C20.256,14.894,20.009,14.893,19.762,14.894z\"/>\n+</g>\n+</svg>"},{"sha":"64d8186a3ee903c671fd4520ee8f854a26834818","filename":"plugins/plugin-cpp/che-plugin-cpp-lang-ide/src/main/resources/org/eclipse/che/plugin/cpp/ide/svg/cpp_file.svg","status":"added","additions":31,"deletions":0,"changes":31,"blob_url":"https://github.com/eclipse/che/blob/02c683055a456041e19dc7f13fbda511a5ff345f/plugins/plugin-cpp/che-plugin-cpp-lang-ide/src/main/resources/org/eclipse/che/plugin/cpp/ide/svg/cpp_file.svg","raw_url":"https://github.com/eclipse/che/raw/02c683055a456041e19dc7f13fbda511a5ff345f/plugins/plugin-cpp/che-plugin-cpp-lang-ide/src/main/resources/org/eclipse/che/plugin/cpp/ide/svg/cpp_file.svg","contents_url":"https://api.github.com/repos/eclipse/che/contents/plugins/plugin-cpp/che-plugin-cpp-lang-ide/src/main/resources/org/eclipse/che/plugin/cpp/ide/svg/cpp_file.svg?ref=02c683055a456041e19dc7f13fbda511a5ff345f","patch":"@@ -0,0 +1,31 @@\n+<?xml version=\"1.0\" encoding=\"utf-8\"?>\n+<!--\n+\n+    Copyright (c) 2012-2016 Codenvy, S.A.\n+    All rights reserved. This program and the accompanying materials\n+    are made available under the terms of the Eclipse Public License v1.0\n+    which accompanies this distribution, and is available at\n+    http://www.eclipse.org/legal/epl-v10.html\n+\n+    Contributors:\n+      Codenvy, S.A. - initial API and implementation\n+\n+-->\n+<!DOCTYPE svg PUBLIC \"-//W3C//DTD SVG 1.1//EN\" \"http://www.w3.org/Graphics/SVG/1.1/DTD/svg11.dtd\">\n+<svg version=\"1.1\" xmlns=\"http://www.w3.org/2000/svg\" xmlns:xlink=\"http://www.w3.org/1999/xlink\" x=\"0px\" y=\"0px\" width=\"32px\"\n+\t height=\"32px\" viewBox=\"0 0 32 32\" enable-background=\"new 0 0 32 32\" xml:space=\"preserve\">\n+<g id=\"C_x2B__x2B__file\">\n+\t<path fill-rule=\"evenodd\" clip-rule=\"evenodd\" fill=\"#9A5CFF\" d=\"M11.053,10.436c1.535-0.996,3.494-1.295,5.26-0.823\n+\t\tc1.685,0.44,3.187,1.569,4.047,3.087c-0.95,0.557-1.904,1.106-2.859,1.652c-0.486-0.769-1.252-1.368-2.148-1.563\n+\t\tc-1.236-0.3-2.609,0.214-3.362,1.234c-0.8,1.024-0.884,2.529-0.213,3.641c0.5,0.849,1.391,1.456,2.368,1.594\n+\t\tc1.307,0.211,2.687-0.47,3.342-1.615c0.963,0.546,1.92,1.1,2.875,1.659c-0.857,1.501-2.336,2.628-4.005,3.074\n+\t\tc-1.676,0.459-3.531,0.226-5.035-0.647c-1-0.575-1.847-1.415-2.426-2.413c-0.854-1.443-1.106-3.219-0.716-4.848\n+\t\tC8.567,12.819,9.624,11.343,11.053,10.436L11.053,10.436z M22.516,14.894c0.252,0,0.504,0,0.755,0c0.001,0.243,0.001,0.486,0,0.729\n+\t\tc0.243,0,0.487,0,0.73,0c-0.001,0.252-0.001,0.504,0,0.756c-0.243,0-0.487,0-0.73,0c0.001,0.243,0.001,0.486,0,0.728\n+\t\tc-0.251,0.001-0.503,0.001-0.755,0c0-0.242,0-0.485,0-0.728c-0.243,0-0.486,0-0.729,0c-0.001-0.252-0.001-0.504,0-0.756\n+\t\tc0.242,0,0.485,0,0.729,0C22.516,15.38,22.516,15.137,22.516,14.894L22.516,14.894z M19.762,14.894c0,0.243,0,0.486,0,0.729\n+\t\tc-0.243,0-0.486,0-0.729,0c-0.001,0.252-0.001,0.504,0,0.756c0.242,0,0.485,0,0.729,0c0,0.243,0,0.486,0,0.728\n+\t\tc0.247,0.001,0.494,0.001,0.742,0c0-0.242,0-0.485,0-0.728c0.248,0,0.495,0,0.743,0c-0.001-0.252-0.001-0.504,0-0.756\n+\t\tc-0.248,0-0.495,0-0.743,0c0-0.243,0-0.486,0-0.729C20.256,14.894,20.009,14.893,19.762,14.894z\"/>\n+</g>\n+</svg>"},{"sha":"6503ec00ce4c9901c78633639df9786990696ce7","filename":"plugins/plugin-cpp/che-plugin-cpp-lang-server/pom.xml","status":"added","additions":48,"deletions":0,"changes":48,"blob_url":"https://github.com/eclipse/che/blob/02c683055a456041e19dc7f13fbda511a5ff345f/plugins/plugin-cpp/che-plugin-cpp-lang-server/pom.xml","raw_url":"https://github.com/eclipse/che/raw/02c683055a456041e19dc7f13fbda511a5ff345f/plugins/plugin-cpp/che-plugin-cpp-lang-server/pom.xml","contents_url":"https://api.github.com/repos/eclipse/che/contents/plugins/plugin-cpp/che-plugin-cpp-lang-server/pom.xml?ref=02c683055a456041e19dc7f13fbda511a5ff345f","patch":"@@ -0,0 +1,48 @@\n+<?xml version=\"1.0\" encoding=\"UTF-8\"?>\n+<!--\n+\n+    Copyright (c) 2012-2016 Codenvy, S.A.\n+    All rights reserved. This program and the accompanying materials\n+    are made available under the terms of the Eclipse Public License v1.0\n+    which accompanies this distribution, and is available at\n+    http://www.eclipse.org/legal/epl-v10.html\n+\n+    Contributors:\n+      Codenvy, S.A. - initial API and implementation\n+\n+-->\n+<project xmlns=\"http://maven.apache.org/POM/4.0.0\" xmlns:xsi=\"http://www.w3.org/2001/XMLSchema-instance\" xsi:schemaLocation=\"http://maven.apache.org/POM/4.0.0 http://maven.apache.org/xsd/maven-4.0.0.xsd\">\n+    <modelVersion>4.0.0</modelVersion>\n+    <parent>\n+        <artifactId>che-plugin-cpp-parent</artifactId>\n+        <groupId>org.eclipse.che.plugin</groupId>\n+        <version>4.1.0-RC1-SNAPSHOT</version>\n+    </parent>\n+    <artifactId>che-plugin-cpp-lang-server</artifactId>\n+    <name>Che Plugin :: C/C++ :: Extension Server</name>\n+    <properties>\n+        <findbugs.failonerror>false</findbugs.failonerror>\n+    </properties>\n+    <dependencies>\n+        <dependency>\n+            <groupId>com.google.inject</groupId>\n+            <artifactId>guice</artifactId>\n+        </dependency>\n+        <dependency>\n+            <groupId>com.google.inject.extensions</groupId>\n+            <artifactId>guice-multibindings</artifactId>\n+        </dependency>\n+        <dependency>\n+            <groupId>org.eclipse.che.core</groupId>\n+            <artifactId>che-core-api-project</artifactId>\n+        </dependency>\n+        <dependency>\n+            <groupId>org.eclipse.che.core</groupId>\n+            <artifactId>che-core-commons-inject</artifactId>\n+        </dependency>\n+        <dependency>\n+            <groupId>org.eclipse.che.plugin</groupId>\n+            <artifactId>che-plugin-cpp-lang-shared</artifactId>\n+        </dependency>\n+    </dependencies>\n+</project>"},{"sha":"86f4d928585f5a4d7f66e78e8128974eceebe3e5","filename":"plugins/plugin-cpp/che-plugin-cpp-lang-server/src/main/java/org/eclipse/che/plugin/cpp/inject/CppModule.java","status":"added","additions":31,"deletions":0,"changes":31,"blob_url":"https://github.com/eclipse/che/blob/02c683055a456041e19dc7f13fbda511a5ff345f/plugins/plugin-cpp/che-plugin-cpp-lang-server/src/main/java/org/eclipse/che/plugin/cpp/inject/CppModule.java","raw_url":"https://github.com/eclipse/che/raw/02c683055a456041e19dc7f13fbda511a5ff345f/plugins/plugin-cpp/che-plugin-cpp-lang-server/src/main/java/org/eclipse/che/plugin/cpp/inject/CppModule.java","contents_url":"https://api.github.com/repos/eclipse/che/contents/plugins/plugin-cpp/che-plugin-cpp-lang-server/src/main/java/org/eclipse/che/plugin/cpp/inject/CppModule.java?ref=02c683055a456041e19dc7f13fbda511a5ff345f","patch":"@@ -0,0 +1,31 @@\n+/*******************************************************************************\n+ * Copyright (c) 2012-2016 Codenvy, S.A.\n+ * All rights reserved. This program and the accompanying materials\n+ * are made available under the terms of the Eclipse Public License v1.0\n+ * which accompanies this distribution, and is available at\n+ * http://www.eclipse.org/legal/epl-v10.html\n+ *\n+ * Contributors:\n+ *   Codenvy, S.A. - initial API and implementation\n+ *******************************************************************************/\n+package org.eclipse.che.plugin.cpp.inject;\n+\n+import com.google.inject.AbstractModule;\n+import com.google.inject.multibindings.Multibinder;\n+import org.eclipse.che.api.project.server.type.ProjectTypeDef;\n+import org.eclipse.che.inject.DynaModule;\n+import org.eclipse.che.plugin.cpp.projecttype.CProjectType;\n+import org.eclipse.che.plugin.cpp.projecttype.CppProjectType;\n+\n+/**\n+ * @author Vitaly Parfonov\n+ */\n+@DynaModule\n+public class CppModule extends AbstractModule {\n+    @Override\n+    protected void configure() {\n+        Multibinder<ProjectTypeDef> projectTypeMultibinder = Multibinder.newSetBinder(binder(), ProjectTypeDef.class);\n+        projectTypeMultibinder.addBinding().to(CProjectType.class);\n+        projectTypeMultibinder.addBinding().to(CppProjectType.class);\n+    }\n+}"},{"sha":"6c960fad8a10a6399234a6cb1c7fc185c2736cb3","filename":"plugins/plugin-cpp/che-plugin-cpp-lang-server/src/main/java/org/eclipse/che/plugin/cpp/projecttype/CProjectType.java","status":"added","additions":31,"deletions":0,"changes":31,"blob_url":"https://github.com/eclipse/che/blob/02c683055a456041e19dc7f13fbda511a5ff345f/plugins/plugin-cpp/che-plugin-cpp-lang-server/src/main/java/org/eclipse/che/plugin/cpp/projecttype/CProjectType.java","raw_url":"https://github.com/eclipse/che/raw/02c683055a456041e19dc7f13fbda511a5ff345f/plugins/plugin-cpp/che-plugin-cpp-lang-server/src/main/java/org/eclipse/che/plugin/cpp/projecttype/CProjectType.java","contents_url":"https://api.github.com/repos/eclipse/che/contents/plugins/plugin-cpp/che-plugin-cpp-lang-server/src/main/java/org/eclipse/che/plugin/cpp/projecttype/CProjectType.java?ref=02c683055a456041e19dc7f13fbda511a5ff345f","patch":"@@ -0,0 +1,31 @@\n+/*******************************************************************************\n+ * Copyright (c) 2012-2016 Codenvy, S.A.\n+ * All rights reserved. This program and the accompanying materials\n+ * are made available under the terms of the Eclipse Public License v1.0\n+ * which accompanies this distribution, and is available at\n+ * http://www.eclipse.org/legal/epl-v10.html\n+ *\n+ * Contributors:\n+ *   Codenvy, S.A. - initial API and implementation\n+ *******************************************************************************/\n+package org.eclipse.che.plugin.cpp.projecttype;\n+\n+import com.google.inject.Inject;\n+import org.eclipse.che.api.project.server.type.ProjectTypeDef;\n+\n+import static org.eclipse.che.plugin.cpp.shared.Constants.C_LANG;\n+import static org.eclipse.che.plugin.cpp.shared.Constants.C_PROJECT_TYPE_ID;\n+import static org.eclipse.che.plugin.cpp.shared.Constants.LANGUAGE;\n+\n+\n+/**\n+ * C project type\n+ * @author Vitalii Parfonov\n+ */\n+public class CProjectType extends ProjectTypeDef {\n+    @Inject\n+    public CProjectType() {\n+        super(C_PROJECT_TYPE_ID, \"C\", true, false, true);\n+        addConstantDefinition(LANGUAGE, \"language\", C_LANG);\n+    }\n+}"},{"sha":"cf1a36d6306f780f7d460998e4e84f391076c58d","filename":"plugins/plugin-cpp/che-plugin-cpp-lang-server/src/main/java/org/eclipse/che/plugin/cpp/projecttype/CppProjectType.java","status":"added","additions":31,"deletions":0,"changes":31,"blob_url":"https://github.com/eclipse/che/blob/02c683055a456041e19dc7f13fbda511a5ff345f/plugins/plugin-cpp/che-plugin-cpp-lang-server/src/main/java/org/eclipse/che/plugin/cpp/projecttype/CppProjectType.java","raw_url":"https://github.com/eclipse/che/raw/02c683055a456041e19dc7f13fbda511a5ff345f/plugins/plugin-cpp/che-plugin-cpp-lang-server/src/main/java/org/eclipse/che/plugin/cpp/projecttype/CppProjectType.java","contents_url":"https://api.github.com/repos/eclipse/che/contents/plugins/plugin-cpp/che-plugin-cpp-lang-server/src/main/java/org/eclipse/che/plugin/cpp/projecttype/CppProjectType.java?ref=02c683055a456041e19dc7f13fbda511a5ff345f","patch":"@@ -0,0 +1,31 @@\n+/*******************************************************************************\n+ * Copyright (c) 2012-2016 Codenvy, S.A.\n+ * All rights reserved. This program and the accompanying materials\n+ * are made available under the terms of the Eclipse Public License v1.0\n+ * which accompanies this distribution, and is available at\n+ * http://www.eclipse.org/legal/epl-v10.html\n+ *\n+ * Contributors:\n+ *   Codenvy, S.A. - initial API and implementation\n+ *******************************************************************************/\n+package org.eclipse.che.plugin.cpp.projecttype;\n+\n+import com.google.inject.Inject;\n+\n+import org.eclipse.che.api.project.server.type.ProjectTypeDef;\n+\n+import static org.eclipse.che.plugin.cpp.shared.Constants.CPP_LANG;\n+import static org.eclipse.che.plugin.cpp.shared.Constants.CPP_PROJECT_TYPE_ID;\n+import static org.eclipse.che.plugin.cpp.shared.Constants.LANGUAGE;\n+\n+/**\n+ * C++ project type\n+ * @author Vitalii Parfonov\n+ */\n+public class CppProjectType extends ProjectTypeDef {\n+    @Inject\n+    public CppProjectType() {\n+        super(CPP_PROJECT_TYPE_ID, \"C++\", true, false, true);\n+        addConstantDefinition(LANGUAGE, \"language\", CPP_LANG);\n+    }\n+}"},{"sha":"b3d72ac835d0f01ccf90158cbcede5188e544089","filename":"plugins/plugin-cpp/che-plugin-cpp-lang-shared/pom.xml","status":"added","additions":40,"deletions":0,"changes":40,"blob_url":"https://github.com/eclipse/che/blob/02c683055a456041e19dc7f13fbda511a5ff345f/plugins/plugin-cpp/che-plugin-cpp-lang-shared/pom.xml","raw_url":"https://github.com/eclipse/che/raw/02c683055a456041e19dc7f13fbda511a5ff345f/plugins/plugin-cpp/che-plugin-cpp-lang-shared/pom.xml","contents_url":"https://api.github.com/repos/eclipse/che/contents/plugins/plugin-cpp/che-plugin-cpp-lang-shared/pom.xml?ref=02c683055a456041e19dc7f13fbda511a5ff345f","patch":"@@ -0,0 +1,40 @@\n+<?xml version=\"1.0\" encoding=\"UTF-8\"?>\n+<!--\n+\n+    Copyright (c) 2012-2016 Codenvy, S.A.\n+    All rights reserved. This program and the accompanying materials\n+    are made available under the terms of the Eclipse Public License v1.0\n+    which accompanies this distribution, and is available at\n+    http://www.eclipse.org/legal/epl-v10.html\n+\n+    Contributors:\n+      Codenvy, S.A. - initial API and implementation\n+\n+-->\n+<project xmlns=\"http://maven.apache.org/POM/4.0.0\" xmlns:xsi=\"http://www.w3.org/2001/XMLSchema-instance\" xsi:schemaLocation=\"http://maven.apache.org/POM/4.0.0 http://maven.apache.org/xsd/maven-4.0.0.xsd\">\n+    <modelVersion>4.0.0</modelVersion>\n+    <parent>\n+        <artifactId>che-plugin-cpp-parent</artifactId>\n+        <groupId>org.eclipse.che.plugin</groupId>\n+        <version>4.1.0-RC1-SNAPSHOT</version>\n+    </parent>\n+    <artifactId>che-plugin-cpp-lang-shared</artifactId>\n+    <name>Che Plugin :: C/C++ :: Shared</name>\n+    <dependencies>\n+        <dependency>\n+            <groupId>com.google.gwt</groupId>\n+            <artifactId>gwt-user</artifactId>\n+            <scope>provided</scope>\n+        </dependency>\n+    </dependencies>\n+    <build>\n+        <resources>\n+            <resource>\n+                <directory>src/main/java</directory>\n+            </resource>\n+            <resource>\n+                <directory>src/main/resources</directory>\n+            </resource>\n+        </resources>\n+    </build>\n+</project>"},{"sha":"997262531a35a70dc935a17b620a3559fec1467b","filename":"plugins/plugin-cpp/che-plugin-cpp-lang-shared/src/main/java/org/eclipse/che/plugin/cpp/shared/Constants.java","status":"added","additions":54,"deletions":0,"changes":54,"blob_url":"https://github.com/eclipse/che/blob/02c683055a456041e19dc7f13fbda511a5ff345f/plugins/plugin-cpp/che-plugin-cpp-lang-shared/src/main/java/org/eclipse/che/plugin/cpp/shared/Constants.java","raw_url":"https://github.com/eclipse/che/raw/02c683055a456041e19dc7f13fbda511a5ff345f/plugins/plugin-cpp/che-plugin-cpp-lang-shared/src/main/java/org/eclipse/che/plugin/cpp/shared/Constants.java","contents_url":"https://api.github.com/repos/eclipse/che/contents/plugins/plugin-cpp/che-plugin-cpp-lang-shared/src/main/java/org/eclipse/che/plugin/cpp/shared/Constants.java?ref=02c683055a456041e19dc7f13fbda511a5ff345f","patch":"@@ -0,0 +1,54 @@\n+/*******************************************************************************\n+ * Copyright (c) 2012-2016 Codenvy, S.A.\n+ * All rights reserved. This program and the accompanying materials\n+ * are made available under the terms of the Eclipse Public License v1.0\n+ * which accompanies this distribution, and is available at\n+ * http://www.eclipse.org/legal/epl-v10.html\n+ *\n+ * Contributors:\n+ *   Codenvy, S.A. - initial API and implementation\n+ *******************************************************************************/\n+package org.eclipse.che.plugin.cpp.shared;\n+\n+/** @author Vitalii Parfonov */\n+public final class Constants {\n+    /**\n+     * Language attribute name\n+     */\n+    public static String LANGUAGE            = \"language\";\n+    /**\n+     * C Project Type ID\n+     */\n+    public static String C_PROJECT_TYPE_ID   = \"c\";\n+    /**\n+     * C++ Project Type ID\n+     */\n+    public static String CPP_PROJECT_TYPE_ID = \"cpp\";\n+\n+    /**\n+     * C Language\n+     */\n+    public static String C_LANG   = \"c_lang\";\n+\n+    /**\n+     * C++ Language\n+     */\n+    public static String CPP_LANG = \"cpp_lang\";\n+\n+    /**\n+     * Default extension for C files\n+     */\n+    public static String C_EXT               = \"c\";\n+\n+    /**\n+     * Default extension for C Headers files\n+     */\n+    public static String H_EXT               = \"h\";\n+    /**\n+     * Default extension for C++ files\n+     */\n+    public static String CPP_EXT             = \"cpp\";\n+\n+    private Constants() {}\n+\n+}"},{"sha":"fbcbbe8be4830244feb7f04b636e5c12883f7864","filename":"plugins/plugin-cpp/pom.xml","status":"added","additions":41,"deletions":0,"changes":41,"blob_url":"https://github.com/eclipse/che/blob/02c683055a456041e19dc7f13fbda511a5ff345f/plugins/plugin-cpp/pom.xml","raw_url":"https://github.com/eclipse/che/raw/02c683055a456041e19dc7f13fbda511a5ff345f/plugins/plugin-cpp/pom.xml","contents_url":"https://api.github.com/repos/eclipse/che/contents/plugins/plugin-cpp/pom.xml?ref=02c683055a456041e19dc7f13fbda511a5ff345f","patch":"@@ -0,0 +1,41 @@\n+<?xml version=\"1.0\" encoding=\"UTF-8\"?>\n+<!--\n+\n+    Copyright (c) 2012-2016 Codenvy, S.A.\n+    All rights reserved. This program and the accompanying materials\n+    are made available under the terms of the Eclipse Public License v1.0\n+    which accompanies this distribution, and is available at\n+    http://www.eclipse.org/legal/epl-v10.html\n+\n+    Contributors:\n+      Codenvy, S.A. - initial API and implementation\n+\n+-->\n+<project xmlns=\"http://maven.apache.org/POM/4.0.0\" xmlns:xsi=\"http://www.w3.org/2001/XMLSchema-instance\" xsi:schemaLocation=\"http://maven.apache.org/POM/4.0.0 http://maven.apache.org/maven-v4_0_0.xsd\">\n+    <modelVersion>4.0.0</modelVersion>\n+    <parent>\n+        <artifactId>che-plugin-parent</artifactId>\n+        <groupId>org.eclipse.che.plugin</groupId>\n+        <version>4.1.0-RC1-SNAPSHOT</version>\n+        <relativePath>../pom.xml</relativePath>\n+    </parent>\n+    <artifactId>che-plugin-cpp-parent</artifactId>\n+    <packaging>pom</packaging>\n+    <name>Che Plugin :: C/C++ :: Parent</name>\n+    <modules>\n+        <module>che-plugin-cpp-lang-shared</module>\n+        <module>che-plugin-cpp-lang-server</module>\n+        <module>che-plugin-cpp-lang-ide</module>\n+    </modules>\n+    <build>\n+        <pluginManagement>\n+            <plugins>\n+                <plugin>\n+                    <groupId>org.eclipse.che.core</groupId>\n+                    <artifactId>che-core-api-dto-maven-plugin</artifactId>\n+                    <version>${project.version}</version>\n+                </plugin>\n+            </plugins>\n+        </pluginManagement>\n+    </build>\n+</project>"},{"sha":"a5f7ad099699f89bf0179e520729031454a56d41","filename":"plugins/plugin-orion/che-plugin-orion-editor/src/main/resources/org/eclipse/che/ide/editor/orion/client/orion-codenvy-theme.css","status":"modified","additions":3,"deletions":0,"changes":3,"blob_url":"https://github.com/eclipse/che/blob/02c683055a456041e19dc7f13fbda511a5ff345f/plugins/plugin-orion/che-plugin-orion-editor/src/main/resources/org/eclipse/che/ide/editor/orion/client/orion-codenvy-theme.css","raw_url":"https://github.com/eclipse/che/raw/02c683055a456041e19dc7f13fbda511a5ff345f/plugins/plugin-orion/che-plugin-orion-editor/src/main/resources/org/eclipse/che/ide/editor/orion/client/orion-codenvy-theme.css","contents_url":"https://api.github.com/repos/eclipse/che/contents/plugins/plugin-orion/che-plugin-orion-editor/src/main/resources/org/eclipse/che/ide/editor/orion/client/orion-codenvy-theme.css?ref=02c683055a456041e19dc7f13fbda511a5ff345f","patch":"@@ -271,6 +271,9 @@\n .orionCodenvy .meta.tag {\n     color: #e8bf55;\n }\n+.orionCodenvy .meta.preprocessor {\n+    color: #A4A4A4;\n+}\n .annotationHTML {\n     margin-left: 1px;\n }"},{"sha":"1eaad69b3eae83f5669c7f9307ae1cd536f06c44","filename":"plugins/plugin-orion/che-plugin-orion-editor/src/main/resources/org/eclipse/che/ide/editor/orion/public/built-codeEdit-10.0/code_edit/built-codeEdit.css","status":"modified","additions":4,"deletions":0,"changes":4,"blob_url":"https://github.com/eclipse/che/blob/02c683055a456041e19dc7f13fbda511a5ff345f/plugins/plugin-orion/che-plugin-orion-editor/src/main/resources/org/eclipse/che/ide/editor/orion/public/built-codeEdit-10.0/code_edit/built-codeEdit.css","raw_url":"https://github.com/eclipse/che/raw/02c683055a456041e19dc7f13fbda511a5ff345f/plugins/plugin-orion/che-plugin-orion-editor/src/main/resources/org/eclipse/che/ide/editor/orion/public/built-codeEdit-10.0/code_edit/built-codeEdit.css","contents_url":"https://api.github.com/repos/eclipse/che/contents/plugins/plugin-orion/che-plugin-orion-editor/src/main/resources/org/eclipse/che/ide/editor/orion/public/built-codeEdit-10.0/code_edit/built-codeEdit.css?ref=02c683055a456041e19dc7f13fbda511a5ff345f","patch":"@@ -401,6 +401,10 @@\n .meta.tag {\n \tcolor: #3f7f7f;\n }\n+.meta .preprocessor {\n+    color: #A4A4A4;\n+}\n+\n .punctuation-definition-comment {\n \tcolor: #3f5fbf;\n }"},{"sha":"d813f90afd7890aedeeaa0eafdf8d67e07cef376","filename":"plugins/pom.xml","status":"modified","additions":1,"deletions":0,"changes":1,"blob_url":"https://github.com/eclipse/che/blob/02c683055a456041e19dc7f13fbda511a5ff345f/plugins/pom.xml","raw_url":"https://github.com/eclipse/che/raw/02c683055a456041e19dc7f13fbda511a5ff345f/plugins/pom.xml","contents_url":"https://api.github.com/repos/eclipse/che/contents/plugins/pom.xml?ref=02c683055a456041e19dc7f13fbda511a5ff345f","patch":"@@ -38,5 +38,6 @@\n         <module>plugin-gwt</module>\n         <module>plugin-python</module>\n         <module>plugin-svn</module>\n+        <module>plugin-cpp</module>\n     </modules>\n </project>"},{"sha":"b3d1fa46ab24acdab5baa28e5eb4e78872a24811","filename":"pom.xml","status":"modified","additions":15,"deletions":0,"changes":15,"blob_url":"https://github.com/eclipse/che/blob/02c683055a456041e19dc7f13fbda511a5ff345f/pom.xml","raw_url":"https://github.com/eclipse/che/raw/02c683055a456041e19dc7f13fbda511a5ff345f/pom.xml","contents_url":"https://api.github.com/repos/eclipse/che/contents/pom.xml?ref=02c683055a456041e19dc7f13fbda511a5ff345f","patch":"@@ -309,6 +309,21 @@\n                 <artifactId>che-jdt-ext-machine</artifactId>\n                 <version>${project.version}</version>\n             </dependency>\n+            <dependency>\n+                <groupId>org.eclipse.che.plugin</groupId>\n+                <artifactId>che-plugin-cpp-lang-ide</artifactId>\n+                <version>${project.version}</version>\n+            </dependency>\n+            <dependency>\n+                <groupId>org.eclipse.che.plugin</groupId>\n+                <artifactId>che-plugin-cpp-lang-server</artifactId>\n+                <version>${project.version}</version>\n+            </dependency>\n+            <dependency>\n+                <groupId>org.eclipse.che.plugin</groupId>\n+                <artifactId>che-plugin-cpp-lang-shared</artifactId>\n+                <version>${project.version}</version>\n+            </dependency>\n             <dependency>\n                 <groupId>org.eclipse.che.plugin</groupId>\n                 <artifactId>che-plugin-docker-client</artifactId>"}]}
