{"sha":"02cb231ca8970da2fc7c4d116c54884736513289","commit":{"author":{"name":"Vladyslav Zhukovskii","email":"vzhukovskii@codenvy.com","date":"2017-03-10T07:18:16Z"},"committer":{"name":"GitHub","email":"noreply@github.com","date":"2017-03-10T07:18:16Z"},"message":"Don't create a snapshot if agent lost connection (#4325)\n\n* Don't create a snapshot if agent lost connection\r\n\r\nSigned-off-by: Vladyslav Zhukovskii <vzhukovskii@codenvy.com>\r\n\r\n* Delete redundant code\r\n\r\nSigned-off-by: Vladyslav Zhukovskii <vzhukovskii@codenvy.com>","tree":{"sha":"dd83d4ab1eca22b04d5acafd5569042dfc4c3994","url":"https://api.github.com/repos/eclipse/che/git/trees/dd83d4ab1eca22b04d5acafd5569042dfc4c3994"},"url":"https://api.github.com/repos/eclipse/che/git/commits/02cb231ca8970da2fc7c4d116c54884736513289","comment_count":0,"verification":{"verified":false,"reason":"unsigned","signature":null,"payload":null}},"url":"https://api.github.com/repos/eclipse/che/commits/02cb231ca8970da2fc7c4d116c54884736513289","html_url":"https://github.com/eclipse/che/commit/02cb231ca8970da2fc7c4d116c54884736513289","comments_url":"https://api.github.com/repos/eclipse/che/commits/02cb231ca8970da2fc7c4d116c54884736513289/comments","author":{"login":"vzhukovskii","id":1968177,"avatar_url":"https://avatars2.githubusercontent.com/u/1968177?v=4","gravatar_id":"","url":"https://api.github.com/users/vzhukovskii","html_url":"https://github.com/vzhukovskii","followers_url":"https://api.github.com/users/vzhukovskii/followers","following_url":"https://api.github.com/users/vzhukovskii/following{/other_user}","gists_url":"https://api.github.com/users/vzhukovskii/gists{/gist_id}","starred_url":"https://api.github.com/users/vzhukovskii/starred{/owner}{/repo}","subscriptions_url":"https://api.github.com/users/vzhukovskii/subscriptions","organizations_url":"https://api.github.com/users/vzhukovskii/orgs","repos_url":"https://api.github.com/users/vzhukovskii/repos","events_url":"https://api.github.com/users/vzhukovskii/events{/privacy}","received_events_url":"https://api.github.com/users/vzhukovskii/received_events","type":"User","site_admin":false},"committer":{"login":"web-flow","id":19864447,"avatar_url":"https://avatars3.githubusercontent.com/u/19864447?v=4","gravatar_id":"","url":"https://api.github.com/users/web-flow","html_url":"https://github.com/web-flow","followers_url":"https://api.github.com/users/web-flow/followers","following_url":"https://api.github.com/users/web-flow/following{/other_user}","gists_url":"https://api.github.com/users/web-flow/gists{/gist_id}","starred_url":"https://api.github.com/users/web-flow/starred{/owner}{/repo}","subscriptions_url":"https://api.github.com/users/web-flow/subscriptions","organizations_url":"https://api.github.com/users/web-flow/orgs","repos_url":"https://api.github.com/users/web-flow/repos","events_url":"https://api.github.com/users/web-flow/events{/privacy}","received_events_url":"https://api.github.com/users/web-flow/received_events","type":"User","site_admin":false},"parents":[{"sha":"3ca622a1d84638ef9b0246a9a59737d3e99c079f","url":"https://api.github.com/repos/eclipse/che/commits/3ca622a1d84638ef9b0246a9a59737d3e99c079f","html_url":"https://github.com/eclipse/che/commit/3ca622a1d84638ef9b0246a9a59737d3e99c079f"}],"stats":{"total":124,"additions":49,"deletions":75},"files":[{"sha":"bb6d99f2e549d2de6b99d9852d3c98fd17840c29","filename":"ide/che-core-ide-api/src/main/java/org/eclipse/che/ide/api/machine/WsAgentStateController.java","status":"modified","additions":24,"deletions":60,"changes":84,"blob_url":"https://github.com/eclipse/che/blob/02cb231ca8970da2fc7c4d116c54884736513289/ide/che-core-ide-api/src/main/java/org/eclipse/che/ide/api/machine/WsAgentStateController.java","raw_url":"https://github.com/eclipse/che/raw/02cb231ca8970da2fc7c4d116c54884736513289/ide/che-core-ide-api/src/main/java/org/eclipse/che/ide/api/machine/WsAgentStateController.java","contents_url":"https://api.github.com/repos/eclipse/che/contents/ide/che-core-ide-api/src/main/java/org/eclipse/che/ide/api/machine/WsAgentStateController.java?ref=02cb231ca8970da2fc7c4d116c54884736513289","patch":"@@ -10,9 +10,6 @@\n  *******************************************************************************/\n package org.eclipse.che.ide.api.machine;\n \n-import com.google.gwt.json.client.JSONArray;\n-import com.google.gwt.json.client.JSONObject;\n-import com.google.gwt.json.client.JSONParser;\n import com.google.gwt.user.client.Timer;\n import com.google.gwt.user.client.rpc.AsyncCallback;\n import com.google.inject.Inject;\n@@ -30,8 +27,6 @@\n import org.eclipse.che.ide.api.machine.events.WsAgentStateEvent;\n import org.eclipse.che.ide.api.workspace.WorkspaceServiceClient;\n import org.eclipse.che.ide.rest.AsyncRequestFactory;\n-import org.eclipse.che.ide.rest.RestServiceInfo;\n-import org.eclipse.che.ide.rest.StringUnmarshaller;\n import org.eclipse.che.ide.ui.loaders.LoaderPresenter;\n import org.eclipse.che.ide.util.browser.BrowserUtils;\n import org.eclipse.che.ide.util.loging.Log;\n@@ -42,7 +37,6 @@\n import org.eclipse.che.ide.websocket.events.ConnectionOpenedHandler;\n import org.eclipse.che.ide.websocket.events.WebSocketClosedEvent;\n \n-import java.util.ArrayList;\n import java.util.List;\n \n import static com.google.common.base.Preconditions.checkNotNull;\n@@ -68,8 +62,6 @@\n     private final AsyncRequestFactory    asyncRequestFactory;\n     private final WorkspaceServiceClient workspaceServiceClient;\n     private final LoaderPresenter        loader;\n-    //not used now added it for future if it we will have possibility check that service available for client call\n-    private final List<RestServiceInfo>  availableServices;\n     private       DevMachine             devMachine;\n     private       MessageBus             messageBus;\n     private       WsAgentState           state;\n@@ -89,7 +81,6 @@ public WsAgentStateController(WorkspaceServiceClient workspaceServiceClient,\n         this.messageBusProvider = messageBusProvider;\n         this.asyncRequestFactory = asyncRequestFactory;\n         this.dialogFactory = dialogFactory;\n-        this.availableServices = new ArrayList<>();\n     }\n \n     public void initialize(DevMachine devMachine) {\n@@ -137,14 +128,11 @@ public WsAgentState getState() {\n     }\n \n     public Promise<MessageBus> getMessageBus() {\n-        return AsyncPromiseHelper.createFromAsyncRequest(new AsyncPromiseHelper.RequestCall<MessageBus>() {\n-            @Override\n-            public void makeCall(AsyncCallback<MessageBus> callback) {\n-                if (messageBus != null) {\n-                    callback.onSuccess(messageBus);\n-                } else {\n-                    WsAgentStateController.this.messageBusCallbacks.add(callback);\n-                }\n+        return AsyncPromiseHelper.createFromAsyncRequest(callback -> {\n+            if (messageBus != null) {\n+                callback.onSuccess(messageBus);\n+            } else {\n+                WsAgentStateController.this.messageBusCallbacks.add(callback);\n             }\n         });\n     }\n@@ -155,32 +143,10 @@ public void makeCall(AsyncCallback<MessageBus> callback) {\n     private void checkHttpConnection() {\n         //here we add trailing slash because {@link org.eclipse.che.api.core.rest.ApiInfoService} mapped in this way\n         String url = devMachine.getWsAgentBaseUrl() + '/';\n-        asyncRequestFactory.createGetRequest(url).send(new StringUnmarshaller()).then(new Operation<String>() {\n-            @Override\n-            public void apply(String result) throws OperationException {\n-                try {\n-                    JSONObject object = JSONParser.parseStrict(result).isObject();\n-                    if (object.containsKey(\"rootResources\")) {\n-                        JSONArray rootResources = object.get(\"rootResources\").isArray();\n-                        for (int i = 0; i < rootResources.size(); i++) {\n-                            JSONObject rootResource = rootResources.get(i).isObject();\n-                            String regex = rootResource.get(\"regex\").isString().stringValue();\n-                            String fqn = rootResource.get(\"fqn\").isString().stringValue();\n-                            String path = rootResource.get(\"path\").isString().stringValue();\n-                            availableServices.add(new RestServiceInfo(fqn, regex, path));\n-                        }\n-                    }\n-                } catch (Exception exception) {\n-                    Log.warn(getClass(), \"Parse root resources failed.\");\n-                }\n-\n-                checkWsConnection();\n-            }\n-        }).catchError(new Operation<PromiseError>() {\n-            @Override\n-            public void apply(PromiseError arg) throws OperationException {\n-                checkWsAgentHealth();\n-            }\n+        asyncRequestFactory.createGetRequest(url).send().then(ignored -> {\n+            checkWsConnection();\n+        }).catchError(ignored -> {\n+            checkWsAgentHealth();\n         });\n     }\n \n@@ -204,8 +170,10 @@ private void started() {\n     private void checkStateOfWsAgent(WsAgentHealthStateDto agentHealthStateDto) {\n         final int statusCode = agentHealthStateDto.getCode();\n         final String infoWindowTitle = \"Workspace Agent Not Responding\";\n-        final ConfirmCallback stopCallback = new StopCallback(false);\n-        final ConfirmCallback stopAndReloadCallback = new StopCallback(true);\n+        final boolean reloadPage = true;\n+        final boolean createSnapshot = true;\n+        final ConfirmCallback stopCallback = new StopCallback(!reloadPage, createSnapshot);\n+        final ConfirmCallback stopAndReloadCallback = new StopCallback(reloadPage, !createSnapshot);\n \n         if (statusCode == 200) {\n             dialogFactory.createChoiceDialog(infoWindowTitle,\n@@ -227,20 +195,19 @@ private void checkStateOfWsAgent(WsAgentHealthStateDto agentHealthStateDto) {\n \n     private class StopCallback implements ConfirmCallback {\n \n-        private final boolean reload;\n+        private final boolean reloadPage;\n+        private final boolean createSnapshot;\n \n-        public StopCallback(boolean reload) {\n-            this.reload = reload;\n+        private StopCallback(boolean reloadPage, boolean createSnapshot) {\n+            this.reloadPage = reloadPage;\n+            this.createSnapshot = createSnapshot;\n         }\n \n         @Override\n         public void accepted() {\n-            workspaceServiceClient.stop(devMachine.getWorkspaceId()).then(new Operation<Void>() {\n-                @Override\n-                public void apply(Void arg) throws OperationException {\n-                    if (reload) {\n-                        BrowserUtils.reloadPage(false);\n-                    }\n+            workspaceServiceClient.stop(devMachine.getWorkspaceId(), createSnapshot).then(ignored -> {\n+                if (reloadPage) {\n+                    BrowserUtils.reloadPage(false);\n                 }\n             });\n         }\n@@ -260,12 +227,9 @@ private void checkWsConnection() {\n     }\n \n     private void checkWsAgentHealth() {\n-        workspaceServiceClient.getWsAgentState(devMachine.getWorkspace()).then(new Operation<WsAgentHealthStateDto>() {\n-            @Override\n-            public void apply(WsAgentHealthStateDto arg) throws OperationException {\n-                if (RUNNING.equals(arg.getWorkspaceStatus())) {\n-                    checkStateOfWsAgent(arg);\n-                }\n+        workspaceServiceClient.getWsAgentState(devMachine.getWorkspace()).then(agentHealthState -> {\n+            if (RUNNING.equals(agentHealthState.getWorkspaceStatus())) {\n+                checkStateOfWsAgent(agentHealthState);\n             }\n         }).catchError(new Operation<PromiseError>() {\n             @Override"},{"sha":"6b23040e5146a47f237c9bc55e322568f7903bac","filename":"ide/che-core-ide-api/src/main/java/org/eclipse/che/ide/api/workspace/WorkspaceServiceClient.java","status":"modified","additions":11,"deletions":0,"changes":11,"blob_url":"https://github.com/eclipse/che/blob/02cb231ca8970da2fc7c4d116c54884736513289/ide/che-core-ide-api/src/main/java/org/eclipse/che/ide/api/workspace/WorkspaceServiceClient.java","raw_url":"https://github.com/eclipse/che/raw/02cb231ca8970da2fc7c4d116c54884736513289/ide/che-core-ide-api/src/main/java/org/eclipse/che/ide/api/workspace/WorkspaceServiceClient.java","contents_url":"https://api.github.com/repos/eclipse/che/contents/ide/che-core-ide-api/src/main/java/org/eclipse/che/ide/api/workspace/WorkspaceServiceClient.java?ref=02cb231ca8970da2fc7c4d116c54884736513289","patch":"@@ -137,6 +137,17 @@\n      */\n     Promise<Void> stop(String wsId);\n \n+    /**\n+     * Stops currently run runtime with ability to create snapshot.\n+     *\n+     * @param wsId\n+     *         workspace ID\n+     * @param createSnapshot\n+     *         create snapshot during the stop operation\n+     * @return a promise that will resolve when the workspace has been stopped, or rejects with an error\n+     */\n+    Promise<Void> stop(String wsId, boolean createSnapshot);\n+\n     /**\n      * Get all commands from the specified workspace.\n      *"},{"sha":"5e33fb33eba819f2f4c2725f6e5b27de22764892","filename":"ide/che-core-ide-app/src/main/java/org/eclipse/che/ide/workspace/WorkspaceServiceClientImpl.java","status":"modified","additions":14,"deletions":15,"changes":29,"blob_url":"https://github.com/eclipse/che/blob/02cb231ca8970da2fc7c4d116c54884736513289/ide/che-core-ide-app/src/main/java/org/eclipse/che/ide/workspace/WorkspaceServiceClientImpl.java","raw_url":"https://github.com/eclipse/che/raw/02cb231ca8970da2fc7c4d116c54884736513289/ide/che-core-ide-app/src/main/java/org/eclipse/che/ide/workspace/WorkspaceServiceClientImpl.java","contents_url":"https://api.github.com/repos/eclipse/che/contents/ide/che-core-ide-app/src/main/java/org/eclipse/che/ide/workspace/WorkspaceServiceClientImpl.java?ref=02cb231ca8970da2fc7c4d116c54884736513289","patch":"@@ -17,7 +17,6 @@\n import org.eclipse.che.api.machine.shared.dto.MachineConfigDto;\n import org.eclipse.che.api.machine.shared.dto.SnapshotDto;\n import org.eclipse.che.api.promises.client.Function;\n-import org.eclipse.che.api.promises.client.FunctionException;\n import org.eclipse.che.api.promises.client.Promise;\n import org.eclipse.che.api.workspace.shared.dto.EnvironmentDto;\n import org.eclipse.che.api.workspace.shared.dto.ProjectConfigDto;\n@@ -37,6 +36,7 @@\n import java.util.Map;\n \n import static com.google.gwt.http.client.RequestBuilder.PUT;\n+import static java.util.stream.Collectors.toList;\n import static org.eclipse.che.ide.MimeType.APPLICATION_JSON;\n import static org.eclipse.che.ide.rest.HTTPHeader.ACCEPT;\n import static org.eclipse.che.ide.rest.HTTPHeader.CONTENT_TYPE;\n@@ -101,17 +101,12 @@ private WorkspaceServiceClientImpl(AppContext appContext,\n \n     @Override\n     public Promise<List<WorkspaceDto>> getWorkspaces(final int skip, final int limit) {\n-        return fetchWorkspaces().then(new Function<List<WorkspaceDto>, List<WorkspaceDto>>() {\n-            @Override\n-            public List<WorkspaceDto> apply(List<WorkspaceDto> arg) throws FunctionException {\n-                return arg.stream().collect(Collectors.toList());\n-            }\n-        });\n+        return fetchWorkspaces().then((Function<List<WorkspaceDto>, List<WorkspaceDto>>)workspaceDtoList ->\n+                workspaceDtoList.stream().collect(toList()));\n     }\n \n     private Promise<List<WorkspaceDto>> fetchWorkspaces() {\n-        final String url = baseHttpUrl;\n-        return asyncRequestFactory.createGetRequest(url)\n+        return asyncRequestFactory.createGetRequest(baseHttpUrl)\n                                   .header(ACCEPT, APPLICATION_JSON)\n                                   .loader(loaderFactory.newLoader(\"Getting info about workspaces...\"))\n                                   .send(dtoUnmarshallerFactory.newListUnmarshaller(WorkspaceDto.class));\n@@ -165,14 +160,18 @@ private WorkspaceServiceClientImpl(AppContext appContext,\n                                   .send();\n     }\n \n+    @Override\n+    public Promise<Void> stop(String wsId, boolean createSnapshot) {\n+        final String url = baseHttpUrl + \"/\" + wsId + \"/runtime?create-snapshot=\" + createSnapshot;\n+\n+        return asyncRequestFactory.createDeleteRequest(url)\n+                                  .loader(loaderFactory.newLoader(\"Stopping workspace...\"))\n+                                  .send();\n+    }\n+\n     @Override\n     public Promise<List<CommandDto>> getCommands(String wsId) {\n-        return getWorkspace(wsId).then(new Function<WorkspaceDto, List<CommandDto>>() {\n-            @Override\n-            public List<CommandDto> apply(WorkspaceDto arg) throws FunctionException {\n-                return arg.getConfig().getCommands();\n-            }\n-        });\n+        return getWorkspace(wsId).then((Function<WorkspaceDto, List<CommandDto>>)workspaceDto -> workspaceDto.getConfig().getCommands());\n     }\n \n     @Override"}]}
