{"sha":"02f0cca11d24236f67d78c342ad04a9cf94e375b","commit":{"author":{"name":"Tyler Jewell","email":"tjewell@codenvy.com","date":"2016-05-11T00:28:11Z"},"committer":{"name":"Tyler Jewell","email":"tjewell@codenvy.com","date":"2016-05-11T00:28:11Z"},"message":"wrong vm name","tree":{"sha":"af5cff3d0689f0a6d698f27ab720828f5b6dacb9","url":"https://api.github.com/repos/eclipse/che/git/trees/af5cff3d0689f0a6d698f27ab720828f5b6dacb9"},"url":"https://api.github.com/repos/eclipse/che/git/commits/02f0cca11d24236f67d78c342ad04a9cf94e375b","comment_count":0,"verification":{"verified":false,"reason":"unsigned","signature":null,"payload":null}},"url":"https://api.github.com/repos/eclipse/che/commits/02f0cca11d24236f67d78c342ad04a9cf94e375b","html_url":"https://github.com/eclipse/che/commit/02f0cca11d24236f67d78c342ad04a9cf94e375b","comments_url":"https://api.github.com/repos/eclipse/che/commits/02f0cca11d24236f67d78c342ad04a9cf94e375b/comments","author":{"login":"TylerJewell","id":392458,"avatar_url":"https://avatars3.githubusercontent.com/u/392458?v=4","gravatar_id":"","url":"https://api.github.com/users/TylerJewell","html_url":"https://github.com/TylerJewell","followers_url":"https://api.github.com/users/TylerJewell/followers","following_url":"https://api.github.com/users/TylerJewell/following{/other_user}","gists_url":"https://api.github.com/users/TylerJewell/gists{/gist_id}","starred_url":"https://api.github.com/users/TylerJewell/starred{/owner}{/repo}","subscriptions_url":"https://api.github.com/users/TylerJewell/subscriptions","organizations_url":"https://api.github.com/users/TylerJewell/orgs","repos_url":"https://api.github.com/users/TylerJewell/repos","events_url":"https://api.github.com/users/TylerJewell/events{/privacy}","received_events_url":"https://api.github.com/users/TylerJewell/received_events","type":"User","site_admin":false},"committer":{"login":"TylerJewell","id":392458,"avatar_url":"https://avatars3.githubusercontent.com/u/392458?v=4","gravatar_id":"","url":"https://api.github.com/users/TylerJewell","html_url":"https://github.com/TylerJewell","followers_url":"https://api.github.com/users/TylerJewell/followers","following_url":"https://api.github.com/users/TylerJewell/following{/other_user}","gists_url":"https://api.github.com/users/TylerJewell/gists{/gist_id}","starred_url":"https://api.github.com/users/TylerJewell/starred{/owner}{/repo}","subscriptions_url":"https://api.github.com/users/TylerJewell/subscriptions","organizations_url":"https://api.github.com/users/TylerJewell/orgs","repos_url":"https://api.github.com/users/TylerJewell/repos","events_url":"https://api.github.com/users/TylerJewell/events{/privacy}","received_events_url":"https://api.github.com/users/TylerJewell/received_events","type":"User","site_admin":false},"parents":[{"sha":"dc9659b88bc10f182ed5d4d0f6ea56ea21bc2176","url":"https://api.github.com/repos/eclipse/che/commits/dc9659b88bc10f182ed5d4d0f6ea56ea21bc2176","html_url":"https://github.com/eclipse/che/commit/dc9659b88bc10f182ed5d4d0f6ea56ea21bc2176"}],"stats":{"total":2,"additions":1,"deletions":1},"files":[{"sha":"43d2f0c4e02568fd7affee247d43f71a826064da","filename":"Vagrantfile","status":"modified","additions":1,"deletions":1,"changes":2,"blob_url":"https://github.com/eclipse/che/blob/02f0cca11d24236f67d78c342ad04a9cf94e375b/Vagrantfile","raw_url":"https://github.com/eclipse/che/raw/02f0cca11d24236f67d78c342ad04a9cf94e375b/Vagrantfile","contents_url":"https://api.github.com/repos/eclipse/che/contents/Vagrantfile?ref=02f0cca11d24236f67d78c342ad04a9cf94e375b","patch":"@@ -24,7 +24,7 @@ Vagrant.configure(2) do |config|\n   end\n   config.vm.provider \"virtualbox\" do |vb|\n     vb.memory = \"4096\"\n-    vb.name = \"eclipse-che-vm2\"\n+    vb.name = \"eclipse-che-vm\"\n   end\n \n   $script = <<-SHELL"}]}
