{"sha":"02f1f04289e6e818ee24d9976658a13e01d784b7","commit":{"author":{"name":"Max Shaposhnik","email":"mshaposhnik@codenvy.com","date":"2016-12-13T10:55:02Z"},"committer":{"name":"GitHub","email":"noreply@github.com","date":"2016-12-13T10:55:02Z"},"message":"Added environment migration script for the same host; (#3356)","tree":{"sha":"dc42e158e57d883fbb7f1ec684c99cae58bd07de","url":"https://api.github.com/repos/eclipse/che/git/trees/dc42e158e57d883fbb7f1ec684c99cae58bd07de"},"url":"https://api.github.com/repos/eclipse/che/git/commits/02f1f04289e6e818ee24d9976658a13e01d784b7","comment_count":0,"verification":{"verified":false,"reason":"unsigned","signature":null,"payload":null}},"url":"https://api.github.com/repos/eclipse/che/commits/02f1f04289e6e818ee24d9976658a13e01d784b7","html_url":"https://github.com/eclipse/che/commit/02f1f04289e6e818ee24d9976658a13e01d784b7","comments_url":"https://api.github.com/repos/eclipse/che/commits/02f1f04289e6e818ee24d9976658a13e01d784b7/comments","author":{"login":"mshaposhnik","id":1651062,"avatar_url":"https://avatars0.githubusercontent.com/u/1651062?v=4","gravatar_id":"","url":"https://api.github.com/users/mshaposhnik","html_url":"https://github.com/mshaposhnik","followers_url":"https://api.github.com/users/mshaposhnik/followers","following_url":"https://api.github.com/users/mshaposhnik/following{/other_user}","gists_url":"https://api.github.com/users/mshaposhnik/gists{/gist_id}","starred_url":"https://api.github.com/users/mshaposhnik/starred{/owner}{/repo}","subscriptions_url":"https://api.github.com/users/mshaposhnik/subscriptions","organizations_url":"https://api.github.com/users/mshaposhnik/orgs","repos_url":"https://api.github.com/users/mshaposhnik/repos","events_url":"https://api.github.com/users/mshaposhnik/events{/privacy}","received_events_url":"https://api.github.com/users/mshaposhnik/received_events","type":"User","site_admin":false},"committer":{"login":"web-flow","id":19864447,"avatar_url":"https://avatars3.githubusercontent.com/u/19864447?v=4","gravatar_id":"","url":"https://api.github.com/users/web-flow","html_url":"https://github.com/web-flow","followers_url":"https://api.github.com/users/web-flow/followers","following_url":"https://api.github.com/users/web-flow/following{/other_user}","gists_url":"https://api.github.com/users/web-flow/gists{/gist_id}","starred_url":"https://api.github.com/users/web-flow/starred{/owner}{/repo}","subscriptions_url":"https://api.github.com/users/web-flow/subscriptions","organizations_url":"https://api.github.com/users/web-flow/orgs","repos_url":"https://api.github.com/users/web-flow/repos","events_url":"https://api.github.com/users/web-flow/events{/privacy}","received_events_url":"https://api.github.com/users/web-flow/received_events","type":"User","site_admin":false},"parents":[{"sha":"0b9ae2a09185bfccb280454dac257b61bbc047cd","url":"https://api.github.com/repos/eclipse/che/commits/0b9ae2a09185bfccb280454dac257b61bbc047cd","html_url":"https://github.com/eclipse/che/commit/0b9ae2a09185bfccb280454dac257b61bbc047cd"}],"stats":{"total":13,"additions":13,"deletions":0},"files":[{"sha":"578e4523c9cc3691526fcbf2ccfe96488945c7ee","filename":"wsmaster/che-core-sql-schema/src/main/resources/che-schema/5.0.0-M9/2__update_local_links_in_environments.sql","status":"added","additions":13,"deletions":0,"changes":13,"blob_url":"https://github.com/eclipse/che/blob/02f1f04289e6e818ee24d9976658a13e01d784b7/wsmaster/che-core-sql-schema/src/main/resources/che-schema/5.0.0-M9/2__update_local_links_in_environments.sql","raw_url":"https://github.com/eclipse/che/raw/02f1f04289e6e818ee24d9976658a13e01d784b7/wsmaster/che-core-sql-schema/src/main/resources/che-schema/5.0.0-M9/2__update_local_links_in_environments.sql","contents_url":"https://api.github.com/repos/eclipse/che/contents/wsmaster/che-core-sql-schema/src/main/resources/che-schema/5.0.0-M9/2__update_local_links_in_environments.sql?ref=02f1f04289e6e818ee24d9976658a13e01d784b7","patch":"@@ -0,0 +1,13 @@\n+--\n+-- Copyright (c) 2012-2016 Codenvy, S.A.\n+-- All rights reserved. This program and the accompanying materials\n+-- are made available under the terms of the Eclipse Public License v1.0\n+-- which accompanies this distribution, and is available at\n+-- http://www.eclipse.org/legal/epl-v10.html\n+--\n+-- Contributors:\n+--   Codenvy, S.A. - initial API and implementation\n+--\n+\n+UPDATE environment\n+SET location=regexp_replace(location, '${api.endpoint}', '');"}]}
