{"sha":"030bd567a5cb4e8528238af57db8085e18d04854","commit":{"author":{"name":"Yevhenii Voevodin","email":"evoevodin@codenvy.com","date":"2016-12-09T10:17:21Z"},"committer":{"name":"GitHub","email":"noreply@github.com","date":"2016-12-09T10:17:21Z"},"message":"Compare log messages time as seconds (#3335)","tree":{"sha":"d9e47adb55e519eaaf5e320b15d6d0d0c5e18bab","url":"https://api.github.com/repos/eclipse/che/git/trees/d9e47adb55e519eaaf5e320b15d6d0d0c5e18bab"},"url":"https://api.github.com/repos/eclipse/che/git/commits/030bd567a5cb4e8528238af57db8085e18d04854","comment_count":0,"verification":{"verified":false,"reason":"unsigned","signature":null,"payload":null}},"url":"https://api.github.com/repos/eclipse/che/commits/030bd567a5cb4e8528238af57db8085e18d04854","html_url":"https://github.com/eclipse/che/commit/030bd567a5cb4e8528238af57db8085e18d04854","comments_url":"https://api.github.com/repos/eclipse/che/commits/030bd567a5cb4e8528238af57db8085e18d04854/comments","author":null,"committer":{"login":"web-flow","id":19864447,"avatar_url":"https://avatars3.githubusercontent.com/u/19864447?v=4","gravatar_id":"","url":"https://api.github.com/users/web-flow","html_url":"https://github.com/web-flow","followers_url":"https://api.github.com/users/web-flow/followers","following_url":"https://api.github.com/users/web-flow/following{/other_user}","gists_url":"https://api.github.com/users/web-flow/gists{/gist_id}","starred_url":"https://api.github.com/users/web-flow/starred{/owner}{/repo}","subscriptions_url":"https://api.github.com/users/web-flow/subscriptions","organizations_url":"https://api.github.com/users/web-flow/orgs","repos_url":"https://api.github.com/users/web-flow/repos","events_url":"https://api.github.com/users/web-flow/events{/privacy}","received_events_url":"https://api.github.com/users/web-flow/received_events","type":"User","site_admin":false},"parents":[{"sha":"109dfed6e9906a1fa2a76174a4a15a437159864a","url":"https://api.github.com/repos/eclipse/che/commits/109dfed6e9906a1fa2a76174a4a15a437159864a","html_url":"https://github.com/eclipse/che/commit/109dfed6e9906a1fa2a76174a4a15a437159864a"}],"stats":{"total":18,"additions":9,"deletions":9},"files":[{"sha":"5db830e3149c041a5c55ba8776c04d14a084f748","filename":"exec-agent/src/process/file_logger_test.go","status":"modified","additions":2,"deletions":6,"changes":8,"blob_url":"https://github.com/eclipse/che/blob/030bd567a5cb4e8528238af57db8085e18d04854/exec-agent/src/process/file_logger_test.go","raw_url":"https://github.com/eclipse/che/raw/030bd567a5cb4e8528238af57db8085e18d04854/exec-agent/src/process/file_logger_test.go","contents_url":"https://api.github.com/repos/eclipse/che/contents/exec-agent/src/process/file_logger_test.go?ref=030bd567a5cb4e8528238af57db8085e18d04854","patch":"@@ -102,17 +102,13 @@ func TestLogsAreFlushedOnClose(t *testing.T) {\n \t\tTime: now,\n \t\tText: \"stdout\",\n \t}\n-\tif stdout != expectedStdout {\n-\t\tt.Fatalf(\"Expected %v but found %v\", expectedStdout, stdout)\n-\t}\n \texpectedStderr := process.LogMessage{\n \t\tKind: process.StderrKind,\n \t\tTime: now,\n \t\tText: \"stderr\",\n \t}\n-\tif stdout != expectedStdout {\n-\t\tt.Fatalf(\"Expected %v but found %v\", expectedStderr, stderr)\n-\t}\n+\tfailIfDifferent(t, expectedStdout, stdout)\n+\tfailIfDifferent(t, expectedStderr, stderr)\n }\n \n func randomName(length int) string {"},{"sha":"41d4b8c5ba8a899fb86fa4359ed22c85c019212c","filename":"exec-agent/src/process/logs_reader_test.go","status":"modified","additions":7,"deletions":3,"changes":10,"blob_url":"https://github.com/eclipse/che/blob/030bd567a5cb4e8528238af57db8085e18d04854/exec-agent/src/process/logs_reader_test.go","raw_url":"https://github.com/eclipse/che/raw/030bd567a5cb4e8528238af57db8085e18d04854/exec-agent/src/process/logs_reader_test.go","contents_url":"https://api.github.com/repos/eclipse/che/contents/exec-agent/src/process/logs_reader_test.go?ref=030bd567a5cb4e8528238af57db8085e18d04854","patch":"@@ -53,8 +53,12 @@ func TestReadLogs(t *testing.T) {\n \t\t{Kind: process.StderrKind, Time: now.Add(time.Second * 4), Text: \"line4\"},\n \t}\n \tfor i := 0; i < len(logs); i++ {\n-\t\tif *logs[i] != expected[i] {\n-\t\t\tt.Fatalf(\"Expected: '%v' Found '%v'\", expected[i], *logs[i])\n-\t\t}\n+\t\tfailIfDifferent(t, *logs[i], expected[i])\n+\t}\n+}\n+\n+func failIfDifferent(t *testing.T, expected process.LogMessage, actual process.LogMessage) {\n+\tif expected.Kind != actual.Kind || expected.Text != actual.Text || expected.Time.Unix() != actual.Time.Unix() {\n+\t\tt.Fatalf(\"Expected: '%v' Found '%v'\", expected, actual)\n \t}\n }"}]}
