{"sha":"0329a08d20cc9c65ca57297f38a884ebe26a5220","commit":{"author":{"name":"Vitalii Parfonov","email":"vparfono@redhat.com","date":"2018-02-27T11:37:48Z"},"committer":{"name":"GitHub","email":"noreply@github.com","date":"2018-02-27T11:37:48Z"},"message":"Avoid not needed ecncoding (#8927)\n\nSigned-off-by: Vitalii Parfonov <vparfonov@redhat.com>","tree":{"sha":"af6b7268a853505d2740544ee2b0a69cee0ed365","url":"https://api.github.com/repos/eclipse/che/git/trees/af6b7268a853505d2740544ee2b0a69cee0ed365"},"url":"https://api.github.com/repos/eclipse/che/git/commits/0329a08d20cc9c65ca57297f38a884ebe26a5220","comment_count":0,"verification":{"verified":true,"reason":"valid","signature":"-----BEGIN PGP SIGNATURE-----\n\nwsBcBAABCAAQBQJalUMMCRBK7hj4Ov3rIwAAdHIIAFBxGXgZlU15lLjb+QKBLry2\nhTriCavC/kZA9K4KlKpGvx9zNUf6b5GzYDCLd9lFqGEv3ol6nMj4ox9rT+kZ4DmF\nomru4VA4ovMYDQXttYV/kkrj3I9dbxsUnGmRax2OlNbedOqq6dZsSME5wRphOdIF\nPVTwid7AcLgWMpAJd24E2tI+xuPO1kz6QDB9lo1RyX5I4xL1Rp+OL9GrEsVKHpbY\nfco5BJ4qmfDo+rdusE7d/F3+4rR3zTrY3YADZMBMQnmmPgZHYluwFKStrqFPPD+h\nKOwoGDcUMLnN4PkHqD2KXLBbr9zsCx0eWj+CO0o3K+Y7rK2VdrF3CdpxG7Csm+I=\n=pyt8\n-----END PGP SIGNATURE-----\n","payload":"tree af6b7268a853505d2740544ee2b0a69cee0ed365\nparent 01fb2ed477fa89ec9f02a3a0c3621d4c036cdb78\nauthor Vitalii Parfonov <vparfono@redhat.com> 1519731468 +0200\ncommitter GitHub <noreply@github.com> 1519731468 +0200\n\nAvoid not needed ecncoding (#8927)\n\nSigned-off-by: Vitalii Parfonov <vparfonov@redhat.com>"}},"url":"https://api.github.com/repos/eclipse/che/commits/0329a08d20cc9c65ca57297f38a884ebe26a5220","html_url":"https://github.com/eclipse/che/commit/0329a08d20cc9c65ca57297f38a884ebe26a5220","comments_url":"https://api.github.com/repos/eclipse/che/commits/0329a08d20cc9c65ca57297f38a884ebe26a5220/comments","author":{"login":"vparfonov","id":1636592,"avatar_url":"https://avatars1.githubusercontent.com/u/1636592?v=4","gravatar_id":"","url":"https://api.github.com/users/vparfonov","html_url":"https://github.com/vparfonov","followers_url":"https://api.github.com/users/vparfonov/followers","following_url":"https://api.github.com/users/vparfonov/following{/other_user}","gists_url":"https://api.github.com/users/vparfonov/gists{/gist_id}","starred_url":"https://api.github.com/users/vparfonov/starred{/owner}{/repo}","subscriptions_url":"https://api.github.com/users/vparfonov/subscriptions","organizations_url":"https://api.github.com/users/vparfonov/orgs","repos_url":"https://api.github.com/users/vparfonov/repos","events_url":"https://api.github.com/users/vparfonov/events{/privacy}","received_events_url":"https://api.github.com/users/vparfonov/received_events","type":"User","site_admin":false},"committer":{"login":"web-flow","id":19864447,"avatar_url":"https://avatars3.githubusercontent.com/u/19864447?v=4","gravatar_id":"","url":"https://api.github.com/users/web-flow","html_url":"https://github.com/web-flow","followers_url":"https://api.github.com/users/web-flow/followers","following_url":"https://api.github.com/users/web-flow/following{/other_user}","gists_url":"https://api.github.com/users/web-flow/gists{/gist_id}","starred_url":"https://api.github.com/users/web-flow/starred{/owner}{/repo}","subscriptions_url":"https://api.github.com/users/web-flow/subscriptions","organizations_url":"https://api.github.com/users/web-flow/orgs","repos_url":"https://api.github.com/users/web-flow/repos","events_url":"https://api.github.com/users/web-flow/events{/privacy}","received_events_url":"https://api.github.com/users/web-flow/received_events","type":"User","site_admin":false},"parents":[{"sha":"01fb2ed477fa89ec9f02a3a0c3621d4c036cdb78","url":"https://api.github.com/repos/eclipse/che/commits/01fb2ed477fa89ec9f02a3a0c3621d4c036cdb78","html_url":"https://github.com/eclipse/che/commit/01fb2ed477fa89ec9f02a3a0c3621d4c036cdb78"}],"stats":{"total":26,"additions":21,"deletions":5},"files":[{"sha":"09b1c23e7389bfec4bff8ffd0355e96a1621334b","filename":"ide/che-core-ide-app/src/main/java/org/eclipse/che/ide/navigation/NavigateToFilePresenter.java","status":"modified","additions":1,"deletions":5,"changes":6,"blob_url":"https://github.com/eclipse/che/blob/0329a08d20cc9c65ca57297f38a884ebe26a5220/ide/che-core-ide-app/src/main/java/org/eclipse/che/ide/navigation/NavigateToFilePresenter.java","raw_url":"https://github.com/eclipse/che/raw/0329a08d20cc9c65ca57297f38a884ebe26a5220/ide/che-core-ide-app/src/main/java/org/eclipse/che/ide/navigation/NavigateToFilePresenter.java","contents_url":"https://api.github.com/repos/eclipse/che/contents/ide/che-core-ide-app/src/main/java/org/eclipse/che/ide/navigation/NavigateToFilePresenter.java?ref=0329a08d20cc9c65ca57297f38a884ebe26a5220","patch":"@@ -14,7 +14,6 @@\n import static org.eclipse.che.ide.api.jsonrpc.Constants.WS_AGENT_JSON_RPC_ENDPOINT_ID;\n import static org.eclipse.che.ide.util.NameUtils.getFileExtension;\n \n-import com.google.gwt.http.client.URL;\n import com.google.gwt.user.client.Timer;\n import com.google.inject.Inject;\n import com.google.inject.Singleton;\n@@ -99,10 +98,7 @@ public void onFileNameChanged(final String fileName) {\n     }\n \n     ProjectSearchRequestDto requestParams =\n-        dtoFactory\n-            .createDto(ProjectSearchRequestDto.class)\n-            .withPath(\"\")\n-            .withName(URL.encodePathSegment(fileName + \"*\"));\n+        dtoFactory.createDto(ProjectSearchRequestDto.class).withPath(\"\").withName(fileName + \"*\");\n     if (timer != null) {\n       timer.cancel();\n     }"},{"sha":"c3ebd37bbb408534da79b25d59a1ecccbd134c88","filename":"wsagent/che-core-api-project/src/test/java/org/eclipse/che/api/search/SearcherTest.java","status":"modified","additions":20,"deletions":0,"changes":20,"blob_url":"https://github.com/eclipse/che/blob/0329a08d20cc9c65ca57297f38a884ebe26a5220/wsagent/che-core-api-project/src/test/java/org/eclipse/che/api/search/SearcherTest.java","raw_url":"https://github.com/eclipse/che/raw/0329a08d20cc9c65ca57297f38a884ebe26a5220/wsagent/che-core-api-project/src/test/java/org/eclipse/che/api/search/SearcherTest.java","contents_url":"https://api.github.com/repos/eclipse/che/contents/wsagent/che-core-api-project/src/test/java/org/eclipse/che/api/search/SearcherTest.java?ref=0329a08d20cc9c65ca57297f38a884ebe26a5220","patch":"@@ -250,6 +250,26 @@ public void shouldBeAbleToSearchByFullTextPatternAndFileName()\n     assertFind(new QueryExpression().setText(\"*be*\").setName(\"xxx.txt\"), \"/folder/xxx.txt\");\n   }\n \n+  @Test\n+  public void shouldBeAbleToSearchByFileNamePattern()\n+      throws InvalidQueryException, QueryExecutionException, IOException {\n+    // given\n+    contentBuilder\n+        .createFolder(\"folder\")\n+        .createFile(\"xxx.txt\", TEST_CONTENT[2])\n+        .createFile(\"yyy.txt\", TEST_CONTENT[1])\n+        .createFile(\"zzz.txt\", TEST_CONTENT[2]);\n+    searcher.add(contentBuilder.getCurrentFolder());\n+    // when\n+    // then\n+    assertFind(new QueryExpression().setName(\"x??.txt\"), \"/folder/xxx.txt\");\n+    assertFind(\n+        new QueryExpression().setName(\"*.txt\"),\n+        \"/folder/xxx.txt\",\n+        \"/folder/yyy.txt\",\n+        \"/folder/zzz.txt\");\n+  }\n+\n   @Test\n   public void shouldBeAbleToSearchWithPositions()\n       throws InvalidQueryException, QueryExecutionException, IOException {"}]}
