{"sha":"033e84ad12be1806c473752917f1453e53e4ec31","commit":{"author":{"name":"Ann Shumilova","email":"ashumilova@codenvy.com","date":"2016-12-02T12:53:25Z"},"committer":{"name":"Ann Shumilova","email":"ashumilova@codenvy.com","date":"2017-01-22T18:29:26Z"},"message":"CODENVY-1263: select proper namespace on workspace creation\n\nSigned-off-by: Ann Shumilova <ashumilova@codenvy.com>","tree":{"sha":"ee30c6d5fb4cc536a2703095760600ba866e53f7","url":"https://api.github.com/repos/eclipse/che/git/trees/ee30c6d5fb4cc536a2703095760600ba866e53f7"},"url":"https://api.github.com/repos/eclipse/che/git/commits/033e84ad12be1806c473752917f1453e53e4ec31","comment_count":0,"verification":{"verified":false,"reason":"unsigned","signature":null,"payload":null}},"url":"https://api.github.com/repos/eclipse/che/commits/033e84ad12be1806c473752917f1453e53e4ec31","html_url":"https://github.com/eclipse/che/commit/033e84ad12be1806c473752917f1453e53e4ec31","comments_url":"https://api.github.com/repos/eclipse/che/commits/033e84ad12be1806c473752917f1453e53e4ec31/comments","author":{"login":"ashumilova","id":1611939,"avatar_url":"https://avatars1.githubusercontent.com/u/1611939?v=4","gravatar_id":"","url":"https://api.github.com/users/ashumilova","html_url":"https://github.com/ashumilova","followers_url":"https://api.github.com/users/ashumilova/followers","following_url":"https://api.github.com/users/ashumilova/following{/other_user}","gists_url":"https://api.github.com/users/ashumilova/gists{/gist_id}","starred_url":"https://api.github.com/users/ashumilova/starred{/owner}{/repo}","subscriptions_url":"https://api.github.com/users/ashumilova/subscriptions","organizations_url":"https://api.github.com/users/ashumilova/orgs","repos_url":"https://api.github.com/users/ashumilova/repos","events_url":"https://api.github.com/users/ashumilova/events{/privacy}","received_events_url":"https://api.github.com/users/ashumilova/received_events","type":"User","site_admin":false},"committer":{"login":"ashumilova","id":1611939,"avatar_url":"https://avatars1.githubusercontent.com/u/1611939?v=4","gravatar_id":"","url":"https://api.github.com/users/ashumilova","html_url":"https://github.com/ashumilova","followers_url":"https://api.github.com/users/ashumilova/followers","following_url":"https://api.github.com/users/ashumilova/following{/other_user}","gists_url":"https://api.github.com/users/ashumilova/gists{/gist_id}","starred_url":"https://api.github.com/users/ashumilova/starred{/owner}{/repo}","subscriptions_url":"https://api.github.com/users/ashumilova/subscriptions","organizations_url":"https://api.github.com/users/ashumilova/orgs","repos_url":"https://api.github.com/users/ashumilova/repos","events_url":"https://api.github.com/users/ashumilova/events{/privacy}","received_events_url":"https://api.github.com/users/ashumilova/received_events","type":"User","site_admin":false},"parents":[{"sha":"b7aba9ddd0a65fe262a3fd9e9b38c50d0244d96f","url":"https://api.github.com/repos/eclipse/che/commits/b7aba9ddd0a65fe262a3fd9e9b38c50d0244d96f","html_url":"https://github.com/eclipse/che/commit/b7aba9ddd0a65fe262a3fd9e9b38c50d0244d96f"}],"stats":{"total":38,"additions":27,"deletions":11},"files":[{"sha":"c1a58394b4caa19e337453661ee2a9bce879c66f","filename":"dashboard/src/app/workspaces/workspace-details/workspace-details.controller.ts","status":"modified","additions":1,"deletions":0,"changes":1,"blob_url":"https://github.com/eclipse/che/blob/033e84ad12be1806c473752917f1453e53e4ec31/dashboard/src/app/workspaces/workspace-details/workspace-details.controller.ts","raw_url":"https://github.com/eclipse/che/raw/033e84ad12be1806c473752917f1453e53e4ec31/dashboard/src/app/workspaces/workspace-details/workspace-details.controller.ts","contents_url":"https://api.github.com/repos/eclipse/che/contents/dashboard/src/app/workspaces/workspace-details/workspace-details.controller.ts?ref=033e84ad12be1806c473752917f1453e53e4ec31","patch":"@@ -117,6 +117,7 @@ export class WorkspaceDetailsController {\n \n   init(): void {\n     let routeParams = this.$route.current.params;\n+    this.workspaceNamespace = this.$location.search().namespace || (this.getNamespaces() ? this.getNamespaces()[0] : undefined);\n     if (routeParams && routeParams.namespace && routeParams.workspaceName) {\n       this.isCreationFlow = false;\n       this.namespace = routeParams.namespace;"},{"sha":"83039e8dffcce01447562d57aededa30d6ca66d6","filename":"dashboard/src/app/workspaces/workspace-details/workspace-details.html","status":"modified","additions":1,"deletions":2,"changes":3,"blob_url":"https://github.com/eclipse/che/blob/033e84ad12be1806c473752917f1453e53e4ec31/dashboard/src/app/workspaces/workspace-details/workspace-details.html","raw_url":"https://github.com/eclipse/che/raw/033e84ad12be1806c473752917f1453e53e4ec31/dashboard/src/app/workspaces/workspace-details/workspace-details.html","contents_url":"https://api.github.com/repos/eclipse/che/contents/dashboard/src/app/workspaces/workspace-details/workspace-details.html?ref=033e84ad12be1806c473752917f1453e53e4ec31","patch":"@@ -62,8 +62,7 @@\n           </che-label-container>\n           <!-- Namespace -->\n           <che-label-container che-label-name=\"Team\" ng-if=\"workspaceDetailsController.getNamespaces().length > 0\">\n-            <che-toggle ng-if=\"workspaceDetailsController.isCreationFlow\" ng-model=\"workspaceDetailsController.workspaceNamespace\" layout=\"row\"\n-                        ng-init=\"workspaceDetailsController.workspaceNamespace = workspaceDetailsController.getNamespaces()[0]\">\n+            <che-toggle ng-if=\"workspaceDetailsController.isCreationFlow\" ng-model=\"workspaceDetailsController.workspaceNamespace\" layout=\"row\">\n               <che-toggle-button ng-repeat=\"namespace in workspaceDetailsController.getNamespaces()\"\n                                  che-title=\"{{namespace}}\" class=\"namespace-button\">\n               </che-toggle-button>"},{"sha":"8afe20a11afc679fea0657bd8f03a21e647b4c84","filename":"dashboard/src/components/widget/filter-selector/che-filter-selector.controller.ts","status":"modified","additions":1,"deletions":1,"changes":2,"blob_url":"https://github.com/eclipse/che/blob/033e84ad12be1806c473752917f1453e53e4ec31/dashboard/src/components/widget/filter-selector/che-filter-selector.controller.ts","raw_url":"https://github.com/eclipse/che/raw/033e84ad12be1806c473752917f1453e53e4ec31/dashboard/src/components/widget/filter-selector/che-filter-selector.controller.ts","contents_url":"https://api.github.com/repos/eclipse/che/contents/dashboard/src/components/widget/filter-selector/che-filter-selector.controller.ts?ref=033e84ad12be1806c473752917f1453e53e4ec31","patch":"@@ -1,5 +1,5 @@\n /*\n- * Copyright (c) 2015-2016 Codenvy, S.A.\n+ * Copyright (c) 2015-2017 Codenvy, S.A.\n  * All rights reserved. This program and the accompanying materials\n  * are made available under the terms of the Eclipse Public License v1.0\n  * which accompanies this distribution, and is available at"},{"sha":"d2452c0b913ed34231aaadd9ba9b4290a27e8bcc","filename":"dashboard/src/components/widget/filter-selector/che-filter-selector.directive.ts","status":"modified","additions":9,"deletions":7,"changes":16,"blob_url":"https://github.com/eclipse/che/blob/033e84ad12be1806c473752917f1453e53e4ec31/dashboard/src/components/widget/filter-selector/che-filter-selector.directive.ts","raw_url":"https://github.com/eclipse/che/raw/033e84ad12be1806c473752917f1453e53e4ec31/dashboard/src/components/widget/filter-selector/che-filter-selector.directive.ts","contents_url":"https://api.github.com/repos/eclipse/che/contents/dashboard/src/components/widget/filter-selector/che-filter-selector.directive.ts?ref=033e84ad12be1806c473752917f1453e53e4ec31","patch":"@@ -1,5 +1,5 @@\n /*\n- * Copyright (c) 2015-2016 Codenvy, S.A.\n+ * Copyright (c) 2015-2017 Codenvy, S.A.\n  * All rights reserved. This program and the accompanying materials\n  * are made available under the terms of the Eclipse Public License v1.0\n  * which accompanies this distribution, and is available at\n@@ -23,18 +23,20 @@ export class CheFilterSelector {\n   private controllerAs: string = 'cheFilterSelectorController';\n   private require: Array<string> = ['ngModel'];\n \n-  private scope: any = {\n-    valueModel: '=ngModel',\n-    values: '=cheValues',\n-    isDisabled: '=cheDisabled',\n-    onChange: '=cheOnChange'\n+  private scope: {\n+    [propName: string]: string\n   };\n \n   /**\n    * Default constructor that is using resource\n    * @ngInject for Dependency injection\n    */\n   constructor() {\n+    this.scope = {\n+      valueModel: '=ngModel',\n+      values: '=cheValues',\n+      isDisabled: '=cheDisabled',\n+      onChange: '=cheOnChange'\n+    };\n   }\n-\n }"},{"sha":"92a3fe156e008f708be2edba9d5d2d18624324bc","filename":"dashboard/src/components/widget/input/che-input-box.directive.ts","status":"modified","additions":15,"deletions":1,"changes":16,"blob_url":"https://github.com/eclipse/che/blob/033e84ad12be1806c473752917f1453e53e4ec31/dashboard/src/components/widget/input/che-input-box.directive.ts","raw_url":"https://github.com/eclipse/che/raw/033e84ad12be1806c473752917f1453e53e4ec31/dashboard/src/components/widget/input/che-input-box.directive.ts","contents_url":"https://api.github.com/repos/eclipse/che/contents/dashboard/src/components/widget/input/che-input-box.directive.ts?ref=033e84ad12be1806c473752917f1453e53e4ec31","patch":"@@ -32,7 +32,9 @@ export class CheInputBox implements ng.IDirective {\n     placeHolder: '@chePlaceHolder',\n     pattern: '@chePattern',\n     myForm: '=cheForm',\n-    isChanged: '&ngChange'\n+    isChanged: '&ngChange',\n+    readonly: '=cheReadonly',\n+    disabled: '=cheDisabled'\n   };\n \n   /**\n@@ -62,6 +64,12 @@ export class CheInputBox implements ng.IDirective {\n     if (attrs.chePattern) {\n       template = template + ' pattern=\"' + pattern + '\"';\n     }\n+    if (attrs.cheReadonly) {\n+      template = template + ' ng-readonly=\"readonly\"';\n+    }\n+    if (attrs.cheDisabled) {\n+      template = template + ' ng-disabled=\"disabled\"';\n+    }\n \n     template = template + ' ng-trim=\"false\" data-ng-model=\"valueModel\" >'\n       + '<!-- display error messages for the form -->'\n@@ -77,6 +85,12 @@ export class CheInputBox implements ng.IDirective {\n     if (attrs.chePattern) {\n       template = template + ' pattern=\"' + pattern + '\"';\n     }\n+    if (attrs.cheReadonly) {\n+      template = template + ' ng-readonly=\"readonly\"';\n+    }\n+    if (attrs.cheDisabled) {\n+      template = template + ' ng-disabled=\"disabled\"';\n+    }\n     template = template + ' data-ng-model=\"valueModel\">';\n \n     if (attrs.cheWidth === 'auto') {"}]}
