{"sha":"0371a39d5c9b7ef0adbacf0b808daaf305294752","commit":{"author":{"name":"Igor Vinokur","email":"ivinokur@codenvy.com","date":"2016-08-11T13:34:01Z"},"committer":{"name":"Igor Vinokur","email":"ivinokur@codenvy.com","date":"2016-08-12T14:48:37Z"},"message":"CHE-1866: Fix wrong viewing of git compare","tree":{"sha":"6f882564465f7eeac8c366b17fa40d5a09722b8d","url":"https://api.github.com/repos/eclipse/che/git/trees/6f882564465f7eeac8c366b17fa40d5a09722b8d"},"url":"https://api.github.com/repos/eclipse/che/git/commits/0371a39d5c9b7ef0adbacf0b808daaf305294752","comment_count":0,"verification":{"verified":false,"reason":"unsigned","signature":null,"payload":null}},"url":"https://api.github.com/repos/eclipse/che/commits/0371a39d5c9b7ef0adbacf0b808daaf305294752","html_url":"https://github.com/eclipse/che/commit/0371a39d5c9b7ef0adbacf0b808daaf305294752","comments_url":"https://api.github.com/repos/eclipse/che/commits/0371a39d5c9b7ef0adbacf0b808daaf305294752/comments","author":null,"committer":null,"parents":[{"sha":"86fa506eb51aad0892dae78e12384d63821e24f4","url":"https://api.github.com/repos/eclipse/che/commits/86fa506eb51aad0892dae78e12384d63821e24f4","html_url":"https://github.com/eclipse/che/commit/86fa506eb51aad0892dae78e12384d63821e24f4"}],"stats":{"total":132,"additions":79,"deletions":53},"files":[{"sha":"27dda04faa90e92778070bda538215d545e8cb16","filename":"plugins/plugin-git/che-plugin-git-ext-git/src/main/java/org/eclipse/che/ide/ext/git/client/action/CompareWithBranchAction.java","status":"modified","additions":3,"deletions":1,"changes":4,"blob_url":"https://github.com/eclipse/che/blob/0371a39d5c9b7ef0adbacf0b808daaf305294752/plugins/plugin-git/che-plugin-git-ext-git/src/main/java/org/eclipse/che/ide/ext/git/client/action/CompareWithBranchAction.java","raw_url":"https://github.com/eclipse/che/raw/0371a39d5c9b7ef0adbacf0b808daaf305294752/plugins/plugin-git/che-plugin-git-ext-git/src/main/java/org/eclipse/che/ide/ext/git/client/action/CompareWithBranchAction.java","contents_url":"https://api.github.com/repos/eclipse/che/contents/plugins/plugin-git/che-plugin-git-ext-git/src/main/java/org/eclipse/che/ide/ext/git/client/action/CompareWithBranchAction.java?ref=0371a39d5c9b7ef0adbacf0b808daaf305294752","patch":"@@ -16,6 +16,7 @@\n import org.eclipse.che.ide.api.action.ActionEvent;\n import org.eclipse.che.ide.api.app.AppContext;\n import org.eclipse.che.ide.api.resources.Project;\n+import org.eclipse.che.ide.api.resources.Resource;\n import org.eclipse.che.ide.ext.git.client.GitLocalizationConstant;\n import org.eclipse.che.ide.ext.git.client.compare.branchList.BranchListPresenter;\n \n@@ -43,9 +44,10 @@ public CompareWithBranchAction(BranchListPresenter presenter,\n     @Override\n     public void actionPerformed(ActionEvent e) {\n         final Project project = appContext.getRootProject();\n+        final Resource resource = appContext.getResource();\n \n         checkState(project != null, \"Null project occurred\");\n \n-        presenter.showBranches(project);\n+        presenter.showBranches(project, resource);\n     }\n }"},{"sha":"581a2ef756ab7147b94b039931cdbeb994697c13","filename":"plugins/plugin-git/che-plugin-git-ext-git/src/main/java/org/eclipse/che/ide/ext/git/client/action/CompareWithLatestAction.java","status":"modified","additions":19,"deletions":9,"changes":28,"blob_url":"https://github.com/eclipse/che/blob/0371a39d5c9b7ef0adbacf0b808daaf305294752/plugins/plugin-git/che-plugin-git-ext-git/src/main/java/org/eclipse/che/ide/ext/git/client/action/CompareWithLatestAction.java","raw_url":"https://github.com/eclipse/che/raw/0371a39d5c9b7ef0adbacf0b808daaf305294752/plugins/plugin-git/che-plugin-git-ext-git/src/main/java/org/eclipse/che/ide/ext/git/client/action/CompareWithLatestAction.java","contents_url":"https://api.github.com/repos/eclipse/che/contents/plugins/plugin-git/che-plugin-git-ext-git/src/main/java/org/eclipse/che/ide/ext/git/client/action/CompareWithLatestAction.java?ref=0371a39d5c9b7ef0adbacf0b808daaf305294752","patch":"@@ -23,17 +23,17 @@\n import org.eclipse.che.ide.api.notification.NotificationManager;\n import org.eclipse.che.ide.api.resources.File;\n import org.eclipse.che.ide.api.resources.Project;\n+import org.eclipse.che.ide.api.resources.Resource;\n import org.eclipse.che.ide.ext.git.client.GitLocalizationConstant;\n import org.eclipse.che.ide.ext.git.client.compare.ComparePresenter;\n import org.eclipse.che.ide.ext.git.client.compare.FileStatus.Status;\n import org.eclipse.che.ide.ext.git.client.compare.changedList.ChangedListPresenter;\n import org.eclipse.che.ide.api.dialogs.DialogFactory;\n-\n-import java.util.Collections;\n import java.util.HashMap;\n import java.util.Map;\n \n import static com.google.common.base.Preconditions.checkState;\n+import static java.util.Collections.singletonList;\n import static org.eclipse.che.api.git.shared.DiffRequest.DiffType.NAME_STATUS;\n import static org.eclipse.che.ide.api.notification.StatusNotification.DisplayMode.NOT_EMERGE_MODE;\n import static org.eclipse.che.ide.api.notification.StatusNotification.Status.FAIL;\n@@ -78,10 +78,20 @@ public CompareWithLatestAction(ComparePresenter presenter,\n     public void actionPerformed(ActionEvent e) {\n \n         final Project project = appContext.getRootProject();\n+        final Resource resource = appContext.getResource();\n \n         checkState(project != null, \"Null project occurred\");\n+        checkState(project.getLocation().isPrefixOf(resource.getLocation()), \"Given selected item is not descendant of given project\");\n+\n+        final String selectedItemPath = resource.getLocation()\n+                                                .removeFirstSegments(project.getLocation().segmentCount())\n+                                                .removeTrailingSeparator()\n+                                                .toString();\n \n-        service.diff(appContext.getDevMachine(), project.getLocation(), Collections.<String>emptyList(), NAME_STATUS, false, 0, REVISION, false)\n+        service.diff(appContext.getDevMachine(),\n+                     project.getLocation(),\n+                     selectedItemPath.isEmpty() ? null : singletonList(selectedItemPath),\n+                     NAME_STATUS, false, 0, REVISION, false)\n                .then(new Operation<String>() {\n                    @Override\n                    public void apply(String diff) throws OperationException {\n@@ -109,11 +119,11 @@ public void apply(Optional<File> file) throws OperationException {\n                        }\n                    }\n                })\n-        .catchError(new Operation<PromiseError>() {\n-            @Override\n-            public void apply(PromiseError arg) throws OperationException {\n-                notificationManager.notify(locale.diffFailed(), FAIL, NOT_EMERGE_MODE);\n-            }\n-        });\n+               .catchError(new Operation<PromiseError>() {\n+                   @Override\n+                   public void apply(PromiseError arg) throws OperationException {\n+                       notificationManager.notify(locale.diffFailed(), FAIL, NOT_EMERGE_MODE);\n+                   }\n+               });\n     }\n }"},{"sha":"1663cc1b1a5a2d95bd831ab0ec2fef557afb54c7","filename":"plugins/plugin-git/che-plugin-git-ext-git/src/main/java/org/eclipse/che/ide/ext/git/client/compare/branchList/BranchListPresenter.java","status":"modified","additions":17,"deletions":5,"changes":22,"blob_url":"https://github.com/eclipse/che/blob/0371a39d5c9b7ef0adbacf0b808daaf305294752/plugins/plugin-git/che-plugin-git-ext-git/src/main/java/org/eclipse/che/ide/ext/git/client/compare/branchList/BranchListPresenter.java","raw_url":"https://github.com/eclipse/che/raw/0371a39d5c9b7ef0adbacf0b808daaf305294752/plugins/plugin-git/che-plugin-git-ext-git/src/main/java/org/eclipse/che/ide/ext/git/client/compare/branchList/BranchListPresenter.java","contents_url":"https://api.github.com/repos/eclipse/che/contents/plugins/plugin-git/che-plugin-git-ext-git/src/main/java/org/eclipse/che/ide/ext/git/client/compare/branchList/BranchListPresenter.java?ref=0371a39d5c9b7ef0adbacf0b808daaf305294752","patch":"@@ -23,6 +23,7 @@\n import org.eclipse.che.ide.api.notification.NotificationManager;\n import org.eclipse.che.ide.api.resources.File;\n import org.eclipse.che.ide.api.resources.Project;\n+import org.eclipse.che.ide.api.resources.Resource;\n import org.eclipse.che.ide.ext.git.client.GitLocalizationConstant;\n import org.eclipse.che.ide.ext.git.client.compare.ComparePresenter;\n import org.eclipse.che.ide.ext.git.client.compare.FileStatus.Status;\n@@ -33,11 +34,12 @@\n import org.eclipse.che.ide.api.dialogs.DialogFactory;\n \n import javax.validation.constraints.NotNull;\n-import java.util.Collections;\n import java.util.HashMap;\n import java.util.List;\n import java.util.Map;\n \n+import static com.google.common.base.Preconditions.checkState;\n+import static java.util.Collections.singletonList;\n import static org.eclipse.che.api.git.shared.BranchListRequest.LIST_ALL;\n import static org.eclipse.che.api.git.shared.DiffRequest.DiffType.NAME_STATUS;\n import static org.eclipse.che.ide.api.notification.StatusNotification.DisplayMode.NOT_EMERGE_MODE;\n@@ -64,8 +66,9 @@\n     private final AppContext               appContext;\n     private final NotificationManager      notificationManager;\n \n-    private Branch  selectedBranch;\n-    private Project project;\n+    private Branch   selectedBranch;\n+    private Project  project;\n+    private Resource selectedItem;\n \n     @Inject\n     public BranchListPresenter(BranchListView view,\n@@ -93,8 +96,11 @@ public BranchListPresenter(BranchListView view,\n     }\n \n     /** Open dialog and shows branches to compare. */\n-    public void showBranches(Project project) {\n+    public void showBranches(Project project, Resource selectedItem) {\n+        checkState(project.getLocation().isPrefixOf(selectedItem.getLocation()), \"Given selected item is not descendant of given project\");\n+\n         this.project = project;\n+        this.selectedItem = selectedItem;\n \n         getBranches();\n     }\n@@ -108,9 +114,15 @@ public void onCloseClicked() {\n     /** {@inheritDoc} */\n     @Override\n     public void onCompareClicked() {\n+\n+        final String selectedItemPath = selectedItem.getLocation()\n+                                                    .removeFirstSegments(project.getLocation().segmentCount())\n+                                                    .removeTrailingSeparator()\n+                                                    .toString();\n+\n         service.diff(appContext.getDevMachine(),\n                      project.getLocation(),\n-                     Collections.<String>emptyList(),\n+                     selectedItemPath.isEmpty() ? null : singletonList(selectedItemPath),\n                      NAME_STATUS,\n                      false,\n                      0,"},{"sha":"e08d0dcb517b7fff8054f3210c129900c6bef30e","filename":"plugins/plugin-git/che-plugin-git-ext-git/src/main/java/org/eclipse/che/ide/ext/git/client/compare/revisionsList/RevisionListPresenter.java","status":"modified","additions":40,"deletions":38,"changes":78,"blob_url":"https://github.com/eclipse/che/blob/0371a39d5c9b7ef0adbacf0b808daaf305294752/plugins/plugin-git/che-plugin-git-ext-git/src/main/java/org/eclipse/che/ide/ext/git/client/compare/revisionsList/RevisionListPresenter.java","raw_url":"https://github.com/eclipse/che/raw/0371a39d5c9b7ef0adbacf0b808daaf305294752/plugins/plugin-git/che-plugin-git-ext-git/src/main/java/org/eclipse/che/ide/ext/git/client/compare/revisionsList/RevisionListPresenter.java","contents_url":"https://api.github.com/repos/eclipse/che/contents/plugins/plugin-git/che-plugin-git-ext-git/src/main/java/org/eclipse/che/ide/ext/git/client/compare/revisionsList/RevisionListPresenter.java?ref=0371a39d5c9b7ef0adbacf0b808daaf305294752","patch":"@@ -58,7 +58,7 @@\n \n     private Revision selectedRevision;\n     private Project  project;\n-    private Path     selectedPath;\n+    private Path     selectedFilePath;\n \n     @Inject\n     public RevisionListPresenter(RevisionListView view,\n@@ -80,13 +80,14 @@ public RevisionListPresenter(RevisionListView view,\n     }\n \n     /** Open dialog and shows revisions to compare. */\n-    public void showRevisions(Project project, File file) {\n+    public void showRevisions(Project project, File selectedFile) {\n         this.project = project;\n \n-        checkState(project.getLocation().isPrefixOf(file.getLocation()), \"Given file is not descendant of given project\");\n-\n-        selectedPath = file.getLocation().removeFirstSegments(project.getLocation().segmentCount());\n+        checkState(project.getLocation().isPrefixOf(selectedFile.getLocation()), \"Given selected file is not descendant of given project\");\n \n+        selectedFilePath = selectedFile.getLocation()\n+                                       .removeFirstSegments(project.getLocation().segmentCount())\n+                                       .removeTrailingSeparator();\n         getRevisions();\n     }\n \n@@ -126,13 +127,14 @@ public void onRevisionDoubleClicked() {\n \n     /** Get list of revisions. */\n     private void getRevisions() {\n-        service.log(appContext.getDevMachine(), project.getLocation(), new Path[]{selectedPath}, false).then(new Operation<LogResponse>() {\n-            @Override\n-            public void apply(LogResponse log) throws OperationException {\n-                view.setRevisions(log.getCommits());\n-                view.showDialog();\n-            }\n-        }).catchError(new Operation<PromiseError>() {\n+        service.log(appContext.getDevMachine(), project.getLocation(), new Path[]{selectedFilePath}, false)\n+               .then(new Operation<LogResponse>() {\n+                   @Override\n+                   public void apply(LogResponse log) throws OperationException {\n+                       view.setRevisions(log.getCommits());\n+                       view.showDialog();\n+                   }\n+               }).catchError(new Operation<PromiseError>() {\n             @Override\n             public void apply(PromiseError error) throws OperationException {\n                 if (getErrorCode(error.getCause()) == ErrorCodes.INIT_COMMIT_WAS_NOT_PERFORMED) {\n@@ -149,36 +151,36 @@ public void apply(PromiseError error) throws OperationException {\n     private void compare() {\n         service.diff(appContext.getDevMachine(),\n                      project.getLocation(),\n-                     singletonList(selectedPath.toString()),\n+                     singletonList(selectedFilePath.toString()),\n                      NAME_STATUS,\n                      false,\n                      0,\n                      selectedRevision.getId(),\n                      false)\n-                .then(new Operation<String>() {\n-                    @Override\n-                    public void apply(final String diff) throws OperationException {\n-                        if (diff.isEmpty()) {\n-                            dialogFactory.createMessageDialog(locale.compareMessageIdenticalContentTitle(),\n-                                                              locale.compareMessageIdenticalContentText(), null).show();\n-                        } else {\n-                            project.getFile(diff.substring(2)).then(new Operation<Optional<File>>() {\n-                                @Override\n-                                public void apply(Optional<File> file) throws OperationException {\n-                                    if (file.isPresent()) {\n-                                        comparePresenter.show(file.get(), defineStatus(diff.substring(0, 1)), selectedRevision.getId());\n-                                    }\n-                                }\n-                            });\n-\n-                        }\n-                    }\n-                })\n-                .catchError(new Operation<PromiseError>() {\n-                    @Override\n-                    public void apply(PromiseError arg) throws OperationException {\n-                        notificationManager.notify(locale.diffFailed(), FAIL, NOT_EMERGE_MODE);\n-                    }\n-                });\n+               .then(new Operation<String>() {\n+                   @Override\n+                   public void apply(final String diff) throws OperationException {\n+                       if (diff.isEmpty()) {\n+                           dialogFactory.createMessageDialog(locale.compareMessageIdenticalContentTitle(),\n+                                                             locale.compareMessageIdenticalContentText(), null).show();\n+                       } else {\n+                           project.getFile(diff.substring(2)).then(new Operation<Optional<File>>() {\n+                               @Override\n+                               public void apply(Optional<File> file) throws OperationException {\n+                                   if (file.isPresent()) {\n+                                       comparePresenter.show(file.get(), defineStatus(diff.substring(0, 1)), selectedRevision.getId());\n+                                   }\n+                               }\n+                           });\n+\n+                       }\n+                   }\n+               })\n+               .catchError(new Operation<PromiseError>() {\n+                   @Override\n+                   public void apply(PromiseError arg) throws OperationException {\n+                       notificationManager.notify(locale.diffFailed(), FAIL, NOT_EMERGE_MODE);\n+                   }\n+               });\n     }\n }"}]}
