{"sha":"037859cb2c524bfa724a4b05612ca9fb32508f85","commit":{"author":{"name":"Max Shaposhnik","email":"mshaposh@redhat.com","date":"2017-07-25T06:57:04Z"},"committer":{"name":"Max Shaposhnik","email":"mshaposh@redhat.com","date":"2017-07-25T06:57:04Z"},"message":"fixes","tree":{"sha":"91e27605cbc5ebd6c8146697ed5f2ee9caab3844","url":"https://api.github.com/repos/eclipse/che/git/trees/91e27605cbc5ebd6c8146697ed5f2ee9caab3844"},"url":"https://api.github.com/repos/eclipse/che/git/commits/037859cb2c524bfa724a4b05612ca9fb32508f85","comment_count":0,"verification":{"verified":false,"reason":"unsigned","signature":null,"payload":null}},"url":"https://api.github.com/repos/eclipse/che/commits/037859cb2c524bfa724a4b05612ca9fb32508f85","html_url":"https://github.com/eclipse/che/commit/037859cb2c524bfa724a4b05612ca9fb32508f85","comments_url":"https://api.github.com/repos/eclipse/che/commits/037859cb2c524bfa724a4b05612ca9fb32508f85/comments","author":{"login":"mshaposhnik","id":1651062,"avatar_url":"https://avatars0.githubusercontent.com/u/1651062?v=4","gravatar_id":"","url":"https://api.github.com/users/mshaposhnik","html_url":"https://github.com/mshaposhnik","followers_url":"https://api.github.com/users/mshaposhnik/followers","following_url":"https://api.github.com/users/mshaposhnik/following{/other_user}","gists_url":"https://api.github.com/users/mshaposhnik/gists{/gist_id}","starred_url":"https://api.github.com/users/mshaposhnik/starred{/owner}{/repo}","subscriptions_url":"https://api.github.com/users/mshaposhnik/subscriptions","organizations_url":"https://api.github.com/users/mshaposhnik/orgs","repos_url":"https://api.github.com/users/mshaposhnik/repos","events_url":"https://api.github.com/users/mshaposhnik/events{/privacy}","received_events_url":"https://api.github.com/users/mshaposhnik/received_events","type":"User","site_admin":false},"committer":{"login":"mshaposhnik","id":1651062,"avatar_url":"https://avatars0.githubusercontent.com/u/1651062?v=4","gravatar_id":"","url":"https://api.github.com/users/mshaposhnik","html_url":"https://github.com/mshaposhnik","followers_url":"https://api.github.com/users/mshaposhnik/followers","following_url":"https://api.github.com/users/mshaposhnik/following{/other_user}","gists_url":"https://api.github.com/users/mshaposhnik/gists{/gist_id}","starred_url":"https://api.github.com/users/mshaposhnik/starred{/owner}{/repo}","subscriptions_url":"https://api.github.com/users/mshaposhnik/subscriptions","organizations_url":"https://api.github.com/users/mshaposhnik/orgs","repos_url":"https://api.github.com/users/mshaposhnik/repos","events_url":"https://api.github.com/users/mshaposhnik/events{/privacy}","received_events_url":"https://api.github.com/users/mshaposhnik/received_events","type":"User","site_admin":false},"parents":[{"sha":"163bf70bb0d5dec7c35819b14c99898a8b3919bf","url":"https://api.github.com/repos/eclipse/che/commits/163bf70bb0d5dec7c35819b14c99898a8b3919bf","html_url":"https://github.com/eclipse/che/commit/163bf70bb0d5dec7c35819b14c99898a8b3919bf"}],"stats":{"total":3,"additions":0,"deletions":3},"files":[{"sha":"e9d74b90f86b30c46bff1d53c95124768472b0bd","filename":"plugins/plugin-keycloak/che-plugin-keycloak-server/src/main/java/org/eclipse/che/keycloak/server/KeycloakAuthenticationFilter.java","status":"modified","additions":0,"deletions":2,"changes":2,"blob_url":"https://github.com/eclipse/che/blob/037859cb2c524bfa724a4b05612ca9fb32508f85/plugins/plugin-keycloak/che-plugin-keycloak-server/src/main/java/org/eclipse/che/keycloak/server/KeycloakAuthenticationFilter.java","raw_url":"https://github.com/eclipse/che/raw/037859cb2c524bfa724a4b05612ca9fb32508f85/plugins/plugin-keycloak/che-plugin-keycloak-server/src/main/java/org/eclipse/che/keycloak/server/KeycloakAuthenticationFilter.java","contents_url":"https://api.github.com/repos/eclipse/che/contents/plugins/plugin-keycloak/che-plugin-keycloak-server/src/main/java/org/eclipse/che/keycloak/server/KeycloakAuthenticationFilter.java?ref=037859cb2c524bfa724a4b05612ca9fb32508f85","patch":"@@ -23,11 +23,9 @@\n     public void doFilter(ServletRequest req, ServletResponse res, FilterChain chain)\n             throws IOException, ServletException {\n         HttpServletRequest request = (HttpServletRequest) req;\n-        // TODO: use KeycloakOIDCFilter skip setting\n         if (request.getRequestURI().endsWith(\"/ws\") || request.getRequestURI().endsWith(\"/eventbus\")\n             || request.getScheme().equals(\"ws\") || req.getScheme().equals(\"wss\") || request.getRequestURI().contains(\"/websocket/\") ||\n             (getToken(request) != null && getToken(request).startsWith(\"machine\"))) {\n-            System.out.println(\"Skipping \" + request.getRequestURI());\n             chain.doFilter(req, res);\n         } else {\n             super.doFilter(req, res, chain);"},{"sha":"e4a5d2455bd741ce740ac8b86e962428e738dd1e","filename":"plugins/plugin-keycloak/che-plugin-keycloak-server/src/main/java/org/eclipse/che/keycloak/server/KeycloakEnvironmentInitalizationFilter.java","status":"modified","additions":0,"deletions":1,"changes":1,"blob_url":"https://github.com/eclipse/che/blob/037859cb2c524bfa724a4b05612ca9fb32508f85/plugins/plugin-keycloak/che-plugin-keycloak-server/src/main/java/org/eclipse/che/keycloak/server/KeycloakEnvironmentInitalizationFilter.java","raw_url":"https://github.com/eclipse/che/raw/037859cb2c524bfa724a4b05612ca9fb32508f85/plugins/plugin-keycloak/che-plugin-keycloak-server/src/main/java/org/eclipse/che/keycloak/server/KeycloakEnvironmentInitalizationFilter.java","contents_url":"https://api.github.com/repos/eclipse/che/contents/plugins/plugin-keycloak/che-plugin-keycloak-server/src/main/java/org/eclipse/che/keycloak/server/KeycloakEnvironmentInitalizationFilter.java?ref=037859cb2c524bfa724a4b05612ca9fb32508f85","patch":"@@ -68,7 +68,6 @@ public void doFilter(ServletRequest request, ServletResponse response, FilterCha\n             throws IOException, ServletException {\n \n         final HttpServletRequest httpRequest = (HttpServletRequest)request;\n-        // TODO: use KeycloakOIDCFilter skip setting\n         if (httpRequest.getRequestURI().endsWith(\"/ws\") || httpRequest.getRequestURI().endsWith(\"/eventbus\")\n             || request.getScheme().equals(\"ws\") || httpRequest.getScheme().equals(\"wss\") || httpRequest.getRequestURI().contains(\"/websocket/\")) {\n             filterChain.doFilter(request, response);"}]}
