{"sha":"03a06813e979b069f2ab313e941938815c485f1d","commit":{"author":{"name":"Roman Iuvshyn","email":"riuvshyn@redhat.com","date":"2018-03-23T13:46:31Z"},"committer":{"name":"GitHub","email":"noreply@github.com","date":"2018-03-23T13:46:31Z"},"message":"ocp.sh clean up (#9207)\n\nocp.sh clean up","tree":{"sha":"b923bd1ad6672d67b1f157aa0e5790e6b4ae05c0","url":"https://api.github.com/repos/eclipse/che/git/trees/b923bd1ad6672d67b1f157aa0e5790e6b4ae05c0"},"url":"https://api.github.com/repos/eclipse/che/git/commits/03a06813e979b069f2ab313e941938815c485f1d","comment_count":0,"verification":{"verified":true,"reason":"valid","signature":"-----BEGIN PGP SIGNATURE-----\n\nwsBcBAABCAAQBQJatQU3CRBK7hj4Ov3rIwAAdHIIAGokrYlD1a1pxSkcMOZB9B2V\n4F9drNErq43twL9hO/AugpkGE2mFYZCLnvLSlx2WxX+KPEGZG3TRIAJg15YRQrMu\nYqE0gFGWD94lDA/CxHwpentuaz8gCObWmCp1GSu5riTmQyDje45YrDPWsC25m96X\nHhBGcBAZZf9sxiKXcNSpExy3vwK9yNhF55hLHdXKicrj9//zU+itMTCNYx8Sgi1O\nUHxMLOJ0NUQskDtrKMUgtjI7A+J5psEWUesoHEFBwBX50cP/tAUlVuki13y34uxQ\n1lawv2JheDy+NlUZBC7IX1szipeBpsEjlYHu/glJhOHeM7mO2aPaWeH+N7bkKTU=\n=jZBy\n-----END PGP SIGNATURE-----\n","payload":"tree b923bd1ad6672d67b1f157aa0e5790e6b4ae05c0\nparent ff3459d2d31639c1003a0298ce958e454a285c81\nauthor Roman Iuvshyn <riuvshyn@redhat.com> 1521812791 +0200\ncommitter GitHub <noreply@github.com> 1521812791 +0200\n\nocp.sh clean up (#9207)\n\nocp.sh clean up"}},"url":"https://api.github.com/repos/eclipse/che/commits/03a06813e979b069f2ab313e941938815c485f1d","html_url":"https://github.com/eclipse/che/commit/03a06813e979b069f2ab313e941938815c485f1d","comments_url":"https://api.github.com/repos/eclipse/che/commits/03a06813e979b069f2ab313e941938815c485f1d/comments","author":{"login":"riuvshin","id":1636732,"avatar_url":"https://avatars2.githubusercontent.com/u/1636732?v=4","gravatar_id":"","url":"https://api.github.com/users/riuvshin","html_url":"https://github.com/riuvshin","followers_url":"https://api.github.com/users/riuvshin/followers","following_url":"https://api.github.com/users/riuvshin/following{/other_user}","gists_url":"https://api.github.com/users/riuvshin/gists{/gist_id}","starred_url":"https://api.github.com/users/riuvshin/starred{/owner}{/repo}","subscriptions_url":"https://api.github.com/users/riuvshin/subscriptions","organizations_url":"https://api.github.com/users/riuvshin/orgs","repos_url":"https://api.github.com/users/riuvshin/repos","events_url":"https://api.github.com/users/riuvshin/events{/privacy}","received_events_url":"https://api.github.com/users/riuvshin/received_events","type":"User","site_admin":false},"committer":{"login":"web-flow","id":19864447,"avatar_url":"https://avatars3.githubusercontent.com/u/19864447?v=4","gravatar_id":"","url":"https://api.github.com/users/web-flow","html_url":"https://github.com/web-flow","followers_url":"https://api.github.com/users/web-flow/followers","following_url":"https://api.github.com/users/web-flow/following{/other_user}","gists_url":"https://api.github.com/users/web-flow/gists{/gist_id}","starred_url":"https://api.github.com/users/web-flow/starred{/owner}{/repo}","subscriptions_url":"https://api.github.com/users/web-flow/subscriptions","organizations_url":"https://api.github.com/users/web-flow/orgs","repos_url":"https://api.github.com/users/web-flow/repos","events_url":"https://api.github.com/users/web-flow/events{/privacy}","received_events_url":"https://api.github.com/users/web-flow/received_events","type":"User","site_admin":false},"parents":[{"sha":"ff3459d2d31639c1003a0298ce958e454a285c81","url":"https://api.github.com/repos/eclipse/che/commits/ff3459d2d31639c1003a0298ce958e454a285c81","html_url":"https://github.com/eclipse/che/commit/ff3459d2d31639c1003a0298ce958e454a285c81"}],"stats":{"total":3,"additions":0,"deletions":3},"files":[{"sha":"83c6aed02a38a45ca37926d3dc71c2ed4634d767","filename":"deploy/openshift/ocp.sh","status":"modified","additions":0,"deletions":3,"changes":3,"blob_url":"https://github.com/eclipse/che/blob/03a06813e979b069f2ab313e941938815c485f1d/deploy/openshift/ocp.sh","raw_url":"https://github.com/eclipse/che/raw/03a06813e979b069f2ab313e941938815c485f1d/deploy/openshift/ocp.sh","contents_url":"https://api.github.com/repos/eclipse/che/contents/deploy/openshift/ocp.sh?ref=03a06813e979b069f2ab313e941938815c485f1d","patch":"@@ -71,9 +71,6 @@ export IMAGE_PULL_POLICY=${IMAGE_PULL_POLICY:-${DEFAULT_IMAGE_PULL_POLICY}}\n DEFAULT_CHE_IMAGE_REPO=\"eclipse/che-server\"\n export CHE_IMAGE_REPO=${CHE_IMAGE_REPO:-${DEFAULT_CHE_IMAGE_REPO}}\n \n-DEFAULT_CONFIG_DIR=\"/tmp/che-config\"\n-export CONFIG_DIR=${CONFIG_DIR:-${DEFAULT_CONFIG_DIR}}\n-\n }\n \n test_dns_provider() {"}]}
