{"sha":"03a0e091624266bc7acd91b654e9e3ae11a444cb","commit":{"author":{"name":"Vitalii Parfonov","email":"vparfonov@codenvy.com","date":"2016-04-07T13:34:28Z"},"committer":{"name":"Vitalii Parfonov","email":"vparfonov@codenvy.com","date":"2016-04-07T13:34:28Z"},"message":"Merge pull request #986 from eclipse/CHE-950\n\nFix path in Project DTO","tree":{"sha":"1c68b3d9c58711a6c90022a7297f9ad9dcec846a","url":"https://api.github.com/repos/eclipse/che/git/trees/1c68b3d9c58711a6c90022a7297f9ad9dcec846a"},"url":"https://api.github.com/repos/eclipse/che/git/commits/03a0e091624266bc7acd91b654e9e3ae11a444cb","comment_count":0,"verification":{"verified":false,"reason":"unsigned","signature":null,"payload":null}},"url":"https://api.github.com/repos/eclipse/che/commits/03a0e091624266bc7acd91b654e9e3ae11a444cb","html_url":"https://github.com/eclipse/che/commit/03a0e091624266bc7acd91b654e9e3ae11a444cb","comments_url":"https://api.github.com/repos/eclipse/che/commits/03a0e091624266bc7acd91b654e9e3ae11a444cb/comments","author":{"login":"vparfonov","id":1636592,"avatar_url":"https://avatars1.githubusercontent.com/u/1636592?v=4","gravatar_id":"","url":"https://api.github.com/users/vparfonov","html_url":"https://github.com/vparfonov","followers_url":"https://api.github.com/users/vparfonov/followers","following_url":"https://api.github.com/users/vparfonov/following{/other_user}","gists_url":"https://api.github.com/users/vparfonov/gists{/gist_id}","starred_url":"https://api.github.com/users/vparfonov/starred{/owner}{/repo}","subscriptions_url":"https://api.github.com/users/vparfonov/subscriptions","organizations_url":"https://api.github.com/users/vparfonov/orgs","repos_url":"https://api.github.com/users/vparfonov/repos","events_url":"https://api.github.com/users/vparfonov/events{/privacy}","received_events_url":"https://api.github.com/users/vparfonov/received_events","type":"User","site_admin":false},"committer":{"login":"vparfonov","id":1636592,"avatar_url":"https://avatars1.githubusercontent.com/u/1636592?v=4","gravatar_id":"","url":"https://api.github.com/users/vparfonov","html_url":"https://github.com/vparfonov","followers_url":"https://api.github.com/users/vparfonov/followers","following_url":"https://api.github.com/users/vparfonov/following{/other_user}","gists_url":"https://api.github.com/users/vparfonov/gists{/gist_id}","starred_url":"https://api.github.com/users/vparfonov/starred{/owner}{/repo}","subscriptions_url":"https://api.github.com/users/vparfonov/subscriptions","organizations_url":"https://api.github.com/users/vparfonov/orgs","repos_url":"https://api.github.com/users/vparfonov/repos","events_url":"https://api.github.com/users/vparfonov/events{/privacy}","received_events_url":"https://api.github.com/users/vparfonov/received_events","type":"User","site_admin":false},"parents":[{"sha":"46cc2b4bff4c21134cfcaac59dff50936c8d27b4","url":"https://api.github.com/repos/eclipse/che/commits/46cc2b4bff4c21134cfcaac59dff50936c8d27b4","html_url":"https://github.com/eclipse/che/commit/46cc2b4bff4c21134cfcaac59dff50936c8d27b4"},{"sha":"99edcd02d2cd648e7b4cab784afbe4a37a7cf8e3","url":"https://api.github.com/repos/eclipse/che/commits/99edcd02d2cd648e7b4cab784afbe4a37a7cf8e3","html_url":"https://github.com/eclipse/che/commit/99edcd02d2cd648e7b4cab784afbe4a37a7cf8e3"}],"stats":{"total":3,"additions":2,"deletions":1},"files":[{"sha":"84ba6365778128e55825c9e5e14fe5fec515d7f0","filename":"core/ide/che-core-ide-app/src/main/java/org/eclipse/che/ide/projecttype/wizard/categoriespage/CategoriesPagePresenter.java","status":"modified","additions":2,"deletions":1,"changes":3,"blob_url":"https://github.com/eclipse/che/blob/03a0e091624266bc7acd91b654e9e3ae11a444cb/core/ide/che-core-ide-app/src/main/java/org/eclipse/che/ide/projecttype/wizard/categoriespage/CategoriesPagePresenter.java","raw_url":"https://github.com/eclipse/che/raw/03a0e091624266bc7acd91b654e9e3ae11a444cb/core/ide/che-core-ide-app/src/main/java/org/eclipse/che/ide/projecttype/wizard/categoriespage/CategoriesPagePresenter.java","contents_url":"https://api.github.com/repos/eclipse/che/contents/core/ide/che-core-ide-app/src/main/java/org/eclipse/che/ide/projecttype/wizard/categoriespage/CategoriesPagePresenter.java?ref=03a0e091624266bc7acd91b654e9e3ae11a444cb","patch":"@@ -21,6 +21,7 @@\n import org.eclipse.che.ide.api.project.type.wizard.ProjectWizardMode;\n import org.eclipse.che.ide.api.project.type.wizard.ProjectWizardRegistry;\n import org.eclipse.che.ide.api.wizard.AbstractWizardPage;\n+import org.eclipse.che.ide.resource.Path;\n import org.eclipse.che.ide.util.NameUtils;\n \n import java.util.*;\n@@ -139,7 +140,7 @@ public void projectTemplateSelected(ProjectTemplateDescriptor templateDescriptor\n \n     @Override\n     public void projectNameChanged(String name) {\n-        dataObject.setPath(name);\n+        dataObject.setPath(Path.valueOf(name).makeAbsolute().toString());\n         dataObject.setName(name);\n         updateDelegate.updateControls();\n "}]}
