{"sha":"03cf4f65d517046f53506e8c1a6bd079596de1bf","commit":{"author":{"name":"Igor Vinokur","email":"ivinokur@codenvy.com","date":"2016-04-27T09:27:05Z"},"committer":{"name":"Igor Vinokur","email":"ivinokur@codenvy.com","date":"2016-04-27T11:19:16Z"},"message":"CHE-1069: Decouple server and shared part of che-core-api-ssh","tree":{"sha":"dec966404d1341fd3889dd60c4cafb9231ad65ae","url":"https://api.github.com/repos/eclipse/che/git/trees/dec966404d1341fd3889dd60c4cafb9231ad65ae"},"url":"https://api.github.com/repos/eclipse/che/git/commits/03cf4f65d517046f53506e8c1a6bd079596de1bf","comment_count":0,"verification":{"verified":false,"reason":"unsigned","signature":null,"payload":null}},"url":"https://api.github.com/repos/eclipse/che/commits/03cf4f65d517046f53506e8c1a6bd079596de1bf","html_url":"https://github.com/eclipse/che/commit/03cf4f65d517046f53506e8c1a6bd079596de1bf","comments_url":"https://api.github.com/repos/eclipse/che/commits/03cf4f65d517046f53506e8c1a6bd079596de1bf/comments","author":null,"committer":null,"parents":[{"sha":"f3b3adc7e4b35b66dfb1e8370880cab2afbf4701","url":"https://api.github.com/repos/eclipse/che/commits/f3b3adc7e4b35b66dfb1e8370880cab2afbf4701","html_url":"https://github.com/eclipse/che/commit/f3b3adc7e4b35b66dfb1e8370880cab2afbf4701"}],"stats":{"total":77,"additions":69,"deletions":8},"files":[{"sha":"bb9907fd40f8f9a71dd04297bc2e698eaf53257d","filename":"core/platform-api-client-gwt/che-core-client-gwt-ssh/pom.xml","status":"modified","additions":2,"deletions":4,"changes":6,"blob_url":"https://github.com/eclipse/che/blob/03cf4f65d517046f53506e8c1a6bd079596de1bf/core/platform-api-client-gwt/che-core-client-gwt-ssh/pom.xml","raw_url":"https://github.com/eclipse/che/raw/03cf4f65d517046f53506e8c1a6bd079596de1bf/core/platform-api-client-gwt/che-core-client-gwt-ssh/pom.xml","contents_url":"https://api.github.com/repos/eclipse/che/contents/core/platform-api-client-gwt/che-core-client-gwt-ssh/pom.xml?ref=03cf4f65d517046f53506e8c1a6bd079596de1bf","patch":"@@ -33,20 +33,18 @@\n         <dependency>\n             <groupId>org.eclipse.che.core</groupId>\n             <artifactId>che-core-api-core</artifactId>\n-            <version>${project.version}</version>\n         </dependency>\n         <dependency>\n             <groupId>org.eclipse.che.core</groupId>\n             <artifactId>che-core-api-dto</artifactId>\n         </dependency>\n         <dependency>\n             <groupId>org.eclipse.che.core</groupId>\n-            <artifactId>che-core-api-ssh</artifactId>\n+            <artifactId>che-core-api-ssh-shared</artifactId>\n         </dependency>\n         <dependency>\n             <groupId>org.eclipse.che.core</groupId>\n             <artifactId>che-core-client-gwt-core</artifactId>\n-            <version>${project.version}</version>\n         </dependency>\n         <dependency>\n             <groupId>org.eclipse.che.core</groupId>\n@@ -100,7 +98,7 @@\n                     </dependency>\n                     <dependency>\n                         <groupId>org.eclipse.che.core</groupId>\n-                        <artifactId>che-core-api-ssh</artifactId>\n+                        <artifactId>che-core-api-ssh-shared</artifactId>\n                         <version>${project.version}</version>\n                     </dependency>\n                     <dependency>"},{"sha":"164f264815f6c864c15b63d9088f9013ef82232a","filename":"plugins/plugin-git/che-plugin-git-ssh-client/pom.xml","status":"modified","additions":1,"deletions":1,"changes":2,"blob_url":"https://github.com/eclipse/che/blob/03cf4f65d517046f53506e8c1a6bd079596de1bf/plugins/plugin-git/che-plugin-git-ssh-client/pom.xml","raw_url":"https://github.com/eclipse/che/raw/03cf4f65d517046f53506e8c1a6bd079596de1bf/plugins/plugin-git/che-plugin-git-ssh-client/pom.xml","contents_url":"https://api.github.com/repos/eclipse/che/contents/plugins/plugin-git/che-plugin-git-ssh-client/pom.xml?ref=03cf4f65d517046f53506e8c1a6bd079596de1bf","patch":"@@ -42,7 +42,7 @@\n         </dependency>\n         <dependency>\n             <groupId>org.eclipse.che.core</groupId>\n-            <artifactId>che-core-api-ssh</artifactId>\n+            <artifactId>che-core-api-ssh-shared</artifactId>\n         </dependency>\n         <dependency>\n             <groupId>org.eclipse.che.core</groupId>"},{"sha":"a0bf59cc2a650bd161a95a0fe9da46bf627c9423","filename":"plugins/plugin-github/che-plugin-github-ide/pom.xml","status":"modified","additions":1,"deletions":1,"changes":2,"blob_url":"https://github.com/eclipse/che/blob/03cf4f65d517046f53506e8c1a6bd079596de1bf/plugins/plugin-github/che-plugin-github-ide/pom.xml","raw_url":"https://github.com/eclipse/che/raw/03cf4f65d517046f53506e8c1a6bd079596de1bf/plugins/plugin-github/che-plugin-github-ide/pom.xml","contents_url":"https://api.github.com/repos/eclipse/che/contents/plugins/plugin-github/che-plugin-github-ide/pom.xml?ref=03cf4f65d517046f53506e8c1a6bd079596de1bf","patch":"@@ -51,7 +51,7 @@\n         </dependency>\n         <dependency>\n             <groupId>org.eclipse.che.core</groupId>\n-            <artifactId>che-core-api-ssh</artifactId>\n+            <artifactId>che-core-api-ssh-shared</artifactId>\n         </dependency>\n         <dependency>\n             <groupId>org.eclipse.che.core</groupId>"},{"sha":"237240456ccdc569bbe66a0a1b8baa6585729ab8","filename":"plugins/plugin-github/che-plugin-github-server/pom.xml","status":"modified","additions":4,"deletions":0,"changes":4,"blob_url":"https://github.com/eclipse/che/blob/03cf4f65d517046f53506e8c1a6bd079596de1bf/plugins/plugin-github/che-plugin-github-server/pom.xml","raw_url":"https://github.com/eclipse/che/raw/03cf4f65d517046f53506e8c1a6bd079596de1bf/plugins/plugin-github/che-plugin-github-server/pom.xml","contents_url":"https://api.github.com/repos/eclipse/che/contents/plugins/plugin-github/che-plugin-github-server/pom.xml?ref=03cf4f65d517046f53506e8c1a6bd079596de1bf","patch":"@@ -69,6 +69,10 @@\n             <groupId>org.eclipse.che.core</groupId>\n             <artifactId>che-core-api-ssh</artifactId>\n         </dependency>\n+        <dependency>\n+            <groupId>org.eclipse.che.core</groupId>\n+            <artifactId>che-core-api-ssh-shared</artifactId>\n+        </dependency>\n         <dependency>\n             <groupId>org.eclipse.che.core</groupId>\n             <artifactId>che-core-commons-annotations</artifactId>"},{"sha":"e84437597442604c9051054dad707004267faecb","filename":"plugins/plugin-machine/che-plugin-machine-ssh-client/pom.xml","status":"modified","additions":1,"deletions":1,"changes":2,"blob_url":"https://github.com/eclipse/che/blob/03cf4f65d517046f53506e8c1a6bd079596de1bf/plugins/plugin-machine/che-plugin-machine-ssh-client/pom.xml","raw_url":"https://github.com/eclipse/che/raw/03cf4f65d517046f53506e8c1a6bd079596de1bf/plugins/plugin-machine/che-plugin-machine-ssh-client/pom.xml","contents_url":"https://api.github.com/repos/eclipse/che/contents/plugins/plugin-machine/che-plugin-machine-ssh-client/pom.xml?ref=03cf4f65d517046f53506e8c1a6bd079596de1bf","patch":"@@ -38,7 +38,7 @@\n         </dependency>\n         <dependency>\n             <groupId>org.eclipse.che.core</groupId>\n-            <artifactId>che-core-api-ssh</artifactId>\n+            <artifactId>che-core-api-ssh-shared</artifactId>\n         </dependency>\n         <dependency>\n             <groupId>org.eclipse.che.core</groupId>"},{"sha":"cee2287e47481a42806c048d91760d7b75b30e4f","filename":"pom.xml","status":"modified","additions":5,"deletions":0,"changes":5,"blob_url":"https://github.com/eclipse/che/blob/03cf4f65d517046f53506e8c1a6bd079596de1bf/pom.xml","raw_url":"https://github.com/eclipse/che/raw/03cf4f65d517046f53506e8c1a6bd079596de1bf/pom.xml","contents_url":"https://api.github.com/repos/eclipse/che/contents/pom.xml?ref=03cf4f65d517046f53506e8c1a6bd079596de1bf","patch":"@@ -135,6 +135,11 @@\n                 <artifactId>che-core-api-ssh</artifactId>\n                 <version>${project.version}</version>\n             </dependency>\n+            <dependency>\n+                <groupId>org.eclipse.che.core</groupId>\n+                <artifactId>che-core-api-ssh-shared</artifactId>\n+                <version>${project.version}</version>\n+            </dependency>\n             <dependency>\n                 <groupId>org.eclipse.che.core</groupId>\n                 <artifactId>che-core-api-user</artifactId>"},{"sha":"d2061f727f995f30c647fc1d5866cd4b980240b1","filename":"wsagent/che-core-git-impl-native/pom.xml","status":"modified","additions":4,"deletions":0,"changes":4,"blob_url":"https://github.com/eclipse/che/blob/03cf4f65d517046f53506e8c1a6bd079596de1bf/wsagent/che-core-git-impl-native/pom.xml","raw_url":"https://github.com/eclipse/che/raw/03cf4f65d517046f53506e8c1a6bd079596de1bf/wsagent/che-core-git-impl-native/pom.xml","contents_url":"https://api.github.com/repos/eclipse/che/contents/wsagent/che-core-git-impl-native/pom.xml?ref=03cf4f65d517046f53506e8c1a6bd079596de1bf","patch":"@@ -86,6 +86,10 @@\n             <groupId>org.eclipse.che.core</groupId>\n             <artifactId>che-core-api-ssh</artifactId>\n         </dependency>\n+        <dependency>\n+            <groupId>org.eclipse.che.core</groupId>\n+            <artifactId>che-core-api-ssh-shared</artifactId>\n+        </dependency>\n         <dependency>\n             <groupId>org.eclipse.che.core</groupId>\n             <artifactId>che-core-api-user</artifactId>"},{"sha":"35f6e042d0381b1a3c7981029ef1fdedc13f7222","filename":"wsmaster/che-core-api-ssh-shared/pom.xml","status":"added","additions":45,"deletions":0,"changes":45,"blob_url":"https://github.com/eclipse/che/blob/03cf4f65d517046f53506e8c1a6bd079596de1bf/wsmaster/che-core-api-ssh-shared/pom.xml","raw_url":"https://github.com/eclipse/che/raw/03cf4f65d517046f53506e8c1a6bd079596de1bf/wsmaster/che-core-api-ssh-shared/pom.xml","contents_url":"https://api.github.com/repos/eclipse/che/contents/wsmaster/che-core-api-ssh-shared/pom.xml?ref=03cf4f65d517046f53506e8c1a6bd079596de1bf","patch":"@@ -0,0 +1,45 @@\n+<?xml version=\"1.0\" encoding=\"UTF-8\"?>\n+<!--\n+\n+    Copyright (c) 2012-2016 Codenvy, S.A.\n+    All rights reserved. This program and the accompanying materials\n+    are made available under the terms of the Eclipse Public License v1.0\n+    which accompanies this distribution, and is available at\n+    http://www.eclipse.org/legal/epl-v10.html\n+\n+    Contributors:\n+      Codenvy, S.A. - initial API and implementation\n+\n+-->\n+<project xmlns=\"http://maven.apache.org/POM/4.0.0\" xmlns:xsi=\"http://www.w3.org/2001/XMLSchema-instance\" xsi:schemaLocation=\"http://maven.apache.org/POM/4.0.0 http://maven.apache.org/maven-v4_0_0.xsd\">\n+    <modelVersion>4.0.0</modelVersion>\n+    <parent>\n+        <artifactId>che-master-parent</artifactId>\n+        <groupId>org.eclipse.che.core</groupId>\n+        <version>4.3.0-RC1-SNAPSHOT</version>\n+    </parent>\n+    <artifactId>che-core-api-ssh-shared</artifactId>\n+    <packaging>jar</packaging>\n+    <name>Che Core :: API :: SSH :: Shared</name>\n+    <dependencies>\n+        <dependency>\n+            <groupId>org.eclipse.che.core</groupId>\n+            <artifactId>che-core-api-core</artifactId>\n+        </dependency>\n+        <dependency>\n+            <groupId>org.eclipse.che.core</groupId>\n+            <artifactId>che-core-api-dto</artifactId>\n+        </dependency>\n+        <dependency>\n+            <groupId>org.eclipse.che.core</groupId>\n+            <artifactId>che-core-commons-annotations</artifactId>\n+        </dependency>\n+    </dependencies>\n+    <build>\n+        <resources>\n+            <resource>\n+                <directory>src/main/java</directory>\n+            </resource>\n+        </resources>\n+    </build>\n+</project>"},{"sha":"b3e96b46729cf40a42993c78ea4a037a9d4d88ca","filename":"wsmaster/che-core-api-ssh-shared/src/main/java/org/eclipse/che/api/ssh/shared/Constants.java","status":"renamed","additions":0,"deletions":0,"changes":0,"blob_url":"https://github.com/eclipse/che/blob/03cf4f65d517046f53506e8c1a6bd079596de1bf/wsmaster/che-core-api-ssh-shared/src/main/java/org/eclipse/che/api/ssh/shared/Constants.java","raw_url":"https://github.com/eclipse/che/raw/03cf4f65d517046f53506e8c1a6bd079596de1bf/wsmaster/che-core-api-ssh-shared/src/main/java/org/eclipse/che/api/ssh/shared/Constants.java","contents_url":"https://api.github.com/repos/eclipse/che/contents/wsmaster/che-core-api-ssh-shared/src/main/java/org/eclipse/che/api/ssh/shared/Constants.java?ref=03cf4f65d517046f53506e8c1a6bd079596de1bf","previous_filename":"wsmaster/che-core-api-ssh/src/main/java/org/eclipse/che/api/ssh/shared/Constants.java"},{"sha":"55856246b1e7377f1557d67e83f6cf06895e8241","filename":"wsmaster/che-core-api-ssh-shared/src/main/java/org/eclipse/che/api/ssh/shared/dto/GenerateSshPairRequest.java","status":"renamed","additions":0,"deletions":0,"changes":0,"blob_url":"https://github.com/eclipse/che/blob/03cf4f65d517046f53506e8c1a6bd079596de1bf/wsmaster/che-core-api-ssh-shared/src/main/java/org/eclipse/che/api/ssh/shared/dto/GenerateSshPairRequest.java","raw_url":"https://github.com/eclipse/che/raw/03cf4f65d517046f53506e8c1a6bd079596de1bf/wsmaster/che-core-api-ssh-shared/src/main/java/org/eclipse/che/api/ssh/shared/dto/GenerateSshPairRequest.java","contents_url":"https://api.github.com/repos/eclipse/che/contents/wsmaster/che-core-api-ssh-shared/src/main/java/org/eclipse/che/api/ssh/shared/dto/GenerateSshPairRequest.java?ref=03cf4f65d517046f53506e8c1a6bd079596de1bf","previous_filename":"wsmaster/che-core-api-ssh/src/main/java/org/eclipse/che/api/ssh/shared/dto/GenerateSshPairRequest.java"},{"sha":"564ff0b4931defc34a0c08d44ea8fadd745cd420","filename":"wsmaster/che-core-api-ssh-shared/src/main/java/org/eclipse/che/api/ssh/shared/dto/SshPairDto.java","status":"renamed","additions":0,"deletions":0,"changes":0,"blob_url":"https://github.com/eclipse/che/blob/03cf4f65d517046f53506e8c1a6bd079596de1bf/wsmaster/che-core-api-ssh-shared/src/main/java/org/eclipse/che/api/ssh/shared/dto/SshPairDto.java","raw_url":"https://github.com/eclipse/che/raw/03cf4f65d517046f53506e8c1a6bd079596de1bf/wsmaster/che-core-api-ssh-shared/src/main/java/org/eclipse/che/api/ssh/shared/dto/SshPairDto.java","contents_url":"https://api.github.com/repos/eclipse/che/contents/wsmaster/che-core-api-ssh-shared/src/main/java/org/eclipse/che/api/ssh/shared/dto/SshPairDto.java?ref=03cf4f65d517046f53506e8c1a6bd079596de1bf","previous_filename":"wsmaster/che-core-api-ssh/src/main/java/org/eclipse/che/api/ssh/shared/dto/SshPairDto.java"},{"sha":"12104db486629ff510a6ecd4d902b81f0aac816a","filename":"wsmaster/che-core-api-ssh-shared/src/main/java/org/eclipse/che/api/ssh/shared/model/SshPair.java","status":"renamed","additions":0,"deletions":0,"changes":0,"blob_url":"https://github.com/eclipse/che/blob/03cf4f65d517046f53506e8c1a6bd079596de1bf/wsmaster/che-core-api-ssh-shared/src/main/java/org/eclipse/che/api/ssh/shared/model/SshPair.java","raw_url":"https://github.com/eclipse/che/raw/03cf4f65d517046f53506e8c1a6bd079596de1bf/wsmaster/che-core-api-ssh-shared/src/main/java/org/eclipse/che/api/ssh/shared/model/SshPair.java","contents_url":"https://api.github.com/repos/eclipse/che/contents/wsmaster/che-core-api-ssh-shared/src/main/java/org/eclipse/che/api/ssh/shared/model/SshPair.java?ref=03cf4f65d517046f53506e8c1a6bd079596de1bf","previous_filename":"wsmaster/che-core-api-ssh/src/main/java/org/eclipse/che/api/ssh/shared/model/SshPair.java"},{"sha":"bae6629cf497c1525d6ba7a41d3ff4ba2ef0e78b","filename":"wsmaster/che-core-api-ssh/pom.xml","status":"modified","additions":5,"deletions":1,"changes":6,"blob_url":"https://github.com/eclipse/che/blob/03cf4f65d517046f53506e8c1a6bd079596de1bf/wsmaster/che-core-api-ssh/pom.xml","raw_url":"https://github.com/eclipse/che/raw/03cf4f65d517046f53506e8c1a6bd079596de1bf/wsmaster/che-core-api-ssh/pom.xml","contents_url":"https://api.github.com/repos/eclipse/che/contents/wsmaster/che-core-api-ssh/pom.xml?ref=03cf4f65d517046f53506e8c1a6bd079596de1bf","patch":"@@ -66,6 +66,10 @@\n             <groupId>org.eclipse.che.core</groupId>\n             <artifactId>che-core-api-dto</artifactId>\n         </dependency>\n+        <dependency>\n+            <groupId>org.eclipse.che.core</groupId>\n+            <artifactId>che-core-api-ssh-shared</artifactId>\n+        </dependency>\n         <dependency>\n             <groupId>org.eclipse.che.core</groupId>\n             <artifactId>che-core-commons-annotations</artifactId>\n@@ -195,7 +199,7 @@\n                 <dependencies>\n                     <dependency>\n                         <groupId>org.eclipse.che.core</groupId>\n-                        <artifactId>che-core-api-ssh</artifactId>\n+                        <artifactId>che-core-api-ssh-shared</artifactId>\n                         <version>${project.version}</version>\n                     </dependency>\n                 </dependencies>"},{"sha":"41837d8f2524a7ddbe0fcd2aba417e93ae4e709e","filename":"wsmaster/pom.xml","status":"modified","additions":1,"deletions":0,"changes":1,"blob_url":"https://github.com/eclipse/che/blob/03cf4f65d517046f53506e8c1a6bd079596de1bf/wsmaster/pom.xml","raw_url":"https://github.com/eclipse/che/raw/03cf4f65d517046f53506e8c1a6bd079596de1bf/wsmaster/pom.xml","contents_url":"https://api.github.com/repos/eclipse/che/contents/wsmaster/pom.xml?ref=03cf4f65d517046f53506e8c1a6bd079596de1bf","patch":"@@ -30,5 +30,6 @@\n         <module>che-core-api-user</module>\n         <module>che-core-api-factory</module>\n         <module>che-core-api-ssh</module>\n+        <module>che-core-api-ssh-shared</module>\n     </modules>\n </project>"}]}
