{"sha":"03d5e47b4df32dba17b4d715fcc028b18844e64a","commit":{"author":{"name":"Dmytro Nochevnov","email":"dnochevn@redhat.com","date":"2017-10-10T07:20:07Z"},"committer":{"name":"GitHub","email":"noreply@github.com","date":"2017-10-10T07:20:07Z"},"message":"Fix URL with selenium test report on CI (#6644)\n\nSigned-off-by: Dmytro Nochevnov <dnochevnov@codenvy.com>","tree":{"sha":"121ca7c2d2357048b85873003ac9499bf95b2a23","url":"https://api.github.com/repos/eclipse/che/git/trees/121ca7c2d2357048b85873003ac9499bf95b2a23"},"url":"https://api.github.com/repos/eclipse/che/git/commits/03d5e47b4df32dba17b4d715fcc028b18844e64a","comment_count":0,"verification":{"verified":false,"reason":"unsigned","signature":null,"payload":null}},"url":"https://api.github.com/repos/eclipse/che/commits/03d5e47b4df32dba17b4d715fcc028b18844e64a","html_url":"https://github.com/eclipse/che/commit/03d5e47b4df32dba17b4d715fcc028b18844e64a","comments_url":"https://api.github.com/repos/eclipse/che/commits/03d5e47b4df32dba17b4d715fcc028b18844e64a/comments","author":{"login":"dmytro-ndp","id":1197777,"avatar_url":"https://avatars1.githubusercontent.com/u/1197777?v=4","gravatar_id":"","url":"https://api.github.com/users/dmytro-ndp","html_url":"https://github.com/dmytro-ndp","followers_url":"https://api.github.com/users/dmytro-ndp/followers","following_url":"https://api.github.com/users/dmytro-ndp/following{/other_user}","gists_url":"https://api.github.com/users/dmytro-ndp/gists{/gist_id}","starred_url":"https://api.github.com/users/dmytro-ndp/starred{/owner}{/repo}","subscriptions_url":"https://api.github.com/users/dmytro-ndp/subscriptions","organizations_url":"https://api.github.com/users/dmytro-ndp/orgs","repos_url":"https://api.github.com/users/dmytro-ndp/repos","events_url":"https://api.github.com/users/dmytro-ndp/events{/privacy}","received_events_url":"https://api.github.com/users/dmytro-ndp/received_events","type":"User","site_admin":false},"committer":{"login":"web-flow","id":19864447,"avatar_url":"https://avatars3.githubusercontent.com/u/19864447?v=4","gravatar_id":"","url":"https://api.github.com/users/web-flow","html_url":"https://github.com/web-flow","followers_url":"https://api.github.com/users/web-flow/followers","following_url":"https://api.github.com/users/web-flow/following{/other_user}","gists_url":"https://api.github.com/users/web-flow/gists{/gist_id}","starred_url":"https://api.github.com/users/web-flow/starred{/owner}{/repo}","subscriptions_url":"https://api.github.com/users/web-flow/subscriptions","organizations_url":"https://api.github.com/users/web-flow/orgs","repos_url":"https://api.github.com/users/web-flow/repos","events_url":"https://api.github.com/users/web-flow/events{/privacy}","received_events_url":"https://api.github.com/users/web-flow/received_events","type":"User","site_admin":false},"parents":[{"sha":"f231fc1171f83b98cd061dc2e84287f39009c325","url":"https://api.github.com/repos/eclipse/che/commits/f231fc1171f83b98cd061dc2e84287f39009c325","html_url":"https://github.com/eclipse/che/commit/f231fc1171f83b98cd061dc2e84287f39009c325"}],"stats":{"total":14,"additions":6,"deletions":8},"files":[{"sha":"0c92925d67a4384b1d0e2a8576610a120fbab1e7","filename":"selenium/che-selenium-core/bin/webdriver.sh","status":"modified","additions":6,"deletions":8,"changes":14,"blob_url":"https://github.com/eclipse/che/blob/03d5e47b4df32dba17b4d715fcc028b18844e64a/selenium/che-selenium-core/bin/webdriver.sh","raw_url":"https://github.com/eclipse/che/raw/03d5e47b4df32dba17b4d715fcc028b18844e64a/selenium/che-selenium-core/bin/webdriver.sh","contents_url":"https://api.github.com/repos/eclipse/che/contents/selenium/che-selenium-core/bin/webdriver.sh?ref=03d5e47b4df32dba17b4d715fcc028b18844e64a","patch":"@@ -503,7 +503,7 @@ fetchFailedTestsNumber() {\n \n detectLatestResultsUrl() {\n     local job=$(curl -s ${BASE_ACTUAL_RESULTS_URL} | tr '\\n' ' ' | sed 's/.*Last build (#\\([0-9]\\+\\)).*/\\1/')\n-    echo ${BASE_ACTUAL_RESULTS_URL}${job}\"/\"\n+    echo ${BASE_ACTUAL_RESULTS_URL}${job}\"/testReport/\"\n }\n \n # Fetches list of failed tests and failed configurations.\n@@ -516,16 +516,14 @@ fetchActualResults() {\n     if [[ ! ${job} =~ ^[0-9]+$ ]]; then\n         ACTUAL_RESULTS_URL=$(detectLatestResultsUrl)\n     else\n-        ACTUAL_RESULTS_URL=${BASE_ACTUAL_RESULTS_URL}${job}\"/\"\n+        ACTUAL_RESULTS_URL=${BASE_ACTUAL_RESULTS_URL}${job}\"/testReport/\"\n     fi\n \n-    # get list of failed tests from CI server\n-    local actualResults=($(curl -s ${ACTUAL_RESULTS_URL} | \\\n+    # get list of failed tests from CI server, remove duplicates from it and sort\n+    ACTUAL_RESULTS=$(echo $( curl -s ${ACTUAL_RESULTS_URL} | \\\n                            tr '>' '\\n' | tr '<' '\\n' | tr '\"' '\\n'  | \\\n-                           grep -A9999999 \"Test Result\" | \\\n-                           grep [a-z][a-z0-9_]*[.][a-z] | grep -v http | grep -v junit ))\n-\n-    ACTUAL_RESULTS=$(echo ${actualResults[*]} | tr ' ' '\\n' | sort | uniq)\n+                           grep --extended-regexp \"^[a-z_$][a-z0-9_$.]*\\.[A-Z_$][a-zA-Z0-9_$]*\\.[a-z_$][a-zA-Z0-9_$]*$\" | \\\n+                           tr ' ' '\\n' | sort | uniq ))\n }\n \n findRegressions() {"}]}
