{"sha":"03decf4602e04aaffadd7dbe1760416ee19f33ff","commit":{"author":{"name":"Sergey Skorik","email":"sskorik@codenvy.com","date":"2017-10-02T07:06:10Z"},"committer":{"name":"GitHub","email":"noreply@github.com","date":"2017-10-02T07:06:10Z"},"message":"Fix unstable tests from miscellaneous package (#6503)\n\n* fixes for unstables tests: FindUsagesBaseOperationTest, FileStructureNodesTest\r\n\r\n* changed way of oppening java class in FileStructureNodesTest","tree":{"sha":"0f6d3821a6ea9257fbcd0b52d8b3c857b62e2685","url":"https://api.github.com/repos/eclipse/che/git/trees/0f6d3821a6ea9257fbcd0b52d8b3c857b62e2685"},"url":"https://api.github.com/repos/eclipse/che/git/commits/03decf4602e04aaffadd7dbe1760416ee19f33ff","comment_count":0,"verification":{"verified":false,"reason":"unsigned","signature":null,"payload":null}},"url":"https://api.github.com/repos/eclipse/che/commits/03decf4602e04aaffadd7dbe1760416ee19f33ff","html_url":"https://github.com/eclipse/che/commit/03decf4602e04aaffadd7dbe1760416ee19f33ff","comments_url":"https://api.github.com/repos/eclipse/che/commits/03decf4602e04aaffadd7dbe1760416ee19f33ff/comments","author":{"login":"SkorikSergey","id":7760565,"avatar_url":"https://avatars1.githubusercontent.com/u/7760565?v=4","gravatar_id":"","url":"https://api.github.com/users/SkorikSergey","html_url":"https://github.com/SkorikSergey","followers_url":"https://api.github.com/users/SkorikSergey/followers","following_url":"https://api.github.com/users/SkorikSergey/following{/other_user}","gists_url":"https://api.github.com/users/SkorikSergey/gists{/gist_id}","starred_url":"https://api.github.com/users/SkorikSergey/starred{/owner}{/repo}","subscriptions_url":"https://api.github.com/users/SkorikSergey/subscriptions","organizations_url":"https://api.github.com/users/SkorikSergey/orgs","repos_url":"https://api.github.com/users/SkorikSergey/repos","events_url":"https://api.github.com/users/SkorikSergey/events{/privacy}","received_events_url":"https://api.github.com/users/SkorikSergey/received_events","type":"User","site_admin":false},"committer":{"login":"web-flow","id":19864447,"avatar_url":"https://avatars3.githubusercontent.com/u/19864447?v=4","gravatar_id":"","url":"https://api.github.com/users/web-flow","html_url":"https://github.com/web-flow","followers_url":"https://api.github.com/users/web-flow/followers","following_url":"https://api.github.com/users/web-flow/following{/other_user}","gists_url":"https://api.github.com/users/web-flow/gists{/gist_id}","starred_url":"https://api.github.com/users/web-flow/starred{/owner}{/repo}","subscriptions_url":"https://api.github.com/users/web-flow/subscriptions","organizations_url":"https://api.github.com/users/web-flow/orgs","repos_url":"https://api.github.com/users/web-flow/repos","events_url":"https://api.github.com/users/web-flow/events{/privacy}","received_events_url":"https://api.github.com/users/web-flow/received_events","type":"User","site_admin":false},"parents":[{"sha":"34ba429d58290a6aa5b4a24de8f7222309c3e710","url":"https://api.github.com/repos/eclipse/che/commits/34ba429d58290a6aa5b4a24de8f7222309c3e710","html_url":"https://github.com/eclipse/che/commit/34ba429d58290a6aa5b4a24de8f7222309c3e710"}],"stats":{"total":75,"additions":45,"deletions":30},"files":[{"sha":"a1047d8c43ed87fd7c04d0da7a18ae1465c279f3","filename":"selenium/che-selenium-test/src/main/java/org/eclipse/che/selenium/pageobject/NavigateToFile.java","status":"modified","additions":9,"deletions":6,"changes":15,"blob_url":"https://github.com/eclipse/che/blob/03decf4602e04aaffadd7dbe1760416ee19f33ff/selenium/che-selenium-test/src/main/java/org/eclipse/che/selenium/pageobject/NavigateToFile.java","raw_url":"https://github.com/eclipse/che/raw/03decf4602e04aaffadd7dbe1760416ee19f33ff/selenium/che-selenium-test/src/main/java/org/eclipse/che/selenium/pageobject/NavigateToFile.java","contents_url":"https://api.github.com/repos/eclipse/che/contents/selenium/che-selenium-test/src/main/java/org/eclipse/che/selenium/pageobject/NavigateToFile.java?ref=03decf4602e04aaffadd7dbe1760416ee19f33ff","patch":"@@ -10,6 +10,7 @@\n  */\n package org.eclipse.che.selenium.pageobject;\n \n+import static org.eclipse.che.selenium.core.constant.TestTimeoutsConstants.LOAD_PAGE_TIMEOUT_SEC;\n import static org.eclipse.che.selenium.core.constant.TestTimeoutsConstants.REDRAW_UI_ELEMENTS_TIMEOUT_SEC;\n \n import com.google.inject.Inject;\n@@ -64,13 +65,13 @@ public NavigateToFile(\n \n   /** wait opening of 'Navigate to file' widget */\n   public void waitFormToOpen() {\n-    new WebDriverWait(seleniumWebDriver, 10)\n+    new WebDriverWait(seleniumWebDriver, LOAD_PAGE_TIMEOUT_SEC)\n         .until(ExpectedConditions.visibilityOf(navigateToFileForm));\n   }\n \n   /** wait closing of 'Navigate to file' widget */\n   public void waitFormToClose() {\n-    new WebDriverWait(seleniumWebDriver, 10)\n+    new WebDriverWait(seleniumWebDriver, LOAD_PAGE_TIMEOUT_SEC)\n         .until(\n             ExpectedConditions.invisibilityOfElementLocated(By.id(Locators.NAVIGATE_TO_FILE_FORM)));\n   }\n@@ -95,7 +96,8 @@ public void launchNavigateToFileByKeyboard() {\n    */\n   public void typeSymbolInFileNameField(String symbol) {\n     loader.waitOnClosed();\n-    new WebDriverWait(seleniumWebDriver, 10).until(ExpectedConditions.visibilityOf(fileNameInput));\n+    new WebDriverWait(seleniumWebDriver, LOAD_PAGE_TIMEOUT_SEC)\n+        .until(ExpectedConditions.visibilityOf(fileNameInput));\n     fileNameInput.clear();\n     fileNameInput.sendKeys(symbol);\n   }\n@@ -106,13 +108,14 @@ public void typeSymbolInFileNameField(String symbol) {\n    * @param symbol the first symbol of search with key word\n    */\n   public void typeSymbolWithoutClear(String symbol) {\n-    new WebDriverWait(seleniumWebDriver, 10).until(ExpectedConditions.visibilityOf(fileNameInput));\n+    new WebDriverWait(seleniumWebDriver, LOAD_PAGE_TIMEOUT_SEC)\n+        .until(ExpectedConditions.visibilityOf(fileNameInput));\n     fileNameInput.sendKeys(symbol);\n   }\n \n   /** wait appearance of the dropdawn list (may be empty) */\n   public void waitFileNamePopUp() {\n-    new WebDriverWait(seleniumWebDriver, 10)\n+    new WebDriverWait(seleniumWebDriver, LOAD_PAGE_TIMEOUT_SEC)\n         .until(ExpectedConditions.visibilityOf(suggestionPanel));\n   }\n \n@@ -122,7 +125,7 @@ public void waitFileNamePopUp() {\n    * @param text a text that should be into list\n    */\n   public void waitListOfFilesNames(final String text) {\n-    new WebDriverWait(seleniumWebDriver, 10)\n+    new WebDriverWait(seleniumWebDriver, LOAD_PAGE_TIMEOUT_SEC)\n         .until((ExpectedCondition<Boolean>) webDriver -> suggestionPanel.getText().contains(text));\n   }\n "},{"sha":"99244e228cb856dd707bf0a873aa5818268b60e3","filename":"selenium/che-selenium-test/src/test/java/org/eclipse/che/selenium/miscellaneous/FileStructureNodesTest.java","status":"modified","additions":23,"deletions":21,"changes":44,"blob_url":"https://github.com/eclipse/che/blob/03decf4602e04aaffadd7dbe1760416ee19f33ff/selenium/che-selenium-test/src/test/java/org/eclipse/che/selenium/miscellaneous/FileStructureNodesTest.java","raw_url":"https://github.com/eclipse/che/raw/03decf4602e04aaffadd7dbe1760416ee19f33ff/selenium/che-selenium-test/src/test/java/org/eclipse/che/selenium/miscellaneous/FileStructureNodesTest.java","contents_url":"https://api.github.com/repos/eclipse/che/contents/selenium/che-selenium-test/src/test/java/org/eclipse/che/selenium/miscellaneous/FileStructureNodesTest.java?ref=03decf4602e04aaffadd7dbe1760416ee19f33ff","patch":"@@ -13,7 +13,7 @@\n import com.google.inject.Inject;\n import java.net.URL;\n import java.nio.file.Paths;\n-import java.util.Random;\n+import org.eclipse.che.commons.lang.NameGenerator;\n import org.eclipse.che.selenium.core.client.TestProjectServiceClient;\n import org.eclipse.che.selenium.core.constant.TestMenuCommandsConstants;\n import org.eclipse.che.selenium.core.project.ProjectTemplates;\n@@ -28,7 +28,7 @@\n \n /** @author Aleksandr Shmaraev on 12.12.15 */\n public class FileStructureNodesTest {\n-  private static final String PROJECT_NAME = \"FileStructureNodes\" + new Random().nextInt(999);\n+  private static final String PROJECT_NAME = NameGenerator.generate(\"FileStructureNodes\", 4);\n   private static final String JAVA_FILE_NAME = \"Company\";\n   private static final String INNER_CLASS_NAME = \"CompanyHelper\";\n   private static final String INTERFACE_NAME = \"Inter\";\n@@ -117,8 +117,9 @@ public void setUp() throws Exception {\n   @Test\n   public void checkFileStructureNodes() {\n     projectExplorer.waitProjectExplorer();\n-    projectExplorer.openItemByPath(PROJECT_NAME);\n-    expandTReeProjectAndOpenClass(JAVA_FILE_NAME);\n+    projectExplorer.waitItem(PROJECT_NAME);\n+    projectExplorer.quickExpandWithJavaScript();\n+    projectExplorer.openItemByVisibleNameInExplorer(\"Company.java\");\n \n     // check work nodes in the 'file structure' by double click\n     menu.runCommand(\n@@ -140,7 +141,14 @@ public void checkFileStructureNodes() {\n     fileStructure.selectItemInFileStructureByDoubleClick(JAVA_FILE_NAME);\n     fileStructure.waitExpectedTextIsNotPresentInFileStructure(ITEMS_CLASS);\n     fileStructure.selectItemInFileStructureByDoubleClick(JAVA_FILE_NAME);\n-    fileStructure.waitExpectedTextInFileStructure(ITEMS_CLASS_1);\n+    //try-catch was added because test fails while trying to open node by double click action\n+    //issue: https://github.com/eclipse/che/issues/6499\n+    try {\n+      fileStructure.waitExpectedTextInFileStructure(ITEMS_CLASS_1);\n+    } catch (org.openqa.selenium.TimeoutException ex) {\n+      fileStructure.selectItemInFileStructureByDoubleClick(JAVA_FILE_NAME);\n+      fileStructure.waitExpectedTextInFileStructure(ITEMS_CLASS_1);\n+    }\n \n     // check work nodes in the 'file structure' by click on the icon\n     fileStructure.clickOnIconNodeInFileStructure(INNER_CLASS_NAME);\n@@ -159,23 +167,17 @@ public void checkFileStructureNodes() {\n     fileStructure.clickOnIconNodeInFileStructure(JAVA_FILE_NAME);\n     fileStructure.waitExpectedTextIsNotPresentInFileStructure(ITEMS_INNER_CLASS);\n     fileStructure.waitExpectedTextIsNotPresentInFileStructure(ITEMS_INTERFACE);\n-    fileStructure.clickOnIconNodeInFileStructure(INNER_CLASS_NAME);\n+    //try-catch was added because test fails while trying to open node by click action\n+    //issue: https://github.com/eclipse/che/issues/6499\n+    try {\n+      fileStructure.clickOnIconNodeInFileStructure(INNER_CLASS_NAME);\n+    } catch (org.openqa.selenium.TimeoutException ex) {\n+      fileStructure.clickOnIconNodeInFileStructure(JAVA_FILE_NAME);\n+      fileStructure.waitExpectedTextIsNotPresentInFileStructure(ITEMS_INNER_CLASS);\n+      fileStructure.waitExpectedTextIsNotPresentInFileStructure(ITEMS_INTERFACE);\n+      fileStructure.clickOnIconNodeInFileStructure(INNER_CLASS_NAME);\n+    }\n     fileStructure.clickOnIconNodeInFileStructure(INTERFACE_NAME);\n     fileStructure.waitExpectedTextInFileStructure(ITEMS_CLASS);\n   }\n-\n-  public void expandTReeProjectAndOpenClass(String fileName) {\n-    projectExplorer.openItemByPath(PROJECT_NAME + \"/src\");\n-    projectExplorer.waitItem(PROJECT_NAME + \"/src\" + \"/main\");\n-    projectExplorer.openItemByPath(PROJECT_NAME + \"/src\" + \"/main\");\n-    projectExplorer.waitItem(PROJECT_NAME + \"/src\" + \"/main\" + \"/java\");\n-    projectExplorer.openItemByPath(PROJECT_NAME + \"/src\" + \"/main\" + \"/java\");\n-    projectExplorer.waitItem(PROJECT_NAME + \"/src\" + \"/main\" + \"/java\" + \"/com/codenvy/qa\");\n-    projectExplorer.openItemByPath(PROJECT_NAME + \"/src\" + \"/main\" + \"/java\" + \"/com/codenvy/qa\");\n-    projectExplorer.waitItem(\n-        PROJECT_NAME + \"/src\" + \"/main\" + \"/java\" + \"/com/codenvy/qa/\" + fileName + \".java\");\n-    projectExplorer.openItemByPath(\n-        PROJECT_NAME + \"/src\" + \"/main\" + \"/java\" + \"/com/codenvy/qa/\" + fileName + \".java\");\n-    editor.waitActiveEditor();\n-  }\n }"},{"sha":"77cf3508bf1956eab146cce4a5059b5f7fa0a29d","filename":"selenium/che-selenium-test/src/test/java/org/eclipse/che/selenium/miscellaneous/FindUsagesBaseOperationTest.java","status":"modified","additions":13,"deletions":3,"changes":16,"blob_url":"https://github.com/eclipse/che/blob/03decf4602e04aaffadd7dbe1760416ee19f33ff/selenium/che-selenium-test/src/test/java/org/eclipse/che/selenium/miscellaneous/FindUsagesBaseOperationTest.java","raw_url":"https://github.com/eclipse/che/raw/03decf4602e04aaffadd7dbe1760416ee19f33ff/selenium/che-selenium-test/src/test/java/org/eclipse/che/selenium/miscellaneous/FindUsagesBaseOperationTest.java","contents_url":"https://api.github.com/repos/eclipse/che/contents/selenium/che-selenium-test/src/test/java/org/eclipse/che/selenium/miscellaneous/FindUsagesBaseOperationTest.java?ref=03decf4602e04aaffadd7dbe1760416ee19f33ff","patch":"@@ -85,7 +85,8 @@ public void setUp() throws Exception {\n   public void checkFindUsagesBaseOperation() {\n     projectExplorer.waitProjectExplorer();\n     projectExplorer.waitItem(PROJECT_NAME);\n-    projectExplorer.expandPathInProjectExplorerAndOpenFile(PATH_FOR_EXPAND, \"AppController.java\");\n+    projectExplorer.quickExpandWithJavaScript();\n+    projectExplorer.openItemByVisibleNameInExplorer(\"AppController.java\");\n \n     // Check basic operations of the 'find usages' panel\n     editor.selectTabByName(\"AppController\");\n@@ -116,8 +117,17 @@ public void checkFindUsagesBaseOperation() {\n     findUsages.waitExpectedTextIsNotPresentInFindUsagesPanel(EXPECTED_TEXT_2);\n     findUsages.clickOnIconNodeInFindUsagesPanel(\"AppController\");\n     findUsages.waitExpectedTextIsNotPresentInFindUsagesPanel(EXPECTED_TEXT_2);\n-    findUsages.clickOnIconNodeInFindUsagesPanel(\n-        \"handleRequest(HttpServletRequest, HttpServletResponse)\");\n+    //try-catch was added because test fails while trying to open node by click action\n+    //issue: https://github.com/eclipse/che/issues/6499\n+    try {\n+      findUsages.clickOnIconNodeInFindUsagesPanel(\n+          \"handleRequest(HttpServletRequest, HttpServletResponse)\");\n+    } catch (org.openqa.selenium.TimeoutException ex) {\n+      findUsages.clickOnIconNodeInFindUsagesPanel(\"AppController\");\n+      findUsages.waitExpectedTextIsNotPresentInFindUsagesPanel(EXPECTED_TEXT_2);\n+      findUsages.clickOnIconNodeInFindUsagesPanel(\n+          \"handleRequest(HttpServletRequest, HttpServletResponse)\");\n+    }\n     findUsages.waitExpectedTextInFindUsagesPanel(EXPECTED_TEXT_2);\n \n     // Check nodes in the 'find usages' panel by 'Enter'"}]}
