{"sha":"03ecdc849bf9569cc2b29e050a2039001860cb3d","commit":{"author":{"name":"David Festal","email":"dfestal@redhat.com","date":"2017-10-12T11:31:43Z"},"committer":{"name":"GitHub","email":"noreply@github.com","date":"2017-10-12T11:31:43Z"},"message":"wrong version for `che-multiuser-personal-account` (#6697)\n\nSigned-off-by: David Festal <dfestal@redhat.com>","tree":{"sha":"c92191d5391e98eeba271cca06d6b2bdafa2cdaa","url":"https://api.github.com/repos/eclipse/che/git/trees/c92191d5391e98eeba271cca06d6b2bdafa2cdaa"},"url":"https://api.github.com/repos/eclipse/che/git/commits/03ecdc849bf9569cc2b29e050a2039001860cb3d","comment_count":0,"verification":{"verified":false,"reason":"unsigned","signature":null,"payload":null}},"url":"https://api.github.com/repos/eclipse/che/commits/03ecdc849bf9569cc2b29e050a2039001860cb3d","html_url":"https://github.com/eclipse/che/commit/03ecdc849bf9569cc2b29e050a2039001860cb3d","comments_url":"https://api.github.com/repos/eclipse/che/commits/03ecdc849bf9569cc2b29e050a2039001860cb3d/comments","author":{"login":"davidfestal","id":686586,"avatar_url":"https://avatars1.githubusercontent.com/u/686586?v=4","gravatar_id":"","url":"https://api.github.com/users/davidfestal","html_url":"https://github.com/davidfestal","followers_url":"https://api.github.com/users/davidfestal/followers","following_url":"https://api.github.com/users/davidfestal/following{/other_user}","gists_url":"https://api.github.com/users/davidfestal/gists{/gist_id}","starred_url":"https://api.github.com/users/davidfestal/starred{/owner}{/repo}","subscriptions_url":"https://api.github.com/users/davidfestal/subscriptions","organizations_url":"https://api.github.com/users/davidfestal/orgs","repos_url":"https://api.github.com/users/davidfestal/repos","events_url":"https://api.github.com/users/davidfestal/events{/privacy}","received_events_url":"https://api.github.com/users/davidfestal/received_events","type":"User","site_admin":false},"committer":{"login":"web-flow","id":19864447,"avatar_url":"https://avatars3.githubusercontent.com/u/19864447?v=4","gravatar_id":"","url":"https://api.github.com/users/web-flow","html_url":"https://github.com/web-flow","followers_url":"https://api.github.com/users/web-flow/followers","following_url":"https://api.github.com/users/web-flow/following{/other_user}","gists_url":"https://api.github.com/users/web-flow/gists{/gist_id}","starred_url":"https://api.github.com/users/web-flow/starred{/owner}{/repo}","subscriptions_url":"https://api.github.com/users/web-flow/subscriptions","organizations_url":"https://api.github.com/users/web-flow/orgs","repos_url":"https://api.github.com/users/web-flow/repos","events_url":"https://api.github.com/users/web-flow/events{/privacy}","received_events_url":"https://api.github.com/users/web-flow/received_events","type":"User","site_admin":false},"parents":[{"sha":"6d40b2420ac4aaa502ecd9650ea7f449fdfcb16b","url":"https://api.github.com/repos/eclipse/che/commits/6d40b2420ac4aaa502ecd9650ea7f449fdfcb16b","html_url":"https://github.com/eclipse/che/commit/6d40b2420ac4aaa502ecd9650ea7f449fdfcb16b"}],"stats":{"total":2,"additions":1,"deletions":1},"files":[{"sha":"0c8400de9867288aa56bd62150d32e8214771294","filename":"pom.xml","status":"modified","additions":1,"deletions":1,"changes":2,"blob_url":"https://github.com/eclipse/che/blob/03ecdc849bf9569cc2b29e050a2039001860cb3d/pom.xml","raw_url":"https://github.com/eclipse/che/raw/03ecdc849bf9569cc2b29e050a2039001860cb3d/pom.xml","contents_url":"https://api.github.com/repos/eclipse/che/contents/pom.xml?ref=03ecdc849bf9569cc2b29e050a2039001860cb3d","patch":"@@ -784,7 +784,7 @@\n             <dependency>\n                 <groupId>org.eclipse.che.multiuser</groupId>\n                 <artifactId>che-multiuser-personal-account</artifactId>\n-                <version>${project.version}</version>\n+                <version>${che.version}</version>\n             </dependency>\n             <dependency>\n                 <groupId>org.eclipse.che.multiuser</groupId>"}]}
