{"sha":"03f7e01379f04cab0699a7882b404ee086d1037e","commit":{"author":{"name":"Igor Vinokur","email":"ivinokur@redhat.com","date":"2017-08-14T05:21:33Z"},"committer":{"name":"GitHub","email":"noreply@github.com","date":"2017-08-14T05:21:33Z"},"message":"CHE-5335: Add Git branch/revision link to project name (#5817)","tree":{"sha":"a43a368628cf4dbc408c623f8c43a743cb69f26b","url":"https://api.github.com/repos/eclipse/che/git/trees/a43a368628cf4dbc408c623f8c43a743cb69f26b"},"url":"https://api.github.com/repos/eclipse/che/git/commits/03f7e01379f04cab0699a7882b404ee086d1037e","comment_count":0,"verification":{"verified":false,"reason":"unsigned","signature":null,"payload":null}},"url":"https://api.github.com/repos/eclipse/che/commits/03f7e01379f04cab0699a7882b404ee086d1037e","html_url":"https://github.com/eclipse/che/commit/03f7e01379f04cab0699a7882b404ee086d1037e","comments_url":"https://api.github.com/repos/eclipse/che/commits/03f7e01379f04cab0699a7882b404ee086d1037e/comments","author":{"login":"vinokurig","id":7668752,"avatar_url":"https://avatars1.githubusercontent.com/u/7668752?v=4","gravatar_id":"","url":"https://api.github.com/users/vinokurig","html_url":"https://github.com/vinokurig","followers_url":"https://api.github.com/users/vinokurig/followers","following_url":"https://api.github.com/users/vinokurig/following{/other_user}","gists_url":"https://api.github.com/users/vinokurig/gists{/gist_id}","starred_url":"https://api.github.com/users/vinokurig/starred{/owner}{/repo}","subscriptions_url":"https://api.github.com/users/vinokurig/subscriptions","organizations_url":"https://api.github.com/users/vinokurig/orgs","repos_url":"https://api.github.com/users/vinokurig/repos","events_url":"https://api.github.com/users/vinokurig/events{/privacy}","received_events_url":"https://api.github.com/users/vinokurig/received_events","type":"User","site_admin":false},"committer":{"login":"web-flow","id":19864447,"avatar_url":"https://avatars3.githubusercontent.com/u/19864447?v=4","gravatar_id":"","url":"https://api.github.com/users/web-flow","html_url":"https://github.com/web-flow","followers_url":"https://api.github.com/users/web-flow/followers","following_url":"https://api.github.com/users/web-flow/following{/other_user}","gists_url":"https://api.github.com/users/web-flow/gists{/gist_id}","starred_url":"https://api.github.com/users/web-flow/starred{/owner}{/repo}","subscriptions_url":"https://api.github.com/users/web-flow/subscriptions","organizations_url":"https://api.github.com/users/web-flow/orgs","repos_url":"https://api.github.com/users/web-flow/repos","events_url":"https://api.github.com/users/web-flow/events{/privacy}","received_events_url":"https://api.github.com/users/web-flow/received_events","type":"User","site_admin":false},"parents":[{"sha":"4a1f5ac496a6f374dea2c0153ee2363da5dc1a42","url":"https://api.github.com/repos/eclipse/che/commits/4a1f5ac496a6f374dea2c0153ee2363da5dc1a42","html_url":"https://github.com/eclipse/che/commit/4a1f5ac496a6f374dea2c0153ee2363da5dc1a42"}],"stats":{"total":135,"additions":99,"deletions":36},"files":[{"sha":"d1b2db997ef1d1ea1aef4d32194b5155f4d52479","filename":"ide/che-core-ide-api/src/main/java/org/eclipse/che/ide/api/theme/Theme.java","status":"modified","additions":2,"deletions":0,"changes":2,"blob_url":"https://github.com/eclipse/che/blob/03f7e01379f04cab0699a7882b404ee086d1037e/ide/che-core-ide-api/src/main/java/org/eclipse/che/ide/api/theme/Theme.java","raw_url":"https://github.com/eclipse/che/raw/03f7e01379f04cab0699a7882b404ee086d1037e/ide/che-core-ide-api/src/main/java/org/eclipse/che/ide/api/theme/Theme.java","contents_url":"https://api.github.com/repos/eclipse/che/contents/ide/che-core-ide-api/src/main/java/org/eclipse/che/ide/api/theme/Theme.java?ref=03f7e01379f04cab0699a7882b404ee086d1037e","patch":"@@ -1520,6 +1520,8 @@\n \n     String projectExplorerHoverRowBorder();\n \n+    String projectExplorerVcsHead();\n+\n     /********************************************************************************************\n      *\n      * Loader"},{"sha":"cd8768451ebe7218d92fb998cd4884f94aa72ea3","filename":"ide/che-core-ide-app/src/main/java/org/eclipse/che/ide/part/explorer/project/ProjectExplorerViewImpl.java","status":"modified","additions":19,"deletions":6,"changes":25,"blob_url":"https://github.com/eclipse/che/blob/03f7e01379f04cab0699a7882b404ee086d1037e/ide/che-core-ide-app/src/main/java/org/eclipse/che/ide/part/explorer/project/ProjectExplorerViewImpl.java","raw_url":"https://github.com/eclipse/che/raw/03f7e01379f04cab0699a7882b404ee086d1037e/ide/che-core-ide-app/src/main/java/org/eclipse/che/ide/part/explorer/project/ProjectExplorerViewImpl.java","contents_url":"https://api.github.com/repos/eclipse/che/contents/ide/che-core-ide-app/src/main/java/org/eclipse/che/ide/part/explorer/project/ProjectExplorerViewImpl.java?ref=03f7e01379f04cab0699a7882b404ee086d1037e","patch":"@@ -10,7 +10,8 @@\n  *******************************************************************************/\n package org.eclipse.che.ide.part.explorer.project;\n \n-import com.google.common.base.Optional;\n+import com.google.gwt.dom.client.DivElement;\n+import com.google.gwt.dom.client.Document;\n import com.google.gwt.dom.client.Element;\n import com.google.gwt.event.dom.client.ClickEvent;\n import com.google.gwt.event.dom.client.ClickHandler;\n@@ -29,14 +30,15 @@\n import org.eclipse.che.ide.api.data.tree.HasAttributes;\n import org.eclipse.che.ide.api.data.tree.Node;\n import org.eclipse.che.ide.api.data.tree.NodeInterceptor;\n-import org.eclipse.che.ide.api.data.tree.settings.HasSettings;\n import org.eclipse.che.ide.api.parts.PerspectiveManager;\n import org.eclipse.che.ide.api.parts.base.BaseView;\n import org.eclipse.che.ide.api.parts.base.ToolButton;\n+import org.eclipse.che.ide.api.resources.Container;\n import org.eclipse.che.ide.api.resources.Project;\n import org.eclipse.che.ide.api.resources.Resource;\n import org.eclipse.che.ide.menu.ContextMenu;\n import org.eclipse.che.ide.project.node.SyntheticNode;\n+import org.eclipse.che.ide.resources.tree.ContainerNode;\n import org.eclipse.che.ide.resources.tree.ResourceNode;\n import org.eclipse.che.ide.resources.tree.SkipHiddenNodesInterceptor;\n import org.eclipse.che.ide.FontAwesome;\n@@ -331,10 +333,8 @@ public Element render(Node node, String domID, Tree.Joint joint, int depth) {\n                 final Resource resource = ((ResourceNode)node).getData();\n                 element.setAttribute(\"path\", resource.getLocation().toString());\n \n-                final Optional<Project> project = resource.getRelatedProject();\n-                if (project.isPresent()) {\n-                    element.setAttribute(\"project\", project.get().getLocation().toString());\n-                }\n+                Project project = resource.getProject();\n+                element.setAttribute(\"project\", project.getLocation().toString());\n             }\n \n             if (node instanceof HasAction) {\n@@ -351,6 +351,19 @@ public Element render(Node node, String domID, Tree.Joint joint, int depth) {\n                        .setBackgroundColor(((HasAttributes)node).getAttributes().get(CUSTOM_BACKGROUND_FILL).get(0));\n             }\n \n+            if (node instanceof ContainerNode) {\n+                Container container = ((ContainerNode)node).getData();\n+                if (container instanceof Project) {\n+                    String head = container.getProject().getAttribute(\"git.current.head.name\");\n+                    if (head != null) {\n+                        Element nodeContainer = element.getFirstChildElement();\n+                        DivElement divElement = Document.get().createDivElement();\n+                        divElement.setInnerText(\"(\" + head + \")\");\n+                        divElement.setClassName(treeStyles.styles().vcsHeadContainer());\n+                        nodeContainer.insertBefore(divElement, nodeContainer.getLastChild());\n+                    }\n+                }\n+            }\n             return element;\n         }\n     }"},{"sha":"6c6c8cfba90bfa68552d2d05910ee306f3dd3eb8","filename":"ide/che-core-ide-app/src/main/java/org/eclipse/che/ide/resources/impl/ResourceManager.java","status":"modified","additions":3,"deletions":1,"changes":4,"blob_url":"https://github.com/eclipse/che/blob/03f7e01379f04cab0699a7882b404ee086d1037e/ide/che-core-ide-app/src/main/java/org/eclipse/che/ide/resources/impl/ResourceManager.java","raw_url":"https://github.com/eclipse/che/raw/03f7e01379f04cab0699a7882b404ee086d1037e/ide/che-core-ide-app/src/main/java/org/eclipse/che/ide/resources/impl/ResourceManager.java","contents_url":"https://api.github.com/repos/eclipse/che/contents/ide/che-core-ide-app/src/main/java/org/eclipse/che/ide/resources/impl/ResourceManager.java?ref=03f7e01379f04cab0699a7882b404ee086d1037e","patch":"@@ -74,6 +74,7 @@\n import static com.google.common.base.Strings.isNullOrEmpty;\n import static java.lang.System.arraycopy;\n import static java.util.Arrays.copyOf;\n+import static java.util.Arrays.stream;\n import static org.eclipse.che.ide.api.resources.Resource.FILE;\n import static org.eclipse.che.ide.api.resources.ResourceDelta.ADDED;\n import static org.eclipse.che.ide.api.resources.ResourceDelta.COPIED_FROM;\n@@ -84,6 +85,7 @@\n import static org.eclipse.che.ide.api.resources.ResourceDelta.SYNCHRONIZED;\n import static org.eclipse.che.ide.api.resources.ResourceDelta.UPDATED;\n import static org.eclipse.che.ide.util.Arrays.add;\n+import static org.eclipse.che.ide.util.Arrays.contains;\n import static org.eclipse.che.ide.util.Arrays.removeAll;\n import static org.eclipse.che.ide.util.NameUtils.checkFileName;\n import static org.eclipse.che.ide.util.NameUtils.checkFolderName;\n@@ -681,7 +683,7 @@ public void visit(Resource resource) {\n                     eventBus.fireEvent(new ResourceChangedEvent(new ResourceDeltaImpl(resource, REMOVED)));\n                 }\n \n-                final Resource[] updated = removeAll(outdated, reloaded, true);\n+                final Resource[] updated = stream(reloaded).filter(resource -> contains(outdated, resource)).toArray(Resource[]::new);\n                 for (Resource resource : updated) {\n                     store.register(resource);\n "},{"sha":"b558a1f2804bddccb359ce7331b65b35497383a0","filename":"ide/che-core-ide-app/src/main/java/org/eclipse/che/ide/theme/DarkTheme.java","status":"modified","additions":5,"deletions":0,"changes":5,"blob_url":"https://github.com/eclipse/che/blob/03f7e01379f04cab0699a7882b404ee086d1037e/ide/che-core-ide-app/src/main/java/org/eclipse/che/ide/theme/DarkTheme.java","raw_url":"https://github.com/eclipse/che/raw/03f7e01379f04cab0699a7882b404ee086d1037e/ide/che-core-ide-app/src/main/java/org/eclipse/che/ide/theme/DarkTheme.java","contents_url":"https://api.github.com/repos/eclipse/che/contents/ide/che-core-ide-app/src/main/java/org/eclipse/che/ide/theme/DarkTheme.java?ref=03f7e01379f04cab0699a7882b404ee086d1037e","patch":"@@ -1381,6 +1381,11 @@ public String projectExplorerHoverRowBorder() {\n         return \"#dbdbdb\";\n     }\n \n+    @Override\n+    public String projectExplorerVcsHead() {\n+        return \"#c3bfbf\";\n+    }\n+\n     @Override\n     public String loaderExpanderColor() {\n         return \"#e3e3e3\";"},{"sha":"9b2d13fe150942ee5901a151f61276ae6b10861b","filename":"ide/che-core-ide-app/src/main/java/org/eclipse/che/ide/theme/LightTheme.java","status":"modified","additions":5,"deletions":0,"changes":5,"blob_url":"https://github.com/eclipse/che/blob/03f7e01379f04cab0699a7882b404ee086d1037e/ide/che-core-ide-app/src/main/java/org/eclipse/che/ide/theme/LightTheme.java","raw_url":"https://github.com/eclipse/che/raw/03f7e01379f04cab0699a7882b404ee086d1037e/ide/che-core-ide-app/src/main/java/org/eclipse/che/ide/theme/LightTheme.java","contents_url":"https://api.github.com/repos/eclipse/che/contents/ide/che-core-ide-app/src/main/java/org/eclipse/che/ide/theme/LightTheme.java?ref=03f7e01379f04cab0699a7882b404ee086d1037e","patch":"@@ -1357,6 +1357,11 @@ public String projectExplorerHoverRowBorder() {\n         return \"#7b7b7b\";\n     }\n \n+    @Override\n+    public String projectExplorerVcsHead() {\n+        return \"#7A8088\";\n+    }\n+\n     @Override\n     public String loaderExpanderColor() {\n         return \"#555555\";"},{"sha":"7c962c2c78cd41755e795ba9c24a7dc738b68551","filename":"ide/che-core-ide-ui/src/main/java/org/eclipse/che/ide/ui/smartTree/TreeStyles.java","status":"modified","additions":2,"deletions":0,"changes":2,"blob_url":"https://github.com/eclipse/che/blob/03f7e01379f04cab0699a7882b404ee086d1037e/ide/che-core-ide-ui/src/main/java/org/eclipse/che/ide/ui/smartTree/TreeStyles.java","raw_url":"https://github.com/eclipse/che/raw/03f7e01379f04cab0699a7882b404ee086d1037e/ide/che-core-ide-ui/src/main/java/org/eclipse/che/ide/ui/smartTree/TreeStyles.java","contents_url":"https://api.github.com/repos/eclipse/che/contents/ide/che-core-ide-ui/src/main/java/org/eclipse/che/ide/ui/smartTree/TreeStyles.java?ref=03f7e01379f04cab0699a7882b404ee086d1037e","patch":"@@ -36,6 +36,8 @@\n \n         String infoTextContainer();\n \n+        String vcsHeadContainer();\n+\n         String descendantsContainer();\n \n         String selected();"},{"sha":"c19399c38295be9e05fe266b7d6039ab6cee413f","filename":"ide/che-core-ide-ui/src/main/resources/org/eclipse/che/ide/ui/smartTree/TreeStyles.css","status":"modified","additions":13,"deletions":7,"changes":20,"blob_url":"https://github.com/eclipse/che/blob/03f7e01379f04cab0699a7882b404ee086d1037e/ide/che-core-ide-ui/src/main/resources/org/eclipse/che/ide/ui/smartTree/TreeStyles.css","raw_url":"https://github.com/eclipse/che/raw/03f7e01379f04cab0699a7882b404ee086d1037e/ide/che-core-ide-ui/src/main/resources/org/eclipse/che/ide/ui/smartTree/TreeStyles.css","contents_url":"https://api.github.com/repos/eclipse/che/contents/ide/che-core-ide-ui/src/main/resources/org/eclipse/che/ide/ui/smartTree/TreeStyles.css?ref=03f7e01379f04cab0699a7882b404ee086d1037e","patch":"@@ -16,6 +16,7 @@\n @eval projectExplorerSelectedRowBorder org.eclipse.che.ide.api.theme.Style.theme.projectExplorerSelectedRowBorder();\n @eval projectExplorerHoverRowBackground org.eclipse.che.ide.api.theme.Style.theme.projectExplorerHoverRowBackground();\n @eval projectExplorerHoverRowBorder org.eclipse.che.ide.api.theme.Style.theme.projectExplorerHoverRowBorder();\n+@eval projectExplorerVcsHead org.eclipse.che.ide.api.theme.Style.theme.projectExplorerVcsHead();\n \n \n .noFocusOutline {\n@@ -62,6 +63,18 @@\n     text-shadow: projectExplorerInfoTextShadow;\n }\n \n+.vcsHeadContainer {\n+    white-space: nowrap;\n+    vertical-align: middle;\n+    display: inline-block;\n+    margin-top: -10px;\n+    font-size: 1em;\n+    font-style: italic;\n+    padding-left: 2px;\n+    text-shadow: projectExplorerPresentableTextShadow;\n+    color: projectExplorerVcsHead;\n+}\n+\n .nodeContainer {\n     white-space: nowrap;\n     height: 20px;\n@@ -73,13 +86,6 @@\n \n .selected {\n     background-color: projectExplorerSelectedRowBackground !important;\n-    /* Set default text color to selected item */\n-    color: projectExplorerJointContainerFill !important;\n-}\n-\n-/* Set default text color to nested elements of selected item */\n-.selected * {\n-    color: projectExplorerJointContainerFill !important;\n }\n \n .hover {"},{"sha":"de84473f619d0d6fcc5e9172920da4237363c746","filename":"plugins/plugin-git/che-plugin-git-ext-git/src/main/java/org/eclipse/che/ide/ext/git/client/GitCheckoutHandler.java","status":"renamed","additions":16,"deletions":7,"changes":23,"blob_url":"https://github.com/eclipse/che/blob/03f7e01379f04cab0699a7882b404ee086d1037e/plugins/plugin-git/che-plugin-git-ext-git/src/main/java/org/eclipse/che/ide/ext/git/client/GitCheckoutHandler.java","raw_url":"https://github.com/eclipse/che/raw/03f7e01379f04cab0699a7882b404ee086d1037e/plugins/plugin-git/che-plugin-git-ext-git/src/main/java/org/eclipse/che/ide/ext/git/client/GitCheckoutHandler.java","contents_url":"https://api.github.com/repos/eclipse/che/contents/plugins/plugin-git/che-plugin-git-ext-git/src/main/java/org/eclipse/che/ide/ext/git/client/GitCheckoutHandler.java?ref=03f7e01379f04cab0699a7882b404ee086d1037e","patch":"@@ -14,7 +14,9 @@\n import org.eclipse.che.api.core.jsonrpc.commons.RequestHandlerConfigurator;\n import org.eclipse.che.api.project.shared.dto.event.GitCheckoutEventDto;\n import org.eclipse.che.api.project.shared.dto.event.GitCheckoutEventDto.Type;\n+import org.eclipse.che.ide.api.app.AppContext;\n import org.eclipse.che.ide.api.notification.NotificationManager;\n+import org.eclipse.che.ide.resources.impl.ResourceManager;\n import org.eclipse.che.ide.util.loging.Log;\n \n import javax.inject.Inject;\n@@ -27,22 +29,26 @@\n /**\n  * Receives git checkout notifications caught by server side VFS file watching system.\n  * Support two type of notifications: git branch checkout and git revision checkout.\n- * After a notification is received it is processed and passed to and instance of\n- * {@link NotificationManager}.\n+ * After a notification is received it is processed and passed to an instance of\n+ * {@link NotificationManager}. Updates attributes of the project from server to load\n+ * new HEAD value to project attributes that are held in {@link ResourceManager}.\n  */\n @Singleton\n-public class GitCheckoutStatusNotificationHandler {\n-    private final Provider<NotificationManager> notificationManagerProvider;\n+public class GitCheckoutHandler {\n+    private final Provider<NotificationManager>          notificationManagerProvider;\n+    private final AppContext                             appContext;\n \n     @Inject\n-    public GitCheckoutStatusNotificationHandler(Provider<NotificationManager> notificationManagerProvider,\n-                                                RequestHandlerConfigurator configurator) {\n+    public GitCheckoutHandler(Provider<NotificationManager> notificationManagerProvider,\n+                              RequestHandlerConfigurator configurator,\n+                              AppContext appContext) {\n         this.notificationManagerProvider = notificationManagerProvider;\n+        this.appContext = appContext;\n \n         configureHandler(configurator);\n     }\n \n-    public void configureHandler(RequestHandlerConfigurator configurator) {\n+    private void configureHandler(RequestHandlerConfigurator configurator) {\n         configurator.newConfiguration()\n                     .methodName(\"event:git-checkout\")\n                     .paramsAsDto(GitCheckoutEventDto.class)\n@@ -76,5 +82,8 @@ public void apply(String endpointId, GitCheckoutEventDto dto) {\n                 break;\n             }\n         }\n+\n+        //Update project attributes from server.\n+        appContext.getWorkspaceRoot().synchronize();\n     }\n }","previous_filename":"plugins/plugin-git/che-plugin-git-ext-git/src/main/java/org/eclipse/che/ide/ext/git/client/GitCheckoutStatusNotificationHandler.java"},{"sha":"38fd5cf3edb2602117f72d576370c9c78137c320","filename":"plugins/plugin-git/che-plugin-git-ext-git/src/main/java/org/eclipse/che/ide/ext/git/client/branch/BranchPresenter.java","status":"modified","additions":1,"deletions":2,"changes":3,"blob_url":"https://github.com/eclipse/che/blob/03f7e01379f04cab0699a7882b404ee086d1037e/plugins/plugin-git/che-plugin-git-ext-git/src/main/java/org/eclipse/che/ide/ext/git/client/branch/BranchPresenter.java","raw_url":"https://github.com/eclipse/che/raw/03f7e01379f04cab0699a7882b404ee086d1037e/plugins/plugin-git/che-plugin-git-ext-git/src/main/java/org/eclipse/che/ide/ext/git/client/branch/BranchPresenter.java","contents_url":"https://api.github.com/repos/eclipse/che/contents/plugins/plugin-git/che-plugin-git-ext-git/src/main/java/org/eclipse/che/ide/ext/git/client/branch/BranchPresenter.java?ref=03f7e01379f04cab0699a7882b404ee086d1037e","patch":"@@ -160,8 +160,7 @@ public void onCheckoutClicked() {\n \n         service.checkout(project.getLocation(), checkoutRequest)\n                .then(ignored -> {\n-                   getBranches();\n-                   project.synchronize();\n+                   view.close();\n                })\n                .catchError(error -> {\n                    handleError(error.getCause(), BRANCH_CHECKOUT_COMMAND_NAME);"},{"sha":"bb513d7fe94e8cceba29638c9ab7159bc2de426c","filename":"plugins/plugin-git/che-plugin-git-ext-git/src/main/java/org/eclipse/che/ide/ext/git/client/inject/GitGinModule.java","status":"modified","additions":2,"deletions":2,"changes":4,"blob_url":"https://github.com/eclipse/che/blob/03f7e01379f04cab0699a7882b404ee086d1037e/plugins/plugin-git/che-plugin-git-ext-git/src/main/java/org/eclipse/che/ide/ext/git/client/inject/GitGinModule.java","raw_url":"https://github.com/eclipse/che/raw/03f7e01379f04cab0699a7882b404ee086d1037e/plugins/plugin-git/che-plugin-git-ext-git/src/main/java/org/eclipse/che/ide/ext/git/client/inject/GitGinModule.java","contents_url":"https://api.github.com/repos/eclipse/che/contents/plugins/plugin-git/che-plugin-git-ext-git/src/main/java/org/eclipse/che/ide/ext/git/client/inject/GitGinModule.java?ref=03f7e01379f04cab0699a7882b404ee086d1037e","patch":"@@ -18,7 +18,7 @@\n import org.eclipse.che.ide.api.extension.ExtensionGinModule;\n import org.eclipse.che.ide.api.preferences.PreferencePagePresenter;\n import org.eclipse.che.ide.api.project.wizard.ImportWizardRegistrar;\n-import org.eclipse.che.ide.ext.git.client.GitCheckoutStatusNotificationHandler;\n+import org.eclipse.che.ide.ext.git.client.GitCheckoutHandler;\n import org.eclipse.che.ide.ext.git.client.add.AddToIndexView;\n import org.eclipse.che.ide.ext.git.client.add.AddToIndexViewImpl;\n import org.eclipse.che.ide.ext.git.client.branch.BranchView;\n@@ -92,6 +92,6 @@ protected void configure() {\n         install(new GinFactoryModuleBuilder().implement(GitOutputConsole.class, GitOutputConsolePresenter.class)\n                                              .build(GitOutputConsoleFactory.class));\n \n-        bind(GitCheckoutStatusNotificationHandler.class).asEagerSingleton();\n+        bind(GitCheckoutHandler.class).asEagerSingleton();\n     }\n }"},{"sha":"bc0785be495fedd4174a4480277ea7c0db1a6338","filename":"wsagent/che-core-api-git/src/main/java/org/eclipse/che/api/git/GitCheckoutDetector.java","status":"modified","additions":14,"deletions":1,"changes":15,"blob_url":"https://github.com/eclipse/che/blob/03f7e01379f04cab0699a7882b404ee086d1037e/wsagent/che-core-api-git/src/main/java/org/eclipse/che/api/git/GitCheckoutDetector.java","raw_url":"https://github.com/eclipse/che/raw/03f7e01379f04cab0699a7882b404ee086d1037e/wsagent/che-core-api-git/src/main/java/org/eclipse/che/api/git/GitCheckoutDetector.java","contents_url":"https://api.github.com/repos/eclipse/che/contents/wsagent/che-core-api-git/src/main/java/org/eclipse/che/api/git/GitCheckoutDetector.java?ref=03f7e01379f04cab0699a7882b404ee086d1037e","patch":"@@ -10,10 +10,13 @@\n  *******************************************************************************/\n package org.eclipse.che.api.git;\n \n+import org.eclipse.che.api.core.ConflictException;\n import org.eclipse.che.api.core.ForbiddenException;\n+import org.eclipse.che.api.core.NotFoundException;\n import org.eclipse.che.api.core.ServerException;\n import org.eclipse.che.api.core.jsonrpc.commons.RequestTransmitter;\n import org.eclipse.che.api.core.jsonrpc.commons.RequestHandlerConfigurator;\n+import org.eclipse.che.api.project.server.ProjectRegistry;\n import org.eclipse.che.api.project.shared.dto.event.GitCheckoutEventDto;\n import org.eclipse.che.api.project.shared.dto.event.GitCheckoutEventDto.Type;\n import org.eclipse.che.api.vfs.Path;\n@@ -51,16 +54,21 @@\n     private final VirtualFileSystemProvider vfsProvider;\n     private final RequestTransmitter        transmitter;\n     private final FileWatcherManager        manager;\n+    private final ProjectRegistry           projectRegistry;\n \n     private final Set<String> endpointIds = newConcurrentHashSet();\n \n     private int id;\n \n     @Inject\n-    public GitCheckoutDetector(VirtualFileSystemProvider vfsProvider, RequestTransmitter transmitter, FileWatcherManager manager) {\n+    public GitCheckoutDetector(VirtualFileSystemProvider vfsProvider,\n+                               RequestTransmitter transmitter,\n+                               FileWatcherManager manager,\n+                               ProjectRegistry projectRegistry) {\n         this.vfsProvider = vfsProvider;\n         this.transmitter = transmitter;\n         this.manager = manager;\n+        this.projectRegistry = projectRegistry;\n     }\n \n     @Inject\n@@ -111,10 +119,15 @@ private PathMatcher matcher() {\n                 Type type = content.contains(\"ref:\") ? BRANCH : REVISION;\n                 String name = type == REVISION ? content : PATTERN.split(content)[1];\n \n+                //Update project attributes with new git values\n+                projectRegistry.setProjectType(it.split(\"/\")[1], GitProjectType.TYPE_ID, true);\n+\n                 endpointIds.forEach(transmitConsumer(type, name));\n \n             } catch (ServerException | ForbiddenException e) {\n                 LOG.error(\"Error trying to read {} file and broadcast it\", it, e);\n+            } catch (NotFoundException | ConflictException e) {\n+                LOG.error(\"Error trying to update project attributes\", it, e);\n             }\n         };\n     }"},{"sha":"29ac373d61d25f45ad9c90974d5f6ded2b54350f","filename":"wsagent/che-core-api-git/src/main/java/org/eclipse/che/api/git/GitProjectType.java","status":"modified","additions":6,"deletions":6,"changes":12,"blob_url":"https://github.com/eclipse/che/blob/03f7e01379f04cab0699a7882b404ee086d1037e/wsagent/che-core-api-git/src/main/java/org/eclipse/che/api/git/GitProjectType.java","raw_url":"https://github.com/eclipse/che/raw/03f7e01379f04cab0699a7882b404ee086d1037e/wsagent/che-core-api-git/src/main/java/org/eclipse/che/api/git/GitProjectType.java","contents_url":"https://api.github.com/repos/eclipse/che/contents/wsagent/che-core-api-git/src/main/java/org/eclipse/che/api/git/GitProjectType.java?ref=03f7e01379f04cab0699a7882b404ee086d1037e","patch":"@@ -21,18 +21,18 @@\n @Singleton\n public class GitProjectType extends TransientMixin {\n \n-    public static final String TYPE_ID                 = \"git\";\n-    public static final String DISPLAY_NAME            = \"git\";\n-    public static final String VCS_PROVIDER_NAME       = \"vcs.provider.name\";\n-    public static final String GIT_CURRENT_BRANCH_NAME = \"git.current.branch.name\";\n-    public static final String GIT_REPOSITORY_REMOTES  = \"git.repository.remotes\";\n+    public static final String TYPE_ID                = \"git\";\n+    public static final String DISPLAY_NAME           = \"git\";\n+    public static final String VCS_PROVIDER_NAME      = \"vcs.provider.name\";\n+    public static final String GIT_CURRENT_HEAD_NAME  = \"git.current.head.name\";\n+    public static final String GIT_REPOSITORY_REMOTES = \"git.repository.remotes\";\n \n     @Inject\n     public GitProjectType(GitValueProviderFactory gitRepositoryValueProviderFactory) {\n         super(TYPE_ID, DISPLAY_NAME);\n         addVariableDefinition(VCS_PROVIDER_NAME, \"Is this git repo or not?\", true,\n                               gitRepositoryValueProviderFactory);\n-        addVariableDefinition(GIT_CURRENT_BRANCH_NAME, \"Name of current git branch\", false,\n+        addVariableDefinition(GIT_CURRENT_HEAD_NAME, \"Name of current git branch or revision\", false,\n                               gitRepositoryValueProviderFactory);\n         addVariableDefinition(GIT_REPOSITORY_REMOTES, \"List of git repository remote addresses\", false,\n                               gitRepositoryValueProviderFactory);"},{"sha":"3efe9b5c8f2e6c13c361cbc6305196180f803959","filename":"wsagent/che-core-api-git/src/main/java/org/eclipse/che/api/git/GitValueProviderFactory.java","status":"modified","additions":11,"deletions":4,"changes":15,"blob_url":"https://github.com/eclipse/che/blob/03f7e01379f04cab0699a7882b404ee086d1037e/wsagent/che-core-api-git/src/main/java/org/eclipse/che/api/git/GitValueProviderFactory.java","raw_url":"https://github.com/eclipse/che/raw/03f7e01379f04cab0699a7882b404ee086d1037e/wsagent/che-core-api-git/src/main/java/org/eclipse/che/api/git/GitValueProviderFactory.java","contents_url":"https://api.github.com/repos/eclipse/che/contents/wsagent/che-core-api-git/src/main/java/org/eclipse/che/api/git/GitValueProviderFactory.java?ref=03f7e01379f04cab0699a7882b404ee086d1037e","patch":"@@ -13,6 +13,7 @@\n import com.google.inject.Inject;\n \n import org.eclipse.che.api.core.ApiException;\n+import org.eclipse.che.api.git.params.LogParams;\n import org.eclipse.che.api.git.shared.Remote;\n import org.eclipse.che.api.project.server.FolderEntry;\n import org.eclipse.che.api.project.server.type.ReadonlyValueProvider;\n@@ -25,7 +26,8 @@\n import java.util.List;\n import java.util.stream.Collectors;\n \n-import static org.eclipse.che.api.git.GitProjectType.GIT_CURRENT_BRANCH_NAME;\n+import static java.util.Collections.singletonList;\n+import static org.eclipse.che.api.git.GitProjectType.GIT_CURRENT_HEAD_NAME;\n import static org.eclipse.che.api.git.GitProjectType.GIT_REPOSITORY_REMOTES;\n import static org.eclipse.che.api.git.GitProjectType.VCS_PROVIDER_NAME;\n \n@@ -54,9 +56,14 @@ public ValueProvider newInstance(final FolderEntry folder) {\n \n                     switch (attributeName) {\n                         case VCS_PROVIDER_NAME:\n-                            return Collections.singletonList(\"git\");\n-                        case GIT_CURRENT_BRANCH_NAME:\n-                            return Collections.singletonList(gitConnection.getCurrentBranch());\n+                            return singletonList(\"git\");\n+                        case GIT_CURRENT_HEAD_NAME:\n+                            String currentBranch = gitConnection.getCurrentBranch();\n+                            return singletonList(\"HEAD\".equals(currentBranch) ? gitConnection.log(LogParams.create().withMaxCount(1))\n+                                                                                             .getCommits()\n+                                                                                             .get(0)\n+                                                                                             .getId()\n+                                                                              : currentBranch);\n                         case GIT_REPOSITORY_REMOTES:\n                             return gitConnection.remoteList(null, false)\n                                                 .stream()"}]}
