{"sha":"0414b27e8cebe4a639caf4bf9ad8267e84550577","commit":{"author":{"name":"Roman Iuvshyn","email":"riuvshyn@redhat.com","date":"2017-12-04T12:56:52Z"},"committer":{"name":"GitHub","email":"noreply@github.com","date":"2017-12-04T12:56:52Z"},"message":" Allow add che configurations in case of deploy on Openshift (#7692)\n\n* Allow add che configurations in case of deploy on Openshift","tree":{"sha":"b9ebf57f1cf05f969847301a9d76ba441546304d","url":"https://api.github.com/repos/eclipse/che/git/trees/b9ebf57f1cf05f969847301a9d76ba441546304d"},"url":"https://api.github.com/repos/eclipse/che/git/commits/0414b27e8cebe4a639caf4bf9ad8267e84550577","comment_count":0,"verification":{"verified":true,"reason":"valid","signature":"-----BEGIN PGP SIGNATURE-----\n\nwsBcBAABCAAQBQJaJUYUCRBK7hj4Ov3rIwAAdHIIAENTIoXjKaS9JCSZ3kfR7fEp\nnLXP0XYkFrSFrt6FLhIqK/28c4mjJvjUrB1/KU/02LvUUL5gacYeS5ZBsD3s9Pbs\nVhoRp0TGs5qWdcy6w89H7nHzYHbB7MAVHF0sJT553YOvPX56/e7cYB8wPvTm1Jmc\nXHO/ZcIwxuqRn7JSl2JfxQqoZay1qm8zJ0gQPdQniyLYjfJW2jth0mxWNX1wHLKe\nASdfzOs5Bh2Wg1KbDqnBUklb4u9mVBgENmDxJiAmKne7yQq72HcKiTIcyE8TbM09\nAJ4erxnl1XDtLXp/xgAi7bTxIs+xtEq8SV8ID3XTbkWG2g2I1fjDN38IV/KotEY=\n=wswu\n-----END PGP SIGNATURE-----\n","payload":"tree b9ebf57f1cf05f969847301a9d76ba441546304d\nparent afcce5a56e7552ad62ad4a8ec6574675bd9921ea\nauthor Roman Iuvshyn <riuvshyn@redhat.com> 1512392212 +0200\ncommitter GitHub <noreply@github.com> 1512392212 +0200\n\n Allow add che configurations in case of deploy on Openshift (#7692)\n\n* Allow add che configurations in case of deploy on Openshift\r\n"}},"url":"https://api.github.com/repos/eclipse/che/commits/0414b27e8cebe4a639caf4bf9ad8267e84550577","html_url":"https://github.com/eclipse/che/commit/0414b27e8cebe4a639caf4bf9ad8267e84550577","comments_url":"https://api.github.com/repos/eclipse/che/commits/0414b27e8cebe4a639caf4bf9ad8267e84550577/comments","author":{"login":"riuvshin","id":1636732,"avatar_url":"https://avatars2.githubusercontent.com/u/1636732?v=4","gravatar_id":"","url":"https://api.github.com/users/riuvshin","html_url":"https://github.com/riuvshin","followers_url":"https://api.github.com/users/riuvshin/followers","following_url":"https://api.github.com/users/riuvshin/following{/other_user}","gists_url":"https://api.github.com/users/riuvshin/gists{/gist_id}","starred_url":"https://api.github.com/users/riuvshin/starred{/owner}{/repo}","subscriptions_url":"https://api.github.com/users/riuvshin/subscriptions","organizations_url":"https://api.github.com/users/riuvshin/orgs","repos_url":"https://api.github.com/users/riuvshin/repos","events_url":"https://api.github.com/users/riuvshin/events{/privacy}","received_events_url":"https://api.github.com/users/riuvshin/received_events","type":"User","site_admin":false},"committer":{"login":"web-flow","id":19864447,"avatar_url":"https://avatars3.githubusercontent.com/u/19864447?v=4","gravatar_id":"","url":"https://api.github.com/users/web-flow","html_url":"https://github.com/web-flow","followers_url":"https://api.github.com/users/web-flow/followers","following_url":"https://api.github.com/users/web-flow/following{/other_user}","gists_url":"https://api.github.com/users/web-flow/gists{/gist_id}","starred_url":"https://api.github.com/users/web-flow/starred{/owner}{/repo}","subscriptions_url":"https://api.github.com/users/web-flow/subscriptions","organizations_url":"https://api.github.com/users/web-flow/orgs","repos_url":"https://api.github.com/users/web-flow/repos","events_url":"https://api.github.com/users/web-flow/events{/privacy}","received_events_url":"https://api.github.com/users/web-flow/received_events","type":"User","site_admin":false},"parents":[{"sha":"afcce5a56e7552ad62ad4a8ec6574675bd9921ea","url":"https://api.github.com/repos/eclipse/che/commits/afcce5a56e7552ad62ad4a8ec6574675bd9921ea","html_url":"https://github.com/eclipse/che/commit/afcce5a56e7552ad62ad4a8ec6574675bd9921ea"}],"stats":{"total":301,"additions":64,"deletions":237},"files":[{"sha":"e1f48e14f5f0b5bebd8ddcb4ea60e6cbfb3c0f06","filename":"dockerfiles/init/modules/openshift/files/scripts/che-config","status":"added","additions":34,"deletions":0,"changes":34,"blob_url":"https://github.com/eclipse/che/blob/0414b27e8cebe4a639caf4bf9ad8267e84550577/dockerfiles/init/modules/openshift/files/scripts/che-config","raw_url":"https://github.com/eclipse/che/raw/0414b27e8cebe4a639caf4bf9ad8267e84550577/dockerfiles/init/modules/openshift/files/scripts/che-config","contents_url":"https://api.github.com/repos/eclipse/che/contents/dockerfiles/init/modules/openshift/files/scripts/che-config?ref=0414b27e8cebe4a639caf4bf9ad8267e84550577","patch":"@@ -0,0 +1,34 @@\n+# To put some extra CHE server configurations just add here CHE ENV vars following format:\n+# KEY: \"value\"\n+CHE_HOST: che-${OPENSHIFT_NAMESPACE_URL}\n+CHE_PORT: \"8080\"\n+CHE_API: ${HTTP_PROTOCOL}://che-${OPENSHIFT_NAMESPACE_URL}/api\n+CHE_WEBSOCKET_ENDPOINT:  ${WS_PROTOCOL}://che-${OPENSHIFT_NAMESPACE_URL}/api/websocket\n+CHE_DEBUG_SERVER: ${CHE_DEBUG_SERVER}\n+CHE_INFRASTRUCTURE_ACTIVE: openshift\n+CHE_INFRA_OPENSHIFT_BOOTSTRAPPER_BINARY__URL: ${HTTP_PROTOCOL}://che-${OPENSHIFT_NAMESPACE_URL}/agent-binaries/linux_amd64/bootstrapper/bootstrapper\n+CHE_INFRA_OPENSHIFT_MACHINE__START__TIMEOUT__MIN: \"5\"\n+CHE_INFRA_OPENSHIFT_MASTER__URL: ${CHE_INFRA_OPENSHIFT_MASTER__URL}\n+CHE_INFRA_OPENSHIFT_OAUTH__TOKEN: ${CHE_INFRA_OPENSHIFT_OAUTH__TOKEN}\n+CHE_INFRA_OPENSHIFT_PASSWORD: ${CHE_INFRA_OPENSHIFT_PASSWORD}\n+CHE_INFRA_OPENSHIFT_PROJECT: ${CHE_INFRA_OPENSHIFT_PROJECT}\n+CHE_INFRA_OPENSHIFT_PVC_STRATEGY: ${CHE_INFRA_OPENSHIFT_PVC_STRATEGY}\n+CHE_INFRA_OPENSHIFT_TLS__ENABLED: ${ENABLE_SSL}\n+CHE_INFRA_OPENSHIFT_TRUST__CERTS: \"false\"\n+CHE_INFRA_OPENSHIFT_USERNAME: ${CHE_INFRA_OPENSHIFT_USERNAME}\n+CHE_KEYCLOAK_AUTH__SERVER__URL: ${CHE_KEYCLOAK_AUTH__SERVER__URL}\n+CHE_KEYCLOAK_CLIENT__ID: ${CHE_KEYCLOAK_CLIENT__ID}\n+CHE_KEYCLOAK_GITHUB_ENDPOINT: ${KEYCLOAK_GITHUB_ENDPOINT}\n+CHE_KEYCLOAK_OSO_ENDPOINT: ${CHE_KEYCLOAK_OSO_ENDPOINT}\n+CHE_KEYCLOAK_REALM: ${CHE_KEYCLOAK_REALM}\n+CHE_LOCAL_CONF_DIR: /etc/conf\n+CHE_LOGS_DIR: /data/logs\n+CHE_LOG_LEVEL: ${CHE_LOG_LEVEL}\n+CHE_MULTIUSER: ${CHE_MULTIUSER}\n+CHE_OAUTH_GITHUB_CLIENTID: ${CHE_OAUTH_GITHUB_CLIENTID}\n+CHE_OAUTH_GITHUB_CLIENTSECRET: ${CHE_OAUTH_GITHUB_CLIENTSECRET}\n+CHE_OAUTH_GITHUB_FORCEACTIVATION: \"true\"\n+CHE_PREDEFINED_STACKS_RELOAD__ON__START: ${CHE_PREDEFINED_STACKS_RELOAD}\n+CHE_SERVER_JAVA_OPTS: \"-XX:+UseG1GC -XX:+UseStringDeduplication -XX:MinHeapFreeRatio=20 -XX:MaxHeapFreeRatio=40 -XX:MaxRAM=700m -Xms256m\"\n+CHE_WORKSPACE_AUTO_START: \"false\"\n+CHE_WORKSPACE_JAVA_OPTIONS: \"-XX:+UseG1GC -XX:+UseStringDeduplication -XX:MinHeapFreeRatio=20 -XX:MaxHeapFreeRatio=40 -XX:MaxRAM=1300m -Xms256m\""},{"sha":"00b628d3c2e03d425473e7eec66640c50320f6bf","filename":"dockerfiles/init/modules/openshift/files/scripts/che-openshift.yml","status":"modified","additions":1,"deletions":215,"changes":216,"blob_url":"https://github.com/eclipse/che/blob/0414b27e8cebe4a639caf4bf9ad8267e84550577/dockerfiles/init/modules/openshift/files/scripts/che-openshift.yml","raw_url":"https://github.com/eclipse/che/raw/0414b27e8cebe4a639caf4bf9ad8267e84550577/dockerfiles/init/modules/openshift/files/scripts/che-openshift.yml","contents_url":"https://api.github.com/repos/eclipse/che/contents/dockerfiles/init/modules/openshift/files/scripts/che-openshift.yml?ref=0414b27e8cebe4a639caf4bf9ad8267e84550577","patch":"@@ -46,46 +46,6 @@ items:\n     resources:\n       requests:\n         storage: 1Gi\n-- apiVersion: v1\n-  kind: ConfigMap\n-  metadata:\n-    labels:\n-      app: che\n-    name: che\n-  data:\n-    CHE_MULTIUSER: \"false\"\n-    CHE_INFRASTRUCTURE_ACTIVE: openshift\n-    CHE_INFRA_OPENSHIFT_MASTER__URL: \"\"\n-    CHE_INFRA_OPENSHIFT_USERNAME: \"\"\n-    CHE_INFRA_OPENSHIFT_PASSWORD: \"\"\n-    CHE_INFRA_OPENSHIFT_OAUTH__TOKEN: \"\"\n-    CHE_INFRA_OPENSHIFT_TRUST__CERTS: \"false\"\n-    CHE_INFRA_OPENSHIFT_TLS__ENABLED: \"true\"\n-    CHE_INFRA_OPENSHIFT_PVC_STRATEGY: \"common\"\n-    CHE_INFRA_OPENSHIFT_PROJECT: \"\"\n-    CHE_INFRA_OPENSHIFT_MACHINE__START__TIMEOUT__MIN: \"5\"\n-    CHE_INFRA_OPENSHIFT_BOOTSTRAPPER_BINARY__URL: http://${DEFAULT_OPENSHIFT_NAMESPACE_URL}/agent-binaries/linux_amd64/bootstrapper/bootstrapper\n-    CHE_API: http://${DEFAULT_OPENSHIFT_NAMESPACE_URL}/api\n-    CHE_HOST: ${DEFAULT_OPENSHIFT_NAMESPACE_URL}\n-    CHE_WEBSOCKET_ENDPOINT:  ws://${DEFAULT_OPENSHIFT_NAMESPACE_URL}/api/websocket\n-    CHE_PORT: \"8080\"\n-    CHE_LOCAL_CONF_DIR: /etc/conf\n-    CHE_LOGS_DIR: /data/logs\n-    CHE_PREDEFINED_STACKS_RELOAD__ON__START: \"true\"\n-    CHE_LOG_LEVEL: INFO\n-    CHE_PORT: \"8080\"\n-    CHE_DEBUG_SERVER: \"false\"\n-    CHE_OAUTH_GITHUB_FORCEACTIVATION: \"true\"\n-    CHE_WORKSPACE_AUTO_START: \"false\"\n-    CHE_KEYCLOAK_OSO_ENDPOINT: ${CHE_KEYCLOAK_OSO_ENDPOINT}\n-    CHE_KEYCLOAK_GITHUB_ENDPOINT: ${KEYCLOAK_GITHUB_ENDPOINT}\n-    CHE_SERVER_JAVA_OPTS: -XX:+UseG1GC -XX:+UseStringDeduplication -XX:MinHeapFreeRatio=20 -XX:MaxHeapFreeRatio=40 -XX:MaxRAM=700m -Xms256m\n-    CHE_WORKSPACE_JAVA_OPTIONS: -XX:+UseG1GC -XX:+UseStringDeduplication -XX:MinHeapFreeRatio=20 -XX:MaxHeapFreeRatio=40 -XX:MaxRAM=1300m -Xms256m\n-    CHE_KEYCLOAK_AUTH__SERVER__URL: ${CHE_KEYCLOAK_AUTH__SERVER__URL}\n-    CHE_KEYCLOAK_REALM: ${CHE_KEYCLOAK_REALM}\n-    CHE_KEYCLOAK_CLIENT__ID: ${CHE_KEYCLOAK_CLIENT__ID}\n-    CHE_OAUTH_GITHUB_CLIENTID: ${CHE_OAUTH_GITHUB_CLIENTID}\n-    CHE_OAUTH_GITHUB_CLIENTSECRET: ${CHE_OAUTH_GITHUB_CLIENTSECRET}\n - apiVersion: v1\n   kind: DeploymentConfig\n   metadata:\n@@ -108,181 +68,7 @@ items:\n       spec:\n         containers:\n         - env:\n-          - name: CHE_OAUTH_GITHUB_CLIENTID\n-            valueFrom:\n-              configMapKeyRef:\n-                key: CHE_OAUTH_GITHUB_CLIENTID\n-                name: che\n-          - name: CHE_OAUTH_GITHUB_CLIENTSECRET\n-            valueFrom:\n-              configMapKeyRef:\n-                key: CHE_OAUTH_GITHUB_CLIENTSECRET\n-                name: che\n-          - name: CHE_MULTIUSER\n-            valueFrom:\n-              configMapKeyRef:\n-                key: CHE_MULTIUSER\n-                name: che\n-          - name: CHE_KEYCLOAK_AUTH__SERVER__URL\n-            valueFrom:\n-              configMapKeyRef:\n-                key: CHE_KEYCLOAK_AUTH__SERVER__URL\n-                name: che\n-          - name: CHE_KEYCLOAK_REALM\n-            valueFrom:\n-              configMapKeyRef:\n-                key: CHE_KEYCLOAK_REALM\n-                name: che\n-          - name: CHE_KEYCLOAK_CLIENT__ID\n-            valueFrom:\n-              configMapKeyRef:\n-                key: CHE_KEYCLOAK_CLIENT__ID\n-                name: che\n-          - name: CHE_INFRA_OPENSHIFT_MASTER__URL\n-            valueFrom:\n-              configMapKeyRef:\n-                key: CHE_INFRA_OPENSHIFT_MASTER__URL\n-                name: che\n-          - name: CHE_INFRA_OPENSHIFT_USERNAME\n-            valueFrom:\n-              configMapKeyRef:\n-                key: CHE_INFRA_OPENSHIFT_USERNAME\n-                name: che\n-          - name: CHE_INFRASTRUCTURE_ACTIVE\n-            valueFrom:\n-              configMapKeyRef:\n-                key: CHE_INFRASTRUCTURE_ACTIVE\n-                name: che\n-          - name: CHE_INFRA_OPENSHIFT_PASSWORD\n-            valueFrom:\n-              configMapKeyRef:\n-                key: CHE_INFRA_OPENSHIFT_PASSWORD\n-                name: che\n-          - name: CHE_INFRA_OPENSHIFT_OAUTH__TOKEN\n-            valueFrom:\n-              configMapKeyRef:\n-                key: CHE_INFRA_OPENSHIFT_OAUTH__TOKEN\n-                name: che\n-          - name: CHE_INFRA_OPENSHIFT_TRUST__CERTS\n-            valueFrom:\n-              configMapKeyRef:\n-                key: CHE_INFRA_OPENSHIFT_TRUST__CERTS\n-                name: che\n-          - name: CHE_INFRA_OPENSHIFT_PVC_STRATEGY\n-            valueFrom:\n-              configMapKeyRef:\n-                key: CHE_INFRA_OPENSHIFT_PVC_STRATEGY\n-                name: che\n-          - name: CHE_INFRA_OPENSHIFT_TLS__ENABLED\n-            valueFrom:\n-              configMapKeyRef:\n-                key: CHE_INFRA_OPENSHIFT_TLS__ENABLED\n-                name: che\n-          - name: CHE_INFRA_OPENSHIFT_PROJECT\n-            valueFrom:\n-              configMapKeyRef:\n-                key: CHE_INFRA_OPENSHIFT_PROJECT\n-                name: che\n-          - name: CHE_INFRA_OPENSHIFT_MACHINE__START__TIMEOUT__MIN\n-            valueFrom:\n-              configMapKeyRef:\n-                key: CHE_INFRA_OPENSHIFT_MACHINE__START__TIMEOUT__MIN\n-                name: che\n-          - name: CHE_INFRA_OPENSHIFT_BOOTSTRAPPER_BINARY__URL\n-            valueFrom:\n-              configMapKeyRef:\n-                key: CHE_INFRA_OPENSHIFT_BOOTSTRAPPER_BINARY__URL\n-                name: che\n-          - name: CHE_WEBSOCKET_ENDPOINT\n-            valueFrom:\n-              configMapKeyRef:\n-                key: CHE_WEBSOCKET_ENDPOINT\n-                name: che\n-          - name: CHE_LOGS_DIR\n-            valueFrom:\n-              configMapKeyRef:\n-                key: CHE_LOGS_DIR\n-                name: che\n-          - name: CHE_LOCAL_CONF_DIR\n-            valueFrom:\n-              configMapKeyRef:\n-                key: CHE_LOCAL_CONF_DIR\n-                name: che\n-          - name: CHE_PREDEFINED_STACKS_RELOAD__ON__START\n-            valueFrom:\n-              configMapKeyRef:\n-                key: CHE_PREDEFINED_STACKS_RELOAD__ON__START\n-                name: che\n-          - name: CHE_LOG_LEVEL\n-            valueFrom:\n-              configMapKeyRef:\n-                key: CHE_LOG_LEVEL\n-                name: che\n-          - name: CHE_PORT\n-            valueFrom:\n-              configMapKeyRef:\n-                key: CHE_PORT\n-                name: che\n-          - name: CHE_DEBUG_SERVER\n-            valueFrom:\n-              configMapKeyRef:\n-                key: CHE_DEBUG_SERVER\n-                name: che\n-          - name: CHE_HOST\n-            valueFrom:\n-              configMapKeyRef:\n-                key: CHE_HOST\n-                name: che\n-          - name: CHE_API\n-            valueFrom:\n-              configMapKeyRef:\n-                key: CHE_API\n-                name: che\n-          - name: CHE_OAUTH_GITHUB_FORCEACTIVATION\n-            valueFrom:\n-              configMapKeyRef:\n-                key: CHE_OAUTH_GITHUB_FORCEACTIVATION\n-                name: che\n-          - name: CHE_WORKSPACE_AUTO__START\n-            valueFrom:\n-              configMapKeyRef:\n-                key: CHE_WORKSPACE_AUTO_START\n-                name: che\n-          - name: JAVA_OPTS\n-            valueFrom:\n-              configMapKeyRef:\n-                key: CHE_SERVER_JAVA_OPTS\n-                name: che\n-          - name: CHE_WORKSPACE_JAVA_OPTIONS\n-            valueFrom:\n-              configMapKeyRef:\n-                key: CHE_WORKSPACE_JAVA_OPTIONS\n-                name: che\n-          - name: CHE_KEYCLOAK_OSO_ENDPOINT\n-            valueFrom:\n-              configMapKeyRef:\n-                key: CHE_KEYCLOAK_OSO_ENDPOINT\n-                name: che\n-          - name: CHE_KEYCLOAK_GITHUB_ENDPOINT\n-            valueFrom:\n-              configMapKeyRef:\n-                key: CHE_KEYCLOAK_GITHUB_ENDPOINT\n-                name: che\n-          - name: CHE_KEYCLOAK_AUTH__SERVER__URL\n-            valueFrom:\n-              configMapKeyRef:\n-                key: CHE_KEYCLOAK_AUTH__SERVER__URL\n-                name: che\n-          - name: CHE_KEYCLOAK_REALM\n-            valueFrom:\n-              configMapKeyRef:\n-                key: CHE_KEYCLOAK_REALM\n-                name: che\n-          - name: CHE_KEYCLOAK_CLIENT__ID\n-            valueFrom:\n-              configMapKeyRef:\n-                key: CHE_KEYCLOAK_CLIENT__ID\n-                name: che\n+          #CHE_MASTER_CONFIG\n           image: registry.devshift.net/che/che:291ebd9-fabric8-e470151\n           imagePullPolicy: IfNotPresent\n           livenessProbe:"},{"sha":"f588d55253c019f290e6b1b3de917a71e43ffce3","filename":"dockerfiles/init/modules/openshift/files/scripts/deploy_che.sh","status":"modified","additions":29,"deletions":22,"changes":51,"blob_url":"https://github.com/eclipse/che/blob/0414b27e8cebe4a639caf4bf9ad8267e84550577/dockerfiles/init/modules/openshift/files/scripts/deploy_che.sh","raw_url":"https://github.com/eclipse/che/raw/0414b27e8cebe4a639caf4bf9ad8267e84550577/dockerfiles/init/modules/openshift/files/scripts/deploy_che.sh","contents_url":"https://api.github.com/repos/eclipse/che/contents/dockerfiles/init/modules/openshift/files/scripts/deploy_che.sh?ref=0414b27e8cebe4a639caf4bf9ad8267e84550577","patch":"@@ -21,6 +21,32 @@\n \n set -e\n \n+# ----------------\n+# helper functions\n+# ----------------\n+\n+# inject_che_config injects che configuration in ENV format in deploy config\n+# first arg is a marker string, second is a path to the file with parameters in KV format which will be inserted after marker\n+inject_che_config() {\n+    while IFS= read -r line\n+    do\n+      printf '%s\\n' \"$line\"\n+      if [[ \"$line\" == *\"$1\"* ]];then\n+          while read l; do\n+            #ignore comments and empty lines\n+            if [[ \"$l\" != \"#\"* ]] && [[ ! -z \"$l\" ]]; then\n+                # properly extract key and value from config map file\n+                KEY=$(echo $l | cut -d ' ' -f1 | cut -d ':' -f1)\n+                VALUE=$(eval echo $l | cut -d ':' -f2- | cut -d ' ' -f2-)\n+                # put key and value in proper format in to a yaml file after marker line\n+                printf '%s\\n' \"          - name: $KEY\"\n+                printf '%s\\n' \"            value: \\\"$VALUE\\\"\"\n+            fi\n+          done <$2\n+      fi\n+    done < /dev/stdin\n+}\n+\n # --------------\n # Print Che logo \n # --------------\n@@ -361,33 +387,14 @@ fi\n echo\n echo \"[CHE] Deploying Che on ${OPENSHIFT_FLAVOR} (image ${CHE_IMAGE})\"\n \n-\n DEFAULT_CHE_DEPLOYMENT_FILE_PATH=./che-openshift.yml\n CHE_DEPLOYMENT_FILE_PATH=${CHE_DEPLOYMENT_FILE_PATH:-${DEFAULT_CHE_DEPLOYMENT_FILE_PATH}}\n+DEFAULT_CHE_CONFIG_FILE_PATH=./che-config\n+CHE_CONFIG_FILE_PATH=${CHE_CONFIG_FILE_PATH:-${DEFAULT_CHE_CONFIG_FILE_PATH}}\n cat \"${CHE_DEPLOYMENT_FILE_PATH}\" | \\\n     sed \"s/          image:.*/          image: \\\"${CHE_IMAGE_SANITIZED}\\\"/\" | \\\n     sed \"s/          imagePullPolicy:.*/          imagePullPolicy: \\\"${IMAGE_PULL_POLICY}\\\"/\" | \\\n-    sed \"s|    CHE_KEYCLOAK_OSO_ENDPOINT:.*|    CHE_KEYCLOAK_OSO_ENDPOINT: \\\"${CHE_KEYCLOAK_OSO_ENDPOINT}\\\"|\" | \\\n-    sed \"s|    CHE_KEYCLOAK_GITHUB_ENDPOINT:.*|    CHE_KEYCLOAK_GITHUB_ENDPOINT: \\\"${KEYCLOAK_GITHUB_ENDPOINT}\\\"|\" | \\\n-    sed \"s/    CHE_PREDEFINED_STACKS_RELOAD__ON__START:.*/    CHE_PREDEFINED_STACKS_RELOAD__ON__START: \\\"${CHE_PREDEFINED_STACKS_RELOAD}\\\"/\" | \\\n-    sed \"s|    CHE_INFRA_OPENSHIFT_PROJECT:.*|    CHE_INFRA_OPENSHIFT_PROJECT: \\\"${CHE_INFRA_OPENSHIFT_PROJECT}\\\"|\" | \\\n-    sed \"s|    CHE_INFRA_OPENSHIFT_BOOTSTRAPPER_BINARY__URL:.*|    CHE_INFRA_OPENSHIFT_BOOTSTRAPPER_BINARY__URL: ${HTTP_PROTOCOL}://che-${OPENSHIFT_NAMESPACE_URL}/agent-binaries/linux_amd64/bootstrapper/bootstrapper|\" | \\\n-    sed \"s|    CHE_WEBSOCKET_ENDPOINT:.*|    CHE_WEBSOCKET_ENDPOINT: ${WS_PROTOCOL}://che-${OPENSHIFT_NAMESPACE_URL}/api/websocket|\" | \\\n-    sed \"s/    CHE_MULTIUSER:.*/    CHE_MULTIUSER: \\\"${CHE_MULTIUSER}\\\"/\" | \\\n-    sed \"s|    CHE_HOST:.*|    CHE_HOST: \\\"che-${OPENSHIFT_NAMESPACE_URL}\\\"|\" | \\\n-    sed \"s|    CHE_API:.*|    CHE_API: ${HTTP_PROTOCOL}://che-${OPENSHIFT_NAMESPACE_URL}/api|\" | \\\n-    sed \"s|    CHE_INFRA_OPENSHIFT_PVC_STRATEGY:.*|    CHE_INFRA_OPENSHIFT_PVC_STRATEGY: \\\"${CHE_INFRA_OPENSHIFT_PVC_STRATEGY}\\\"|\" | \\\n-    sed \"s|    CHE_KEYCLOAK_AUTH__SERVER__URL:.*|    CHE_KEYCLOAK_AUTH__SERVER__URL: \\\"${CHE_KEYCLOAK_AUTH__SERVER__URL}\\\"|\" | \\\n-    sed \"s|    CHE_KEYCLOAK_REALM:.*|    CHE_KEYCLOAK_REALM: \\\"${CHE_KEYCLOAK_REALM}\\\"|\" | \\\n-    sed \"s|    CHE_KEYCLOAK_CLIENT__ID:.*|    CHE_KEYCLOAK_CLIENT__ID: \\\"${CHE_KEYCLOAK_CLIENT__ID}\\\"|\" | \\\n-    sed \"s|    CHE_OAUTH_GITHUB_CLIENTID:.*|    CHE_OAUTH_GITHUB_CLIENTID: \\\"${CHE_OAUTH_GITHUB_CLIENTID}\\\"|\" | \\\n-    sed \"s|    CHE_OAUTH_GITHUB_CLIENTSECRET:.*|    CHE_OAUTH_GITHUB_CLIENTSECRET: \\\"${CHE_OAUTH_GITHUB_CLIENTSECRET}\\\"|\" | \\\n-    sed \"s/    CHE_DEBUG_SERVER:.*/    CHE_DEBUG_SERVER: \\\"${CHE_DEBUG_SERVER}\\\"/\" | \\\n-    if [ \"${CHE_INFRA_OPENSHIFT_OAUTH__TOKEN+x}\" ]; then sed \"s|    CHE_INFRA_OPENSHIFT_OAUTH__TOKEN:.*|    CHE_INFRA_OPENSHIFT_OAUTH__TOKEN: \\\"${CHE_INFRA_OPENSHIFT_OAUTH__TOKEN}\\\"|\"; else cat -;  fi | \\\n-    if [ \"${CHE_INFRA_OPENSHIFT_USERNAME+x}\" ]; then sed \"s|    CHE_INFRA_OPENSHIFT_USERNAME:.*|    CHE_INFRA_OPENSHIFT_USERNAME: \\\"${CHE_INFRA_OPENSHIFT_USERNAME}\\\"|\"; else cat -;  fi | \\\n-    if [ \"${CHE_INFRA_OPENSHIFT_PASSWORD+x}\" ]; then sed \"s|    CHE_INFRA_OPENSHIFT_PASSWORD:.*|    CHE_INFRA_OPENSHIFT_PASSWORD: \\\"${CHE_INFRA_OPENSHIFT_PASSWORD}\\\"|\"; else cat -;  fi | \\\n-    sed \"s/    CHE_LOG_LEVEL:.*/    CHE_LOG_LEVEL: \\\"${CHE_LOG_LEVEL}\\\"/\" | \\\n-    sed \"s/    CHE_INFRA_OPENSHIFT_TLS__ENABLED:.*/    CHE_INFRA_OPENSHIFT_TLS__ENABLED: \\\"${ENABLE_SSL}\\\"/\" | \\\n+    inject_che_config \"#CHE_MASTER_CONFIG\" \"${CHE_CONFIG_FILE_PATH}\" | \\\n     if [ \"${ENABLE_SSL}\" == \"false\" ]; then grep -v -e \"tls:\" -e \"insecureEdgeTerminationPolicy: Redirect\" -e \"termination: edge\" ; else cat -; fi | \\\n     oc apply --force=true -f -\n echo"}]}
