{"sha":"044b3f1fe29df52308c94e390c75f5690d887172","commit":{"author":{"name":"Igor Ohrimenko","email":"iokhrime@redhat.com","date":"2018-01-22T12:37:28Z"},"committer":{"name":"GitHub","email":"noreply@github.com","date":"2018-01-22T12:37:28Z"},"message":"add try/catch for resolving problem and revork 'waitShowHintsPopUpClosed' method in the 'CodenvyEditor' with 'TestWebElementRenderChecker' (#8398)","tree":{"sha":"0f5903b1b963d2e167d27d7a1cb5b8ff6493d07f","url":"https://api.github.com/repos/eclipse/che/git/trees/0f5903b1b963d2e167d27d7a1cb5b8ff6493d07f"},"url":"https://api.github.com/repos/eclipse/che/git/commits/044b3f1fe29df52308c94e390c75f5690d887172","comment_count":0,"verification":{"verified":true,"reason":"valid","signature":"-----BEGIN PGP SIGNATURE-----\n\nwsBcBAABCAAQBQJaZdsICRBK7hj4Ov3rIwAAdHIIAKj+Jyu/0gfQ9EGwpLAYlqci\nozuA0Wb68f/q4oN8mK8WPkBXh9igR0cYz7f6UyskQDmoXEJFBevimD1Lk/JOAakO\niP5LgR65WpF8yN8Npw8mCLqcHhmZA5bvztmwH9bW41vXolE8c8Cy1LwJtVC5FMil\ndz/t1fKp4BONzGRafMS2M81FD3QW/h1/Z9BMWQvG7LlmAvAckVC+kVyhdC1lGplg\nypMmU3ytfT/CX8O4n+AXZixubY+jgVIsGfL+XX7tnr0GLPvpIZ9cGGD/pmvmtxZ7\n0dNVHkBOxiBQJ+dvproIuTEI7ie8jI5ngSfDU3dAeDsIQTSDgH5gQQErXK5Tqs8=\n=fHxm\n-----END PGP SIGNATURE-----\n","payload":"tree 0f5903b1b963d2e167d27d7a1cb5b8ff6493d07f\nparent f9f3d879f32167b2bc9debdfe3565170276bbd29\nauthor Igor Ohrimenko <iokhrime@redhat.com> 1516624648 +0200\ncommitter GitHub <noreply@github.com> 1516624648 +0200\n\nadd try/catch for resolving problem and revork 'waitShowHintsPopUpClosed' method in the 'CodenvyEditor' with 'TestWebElementRenderChecker' (#8398)\n\n"}},"url":"https://api.github.com/repos/eclipse/che/commits/044b3f1fe29df52308c94e390c75f5690d887172","html_url":"https://github.com/eclipse/che/commit/044b3f1fe29df52308c94e390c75f5690d887172","comments_url":"https://api.github.com/repos/eclipse/che/commits/044b3f1fe29df52308c94e390c75f5690d887172/comments","author":{"login":"Ohrimenko1988","id":22724619,"avatar_url":"https://avatars1.githubusercontent.com/u/22724619?v=4","gravatar_id":"","url":"https://api.github.com/users/Ohrimenko1988","html_url":"https://github.com/Ohrimenko1988","followers_url":"https://api.github.com/users/Ohrimenko1988/followers","following_url":"https://api.github.com/users/Ohrimenko1988/following{/other_user}","gists_url":"https://api.github.com/users/Ohrimenko1988/gists{/gist_id}","starred_url":"https://api.github.com/users/Ohrimenko1988/starred{/owner}{/repo}","subscriptions_url":"https://api.github.com/users/Ohrimenko1988/subscriptions","organizations_url":"https://api.github.com/users/Ohrimenko1988/orgs","repos_url":"https://api.github.com/users/Ohrimenko1988/repos","events_url":"https://api.github.com/users/Ohrimenko1988/events{/privacy}","received_events_url":"https://api.github.com/users/Ohrimenko1988/received_events","type":"User","site_admin":false},"committer":{"login":"web-flow","id":19864447,"avatar_url":"https://avatars3.githubusercontent.com/u/19864447?v=4","gravatar_id":"","url":"https://api.github.com/users/web-flow","html_url":"https://github.com/web-flow","followers_url":"https://api.github.com/users/web-flow/followers","following_url":"https://api.github.com/users/web-flow/following{/other_user}","gists_url":"https://api.github.com/users/web-flow/gists{/gist_id}","starred_url":"https://api.github.com/users/web-flow/starred{/owner}{/repo}","subscriptions_url":"https://api.github.com/users/web-flow/subscriptions","organizations_url":"https://api.github.com/users/web-flow/orgs","repos_url":"https://api.github.com/users/web-flow/repos","events_url":"https://api.github.com/users/web-flow/events{/privacy}","received_events_url":"https://api.github.com/users/web-flow/received_events","type":"User","site_admin":false},"parents":[{"sha":"f9f3d879f32167b2bc9debdfe3565170276bbd29","url":"https://api.github.com/repos/eclipse/che/commits/f9f3d879f32167b2bc9debdfe3565170276bbd29","html_url":"https://github.com/eclipse/che/commit/f9f3d879f32167b2bc9debdfe3565170276bbd29"}],"stats":{"total":51,"additions":41,"deletions":10},"files":[{"sha":"d0ce986fd0536cb870ceaef235bc92823d8c34f4","filename":"selenium/che-selenium-test/src/main/java/org/eclipse/che/selenium/pageobject/CodenvyEditor.java","status":"modified","additions":10,"deletions":7,"changes":17,"blob_url":"https://github.com/eclipse/che/blob/044b3f1fe29df52308c94e390c75f5690d887172/selenium/che-selenium-test/src/main/java/org/eclipse/che/selenium/pageobject/CodenvyEditor.java","raw_url":"https://github.com/eclipse/che/raw/044b3f1fe29df52308c94e390c75f5690d887172/selenium/che-selenium-test/src/main/java/org/eclipse/che/selenium/pageobject/CodenvyEditor.java","contents_url":"https://api.github.com/repos/eclipse/che/contents/selenium/che-selenium-test/src/main/java/org/eclipse/che/selenium/pageobject/CodenvyEditor.java?ref=044b3f1fe29df52308c94e390c75f5690d887172","patch":"@@ -114,17 +114,20 @@ private MarkersType() {}\n   private final WebDriverWait loadPageDriverWait;\n   private final WebDriverWait attachElemDriverWait;\n   private final WebDriverWait loaderDriverWait;\n+  private final TestWebElementRenderChecker testWebElementRenderChecker;\n \n   @Inject\n   public CodenvyEditor(\n       SeleniumWebDriver seleniumWebDriver,\n       Loader loader,\n       ActionsFactory actionsFactory,\n-      AskForValueDialog askForValueDialog) {\n+      AskForValueDialog askForValueDialog,\n+      TestWebElementRenderChecker testWebElementRenderChecker) {\n     this.seleniumWebDriver = seleniumWebDriver;\n     this.loader = loader;\n     this.actionsFactory = actionsFactory;\n     this.askForValueDialog = askForValueDialog;\n+    this.testWebElementRenderChecker = testWebElementRenderChecker;\n     redrawDriverWait = new WebDriverWait(seleniumWebDriver, REDRAW_UI_ELEMENTS_TIMEOUT_SEC);\n     elemDriverWait = new WebDriverWait(seleniumWebDriver, ELEMENT_TIMEOUT_SEC);\n     loadPageDriverWait = new WebDriverWait(seleniumWebDriver, LOAD_PAGE_TIMEOUT_SEC);\n@@ -966,13 +969,13 @@ public void enterTextIntoFixErrorPropByEnterForJsFiles(String item, String descr\n \n   /** invoke the 'Show hints' to all parameters on the overloaded constructor or method */\n   public void callShowHintsPopUp() {\n+    Actions action = actionsFactory.createAction(seleniumWebDriver);\n     loader.waitOnClosed();\n-    actionsFactory\n-        .createAction(seleniumWebDriver)\n-        .keyDown(Keys.CONTROL)\n-        .sendKeys(\"p\")\n-        .keyUp(Keys.CONTROL)\n-        .perform();\n+    action.keyDown(Keys.CONTROL).sendKeys(\"p\").perform();\n+\n+    testWebElementRenderChecker.waitElementIsRendered(By.xpath(\"//div[@class='gwt-PopupPanel']\"));\n+\n+    action.keyUp(Keys.CONTROL).perform();\n     loader.waitOnClosed();\n   }\n "},{"sha":"e17cd9cdf1e564a4556bab34959caf12c2212c0f","filename":"selenium/che-selenium-test/src/main/java/org/eclipse/che/selenium/pageobject/intelligent/CommandsEditor.java","status":"modified","additions":5,"deletions":2,"changes":7,"blob_url":"https://github.com/eclipse/che/blob/044b3f1fe29df52308c94e390c75f5690d887172/selenium/che-selenium-test/src/main/java/org/eclipse/che/selenium/pageobject/intelligent/CommandsEditor.java","raw_url":"https://github.com/eclipse/che/raw/044b3f1fe29df52308c94e390c75f5690d887172/selenium/che-selenium-test/src/main/java/org/eclipse/che/selenium/pageobject/intelligent/CommandsEditor.java","contents_url":"https://api.github.com/repos/eclipse/che/contents/selenium/che-selenium-test/src/main/java/org/eclipse/che/selenium/pageobject/intelligent/CommandsEditor.java?ref=044b3f1fe29df52308c94e390c75f5690d887172","patch":"@@ -24,6 +24,7 @@\n import org.eclipse.che.selenium.pageobject.AskForValueDialog;\n import org.eclipse.che.selenium.pageobject.CodenvyEditor;\n import org.eclipse.che.selenium.pageobject.Loader;\n+import org.eclipse.che.selenium.pageobject.TestWebElementRenderChecker;\n import org.openqa.selenium.By;\n import org.openqa.selenium.Keys;\n import org.openqa.selenium.WebDriver;\n@@ -46,8 +47,10 @@ public CommandsEditor(\n       SeleniumWebDriver seleniumWebDriver,\n       Loader loader,\n       ActionsFactory actionsFactory,\n-      AskForValueDialog askForValueDialog) {\n-    super(seleniumWebDriver, loader, actionsFactory, askForValueDialog);\n+      AskForValueDialog askForValueDialog,\n+      TestWebElementRenderChecker testWebElementRenderChecker) {\n+    super(\n+        seleniumWebDriver, loader, actionsFactory, askForValueDialog, testWebElementRenderChecker);\n     PageFactory.initElements(seleniumWebDriver, this);\n     redrawWait = new WebDriverWait(seleniumWebDriver, REDRAW_UI_ELEMENTS_TIMEOUT_SEC);\n     elemDriverWait = new WebDriverWait(seleniumWebDriver, ELEMENT_TIMEOUT_SEC);"},{"sha":"f6b25ef687ab06b88e9420359280bfbd95a44642","filename":"selenium/che-selenium-test/src/test/java/org/eclipse/che/selenium/editor/autocomplete/ShowHintsCommandTest.java","status":"modified","additions":26,"deletions":1,"changes":27,"blob_url":"https://github.com/eclipse/che/blob/044b3f1fe29df52308c94e390c75f5690d887172/selenium/che-selenium-test/src/test/java/org/eclipse/che/selenium/editor/autocomplete/ShowHintsCommandTest.java","raw_url":"https://github.com/eclipse/che/raw/044b3f1fe29df52308c94e390c75f5690d887172/selenium/che-selenium-test/src/test/java/org/eclipse/che/selenium/editor/autocomplete/ShowHintsCommandTest.java","contents_url":"https://api.github.com/repos/eclipse/che/contents/selenium/che-selenium-test/src/test/java/org/eclipse/che/selenium/editor/autocomplete/ShowHintsCommandTest.java?ref=044b3f1fe29df52308c94e390c75f5690d887172","patch":"@@ -18,11 +18,13 @@\n import org.eclipse.che.selenium.core.project.ProjectTemplates;\n import org.eclipse.che.selenium.core.workspace.TestWorkspace;\n import org.eclipse.che.selenium.pageobject.CodenvyEditor;\n+import org.eclipse.che.selenium.pageobject.CodenvyEditor.MarkersType;\n import org.eclipse.che.selenium.pageobject.Consoles;\n import org.eclipse.che.selenium.pageobject.Ide;\n import org.eclipse.che.selenium.pageobject.Loader;\n import org.eclipse.che.selenium.pageobject.ProjectExplorer;\n import org.openqa.selenium.Keys;\n+import org.openqa.selenium.TimeoutException;\n import org.testng.annotations.BeforeClass;\n import org.testng.annotations.Test;\n \n@@ -84,7 +86,8 @@ public void checkShowHintsCommand() {\n     editor.typeTextIntoEditor(Keys.TAB.toString());\n     editor.typeTextIntoEditor(\"runCommand();\");\n     editor.waitTextIntoEditor(\"runCommand();\");\n-    editor.typeTextIntoEditor(Keys.HOME.toString());\n+    waitErrorMarkerInPosition();\n+    editor.goToCursorPositionVisible(32, 5);\n     editor.callShowHintsPopUp();\n     editor.waitShowHintsPopUpOpened();\n     editor.waitExpTextIntoShowHintsPopUp(TEXT_IN_POP_UP_1);\n@@ -105,4 +108,26 @@ public void checkShowHintsCommand() {\n     editor.typeTextIntoEditor(Keys.ESCAPE.toString());\n     editor.waitShowHintsPopUpClosed();\n   }\n+\n+  private void waitErrorMarkerInPosition() {\n+    try {\n+      editor.waitMarkerInPosition(MarkersType.ERROR_MARKER, 33);\n+    } catch (TimeoutException ex) {\n+      editor.setCursorToLine(33);\n+      editor.waitCursorPosition(33, 1);\n+      editor.typeTextIntoEditor(Keys.ENTER.toString());\n+      editor.waitCursorPosition(34, 1);\n+      editor.typeTextIntoEditor(Keys.ENTER.toString());\n+      editor.waitCursorPosition(35, 1);\n+      editor.typeTextIntoEditor(Keys.ENTER.toString());\n+      editor.waitCursorPosition(36, 1);\n+      editor.typeTextIntoEditor(Keys.BACK_SPACE.toString());\n+      editor.waitCursorPosition(35, 1);\n+      editor.typeTextIntoEditor(Keys.BACK_SPACE.toString());\n+      editor.waitCursorPosition(34, 1);\n+      editor.typeTextIntoEditor(Keys.BACK_SPACE.toString());\n+      editor.waitCursorPosition(33, 1);\n+      editor.waitMarkerInPosition(MarkersType.ERROR_MARKER, 33);\n+    }\n+  }\n }"}]}
