{"sha":"047d4e9fb28f698db10a4ea13fc7b992bb896451","commit":{"author":{"name":"James Drummond PE","email":"james.m.drummond@gmail.com","date":"2018-01-19T13:47:25Z"},"committer":{"name":"GitHub","email":"noreply@github.com","date":"2018-01-19T13:47:25Z"},"message":"Fix remove project. (#8358)\n\nSigned-off-by: James Drummond <james@devcomb.com>","tree":{"sha":"0629336e087444010eccc3ad48be2b0b1cd96819","url":"https://api.github.com/repos/eclipse/che/git/trees/0629336e087444010eccc3ad48be2b0b1cd96819"},"url":"https://api.github.com/repos/eclipse/che/git/commits/047d4e9fb28f698db10a4ea13fc7b992bb896451","comment_count":0,"verification":{"verified":true,"reason":"valid","signature":"-----BEGIN PGP SIGNATURE-----\n\nwsBcBAABCAAQBQJaYfbtCRBK7hj4Ov3rIwAAdHIIACOfTd/REP16A+XWVLgUEk1f\nUiKzbO8sJJvRWmYsI2vI0CFsBynF9GWbaVGjRNlaYR0awsXr/O8FguOM7G6QL7UJ\n6Xvb6LvOdJATO9+iCoB6zBsMiuxjAc+bJ6cvz7gMBkpPslEPJ0k4L0Tsu8W3G6qU\nH2/iT/MNQA9MPIO8EuABuDYonFpFwKYjvxbwVuicM+0cDrwdslIjdZ3wgppkBymf\nSAumfqcYTdBeeLRyxg508EBC8D3IMHqNDTjPClW5M8jlKi2avzbAp/fVv8Fm0V/E\nBijkxbVpn7Xr/ODAgWe91dJ1QU/48JtbwIJaJ2TzFZggDxkV8QbztWuX3YaBl3M=\n=xzmW\n-----END PGP SIGNATURE-----\n","payload":"tree 0629336e087444010eccc3ad48be2b0b1cd96819\nparent 2c299254768e49f6082106b7331dc67a25831e28\nauthor James Drummond PE <james.m.drummond@gmail.com> 1516369645 -0600\ncommitter GitHub <noreply@github.com> 1516369645 -0600\n\nFix remove project. (#8358)\n\nSigned-off-by: James Drummond <james@devcomb.com>"}},"url":"https://api.github.com/repos/eclipse/che/commits/047d4e9fb28f698db10a4ea13fc7b992bb896451","html_url":"https://github.com/eclipse/che/commit/047d4e9fb28f698db10a4ea13fc7b992bb896451","comments_url":"https://api.github.com/repos/eclipse/che/commits/047d4e9fb28f698db10a4ea13fc7b992bb896451/comments","author":{"login":"JamesDrummond","id":20580888,"avatar_url":"https://avatars0.githubusercontent.com/u/20580888?v=4","gravatar_id":"","url":"https://api.github.com/users/JamesDrummond","html_url":"https://github.com/JamesDrummond","followers_url":"https://api.github.com/users/JamesDrummond/followers","following_url":"https://api.github.com/users/JamesDrummond/following{/other_user}","gists_url":"https://api.github.com/users/JamesDrummond/gists{/gist_id}","starred_url":"https://api.github.com/users/JamesDrummond/starred{/owner}{/repo}","subscriptions_url":"https://api.github.com/users/JamesDrummond/subscriptions","organizations_url":"https://api.github.com/users/JamesDrummond/orgs","repos_url":"https://api.github.com/users/JamesDrummond/repos","events_url":"https://api.github.com/users/JamesDrummond/events{/privacy}","received_events_url":"https://api.github.com/users/JamesDrummond/received_events","type":"User","site_admin":false},"committer":{"login":"web-flow","id":19864447,"avatar_url":"https://avatars3.githubusercontent.com/u/19864447?v=4","gravatar_id":"","url":"https://api.github.com/users/web-flow","html_url":"https://github.com/web-flow","followers_url":"https://api.github.com/users/web-flow/followers","following_url":"https://api.github.com/users/web-flow/following{/other_user}","gists_url":"https://api.github.com/users/web-flow/gists{/gist_id}","starred_url":"https://api.github.com/users/web-flow/starred{/owner}{/repo}","subscriptions_url":"https://api.github.com/users/web-flow/subscriptions","organizations_url":"https://api.github.com/users/web-flow/orgs","repos_url":"https://api.github.com/users/web-flow/repos","events_url":"https://api.github.com/users/web-flow/events{/privacy}","received_events_url":"https://api.github.com/users/web-flow/received_events","type":"User","site_admin":false},"parents":[{"sha":"2c299254768e49f6082106b7331dc67a25831e28","url":"https://api.github.com/repos/eclipse/che/commits/2c299254768e49f6082106b7331dc67a25831e28","html_url":"https://github.com/eclipse/che/commit/2c299254768e49f6082106b7331dc67a25831e28"}],"stats":{"total":3,"additions":3,"deletions":0},"files":[{"sha":"c5d50091cf9c164dfcb71d7dcfb76691abcf55ca","filename":"dockerfiles/init/modules/openshift/files/scripts/ocp.sh","status":"modified","additions":3,"deletions":0,"changes":3,"blob_url":"https://github.com/eclipse/che/blob/047d4e9fb28f698db10a4ea13fc7b992bb896451/dockerfiles/init/modules/openshift/files/scripts/ocp.sh","raw_url":"https://github.com/eclipse/che/raw/047d4e9fb28f698db10a4ea13fc7b992bb896451/dockerfiles/init/modules/openshift/files/scripts/ocp.sh","contents_url":"https://api.github.com/repos/eclipse/che/contents/dockerfiles/init/modules/openshift/files/scripts/ocp.sh?ref=047d4e9fb28f698db10a4ea13fc7b992bb896451","patch":"@@ -356,6 +356,9 @@ parse_args() {\n            --update)\n                shift\n            ;;\n+           --remove-che)\n+               shift\n+           ;;\n            --help)\n                echo -e \"$HELP\"\n                exit 1"}]}
