{"sha":"047f30da1be8de0283134f0757cebc61d649dd78","commit":{"author":{"name":"Valeriy Svydenko","email":"vsvydenko@codenvy.com","date":"2016-07-29T15:29:45Z"},"committer":{"name":"Valeriy Svydenko","email":"vsvydenko@codenvy.com","date":"2016-07-29T15:29:45Z"},"message":"fix failed build","tree":{"sha":"d425dfc00da0c4bc0e4256417ecda623dccda66c","url":"https://api.github.com/repos/eclipse/che/git/trees/d425dfc00da0c4bc0e4256417ecda623dccda66c"},"url":"https://api.github.com/repos/eclipse/che/git/commits/047f30da1be8de0283134f0757cebc61d649dd78","comment_count":0,"verification":{"verified":false,"reason":"unsigned","signature":null,"payload":null}},"url":"https://api.github.com/repos/eclipse/che/commits/047f30da1be8de0283134f0757cebc61d649dd78","html_url":"https://github.com/eclipse/che/commit/047f30da1be8de0283134f0757cebc61d649dd78","comments_url":"https://api.github.com/repos/eclipse/che/commits/047f30da1be8de0283134f0757cebc61d649dd78/comments","author":{"login":"svor","id":1271546,"avatar_url":"https://avatars0.githubusercontent.com/u/1271546?v=4","gravatar_id":"","url":"https://api.github.com/users/svor","html_url":"https://github.com/svor","followers_url":"https://api.github.com/users/svor/followers","following_url":"https://api.github.com/users/svor/following{/other_user}","gists_url":"https://api.github.com/users/svor/gists{/gist_id}","starred_url":"https://api.github.com/users/svor/starred{/owner}{/repo}","subscriptions_url":"https://api.github.com/users/svor/subscriptions","organizations_url":"https://api.github.com/users/svor/orgs","repos_url":"https://api.github.com/users/svor/repos","events_url":"https://api.github.com/users/svor/events{/privacy}","received_events_url":"https://api.github.com/users/svor/received_events","type":"User","site_admin":false},"committer":{"login":"svor","id":1271546,"avatar_url":"https://avatars0.githubusercontent.com/u/1271546?v=4","gravatar_id":"","url":"https://api.github.com/users/svor","html_url":"https://github.com/svor","followers_url":"https://api.github.com/users/svor/followers","following_url":"https://api.github.com/users/svor/following{/other_user}","gists_url":"https://api.github.com/users/svor/gists{/gist_id}","starred_url":"https://api.github.com/users/svor/starred{/owner}{/repo}","subscriptions_url":"https://api.github.com/users/svor/subscriptions","organizations_url":"https://api.github.com/users/svor/orgs","repos_url":"https://api.github.com/users/svor/repos","events_url":"https://api.github.com/users/svor/events{/privacy}","received_events_url":"https://api.github.com/users/svor/received_events","type":"User","site_admin":false},"parents":[{"sha":"0cd6cb6da8311820e74ac42ecd35cba0c5e35a91","url":"https://api.github.com/repos/eclipse/che/commits/0cd6cb6da8311820e74ac42ecd35cba0c5e35a91","html_url":"https://github.com/eclipse/che/commit/0cd6cb6da8311820e74ac42ecd35cba0c5e35a91"}],"stats":{"total":14,"additions":1,"deletions":13},"files":[{"sha":"bb32e10fbec80af84e75ab5c180c6bf86d49a1a3","filename":"ide/che-core-ide-app/src/test/java/org/eclipse/che/ide/statepersistance/AppStateManagerTest.java","status":"modified","additions":1,"deletions":13,"changes":14,"blob_url":"https://github.com/eclipse/che/blob/047f30da1be8de0283134f0757cebc61d649dd78/ide/che-core-ide-app/src/test/java/org/eclipse/che/ide/statepersistance/AppStateManagerTest.java","raw_url":"https://github.com/eclipse/che/raw/047f30da1be8de0283134f0757cebc61d649dd78/ide/che-core-ide-app/src/test/java/org/eclipse/che/ide/statepersistance/AppStateManagerTest.java","contents_url":"https://api.github.com/repos/eclipse/che/contents/ide/che-core-ide-app/src/test/java/org/eclipse/che/ide/statepersistance/AppStateManagerTest.java?ref=047f30da1be8de0283134f0757cebc61d649dd78","patch":"@@ -14,15 +14,12 @@\n import com.google.inject.Provider;\n import com.google.web.bindery.event.shared.EventBus;\n \n-import org.eclipse.che.ide.api.machine.events.WsAgentStateEvent;\n import org.eclipse.che.api.promises.client.Promise;\n-import org.eclipse.che.ide.api.workspace.event.WorkspaceStoppedEvent;\n import org.eclipse.che.api.workspace.shared.dto.WorkspaceDto;\n import org.eclipse.che.ide.api.action.Action;\n import org.eclipse.che.ide.api.action.ActionEvent;\n import org.eclipse.che.ide.api.action.ActionManager;\n import org.eclipse.che.ide.api.app.AppContext;\n-import org.eclipse.che.ide.api.event.WindowActionEvent;\n import org.eclipse.che.ide.api.parts.PerspectiveManager;\n import org.eclipse.che.ide.api.preferences.PreferencesManager;\n import org.eclipse.che.ide.dto.DtoFactory;\n@@ -108,19 +105,10 @@ public void setUp() {\n \n         appStateManager = new AppStateManager(persistenceComponents,\n                                               preferencesManager,\n-                                              appContext,\n                                               dtoFactory,\n                                               actionManager,\n                                               presentationFactory,\n-                                              perspectiveManagerProvider,\n-                                              eventBus);\n-    }\n-\n-    @Test\n-    public void shouldSubscribeOnEventBus() {\n-        verify(eventBus).addHandler(WorkspaceStoppedEvent.TYPE, appStateManager);\n-        verify(eventBus).addHandler(WindowActionEvent.TYPE, appStateManager);\n-        verify(eventBus).addHandler(WsAgentStateEvent.TYPE, appStateManager);\n+                                              perspectiveManagerProvider);\n     }\n \n     @Test"}]}
