{"sha":"0491b4ed1660ef0dcb4012b821844b351244a053","commit":{"author":{"name":"Sergii Leshchenko","email":"sleshche@redhat.com","date":"2017-12-04T13:23:56Z"},"committer":{"name":"GitHub","email":"noreply@github.com","date":"2017-12-04T13:23:56Z"},"message":"Fix configuring of OPENSHIFT_NAMESPACE_URL in deploy script (#7703)\n\n* Add an ability to configure routing suffix instead of namespace url\r\n\r\n* Fix usage of image pull policy in ocp.sh script","tree":{"sha":"1cb9834f9d01411d583fcb6eebf1a79c5b76150e","url":"https://api.github.com/repos/eclipse/che/git/trees/1cb9834f9d01411d583fcb6eebf1a79c5b76150e"},"url":"https://api.github.com/repos/eclipse/che/git/commits/0491b4ed1660ef0dcb4012b821844b351244a053","comment_count":0,"verification":{"verified":true,"reason":"valid","signature":"-----BEGIN PGP SIGNATURE-----\n\nwsBcBAABCAAQBQJaJUxsCRBK7hj4Ov3rIwAAdHIIAG5h74SAkWm7s1bNdmebh4ze\n3nvQMwXg19PNUbbB/7PHRwH0IhmHPI9jfM5xmBeJRyTpYteG0RflRkE2Yp0Vo42/\nXUJFGfvykC9rhQTiU0YEunC9UWL8ONfj3cAlYIPcOCP4wpzHz6LParUpi95tJOsp\nVl34abCrqw12ytP9fSDqp/r+Ty5yka6/0nQXSokd6V5H606I3ub6L9+Dc8to94k7\nOFQW8sFYPBh3qKg1IySLUA6fVg8VxPmT8CCNMoQCCMTnLT1mM2LD0A2J6uqfBJHk\n4zYCFqUfGSR7qFoIFlPMVy0xset0vlUmL8q4xE00e+wk7Z/udoOKXH290e3reOk=\n=pLG4\n-----END PGP SIGNATURE-----\n","payload":"tree 1cb9834f9d01411d583fcb6eebf1a79c5b76150e\nparent 19aa28012717e684abb02d1c8b733eb9c5af384b\nauthor Sergii Leshchenko <sleshche@redhat.com> 1512393836 +0200\ncommitter GitHub <noreply@github.com> 1512393836 +0200\n\nFix configuring of OPENSHIFT_NAMESPACE_URL in deploy script (#7703)\n\n* Add an ability to configure routing suffix instead of namespace url\r\n\r\n* Fix usage of image pull policy in ocp.sh script\r\n"}},"url":"https://api.github.com/repos/eclipse/che/commits/0491b4ed1660ef0dcb4012b821844b351244a053","html_url":"https://github.com/eclipse/che/commit/0491b4ed1660ef0dcb4012b821844b351244a053","comments_url":"https://api.github.com/repos/eclipse/che/commits/0491b4ed1660ef0dcb4012b821844b351244a053/comments","author":{"login":"sleshchenko","id":5887312,"avatar_url":"https://avatars0.githubusercontent.com/u/5887312?v=4","gravatar_id":"","url":"https://api.github.com/users/sleshchenko","html_url":"https://github.com/sleshchenko","followers_url":"https://api.github.com/users/sleshchenko/followers","following_url":"https://api.github.com/users/sleshchenko/following{/other_user}","gists_url":"https://api.github.com/users/sleshchenko/gists{/gist_id}","starred_url":"https://api.github.com/users/sleshchenko/starred{/owner}{/repo}","subscriptions_url":"https://api.github.com/users/sleshchenko/subscriptions","organizations_url":"https://api.github.com/users/sleshchenko/orgs","repos_url":"https://api.github.com/users/sleshchenko/repos","events_url":"https://api.github.com/users/sleshchenko/events{/privacy}","received_events_url":"https://api.github.com/users/sleshchenko/received_events","type":"User","site_admin":false},"committer":{"login":"web-flow","id":19864447,"avatar_url":"https://avatars3.githubusercontent.com/u/19864447?v=4","gravatar_id":"","url":"https://api.github.com/users/web-flow","html_url":"https://github.com/web-flow","followers_url":"https://api.github.com/users/web-flow/followers","following_url":"https://api.github.com/users/web-flow/following{/other_user}","gists_url":"https://api.github.com/users/web-flow/gists{/gist_id}","starred_url":"https://api.github.com/users/web-flow/starred{/owner}{/repo}","subscriptions_url":"https://api.github.com/users/web-flow/subscriptions","organizations_url":"https://api.github.com/users/web-flow/orgs","repos_url":"https://api.github.com/users/web-flow/repos","events_url":"https://api.github.com/users/web-flow/events{/privacy}","received_events_url":"https://api.github.com/users/web-flow/received_events","type":"User","site_admin":false},"parents":[{"sha":"19aa28012717e684abb02d1c8b733eb9c5af384b","url":"https://api.github.com/repos/eclipse/che/commits/19aa28012717e684abb02d1c8b733eb9c5af384b","html_url":"https://github.com/eclipse/che/commit/19aa28012717e684abb02d1c8b733eb9c5af384b"}],"stats":{"total":19,"additions":12,"deletions":7},"files":[{"sha":"ed33364ee16ae5852fb6016fe30338b0924a5298","filename":"dockerfiles/init/modules/openshift/files/scripts/deploy_che.sh","status":"modified","additions":6,"deletions":2,"changes":8,"blob_url":"https://github.com/eclipse/che/blob/0491b4ed1660ef0dcb4012b821844b351244a053/dockerfiles/init/modules/openshift/files/scripts/deploy_che.sh","raw_url":"https://github.com/eclipse/che/raw/0491b4ed1660ef0dcb4012b821844b351244a053/dockerfiles/init/modules/openshift/files/scripts/deploy_che.sh","contents_url":"https://api.github.com/repos/eclipse/che/contents/dockerfiles/init/modules/openshift/files/scripts/deploy_che.sh?ref=0491b4ed1660ef0dcb4012b821844b351244a053","patch":"@@ -131,7 +131,7 @@ if [ \"${OPENSHIFT_FLAVOR}\" == \"minishift\" ]; then\n   DEFAULT_OPENSHIFT_USERNAME=\"developer\"\n   DEFAULT_OPENSHIFT_PASSWORD=\"developer\"\n   DEFAULT_CHE_OPENSHIFT_PROJECT=\"eclipse-che\"\n-  DEFAULT_OPENSHIFT_NAMESPACE_URL=\"${CHE_OPENSHIFT_PROJECT:-${DEFAULT_CHE_OPENSHIFT_PROJECT}}.${MINISHIFT_IP}.${DNS_PROVIDER}\"\n+  DEFAULT_OPENSHIFT_ROUTING_SUFFIX=\"${MINISHIFT_IP}.${DNS_PROVIDER}\"\n   DEFAULT_CHE_DEBUG_SERVER=\"true\"\n   DEFAULT_OC_SKIP_TLS=\"true\"\n   DEFAULT_CHE_APPLY_RESOURCE_QUOTAS=\"false\"\n@@ -150,7 +150,7 @@ elif [ \"${OPENSHIFT_FLAVOR}\" == \"osio\" ]; then\n   DEFAULT_CHE_INFRA_OPENSHIFT_PASSWORD=\"\"\n   DEFAULT_OPENSHIFT_ENDPOINT=\"https://api.starter-us-east-2.openshift.com\"\n   DEFAULT_CHE_OPENSHIFT_PROJECT=\"$(oc get projects -o=custom-columns=NAME:.metadata.name --no-headers | grep \"\\\\-che$\")\"\n-  DEFAULT_OPENSHIFT_NAMESPACE_URL=\"${CHE_OPENSHIFT_PROJECT}.8a09.starter-us-east-2.openshiftapps.com\"\n+  DEFAULT_OPENSHIFT_ROUTING_SUFFIX=\"8a09.starter-us-east-2.openshiftapps.com\"\n   DEFAULT_CHE_DEBUG_SERVER=\"false\"\n   DEFAULT_OC_SKIP_TLS=\"false\"\n   DEFAULT_ENABLE_SSL=\"true\"\n@@ -203,7 +203,11 @@ CHE_INFRA_OPENSHIFT_PROJECT=${CHE_INFRA_OPENSHIFT_PROJECT:-${DEFAULT_CHE_INFRA_O\n CHE_INFRA_OPENSHIFT_USERNAME=${CHE_INFRA_OPENSHIFT_USERNAME:-${OPENSHIFT_USERNAME}}\n CHE_INFRA_OPENSHIFT_PASSWORD=${CHE_INFRA_OPENSHIFT_PASSWORD:-${OPENSHIFT_PASSWORD}}\n CHE_INFRA_OPENSHIFT_OAUTH__TOKEN=${CHE_INFRA_OPENSHIFT_OAUTH__TOKEN:-${OPENSHIFT_TOKEN}}\n+\n+OPENSHIFT_ROUTING_SUFFIX=${OPENSHIFT_ROUTING_SUFFIX:-${DEFAULT_OPENSHIFT_ROUTING_SUFFIX}}\n+DEFAULT_OPENSHIFT_NAMESPACE_URL=\"${CHE_OPENSHIFT_PROJECT}.${OPENSHIFT_ROUTING_SUFFIX}\"\n OPENSHIFT_NAMESPACE_URL=${OPENSHIFT_NAMESPACE_URL:-${DEFAULT_OPENSHIFT_NAMESPACE_URL}}\n+\n CHE_LOG_LEVEL=${CHE_LOG_LEVEL:-${DEFAULT_CHE_LOG_LEVEL}}\n ENABLE_SSL=${ENABLE_SSL:-${DEFAULT_ENABLE_SSL}}\n WORKSPACE_MEMORY_REQUEST=${WORKSPACE_MEMORY_REQUEST:-${DEFAULT_WORKSPACE_MEMORY_REQUEST}}"},{"sha":"1b311d4a2a95cbe04c957edcad6559440e0d3c91","filename":"dockerfiles/init/modules/openshift/files/scripts/ocp.sh","status":"modified","additions":6,"deletions":5,"changes":11,"blob_url":"https://github.com/eclipse/che/blob/0491b4ed1660ef0dcb4012b821844b351244a053/dockerfiles/init/modules/openshift/files/scripts/ocp.sh","raw_url":"https://github.com/eclipse/che/raw/0491b4ed1660ef0dcb4012b821844b351244a053/dockerfiles/init/modules/openshift/files/scripts/ocp.sh","contents_url":"https://api.github.com/repos/eclipse/che/contents/dockerfiles/init/modules/openshift/files/scripts/ocp.sh?ref=0491b4ed1660ef0dcb4012b821844b351244a053","patch":"@@ -43,8 +43,9 @@ export OPENSHIFT_PASSWORD=${OPENSHIFT_PASSWORD:-${DEFAULT_OPENSHIFT_PASSWORD}}\n DEFAULT_DNS_PROVIDER=\"nip.io\"\n export DNS_PROVIDER=${DNS_PROVIDER:-${DEFAULT_DNS_PROVIDER}}\n \n-DEFAULT_OPENSHIFT_NAMESPACE_URL=\"eclipse-che.${OC_PUBLIC_IP}.${DNS_PROVIDER}\"\n-export OPENSHIFT_NAMESPACE_URL=${OPENSHIFT_NAMESPACE_URL:-${DEFAULT_OPENSHIFT_NAMESPACE_URL}}\n+export OPENSHIFT_ROUTING_SUFFIX=\"${OC_PUBLIC_IP}.${DNS_PROVIDER}\"\n+\n+export CHE_OPENSHIFT_PROJECT=\"eclipse-che\"\n \n export OPENSHIFT_FLAVOR=\"ocp\"\n \n@@ -138,8 +139,8 @@ run_ocp() {\n }\n \n deploy_che_to_ocp() {\n-    #Repull init image only if DEFAULT_IMAGE_PULL_POLICY is set to Always\n-    if [ $DEFAULT_IMAGE_PULL_POLICY == \"Always\" ]; then\n+    #Repull init image only if IMAGE_PULL_POLICY is set to Always\n+    if [ $IMAGE_PULL_POLICY == \"Always\" ]; then\n         docker pull \"$IMAGE_INIT\"\n     fi\n     docker run -t --rm -v /var/run/docker.sock:/var/run/docker.sock -v \"${CONFIG_DIR}\":/data -e IMAGE_INIT=\"$IMAGE_INIT\" -e CHE_MULTIUSER=\"$CHE_MULTIUSER\" eclipse/che-cli:${CHE_IMAGE_TAG} destroy --quiet --skip:pull --skip:nightly\n@@ -150,7 +151,7 @@ deploy_che_to_ocp() {\n }\n \n server_is_booted() {\n-  PING_URL=\"http://che-$OPENSHIFT_NAMESPACE_URL\"\n+  PING_URL=\"http://che-${CHE_OPENSHIFT_PROJECT}.${OPENSHIFT_ROUTING_SUFFIX}\"\n   HTTP_STATUS_CODE=$(curl -I -k \"${PING_URL}\" -s -o /dev/null --write-out '%{http_code}')\n   if [[ \"${HTTP_STATUS_CODE}\" = \"200\" ]] || [[ \"${HTTP_STATUS_CODE}\" = \"302\" ]]; then\n     return 0"}]}
