{"sha":"0493ba86dd7c9ded0f7426c948a3bb773a7a19db","commit":{"author":{"name":"Álvaro Manuel Recio Pérez","email":"amrecio@gmail.com","date":"2017-07-03T11:57:01Z"},"committer":{"name":"Stévan Le Meur","email":"slemeur@users.noreply.github.com","date":"2017-07-03T11:57:01Z"},"message":"Update Bitnami stacks to latest versions (#5501)\n\nSigned-off-by: Alvaro Manuel Recio Perez <amrecio@gmail.com>","tree":{"sha":"6219f7f9bea418211555e01f3242b7be00b403b9","url":"https://api.github.com/repos/eclipse/che/git/trees/6219f7f9bea418211555e01f3242b7be00b403b9"},"url":"https://api.github.com/repos/eclipse/che/git/commits/0493ba86dd7c9ded0f7426c948a3bb773a7a19db","comment_count":0,"verification":{"verified":false,"reason":"unsigned","signature":null,"payload":null}},"url":"https://api.github.com/repos/eclipse/che/commits/0493ba86dd7c9ded0f7426c948a3bb773a7a19db","html_url":"https://github.com/eclipse/che/commit/0493ba86dd7c9ded0f7426c948a3bb773a7a19db","comments_url":"https://api.github.com/repos/eclipse/che/commits/0493ba86dd7c9ded0f7426c948a3bb773a7a19db/comments","author":{"login":"amrecio","id":2302822,"avatar_url":"https://avatars0.githubusercontent.com/u/2302822?v=4","gravatar_id":"","url":"https://api.github.com/users/amrecio","html_url":"https://github.com/amrecio","followers_url":"https://api.github.com/users/amrecio/followers","following_url":"https://api.github.com/users/amrecio/following{/other_user}","gists_url":"https://api.github.com/users/amrecio/gists{/gist_id}","starred_url":"https://api.github.com/users/amrecio/starred{/owner}{/repo}","subscriptions_url":"https://api.github.com/users/amrecio/subscriptions","organizations_url":"https://api.github.com/users/amrecio/orgs","repos_url":"https://api.github.com/users/amrecio/repos","events_url":"https://api.github.com/users/amrecio/events{/privacy}","received_events_url":"https://api.github.com/users/amrecio/received_events","type":"User","site_admin":false},"committer":{"login":"slemeur","id":1636769,"avatar_url":"https://avatars0.githubusercontent.com/u/1636769?v=4","gravatar_id":"","url":"https://api.github.com/users/slemeur","html_url":"https://github.com/slemeur","followers_url":"https://api.github.com/users/slemeur/followers","following_url":"https://api.github.com/users/slemeur/following{/other_user}","gists_url":"https://api.github.com/users/slemeur/gists{/gist_id}","starred_url":"https://api.github.com/users/slemeur/starred{/owner}{/repo}","subscriptions_url":"https://api.github.com/users/slemeur/subscriptions","organizations_url":"https://api.github.com/users/slemeur/orgs","repos_url":"https://api.github.com/users/slemeur/repos","events_url":"https://api.github.com/users/slemeur/events{/privacy}","received_events_url":"https://api.github.com/users/slemeur/received_events","type":"User","site_admin":false},"parents":[{"sha":"8a7092cba0f98a9469a6ef55c95d225a3b97385d","url":"https://api.github.com/repos/eclipse/che/commits/8a7092cba0f98a9469a6ef55c95d225a3b97385d","html_url":"https://github.com/eclipse/che/commit/8a7092cba0f98a9469a6ef55c95d225a3b97385d"}],"stats":{"total":86,"additions":43,"deletions":43},"files":[{"sha":"aa8dc55215cf1afef7d40a50a242375284ca3f46","filename":"ide/che-core-ide-stacks/src/main/resources/stacks.json","status":"modified","additions":40,"deletions":40,"changes":80,"blob_url":"https://github.com/eclipse/che/blob/0493ba86dd7c9ded0f7426c948a3bb773a7a19db/ide/che-core-ide-stacks/src/main/resources/stacks.json","raw_url":"https://github.com/eclipse/che/raw/0493ba86dd7c9ded0f7426c948a3bb773a7a19db/ide/che-core-ide-stacks/src/main/resources/stacks.json","contents_url":"https://api.github.com/repos/eclipse/che/contents/ide/che-core-ide-stacks/src/main/resources/stacks.json?ref=0493ba86dd7c9ded0f7426c948a3bb773a7a19db","patch":"@@ -1688,36 +1688,36 @@\n     \"id\": \"bitnami-express\",\n     \"creator\": \"Bitnami\",\n     \"name\": \"Bitnami Express\",\n-    \"description\": \"Default Express stack with Node 7.0.0, Express 4.14.0, MongoDB 3.2.9.\",\n+    \"description\": \"Default Express stack with Node 7.10.0, Express 4.15.3, MongoDB 3.4.5.\",\n     \"scope\": \"advanced\",\n     \"tags\": [\n       \"Express\"\n     ],\n     \"components\": [\n       {\n         \"name\": \"Node.JS\",\n-        \"version\": \"7.0.0\"\n+        \"version\": \"7.10.0\"\n       },\n       {\n         \"name\": \"Express\",\n-        \"version\": \"4.14.0\"\n+        \"version\": \"4.15.3\"\n       },\n       {\n         \"name\": \"Bower\",\n-        \"version\": \"1.7.9\"\n+        \"version\": \"1.8.0\"\n       },\n       {\n         \"name\": \"NPM\",\n         \"version\": \"---\"\n       },\n       {\n         \"name\": \"MongoDB\",\n-        \"version\": \"3.2.9\"\n+        \"version\": \"3.4.5\"\n       }\n     ],\n     \"source\": {\n       \"type\": \"image\",\n-      \"origin\": \"bitnami/che-express:4.14.0-r18\"\n+      \"origin\": \"bitnami/che-express:4.15.3-r2\"\n     },\n     \"workspaceConfig\": {\n       \"environments\": {\n@@ -1734,7 +1734,7 @@\n             }\n           },\n           \"recipe\": {\n-            \"location\": \"bitnami/che-express:4.14.0-r18\",\n+            \"location\": \"bitnami/che-express:4.15.3-r2\",\n             \"type\": \"dockerimage\"\n           }\n         }\n@@ -1753,20 +1753,20 @@\n     \"id\": \"bitnami-swift\",\n     \"creator\": \"Bitnami\",\n     \"name\": \"Bitnami Swift\",\n-    \"description\": \"Default Swift stack with Swift 3.0.1\",\n+    \"description\": \"Default Swift stack with Swift 3.1.1\",\n     \"scope\": \"advanced\",\n     \"tags\": [\n       \"Swift\"\n     ],\n     \"components\": [\n       {\n         \"name\": \"Swift\",\n-        \"version\": \"3.0.1\"\n+        \"version\": \"3.1.1\"\n       }\n     ],\n     \"source\": {\n       \"type\": \"image\",\n-      \"origin\": \"bitnami/che-swift:3.0.2-RELEASE-r3\"\n+      \"origin\": \"bitnami/che-swift:3.1.1-r0\"\n     },\n     \"workspaceConfig\": {\n       \"environments\": {\n@@ -1783,7 +1783,7 @@\n             }\n           },\n           \"recipe\": {\n-            \"location\": \"bitnami/che-swift:3.0.2-RELEASE-r3\",\n+            \"location\": \"bitnami/che-swift:3.1.1-r0\",\n             \"type\": \"dockerimage\"\n           }\n         }\n@@ -1802,28 +1802,28 @@\n     \"id\": \"bitnami-laravel\",\n     \"creator\": \"Bitnami\",\n     \"name\": \"Bitnami Laravel\",\n-    \"description\": \"Default Laravel stack with PHP 7.0.10, Laravel 5.2.31, MariaDB 10.1.19.\",\n+    \"description\": \"Default Laravel stack with PHP 7.0.20, Laravel 5.4.23, MariaDB 10.1.24.\",\n     \"scope\": \"advanced\",\n     \"tags\": [\n       \"Laravel\"\n     ],\n     \"components\": [\n       {\n         \"name\": \"PHP\",\n-        \"version\": \"7.0.10\"\n+        \"version\": \"7.0.20\"\n       },\n       {\n         \"name\": \"Laravel\",\n-        \"version\": \"5.2.31\"\n+        \"version\": \"5.4.23\"\n       },\n       {\n         \"name\": \"MariaDB\",\n-        \"version\": \"10.1.14\"\n+        \"version\": \"10.1.24\"\n       }\n     ],\n     \"source\": {\n       \"type\": \"image\",\n-      \"origin\": \"bitnami/che-laravel:5.2.31-r14\"\n+      \"origin\": \"bitnami/che-laravel:5.4.23-r1\"\n     },\n     \"workspaceConfig\": {\n       \"environments\": {\n@@ -1840,7 +1840,7 @@\n             }\n           },\n           \"recipe\": {\n-            \"location\": \"bitnami/che-laravel:5.2.31-r14\",\n+            \"location\": \"bitnami/che-laravel:5.4.23-r1\",\n             \"type\": \"dockerimage\"\n           }\n         }\n@@ -1859,28 +1859,28 @@\n     \"id\": \"bitnami-rails\",\n     \"creator\": \"Bitnami\",\n     \"name\": \"Bitnami Rails\",\n-    \"description\": \"Bitnami Rails stack with Ruby 2.3.1, Rails 5.0.0.1, MariaDB 10.1.14.\",\n+    \"description\": \"Bitnami Rails stack with Ruby 2.4.1, Rails 5.1.2, MariaDB 10.1.24.\",\n     \"scope\": \"advanced\",\n     \"tags\": [\n       \"BitnamiRails\"\n     ],\n     \"components\": [\n       {\n         \"name\": \"Ruby\",\n-        \"version\": \"2.3.1\"\n+        \"version\": \"2.4.1\"\n       },\n       {\n         \"name\": \"Rails\",\n-        \"version\": \"5.0.0.1\"\n+        \"version\": \"5.1.2\"\n       },\n       {\n         \"name\": \"MariaDB\",\n-        \"version\": \"10.1.14\"\n+        \"version\": \"10.1.24\"\n       }\n     ],\n     \"source\": {\n       \"type\": \"image\",\n-      \"origin\": \"bitnami/che-rails:5.0.0.1-r9\"\n+      \"origin\": \"bitnami/che-rails:5.1.2-r0\"\n     },\n     \"workspaceConfig\": {\n       \"environments\": {\n@@ -1897,7 +1897,7 @@\n             }\n           },\n           \"recipe\": {\n-            \"location\": \"bitnami/che-rails:5.0.0.1-r9\",\n+            \"location\": \"bitnami/che-rails:5.1.2-r0\",\n             \"type\": \"dockerimage\"\n           }\n         }\n@@ -1916,28 +1916,28 @@\n     \"id\": \"bitnami-codeigniter\",\n     \"creator\": \"Bitnami\",\n     \"name\": \"Bitnami Codeigniter\",\n-    \"description\": \"Default CodeIgniter stack with PHP 7.0.11, CodeIgniter 3.1.0, MariaDB 10.1.19.\",\n+    \"description\": \"Default CodeIgniter stack with PHP 7.0.20, CodeIgniter 3.1.3, MariaDB 10.1.24.\",\n     \"scope\": \"advanced\",\n     \"tags\": [\n       \"CodeIgniter\"\n     ],\n     \"components\": [\n       {\n         \"name\": \"PHP\",\n-        \"version\": \"7.0.11\"\n+        \"version\": \"7.0.20\"\n       },\n       {\n         \"name\": \"Codeigniter\",\n-        \"version\": \"3.1.0\"\n+        \"version\": \"3.1.3\"\n       },\n       {\n         \"name\": \"MariaDB\",\n-        \"version\": \"10.1.19\"\n+        \"version\": \"10.1.24\"\n       }\n     ],\n     \"source\": {\n       \"type\": \"image\",\n-      \"origin\": \"bitnami/che-codeigniter:3.1.3-r2\"\n+      \"origin\": \"bitnami/che-codeigniter:3.1.3-r6\"\n     },\n     \"workspaceConfig\": {\n       \"environments\": {\n@@ -1954,7 +1954,7 @@\n             }\n           },\n           \"recipe\": {\n-            \"location\": \"bitnami/che-codeigniter:3.1.3-r2\",\n+            \"location\": \"bitnami/che-codeigniter:3.1.3-r6\",\n             \"type\": \"dockerimage\"\n           }\n         }\n@@ -1973,28 +1973,28 @@\n     \"id\": \"bitnami-symfony\",\n     \"creator\": \"Bitnami\",\n     \"name\": \"Bitnami Symfony\",\n-    \"description\": \"Default Symfony stack with PHP 7.0.11, Symfony 3.1.3, MariaDB 10.1.19.\",\n+    \"description\": \"Default Symfony stack with PHP 7.0.20, Symfony 3.3.2, MariaDB 10.1.24.\",\n     \"scope\": \"advanced\",\n     \"tags\": [\n       \"Symfony\"\n     ],\n     \"components\": [\n       {\n         \"name\": \"PHP\",\n-        \"version\": \"7.0.11\"\n+        \"version\": \"7.0.20\"\n       },\n       {\n         \"name\": \"Symfony\",\n-        \"version\": \"3.1.3\"\n+        \"version\": \"3.3.2\"\n       },\n       {\n         \"name\": \"MariaDB\",\n-        \"version\": \"10.1.19\"\n+        \"version\": \"10.1.24\"\n       }\n     ],\n     \"source\": {\n       \"type\": \"image\",\n-      \"origin\": \"bitnami/che-symfony:3.1.3-r12\"\n+      \"origin\": \"bitnami/che-symfony:3.3.2-r0\"\n     },\n     \"workspaceConfig\": {\n       \"environments\": {\n@@ -2011,7 +2011,7 @@\n             }\n           },\n           \"recipe\": {\n-            \"location\": \"bitnami/che-symfony:3.1.3-r12\",\n+            \"location\": \"bitnami/che-symfony:3.3.2-r0\",\n             \"type\": \"dockerimage\"\n           }\n         }\n@@ -2030,7 +2030,7 @@\n     \"id\": \"bitnami-java-play\",\n     \"creator\": \"Bitnami\",\n     \"name\": \"Bitnami Play for Java\",\n-    \"description\": \"Default Play stack with OpenJDK 1.8.0 and Play 1.3.10.\",\n+    \"description\": \"Default Play stack with OpenJDK 1.8.0 and Play 2.6.0.\",\n     \"scope\": \"advanced\",\n     \"tags\": [\n       \"Play\"\n@@ -2042,16 +2042,16 @@\n       },\n       {\n         \"name\": \"Play\",\n-        \"version\": \"2.55\"\n+        \"version\": \"2.6.0\"\n       },\n       {\n         \"name\": \"Activator\",\n-        \"version\": \"1.13.10\"\n+        \"version\": \"1.13.12\"\n       }\n     ],\n     \"source\": {\n       \"type\": \"image\",\n-      \"origin\": \"bitnami/che-java-play:1.3.10-r10\"\n+      \"origin\": \"bitnami/che-java-play:1.3.12-r3\"\n     },\n     \"workspaceConfig\": {\n       \"environments\": {\n@@ -2068,7 +2068,7 @@\n             }\n           },\n           \"recipe\": {\n-            \"location\": \"bitnami/che-java-play:1.3.10-r10\",\n+            \"location\": \"bitnami/che-java-play:1.3.12-r3\",\n             \"type\": \"dockerimage\"\n           }\n         }"},{"sha":"ba6a01b682ba3a21f24b496bb3b44e190616604d","filename":"ide/che-core-ide-templates/src/main/resources/samples.json","status":"modified","additions":3,"deletions":3,"changes":6,"blob_url":"https://github.com/eclipse/che/blob/0493ba86dd7c9ded0f7426c948a3bb773a7a19db/ide/che-core-ide-templates/src/main/resources/samples.json","raw_url":"https://github.com/eclipse/che/raw/0493ba86dd7c9ded0f7426c948a3bb773a7a19db/ide/che-core-ide-templates/src/main/resources/samples.json","contents_url":"https://api.github.com/repos/eclipse/che/contents/ide/che-core-ide-templates/src/main/resources/samples.json?ref=0493ba86dd7c9ded0f7426c948a3bb773a7a19db","patch":"@@ -1047,7 +1047,7 @@\n       {\n         \"name\": \"1. Create and run project\",\n         \"type\": \"custom\",\n-        \"commandLine\": \"print-help \\ncd ${current.project.path} \\nnpm install express@4.13.4 \\nexpress -f . \\ncp -rn /bitnami/mongodb/conf ${current.project.path} \\nnpm install mongodb@2.1.18 --save \\nnpm install \\ncounter=0; until nc -z localhost 27017; do counter=$((counter+1)); if [ $counter == 10 ]; then echo \\\"Error: Couldn't connect to MongoDB.\\\"; exit 1; fi; echo \\\"Trying to connect to MongoDB at localhost. Attempt $counter.\\\"; sleep 5; done; echo \\\"Connected to MongoDB database. Starting application server.\\\" \\nnpm start\",\n+        \"commandLine\": \"print-help \\ncd ${current.project.path} \\nexpress -f . \\ncp -rn /bitnami/mongodb/conf ${current.project.path} \\nnpm install mongodb@2.2.19 --save \\nnpm install \\ncounter=0; until nc -z localhost 27017; do counter=$((counter+1)); if [ $counter == 10 ]; then echo \\\"Error: Couldn't connect to MongoDB.\\\"; exit 1; fi; echo \\\"Trying to connect to MongoDB at localhost. Attempt $counter.\\\"; sleep 5; done; echo \\\"Connected to MongoDB database. Starting application server.\\\" \\nnpm start\",\n         \"attributes\": {\n           \"previewUrl\": \"http://${server.port.3000}\",\n           \"goal\": \"Run\"\n@@ -1141,7 +1141,7 @@\n       {\n         \"name\": \"1. Create and run project\",\n         \"type\": \"custom\",\n-        \"commandLine\": \"print-help \\nsudo HOME=/root /opt/bitnami/nami/bin/nami start mariadb \\ncp -an /tmp/laravel-sample/. ${current.project.path} \\ncd ${current.project.path} \\ncomposer update \\nphp artisan migrate \\nphp artisan serve --host=0.0.0.0 --port=3000\",\n+        \"commandLine\": \"print-help \\nsudo HOME=/root /opt/bitnami/nami/bin/nami start mariadb \\ncp -an /tmp/laravel-sample/. ${current.project.path} \\ncd ${current.project.path} \\nchown bitnami:bitnami -R ${current.project.path} \\ncomposer update \\nphp artisan migrate \\nphp artisan serve --host=0.0.0.0 --port=3000\",\n         \"attributes\": {\n           \"previewUrl\": \"http://${server.port.3000}/\",\n           \"goal\": \"Run\"\n@@ -1188,7 +1188,7 @@\n       {\n         \"name\": \"1. Create and run project\",\n         \"type\": \"custom\",\n-        \"commandLine\": \"print-help \\nsudo HOME=/root /opt/bitnami/nami/bin/nami start mariadb \\ncd ${current.project.path} \\nmv README.md README-CHE.md \\nrails new . --skip-bundle --database mysql \\nsed -Ei 's/\\\\s*#\\\\s*gem(.*)therubyracer/gem\\\\1therubyracer/' Gemfile \\nbundle install \\nbundle exec rails db:create \\nbundle exec rails db:migrate \\nbundle exec rails server -b 0.0.0.0 -p 3000\",\n+        \"commandLine\": \"print-help \\nsudo HOME=/root /opt/bitnami/nami/bin/nami start mariadb \\ncd ${current.project.path} \\nmv README.md README-CHE.md \\nrails new . --skip-bundle --database mysql \\nsed -Ei 's/\\\\s*#\\\\s*gem(.*)therubyracer/gem\\\\1therubyracer/' Gemfile \\nsed -Ei 's#adapter: mysql2#adapter: mysql2\\\\n  socket: /opt/bitnami/mariadb/tmp/mysql.sock#g' config/database.yml\\nbundle install \\nbundle exec rails db:create \\nbundle exec rails db:migrate \\nbundle exec rails server -b 0.0.0.0 -p 3000\",\n         \"attributes\": {\n           \"previewUrl\": \"http://${server.port.3000}/\",\n           \"goal\": \"Run\""}]}
