{"sha":"04ac4088e3b2684b66e564a272a30c8a0280dafb","commit":{"author":{"name":"Oleksii Orel","email":"oorel@codenvy.com","date":"2016-10-25T09:21:09Z"},"committer":{"name":"Oleksii Orel","email":"oorel@codenvy.com","date":"2016-10-28T16:41:05Z"},"message":"CHE-2519 add 'row' widget to the JSON editor\n\nSigned-off-by: Oleksii Orel <oorel@codenvy.com>","tree":{"sha":"8d7e4e6328777c7c03ba490dc1696cd14bc10825","url":"https://api.github.com/repos/eclipse/che/git/trees/8d7e4e6328777c7c03ba490dc1696cd14bc10825"},"url":"https://api.github.com/repos/eclipse/che/git/commits/04ac4088e3b2684b66e564a272a30c8a0280dafb","comment_count":0,"verification":{"verified":false,"reason":"unsigned","signature":null,"payload":null}},"url":"https://api.github.com/repos/eclipse/che/commits/04ac4088e3b2684b66e564a272a30c8a0280dafb","html_url":"https://github.com/eclipse/che/commit/04ac4088e3b2684b66e564a272a30c8a0280dafb","comments_url":"https://api.github.com/repos/eclipse/che/commits/04ac4088e3b2684b66e564a272a30c8a0280dafb/comments","author":{"login":"olexii4","id":6310786,"avatar_url":"https://avatars3.githubusercontent.com/u/6310786?v=4","gravatar_id":"","url":"https://api.github.com/users/olexii4","html_url":"https://github.com/olexii4","followers_url":"https://api.github.com/users/olexii4/followers","following_url":"https://api.github.com/users/olexii4/following{/other_user}","gists_url":"https://api.github.com/users/olexii4/gists{/gist_id}","starred_url":"https://api.github.com/users/olexii4/starred{/owner}{/repo}","subscriptions_url":"https://api.github.com/users/olexii4/subscriptions","organizations_url":"https://api.github.com/users/olexii4/orgs","repos_url":"https://api.github.com/users/olexii4/repos","events_url":"https://api.github.com/users/olexii4/events{/privacy}","received_events_url":"https://api.github.com/users/olexii4/received_events","type":"User","site_admin":false},"committer":{"login":"olexii4","id":6310786,"avatar_url":"https://avatars3.githubusercontent.com/u/6310786?v=4","gravatar_id":"","url":"https://api.github.com/users/olexii4","html_url":"https://github.com/olexii4","followers_url":"https://api.github.com/users/olexii4/followers","following_url":"https://api.github.com/users/olexii4/following{/other_user}","gists_url":"https://api.github.com/users/olexii4/gists{/gist_id}","starred_url":"https://api.github.com/users/olexii4/starred{/owner}{/repo}","subscriptions_url":"https://api.github.com/users/olexii4/subscriptions","organizations_url":"https://api.github.com/users/olexii4/orgs","repos_url":"https://api.github.com/users/olexii4/repos","events_url":"https://api.github.com/users/olexii4/events{/privacy}","received_events_url":"https://api.github.com/users/olexii4/received_events","type":"User","site_admin":false},"parents":[{"sha":"0a61c86d069906d3d210b7ad15851cd57050d878","url":"https://api.github.com/repos/eclipse/che/commits/0a61c86d069906d3d210b7ad15851cd57050d878","html_url":"https://github.com/eclipse/che/commit/0a61c86d069906d3d210b7ad15851cd57050d878"}],"stats":{"total":249,"additions":161,"deletions":88},"files":[{"sha":"a9cb958a31edabbba86b12d5d86f3503d7df6524","filename":"dashboard/src/app/stacks/stack-details/stack.html","status":"modified","additions":91,"deletions":87,"changes":178,"blob_url":"https://github.com/eclipse/che/blob/04ac4088e3b2684b66e564a272a30c8a0280dafb/dashboard/src/app/stacks/stack-details/stack.html","raw_url":"https://github.com/eclipse/che/raw/04ac4088e3b2684b66e564a272a30c8a0280dafb/dashboard/src/app/stacks/stack-details/stack.html","contents_url":"https://api.github.com/repos/eclipse/che/contents/dashboard/src/app/stacks/stack-details/stack.html?ref=04ac4088e3b2684b66e564a272a30c8a0280dafb","patch":"@@ -11,20 +11,20 @@\n \n -->\n <ng-form flex layout=\"column\" name=\"stackForm\">\n-<che-toolbar che-title=\"{{stackController.stack ? stackController.stack.name : stackController.stackId}}\"\n-             che-button-name=\"Save\"\n-             che-button-disabled=\"!stackController.isStackChange || !stackForm.$valid\"\n-             che-button-on-click=\"stackController.saveStack()\"\n-             che-title-icons-controller=\"stackController\"\n-             che-breadcrumb-title=\"All stacks\"\n-             che-breadcrumb-href=\"#/stacks\"\n-             che-subheader-title=\"{{stackController.stack.type}}\">\n-</che-toolbar>\n-<md-progress-linear md-mode=\"indeterminate\" ng-show=\"stackController.loading\"></md-progress-linear>\n-<md-content md-scroll-y flex class=\"stack-content\">\n-  <!-- Name -->\n-  <che-label-container che-label-name=\"Name\">\n-    <div layout=\"column\" class=\"stack-details-input\">\n+  <che-toolbar che-title=\"{{stackController.stack ? stackController.stack.name : stackController.stackId}}\"\n+               che-button-name=\"Save\"\n+               che-button-disabled=\"!stackController.isStackChange || !stackForm.$valid\"\n+               che-button-on-click=\"stackController.saveStack()\"\n+               che-title-icons-controller=\"stackController\"\n+               che-breadcrumb-title=\"All stacks\"\n+               che-breadcrumb-href=\"#/stacks\"\n+               che-subheader-title=\"{{stackController.stack.type}}\">\n+  </che-toolbar>\n+  <md-progress-linear md-mode=\"indeterminate\" ng-show=\"stackController.loading\"></md-progress-linear>\n+  <md-content md-scroll-y flex class=\"stack-content\">\n+    <!-- Name -->\n+    <che-label-container che-label-name=\"Name\">\n+      <div layout=\"column\" class=\"stack-details-input\">\n         <che-input che-form=\"stackForm\"\n                    che-name=\"name\"\n                    aria-label=\"Name of the stack\"\n@@ -42,82 +42,86 @@\n           <div ng-message=\"md-maxlength\">The name has to be less than 128 characters long.</div>\n           <div ng-message=\"uniqueStackName\">This stack name is already used.</div>\n         </che-input>\n-    </div>\n-  </che-label-container>\n-  <!-- stack's environments -->\n-  <che-label-container che-label-name=\"Runtimes\">\n-    <div ng-repeat=\"(environmentName, environmentValue) in stackController.stack.workspaceConfig.environments\">\n-      <workspace-environments\n-        environment-name=\"environmentName\"\n-        workspace-config=\"stackController.stack.workspaceConfig\"\n-        machines-view-status=\"stackController.machinesViewStatus\"\n-        environment-on-change=\"stackController.updateJsonFromStack()\"></workspace-environments>\n-    </div>\n-  </che-label-container>\n-  <!-- Commands -->\n-  <che-label-container che-label-name=\"Commands\"\n-                       che-label-description=\"Commands define the commands available for workspace\">\n-    <list-commands commands-on-change=\"stackController.updateJsonFromStack()\"\n-                   commands=\"stackController.stack.workspaceConfig.commands\"></list-commands>\n-  </che-label-container>\n-  <!-- Category -->\n-  <che-label-container che-label-name=\"Category\"\n-                       che-label-description=\"Define the process for users in the workplace.\">\n-    <div layout=\"column\">\n-      <che-toggle ng-model=\"stackController.stack.scope\" ng-change=\"stackController.updateJsonFromStack()\" md-theme=\"default\">\n-        <che-toggle-button che-title=\"Ready-to-go\" che-value=\"{{stackController.GENERAL_SCOPE}}\"></che-toggle-button>\n-        <che-toggle-button che-title=\"Advanced\" che-value=\"{{stackController.ADVANCED_SCOPE}}\"></che-toggle-button>\n-      </che-toggle>\n-    </div>\n-  </che-label-container>\n-  <!-- stack's tags -->\n-  <che-label-container che-label-name=\"Tags\"\n-                       che-label-description=\"Associate the type of templates available when creating projects for this workspace.\">\n-    <div layout=\"column\" flex=\"100\" class=\"stack-tags\">\n-      <md-chips flex name=\"stack's tags\"\n-                ng-model=\"stackController.stackTags\"\n-                md-transform-chip=\"stackController.handleTagAdding($chip)\"\n-                md-on-add=\"stackController.updateStackTags()\"\n-                md-on-remove=\"stackController.updateStackTags()\"\n-                secondary-placeholder=\"Enter stack's tags\">\n-        <md-chip-template>\n-          <div class=\"stack-library-text\">{{$chip | uppercase}}</div>\n-          <div class=\"stack-library-btn\">\n-            <i class=\"fa fa-close\"></i>\n-          </div>\n-        </md-chip-template>\n-      </md-chips>\n-      <div flex>\n-        <div class=\"stack-tags-reset\" data-ng-click=\"stackController.resetTags()\">Reset</div>\n       </div>\n-    </div>\n-  </che-label-container>\n-  <!-- Configuration -->\n-  <che-label-container che-label-name=\"Configuration\"\n-                       che-label-description=\"Edit your stack's data model.\">\n-    <div class=\"stack-editor\">\n-      <textarea ui-codemirror=\"stackController.editorOptions\"\n-                ng-model=\"stackController.stackJson\"\n-                ng-model-options=\"{ updateOn: 'default blur', debounce: { 'default': 500, 'blur': 0 } }\"\n-                ng-change=\"stackController.updateStackFromJson()\"\n-                aria-label=\"Stack configuration editor\">\n+    </che-label-container>\n+    <!-- stack's environments -->\n+    <che-label-container che-label-name=\"Runtimes\">\n+      <div ng-repeat=\"(environmentName, environmentValue) in stackController.stack.workspaceConfig.environments\">\n+        <workspace-environments\n+          environment-name=\"environmentName\"\n+          workspace-config=\"stackController.stack.workspaceConfig\"\n+          machines-view-status=\"stackController.machinesViewStatus\"\n+          environment-on-change=\"stackController.updateJsonFromStack()\"></workspace-environments>\n+      </div>\n+    </che-label-container>\n+    <!-- Commands -->\n+    <che-label-container che-label-name=\"Commands\"\n+                         che-label-description=\"Commands define the commands available for workspace\">\n+      <list-commands commands-on-change=\"stackController.updateJsonFromStack()\"\n+                     commands=\"stackController.stack.workspaceConfig.commands\"></list-commands>\n+    </che-label-container>\n+    <!-- Category -->\n+    <che-label-container che-label-name=\"Category\"\n+                         che-label-description=\"Define the process for users in the workplace.\">\n+      <div layout=\"column\">\n+        <che-toggle ng-model=\"stackController.stack.scope\" ng-change=\"stackController.updateJsonFromStack()\"\n+                    md-theme=\"default\">\n+          <che-toggle-button che-title=\"Ready-to-go\" che-value=\"{{stackController.GENERAL_SCOPE}}\"></che-toggle-button>\n+          <che-toggle-button che-title=\"Advanced\" che-value=\"{{stackController.ADVANCED_SCOPE}}\"></che-toggle-button>\n+        </che-toggle>\n+      </div>\n+    </che-label-container>\n+    <!-- stack's tags -->\n+    <che-label-container che-label-name=\"Tags\"\n+                         che-label-description=\"Associate the type of templates available when creating projects for this workspace.\">\n+      <div layout=\"column\" flex=\"100\" class=\"stack-tags\">\n+        <md-chips flex name=\"stack's tags\"\n+                  ng-model=\"stackController.stackTags\"\n+                  md-transform-chip=\"stackController.handleTagAdding($chip)\"\n+                  md-on-add=\"stackController.updateStackTags()\"\n+                  md-on-remove=\"stackController.updateStackTags()\"\n+                  secondary-placeholder=\"Enter stack's tags\">\n+          <md-chip-template>\n+            <div class=\"stack-library-text\">{{$chip | uppercase}}</div>\n+            <div class=\"stack-library-btn\">\n+              <i class=\"fa fa-close\"></i>\n+            </div>\n+          </md-chip-template>\n+        </md-chips>\n+        <div flex>\n+          <div class=\"stack-tags-reset\" data-ng-click=\"stackController.resetTags()\">Reset</div>\n+        </div>\n+      </div>\n+    </che-label-container>\n+    <!-- Configuration -->\n+    <che-label-container che-label-name=\"Configuration\"\n+                         che-label-description=\"Edit your stack's data model.\">\n+      <che-show-area>\n+        <div class=\"stack-editor\">\n+              <textarea class=\"stack-editor\"\n+                        ui-codemirror=\"stackController.editorOptions\"\n+                        ng-model=\"stackController.stackJson\"\n+                        ng-model-options=\"{ updateOn: 'default blur', debounce: { 'default': 500, 'blur': 0 } }\"\n+                        ng-change=\"stackController.updateStackFromJson()\"\n+                        aria-label=\"Stack configuration editor\">\n       </textarea>\n-      <a target=\"_blank\" ng-href=\"https://eclipse-che.readme.io/docs/stacks\">Docs: Stack Structure</a>\n-    </div>\n-  </che-label-container>\n-  <!-- Delete stack -->\n-  <che-label-container class=\"stack-delete-label\"\n-                       ng-if=\"!stackController.isCreation\"\n-                       che-label-name=\"Delete stack\"\n-                       che-label-description=\"This is irreversible. This stack will not be available when creating a workspace.\">\n-    <che-button-danger che-button-title=\"Delete\"\n-                       ng-click=\"stackController.deleteStack()\"></che-button-danger>\n-  </che-label-container>\n+          <a target=\"_blank\" ng-href=\"https://eclipse-che.readme.io/docs/stacks\">Docs: Stack Structure</a>\n+        </div>\n+      </che-show-area>\n+    </che-label-container>\n+    <!-- Delete stack -->\n+    <che-label-container class=\"stack-delete-label\"\n+                         ng-if=\"!stackController.isCreation\"\n+                         che-label-name=\"Delete stack\"\n+                         che-label-description=\"This is irreversible. This stack will not be available when creating a workspace.\">\n+      <che-button-danger che-button-title=\"Delete\"\n+                         ng-click=\"stackController.deleteStack()\"></che-button-danger>\n+    </che-label-container>\n \n-</md-content>\n-<workspace-edit-mode-overlay ng-show=\"stackController.isStackChange && stackForm.$valid\"\n-                             workspace-edit-mode-on-save=\"stackController.saveStack()\"\n-                             workspace-edit-mode-on-cancel=\"stackController.cancelStackChanges()\"></workspace-edit-mode-overlay>\n+  </md-content>\n+  <workspace-edit-mode-overlay ng-show=\"stackController.isStackChange && stackForm.$valid\"\n+                               workspace-edit-mode-on-save=\"stackController.saveStack()\"\n+                               workspace-edit-mode-on-cancel=\"stackController.cancelStackChanges()\"></workspace-edit-mode-overlay>\n </ng-form>\n <md-content ng-show=\"stackController.invalidStack\">\n   {{stackController.invalidStack}}"},{"sha":"a1d1a85b57081739298b9685aa8096ec9d09657f","filename":"dashboard/src/app/stacks/stack-details/stack.styl","status":"modified","additions":1,"deletions":0,"changes":1,"blob_url":"https://github.com/eclipse/che/blob/04ac4088e3b2684b66e564a272a30c8a0280dafb/dashboard/src/app/stacks/stack-details/stack.styl","raw_url":"https://github.com/eclipse/che/raw/04ac4088e3b2684b66e564a272a30c8a0280dafb/dashboard/src/app/stacks/stack-details/stack.styl","contents_url":"https://api.github.com/repos/eclipse/che/contents/dashboard/src/app/stacks/stack-details/stack.styl?ref=04ac4088e3b2684b66e564a272a30c8a0280dafb","patch":"@@ -33,6 +33,7 @@\n   max-width 1000px\n \n .stack-editor\n+  width 100%\n   margin 0 0 20px 8px\n \n .stack-editor .CodeMirror"},{"sha":"061ac5436fa37a51e9d865c68a403f23d9003d98","filename":"dashboard/src/components/widget/show-area/che-show-area.directive.ts","status":"added","additions":43,"deletions":0,"changes":43,"blob_url":"https://github.com/eclipse/che/blob/04ac4088e3b2684b66e564a272a30c8a0280dafb/dashboard/src/components/widget/show-area/che-show-area.directive.ts","raw_url":"https://github.com/eclipse/che/raw/04ac4088e3b2684b66e564a272a30c8a0280dafb/dashboard/src/components/widget/show-area/che-show-area.directive.ts","contents_url":"https://api.github.com/repos/eclipse/che/contents/dashboard/src/components/widget/show-area/che-show-area.directive.ts?ref=04ac4088e3b2684b66e564a272a30c8a0280dafb","patch":"@@ -0,0 +1,43 @@\n+/*\n+ * Copyright (c) 2015-2016 Codenvy, S.A.\n+ * All rights reserved. This program and the accompanying materials\n+ * are made available under the terms of the Eclipse Public License v1.0\n+ * which accompanies this distribution, and is available at\n+ * http://www.eclipse.org/legal/epl-v10.html\n+ *\n+ * Contributors:\n+ *   Codenvy, S.A. - initial API and implementation\n+ */\n+'use strict';\n+\n+/**\n+ * @ngdoc directive\n+ * @name components.directive:cheShowArea\n+ * @restrict E\n+ * @function\n+ * @element\n+ *\n+ * @description\n+ * `<che-show-area>` defines area to show/hide content with button\n+ *\n+ * @author Oleksii Orel\n+ */\n+export class CheShowArea {\n+  restrict: string;\n+  templateUrl: string;\n+  transclude: boolean;\n+  scope: Object;\n+\n+  /**\n+   * Default constructor that is using resource\n+   * @ngInject for Dependency injection\n+   */\n+  constructor() {\n+    this.restrict = 'E';\n+    this.transclude = true;\n+    this.templateUrl = 'components/widget/show-area/che-show-area.html';\n+\n+    // scope values\n+    this.scope = {};\n+  }\n+}"},{"sha":"f6bff7886bc13160c5a6c5e06cce7925d66de35b","filename":"dashboard/src/components/widget/show-area/che-show-area.html","status":"added","additions":11,"deletions":0,"changes":11,"blob_url":"https://github.com/eclipse/che/blob/04ac4088e3b2684b66e564a272a30c8a0280dafb/dashboard/src/components/widget/show-area/che-show-area.html","raw_url":"https://github.com/eclipse/che/raw/04ac4088e3b2684b66e564a272a30c8a0280dafb/dashboard/src/components/widget/show-area/che-show-area.html","contents_url":"https://api.github.com/repos/eclipse/che/contents/dashboard/src/components/widget/show-area/che-show-area.html?ref=04ac4088e3b2684b66e564a272a30c8a0280dafb","patch":"@@ -0,0 +1,11 @@\n+<div layout=\"column\" class=\"che-show-area\" ng-init=\"isHide = true\" flex>\n+  <div layout=\"row\" flex=\"100\"\n+       layout-align=\"start center\"\n+       class=\"transclude-area\"\n+       ng-class=\"{'hide-area' : isHide}\"\n+       ng-transclude></div>\n+  <div layout=\"row\" flex=\"100\" layout-align=\"start center\">\n+    <che-button-primary che-button-title=\"{{isHide ? 'Show' : 'Cancel'}}\" name=\"showArea\"\n+                        ng-click=\"isHide=!isHide\"></che-button-primary>\n+  </div>\n+</div>"},{"sha":"40c0b7da4eb36857c90cdfb993c32bc1bb514796","filename":"dashboard/src/components/widget/show-area/che-show-area.styl","status":"added","additions":12,"deletions":0,"changes":12,"blob_url":"https://github.com/eclipse/che/blob/04ac4088e3b2684b66e564a272a30c8a0280dafb/dashboard/src/components/widget/show-area/che-show-area.styl","raw_url":"https://github.com/eclipse/che/raw/04ac4088e3b2684b66e564a272a30c8a0280dafb/dashboard/src/components/widget/show-area/che-show-area.styl","contents_url":"https://api.github.com/repos/eclipse/che/contents/dashboard/src/components/widget/show-area/che-show-area.styl?ref=04ac4088e3b2684b66e564a272a30c8a0280dafb","patch":"@@ -0,0 +1,12 @@\n+.che-show-area\n+  background inherit\n+\n+  .transclude-area\n+    height inherit\n+    max-height inherit\n+\n+  div.hide-area\n+    height 0\n+    max-height 0\n+    overflow hidden\n+"},{"sha":"233d50bcece22471897bed80e5dec3008cbeb55c","filename":"dashboard/src/components/widget/widget-config.ts","status":"modified","additions":3,"deletions":1,"changes":4,"blob_url":"https://github.com/eclipse/che/blob/04ac4088e3b2684b66e564a272a30c8a0280dafb/dashboard/src/components/widget/widget-config.ts","raw_url":"https://github.com/eclipse/che/raw/04ac4088e3b2684b66e564a272a30c8a0280dafb/dashboard/src/components/widget/widget-config.ts","contents_url":"https://api.github.com/repos/eclipse/che/contents/dashboard/src/components/widget/widget-config.ts?ref=04ac4088e3b2684b66e564a272a30c8a0280dafb","patch":"@@ -64,6 +64,7 @@ import {CheToolbar} from './toolbar/che-toolbar.directive';\n import {CheErrorNotification} from './notification/che-error-notification.directive';\n import {CheInfoNotification} from './notification/che-info-notification.directive';\n import {ChePopup} from './popup/che-popup.directive';\n+import {CheShowArea} from './show-area/che-show-area.directive';\n \n \n export class WidgetConfig {\n@@ -145,6 +146,7 @@ export class WidgetConfig {\n       .directive('cheInfoNotification', CheInfoNotification)\n       //wrapper for popup\n       .directive('chePopup', ChePopup)\n-\n+      //show area\n+      .directive('cheShowArea', CheShowArea)\n   }\n }"}]}
