{"sha":"04b06f43de02d96a5dd5765ece618b441dcf95ff","commit":{"author":{"name":"Tyler Jewell","email":"tjewell@codenvy.com","date":"2016-08-02T21:45:18Z"},"committer":{"name":"GitHub","email":"noreply@github.com","date":"2016-08-02T21:45:18Z"},"message":"Updated comments","tree":{"sha":"fb996c2b37ca2c6d3d6d9e2affcebdaa785b8198","url":"https://api.github.com/repos/eclipse/che/git/trees/fb996c2b37ca2c6d3d6d9e2affcebdaa785b8198"},"url":"https://api.github.com/repos/eclipse/che/git/commits/04b06f43de02d96a5dd5765ece618b441dcf95ff","comment_count":0,"verification":{"verified":false,"reason":"unsigned","signature":null,"payload":null}},"url":"https://api.github.com/repos/eclipse/che/commits/04b06f43de02d96a5dd5765ece618b441dcf95ff","html_url":"https://github.com/eclipse/che/commit/04b06f43de02d96a5dd5765ece618b441dcf95ff","comments_url":"https://api.github.com/repos/eclipse/che/commits/04b06f43de02d96a5dd5765ece618b441dcf95ff/comments","author":{"login":"TylerJewell","id":392458,"avatar_url":"https://avatars3.githubusercontent.com/u/392458?v=4","gravatar_id":"","url":"https://api.github.com/users/TylerJewell","html_url":"https://github.com/TylerJewell","followers_url":"https://api.github.com/users/TylerJewell/followers","following_url":"https://api.github.com/users/TylerJewell/following{/other_user}","gists_url":"https://api.github.com/users/TylerJewell/gists{/gist_id}","starred_url":"https://api.github.com/users/TylerJewell/starred{/owner}{/repo}","subscriptions_url":"https://api.github.com/users/TylerJewell/subscriptions","organizations_url":"https://api.github.com/users/TylerJewell/orgs","repos_url":"https://api.github.com/users/TylerJewell/repos","events_url":"https://api.github.com/users/TylerJewell/events{/privacy}","received_events_url":"https://api.github.com/users/TylerJewell/received_events","type":"User","site_admin":false},"committer":{"login":"web-flow","id":19864447,"avatar_url":"https://avatars3.githubusercontent.com/u/19864447?v=4","gravatar_id":"","url":"https://api.github.com/users/web-flow","html_url":"https://github.com/web-flow","followers_url":"https://api.github.com/users/web-flow/followers","following_url":"https://api.github.com/users/web-flow/following{/other_user}","gists_url":"https://api.github.com/users/web-flow/gists{/gist_id}","starred_url":"https://api.github.com/users/web-flow/starred{/owner}{/repo}","subscriptions_url":"https://api.github.com/users/web-flow/subscriptions","organizations_url":"https://api.github.com/users/web-flow/orgs","repos_url":"https://api.github.com/users/web-flow/repos","events_url":"https://api.github.com/users/web-flow/events{/privacy}","received_events_url":"https://api.github.com/users/web-flow/received_events","type":"User","site_admin":false},"parents":[{"sha":"f1168169c1b1d0741b218a7d709d009fd4a4f4b9","url":"https://api.github.com/repos/eclipse/che/commits/f1168169c1b1d0741b218a7d709d009fd4a4f4b9","html_url":"https://github.com/eclipse/che/commit/f1168169c1b1d0741b218a7d709d009fd4a4f4b9"}],"stats":{"total":11,"additions":10,"deletions":1},"files":[{"sha":"d9bccec3a3734ca62346103428d18811f9b4be22","filename":"dockerfiles/che-server/Dockerfile","status":"modified","additions":10,"deletions":1,"changes":11,"blob_url":"https://github.com/eclipse/che/blob/04b06f43de02d96a5dd5765ece618b441dcf95ff/dockerfiles/che-server/Dockerfile","raw_url":"https://github.com/eclipse/che/raw/04b06f43de02d96a5dd5765ece618b441dcf95ff/dockerfiles/che-server/Dockerfile","contents_url":"https://api.github.com/repos/eclipse/che/contents/dockerfiles/che-server/Dockerfile?ref=04b06f43de02d96a5dd5765ece618b441dcf95ff","patch":"@@ -6,11 +6,20 @@\n #\n # Contributors:\n #   Mario Loriedo\n+#   Codenvy S.A\n #\n # To build it, run in the repository root:\n #  `docker build -t codenvy/che-server -f $(pwd)/dockerfiles/che-server/Dockerfile .`\n #\n-\n+# To run it:\n+#  docker run --net=host \\\n+#             --name che \\\n+#             -v /var/run/docker.sock:/var/run/docker.sock \\\n+#             -v /home/user/che/lib:/home/user/che/lib-copy \\\n+#             -v /home/user/che/workspaces:/home/user/che/workspaces \\\n+#             -v /home/user/che/storage:/home/user/che/storage \\\n+#             codenvy/che-server\n+#           \n FROM alpine:3.4\n \n ENV LANG=C.UTF-8 \\"}]}
