{"sha":"04bb09cd3613a8207aa37e3e37b80b3f4b1e77d6","commit":{"author":{"name":"Oleksandr Andriienko","email":"oandriie@redhat.com","date":"2018-01-24T15:49:23Z"},"committer":{"name":"GitHub","email":"noreply@github.com","date":"2018-01-24T15:49:23Z"},"message":"CHE-7139: Fix redraw selection on horizontal scroll. (#8355)\n\n* Fix format.\r\n\r\nSigned-off-by: Oleksandr Andriienko <oandriie@redhat.com>\r\n\r\n* Begin rework dom to implement new background behaviour.\r\n\r\nSigned-off-by: Oleksandr Andriienko <oandriie@redhat.com>\r\n\r\n* mend\r\n\r\n* Fix scroll Side effects and style typo.\r\n\r\n* Clean up\r\n\r\nSigned-off-by: Oleksandr Andriienko <oandriie@redhat.com>","tree":{"sha":"6c3b70db61c6a8456d75505e8c91064cad785453","url":"https://api.github.com/repos/eclipse/che/git/trees/6c3b70db61c6a8456d75505e8c91064cad785453"},"url":"https://api.github.com/repos/eclipse/che/git/commits/04bb09cd3613a8207aa37e3e37b80b3f4b1e77d6","comment_count":0,"verification":{"verified":true,"reason":"valid","signature":"-----BEGIN PGP SIGNATURE-----\n\nwsBcBAABCAAQBQJaaKsDCRBK7hj4Ov3rIwAAdHIIAHelP3KsIt921JjIAlWBh3Pu\nPUI20NBbLFyGibTExxZdDd2W/p91fnxv6mTAd3/OCr7ThHF/RsB6ok/xVC1/FBja\njuwD5E9plYveJDqu6QxwqeMIKeWJWzig+G1jBXJ9bvgBQncSzF47G5g4d1vQkpf7\nbMNUB2tMkTm0xVEoxL72KO9lu9fD2TDDf0ftvX5odsV8xr1LmyNfsGbnfSfHe0qS\ncF1YA61WszjqDyJ4gqzG2qOFVgGyEsbL2qe1HYjvYEH4J+Zd47cCc1/dP3HNEMnx\nkCrfoGBzG2cf92YeUQBXknHktz3zjRHCv3tHt5ONX8lb/pXHfca3XyLe7pOGoGA=\n=owql\n-----END PGP SIGNATURE-----\n","payload":"tree 6c3b70db61c6a8456d75505e8c91064cad785453\nparent 4d4bd49cd0a31bd5c0b6717208457f1880a0e7cf\nauthor Oleksandr Andriienko <oandriie@redhat.com> 1516808963 +0200\ncommitter GitHub <noreply@github.com> 1516808963 +0200\n\nCHE-7139: Fix redraw selection on horizontal scroll. (#8355)\n\n* Fix format.\r\n\r\nSigned-off-by: Oleksandr Andriienko <oandriie@redhat.com>\r\n\r\n* Begin rework dom to implement new background behaviour.\r\n\r\nSigned-off-by: Oleksandr Andriienko <oandriie@redhat.com>\r\n\r\n* mend\r\n\r\n* Fix scroll Side effects and style typo.\r\n\r\n* Clean up\r\n\r\nSigned-off-by: Oleksandr Andriienko <oandriie@redhat.com>\r\n"}},"url":"https://api.github.com/repos/eclipse/che/commits/04bb09cd3613a8207aa37e3e37b80b3f4b1e77d6","html_url":"https://github.com/eclipse/che/commit/04bb09cd3613a8207aa37e3e37b80b3f4b1e77d6","comments_url":"https://api.github.com/repos/eclipse/che/commits/04bb09cd3613a8207aa37e3e37b80b3f4b1e77d6/comments","author":{"login":"AndrienkoAleksandr","id":6873095,"avatar_url":"https://avatars2.githubusercontent.com/u/6873095?v=4","gravatar_id":"","url":"https://api.github.com/users/AndrienkoAleksandr","html_url":"https://github.com/AndrienkoAleksandr","followers_url":"https://api.github.com/users/AndrienkoAleksandr/followers","following_url":"https://api.github.com/users/AndrienkoAleksandr/following{/other_user}","gists_url":"https://api.github.com/users/AndrienkoAleksandr/gists{/gist_id}","starred_url":"https://api.github.com/users/AndrienkoAleksandr/starred{/owner}{/repo}","subscriptions_url":"https://api.github.com/users/AndrienkoAleksandr/subscriptions","organizations_url":"https://api.github.com/users/AndrienkoAleksandr/orgs","repos_url":"https://api.github.com/users/AndrienkoAleksandr/repos","events_url":"https://api.github.com/users/AndrienkoAleksandr/events{/privacy}","received_events_url":"https://api.github.com/users/AndrienkoAleksandr/received_events","type":"User","site_admin":false},"committer":{"login":"web-flow","id":19864447,"avatar_url":"https://avatars3.githubusercontent.com/u/19864447?v=4","gravatar_id":"","url":"https://api.github.com/users/web-flow","html_url":"https://github.com/web-flow","followers_url":"https://api.github.com/users/web-flow/followers","following_url":"https://api.github.com/users/web-flow/following{/other_user}","gists_url":"https://api.github.com/users/web-flow/gists{/gist_id}","starred_url":"https://api.github.com/users/web-flow/starred{/owner}{/repo}","subscriptions_url":"https://api.github.com/users/web-flow/subscriptions","organizations_url":"https://api.github.com/users/web-flow/orgs","repos_url":"https://api.github.com/users/web-flow/repos","events_url":"https://api.github.com/users/web-flow/events{/privacy}","received_events_url":"https://api.github.com/users/web-flow/received_events","type":"User","site_admin":false},"parents":[{"sha":"4d4bd49cd0a31bd5c0b6717208457f1880a0e7cf","url":"https://api.github.com/repos/eclipse/che/commits/4d4bd49cd0a31bd5c0b6717208457f1880a0e7cf","html_url":"https://github.com/eclipse/che/commit/4d4bd49cd0a31bd5c0b6717208457f1880a0e7cf"}],"stats":{"total":26,"additions":21,"deletions":5},"files":[{"sha":"73545045cde428225c52d1ee6104a30bb0718c52","filename":"ide/che-core-ide-ui/src/main/java/org/eclipse/che/ide/ui/smartTree/Tree.java","status":"modified","additions":12,"deletions":3,"changes":15,"blob_url":"https://github.com/eclipse/che/blob/04bb09cd3613a8207aa37e3e37b80b3f4b1e77d6/ide/che-core-ide-ui/src/main/java/org/eclipse/che/ide/ui/smartTree/Tree.java","raw_url":"https://github.com/eclipse/che/raw/04bb09cd3613a8207aa37e3e37b80b3f4b1e77d6/ide/che-core-ide-ui/src/main/java/org/eclipse/che/ide/ui/smartTree/Tree.java","contents_url":"https://api.github.com/repos/eclipse/che/contents/ide/che-core-ide-ui/src/main/java/org/eclipse/che/ide/ui/smartTree/Tree.java?ref=04bb09cd3613a8207aa37e3e37b80b3f4b1e77d6","patch":"@@ -653,7 +653,11 @@ public void scrollIntoView(Node node, boolean isFocusRequired) {\n     if (container == null) {\n       return;\n     }\n+\n+    int scrollLeft = getElement().getScrollLeft();\n     container.scrollIntoView();\n+    getElement().setScrollLeft(scrollLeft);\n+\n     focusEl.getStyle().setLeft((nodeStorage.getDepth(node) - 1) * 16, Style.Unit.PX);\n     focusEl.getStyle().setTop(container.getOffsetTop(), Style.Unit.PX);\n \n@@ -1319,6 +1323,13 @@ private boolean fireCancellableEvent(GwtEvent<?> event) {\n   private void ensureTreeElement() {\n     DivElement element = Document.get().createDivElement();\n     element.addClassName(treeStyles.styles().tree());\n+\n+    rootContainer = Document.get().createDivElement();\n+    rootContainer.addClassName(treeStyles.styles().contentTree());\n+    rootContainer.setId(\"content-Tree\");\n+\n+    element.appendChild(rootContainer);\n+\n     setElement(element);\n   }\n \n@@ -1381,7 +1392,7 @@ private void findChildren(Node parent, List<Node> list, boolean onlyVisible) {\n   }\n \n   private Element getRootContainer() {\n-    return getElement();\n+    return rootContainer;\n   }\n \n   private void onAdd(StoreAddEvent event) {\n@@ -1583,8 +1594,6 @@ private void onClick(Event event) {\n   }\n \n   private void onAfterFirstAttach() {\n-    rootContainer = getRootContainer();\n-\n     getElement().getStyle().setVisibility(Style.Visibility.VISIBLE);\n \n     renderChildren(null);"},{"sha":"9496c564a0d371f2c0d701a2864b2b66181be819","filename":"ide/che-core-ide-ui/src/main/java/org/eclipse/che/ide/ui/smartTree/TreeStyles.java","status":"modified","additions":2,"deletions":0,"changes":2,"blob_url":"https://github.com/eclipse/che/blob/04bb09cd3613a8207aa37e3e37b80b3f4b1e77d6/ide/che-core-ide-ui/src/main/java/org/eclipse/che/ide/ui/smartTree/TreeStyles.java","raw_url":"https://github.com/eclipse/che/raw/04bb09cd3613a8207aa37e3e37b80b3f4b1e77d6/ide/che-core-ide-ui/src/main/java/org/eclipse/che/ide/ui/smartTree/TreeStyles.java","contents_url":"https://api.github.com/repos/eclipse/che/contents/ide/che-core-ide-ui/src/main/java/org/eclipse/che/ide/ui/smartTree/TreeStyles.java?ref=04bb09cd3613a8207aa37e3e37b80b3f4b1e77d6","patch":"@@ -49,6 +49,8 @@\n \n     String tree();\n \n+    String contentTree();\n+\n     String loading();\n   }\n "},{"sha":"ba14d63096823d67e0eb03160aacdc5df1d55f1c","filename":"ide/che-core-ide-ui/src/main/resources/org/eclipse/che/ide/ui/smartTree/TreeStyles.css","status":"modified","additions":7,"deletions":2,"changes":9,"blob_url":"https://github.com/eclipse/che/blob/04bb09cd3613a8207aa37e3e37b80b3f4b1e77d6/ide/che-core-ide-ui/src/main/resources/org/eclipse/che/ide/ui/smartTree/TreeStyles.css","raw_url":"https://github.com/eclipse/che/raw/04bb09cd3613a8207aa37e3e37b80b3f4b1e77d6/ide/che-core-ide-ui/src/main/resources/org/eclipse/che/ide/ui/smartTree/TreeStyles.css","contents_url":"https://api.github.com/repos/eclipse/che/contents/ide/che-core-ide-ui/src/main/resources/org/eclipse/che/ide/ui/smartTree/TreeStyles.css?ref=04bb09cd3613a8207aa37e3e37b80b3f4b1e77d6","patch":"@@ -122,14 +122,19 @@\n }\n \n .tree {\n-    display: inline-block;\n-    min-width: 100%;\n     font-size: 0.85em;\n     outline: none;\n     overflow-y: auto;\n     padding-bottom: 2px;\n }\n \n+.contentTree {\n+  min-width: 100%;\n+  position: absolute;\n+  overflow: hidden;\n+  left: 0;\n+}\n+\n .tree:focus {\n     outline: none;\n }"}]}
