{"sha":"04ce41b4d21bf5c048a1f2e0848ae322f29f827c","commit":{"author":{"name":"Vladyslav Zhukovskii","email":"vzhukovskii@codenvy.com","date":"2016-06-24T07:40:33Z"},"committer":{"name":"Vladyslav Zhukovskii","email":"vzhukovskii@codenvy.com","date":"2016-06-24T07:40:33Z"},"message":"Add key binding for the Quick Fix action","tree":{"sha":"12068f16c48c8b46ec7b0858473b39ea9cabb02a","url":"https://api.github.com/repos/eclipse/che/git/trees/12068f16c48c8b46ec7b0858473b39ea9cabb02a"},"url":"https://api.github.com/repos/eclipse/che/git/commits/04ce41b4d21bf5c048a1f2e0848ae322f29f827c","comment_count":0,"verification":{"verified":false,"reason":"unsigned","signature":null,"payload":null}},"url":"https://api.github.com/repos/eclipse/che/commits/04ce41b4d21bf5c048a1f2e0848ae322f29f827c","html_url":"https://github.com/eclipse/che/commit/04ce41b4d21bf5c048a1f2e0848ae322f29f827c","comments_url":"https://api.github.com/repos/eclipse/che/commits/04ce41b4d21bf5c048a1f2e0848ae322f29f827c/comments","author":{"login":"vzhukovskii","id":1968177,"avatar_url":"https://avatars2.githubusercontent.com/u/1968177?v=4","gravatar_id":"","url":"https://api.github.com/users/vzhukovskii","html_url":"https://github.com/vzhukovskii","followers_url":"https://api.github.com/users/vzhukovskii/followers","following_url":"https://api.github.com/users/vzhukovskii/following{/other_user}","gists_url":"https://api.github.com/users/vzhukovskii/gists{/gist_id}","starred_url":"https://api.github.com/users/vzhukovskii/starred{/owner}{/repo}","subscriptions_url":"https://api.github.com/users/vzhukovskii/subscriptions","organizations_url":"https://api.github.com/users/vzhukovskii/orgs","repos_url":"https://api.github.com/users/vzhukovskii/repos","events_url":"https://api.github.com/users/vzhukovskii/events{/privacy}","received_events_url":"https://api.github.com/users/vzhukovskii/received_events","type":"User","site_admin":false},"committer":{"login":"vzhukovskii","id":1968177,"avatar_url":"https://avatars2.githubusercontent.com/u/1968177?v=4","gravatar_id":"","url":"https://api.github.com/users/vzhukovskii","html_url":"https://github.com/vzhukovskii","followers_url":"https://api.github.com/users/vzhukovskii/followers","following_url":"https://api.github.com/users/vzhukovskii/following{/other_user}","gists_url":"https://api.github.com/users/vzhukovskii/gists{/gist_id}","starred_url":"https://api.github.com/users/vzhukovskii/starred{/owner}{/repo}","subscriptions_url":"https://api.github.com/users/vzhukovskii/subscriptions","organizations_url":"https://api.github.com/users/vzhukovskii/orgs","repos_url":"https://api.github.com/users/vzhukovskii/repos","events_url":"https://api.github.com/users/vzhukovskii/events{/privacy}","received_events_url":"https://api.github.com/users/vzhukovskii/received_events","type":"User","site_admin":false},"parents":[{"sha":"fcd8ae30255c18d8e93b2168f1b9729bf761851a","url":"https://api.github.com/repos/eclipse/che/commits/fcd8ae30255c18d8e93b2168f1b9729bf761851a","html_url":"https://github.com/eclipse/che/commit/fcd8ae30255c18d8e93b2168f1b9729bf761851a"}],"stats":{"total":2,"additions":2,"deletions":0},"files":[{"sha":"aedc49849a7df6116e5cae5d22ee80c86c5f35da","filename":"plugins/plugin-java/che-plugin-java-ext-lang-client/src/main/java/org/eclipse/che/ide/ext/java/client/JavaExtension.java","status":"modified","additions":2,"deletions":0,"changes":2,"blob_url":"https://github.com/eclipse/che/blob/04ce41b4d21bf5c048a1f2e0848ae322f29f827c/plugins/plugin-java/che-plugin-java-ext-lang-client/src/main/java/org/eclipse/che/ide/ext/java/client/JavaExtension.java","raw_url":"https://github.com/eclipse/che/raw/04ce41b4d21bf5c048a1f2e0848ae322f29f827c/plugins/plugin-java/che-plugin-java-ext-lang-client/src/main/java/org/eclipse/che/ide/ext/java/client/JavaExtension.java","contents_url":"https://api.github.com/repos/eclipse/che/contents/plugins/plugin-java/che-plugin-java-ext-lang-client/src/main/java/org/eclipse/che/ide/ext/java/client/JavaExtension.java?ref=04ce41b4d21bf5c048a1f2e0848ae322f29f827c","patch":"@@ -151,12 +151,14 @@ private void prepareActions(NewPackageAction newPackageAction,\n             keyBinding.getGlobal().addKey(new KeyBuilder().control().charCode(KeyCodeMap.F12).build(), \"javaClassStructure\");\n             keyBinding.getGlobal().addKey(new KeyBuilder().alt().control().charCode('o').build(), \"organizeImports\");\n             keyBinding.getGlobal().addKey(new KeyBuilder().control().charCode('p').build(), \"parametersInfo\");\n+            keyBinding.getGlobal().addKey(new KeyBuilder().action().charCode(KeyCodeMap.ENTER).build(), \"quickFix\");\n         } else {\n             keyBinding.getGlobal().addKey(new KeyBuilder().alt().action().charCode('b').build(), \"openImplementation\");\n             keyBinding.getGlobal().addKey(new KeyBuilder().action().charCode('q').build(), \"showQuickDoc\");\n             keyBinding.getGlobal().addKey(new KeyBuilder().action().charCode(KeyCodeMap.F12).build(), \"javaClassStructure\");\n             keyBinding.getGlobal().addKey(new KeyBuilder().alt().action().charCode('o').build(), \"organizeImports\");\n             keyBinding.getGlobal().addKey(new KeyBuilder().action().charCode('p').build(), \"parametersInfo\");\n+            keyBinding.getGlobal().addKey(new KeyBuilder().alt().charCode(KeyCodeMap.ENTER).build(), \"quickFix\");\n         }\n         keyBinding.getGlobal().addKey(new KeyBuilder().none().charCode(KeyCodeMap.F4).build(), \"openJavaDeclaration\");\n         keyBinding.getGlobal().addKey(new KeyBuilder().shift().charCode(KeyCodeMap.F6).build(), \"javaRenameRefactoring\");"}]}
