{"sha":"0559d85a18b23a880f513e0a7ace2077833959a2","commit":{"author":{"name":"Dmytro Nochevnov","email":"dnochevn@redhat.com","date":"2018-04-18T10:06:55Z"},"committer":{"name":"GitHub","email":"noreply@github.com","date":"2018-04-18T10:06:55Z"},"message":"Fix error of selenium tests when admin credentials is incorrect (#9474)\n\nSigned-off-by: Dmytro Nochevnov <dnochevnov@codenvy.com>","tree":{"sha":"7c84bc93a115b47fe81d5b026ee0f6150025b3ed","url":"https://api.github.com/repos/eclipse/che/git/trees/7c84bc93a115b47fe81d5b026ee0f6150025b3ed"},"url":"https://api.github.com/repos/eclipse/che/git/commits/0559d85a18b23a880f513e0a7ace2077833959a2","comment_count":0,"verification":{"verified":true,"reason":"valid","signature":"-----BEGIN PGP SIGNATURE-----\n\nwsBcBAABCAAQBQJa1xi/CRBK7hj4Ov3rIwAAdHIIAKX7xaW9aPVQrGiWjNFLj1H4\ncDBYX9c1pBPtY4KtEMmXF9z7Tig3q59n7A4YXghzBFQXOJrVPGCaWvVtDatpT6i8\nhXHmNbb7lwdjQ4uwNMZ5/lhK1MNK9se/Ge9Q+hfIMSNjEf2aCh664w62EITNVlan\nCxr2HrUwD1YyfNG8HoZeelNK15rz6eqO3yt6zPDLawtMXkwygaSkUvDdwYBF6vX0\nOiNHeWJrtvqBx0iSmu7oMqCgoWktR6y82s06lABVgxft4M1OH3x/Ozkx2FCDXO6F\n31bYbCgBNmRS7aYkRHwuztXjmrcQs/CjnTdj4Y8pCIiA30Be3yY83lcGIkt3gvU=\n=czUx\n-----END PGP SIGNATURE-----\n","payload":"tree 7c84bc93a115b47fe81d5b026ee0f6150025b3ed\nparent 004d2a07f7195f08af17b903f2fba1b1e805ffc6\nauthor Dmytro Nochevnov <dnochevn@redhat.com> 1524046015 +0200\ncommitter GitHub <noreply@github.com> 1524046015 +0200\n\nFix error of selenium tests when admin credentials is incorrect (#9474)\n\nSigned-off-by: Dmytro Nochevnov <dnochevnov@codenvy.com>"}},"url":"https://api.github.com/repos/eclipse/che/commits/0559d85a18b23a880f513e0a7ace2077833959a2","html_url":"https://github.com/eclipse/che/commit/0559d85a18b23a880f513e0a7ace2077833959a2","comments_url":"https://api.github.com/repos/eclipse/che/commits/0559d85a18b23a880f513e0a7ace2077833959a2/comments","author":{"login":"dmytro-ndp","id":1197777,"avatar_url":"https://avatars1.githubusercontent.com/u/1197777?v=4","gravatar_id":"","url":"https://api.github.com/users/dmytro-ndp","html_url":"https://github.com/dmytro-ndp","followers_url":"https://api.github.com/users/dmytro-ndp/followers","following_url":"https://api.github.com/users/dmytro-ndp/following{/other_user}","gists_url":"https://api.github.com/users/dmytro-ndp/gists{/gist_id}","starred_url":"https://api.github.com/users/dmytro-ndp/starred{/owner}{/repo}","subscriptions_url":"https://api.github.com/users/dmytro-ndp/subscriptions","organizations_url":"https://api.github.com/users/dmytro-ndp/orgs","repos_url":"https://api.github.com/users/dmytro-ndp/repos","events_url":"https://api.github.com/users/dmytro-ndp/events{/privacy}","received_events_url":"https://api.github.com/users/dmytro-ndp/received_events","type":"User","site_admin":false},"committer":{"login":"web-flow","id":19864447,"avatar_url":"https://avatars3.githubusercontent.com/u/19864447?v=4","gravatar_id":"","url":"https://api.github.com/users/web-flow","html_url":"https://github.com/web-flow","followers_url":"https://api.github.com/users/web-flow/followers","following_url":"https://api.github.com/users/web-flow/following{/other_user}","gists_url":"https://api.github.com/users/web-flow/gists{/gist_id}","starred_url":"https://api.github.com/users/web-flow/starred{/owner}{/repo}","subscriptions_url":"https://api.github.com/users/web-flow/subscriptions","organizations_url":"https://api.github.com/users/web-flow/orgs","repos_url":"https://api.github.com/users/web-flow/repos","events_url":"https://api.github.com/users/web-flow/events{/privacy}","received_events_url":"https://api.github.com/users/web-flow/received_events","type":"User","site_admin":false},"parents":[{"sha":"004d2a07f7195f08af17b903f2fba1b1e805ffc6","url":"https://api.github.com/repos/eclipse/che/commits/004d2a07f7195f08af17b903f2fba1b1e805ffc6","html_url":"https://github.com/eclipse/che/commit/004d2a07f7195f08af17b903f2fba1b1e805ffc6"}],"stats":{"total":58,"additions":36,"deletions":22},"files":[{"sha":"db75b36118be2ddae031de20478e77fbe1815907","filename":"selenium/che-selenium-test/src/main/java/org/eclipse/che/selenium/core/client/CheTestAuthServiceClient.java","status":"modified","additions":1,"deletions":3,"changes":4,"blob_url":"https://github.com/eclipse/che/blob/0559d85a18b23a880f513e0a7ace2077833959a2/selenium/che-selenium-test/src/main/java/org/eclipse/che/selenium/core/client/CheTestAuthServiceClient.java","raw_url":"https://github.com/eclipse/che/raw/0559d85a18b23a880f513e0a7ace2077833959a2/selenium/che-selenium-test/src/main/java/org/eclipse/che/selenium/core/client/CheTestAuthServiceClient.java","contents_url":"https://api.github.com/repos/eclipse/che/contents/selenium/che-selenium-test/src/main/java/org/eclipse/che/selenium/core/client/CheTestAuthServiceClient.java?ref=0559d85a18b23a880f513e0a7ace2077833959a2","patch":"@@ -12,7 +12,6 @@\n \n import com.google.inject.Inject;\n import com.google.inject.Singleton;\n-import org.eclipse.che.api.core.rest.DefaultHttpJsonRequestFactory;\n import org.eclipse.che.api.core.rest.HttpJsonRequestFactory;\n import org.slf4j.Logger;\n import org.slf4j.LoggerFactory;\n@@ -27,8 +26,7 @@\n   private final HttpJsonRequestFactory requestFactory;\n \n   @Inject\n-  public CheTestAuthServiceClient(\n-      String apiEndpoint, DefaultHttpJsonRequestFactory requestFactory) {\n+  public CheTestAuthServiceClient(String apiEndpoint, HttpJsonRequestFactory requestFactory) {\n     this.apiEndpoint = apiEndpoint;\n     this.requestFactory = requestFactory;\n   }"},{"sha":"131025aa83c6c7dec968f0c415037795bfc55891","filename":"selenium/che-selenium-test/src/main/java/org/eclipse/che/selenium/core/client/KeycloakAdminConsoleClient.java","status":"modified","additions":5,"deletions":4,"changes":9,"blob_url":"https://github.com/eclipse/che/blob/0559d85a18b23a880f513e0a7ace2077833959a2/selenium/che-selenium-test/src/main/java/org/eclipse/che/selenium/core/client/KeycloakAdminConsoleClient.java","raw_url":"https://github.com/eclipse/che/raw/0559d85a18b23a880f513e0a7ace2077833959a2/selenium/che-selenium-test/src/main/java/org/eclipse/che/selenium/core/client/KeycloakAdminConsoleClient.java","contents_url":"https://api.github.com/repos/eclipse/che/contents/selenium/che-selenium-test/src/main/java/org/eclipse/che/selenium/core/client/KeycloakAdminConsoleClient.java?ref=0559d85a18b23a880f513e0a7ace2077833959a2","patch":"@@ -20,6 +20,7 @@\n import java.util.regex.Matcher;\n import java.util.regex.Pattern;\n import javax.inject.Singleton;\n+import org.eclipse.che.selenium.core.provider.AdminTestUserProvider;\n import org.eclipse.che.selenium.core.provider.RemovableUserProvider;\n import org.eclipse.che.selenium.core.user.AdminTestUser;\n import org.eclipse.che.selenium.core.user.DefaultTestUser;\n@@ -44,7 +45,7 @@\n       Pattern.compile(\"^.*Created new user with id '(.*)'.*$\", Pattern.DOTALL);\n \n   // we need to inject AdminTestUser separately to avoid circular dependency error\n-  @Inject private AdminTestUser adminTestUser;\n+  @Inject private AdminTestUserProvider adminTestUserProvider;\n \n   private final DockerUtil dockerUtil;\n   private final TestUserFactory<DefaultTestUser> defaultTestUserFactory;\n@@ -123,7 +124,7 @@ private String doCreateUser(String username, String email, String password) thro\n     String authPartOfCommand =\n         format(\n             \"--no-config --server http://localhost:8080/auth --user %s --password %s --realm master\",\n-            adminTestUser.getName(), adminTestUser.getPassword());\n+            adminTestUserProvider.get().getName(), adminTestUserProvider.get().getPassword());\n \n     String createUserCommand =\n         format(\n@@ -210,8 +211,8 @@ private void delete(String userId, String username) throws IOException {\n             keycloakContainerId,\n             userId,\n             username,\n-            adminTestUser.getName(),\n-            adminTestUser.getPassword());\n+            adminTestUserProvider.get().getName(),\n+            adminTestUserProvider.get().getPassword());\n \n     processAgent.execute(commandToDeleteUser);\n "},{"sha":"560e58ef70203198ac165ff588fc84195a08c2dd","filename":"selenium/che-selenium-test/src/main/java/org/eclipse/che/selenium/core/user/MultiUserCheAdminTestUserProvider.java","status":"modified","additions":30,"deletions":15,"changes":45,"blob_url":"https://github.com/eclipse/che/blob/0559d85a18b23a880f513e0a7ace2077833959a2/selenium/che-selenium-test/src/main/java/org/eclipse/che/selenium/core/user/MultiUserCheAdminTestUserProvider.java","raw_url":"https://github.com/eclipse/che/raw/0559d85a18b23a880f513e0a7ace2077833959a2/selenium/che-selenium-test/src/main/java/org/eclipse/che/selenium/core/user/MultiUserCheAdminTestUserProvider.java","contents_url":"https://api.github.com/repos/eclipse/che/contents/selenium/che-selenium-test/src/main/java/org/eclipse/che/selenium/core/user/MultiUserCheAdminTestUserProvider.java?ref=0559d85a18b23a880f513e0a7ace2077833959a2","patch":"@@ -31,28 +31,43 @@\n   private static final Logger LOG =\n       LoggerFactory.getLogger(MultiUserCheDefaultTestUserProvider.class);\n \n-  private final AdminTestUser adminTestUser;\n+  private AdminTestUser adminTestUser;\n+\n+  @Inject private TestUserFactory<AdminTestUser> adminTestUserFactory;\n+  @Inject private KeycloakAdminConsoleClient keycloakAdminConsoleClient;\n \n   @Inject\n-  public MultiUserCheAdminTestUserProvider(\n-      TestUserFactory<AdminTestUser> adminTestUserFactory,\n-      KeycloakAdminConsoleClient keycloakAdminConsoleClient,\n-      @Named(\"che.admin.name\") String name,\n-      @Named(\"che.admin.email\") String email,\n-      @Named(\"che.admin.password\") String password,\n-      @Named(\"che.admin.offline_token\") String offlineToken) {\n-    if (email == null || email.trim().isEmpty() || password == null || password.trim().isEmpty()) {\n-      throw new IllegalStateException(\"Admin test user credentials are unknown\");\n-    }\n+  @Named(\"che.admin.name\")\n+  private String name;\n \n-    adminTestUser = adminTestUserFactory.create(name, email, password, offlineToken, this);\n-    keycloakAdminConsoleClient.setupAdmin(adminTestUser);\n+  @Inject\n+  @Named(\"che.admin.email\")\n+  private String email;\n \n-    LOG.info(\"User name='{}', id='{}' is being used as admin\", name, adminTestUser.getId());\n-  }\n+  @Inject\n+  @Named(\"che.admin.password\")\n+  private String password;\n+\n+  @Inject\n+  @Named(\"che.admin.offline_token\")\n+  private String offlineToken;\n \n   @Override\n   public AdminTestUser get() {\n+    if (adminTestUser == null) {\n+      if (email == null\n+          || email.trim().isEmpty()\n+          || password == null\n+          || password.trim().isEmpty()) {\n+        throw new IllegalStateException(\"Admin test user credentials are unknown\");\n+      }\n+\n+      adminTestUser = adminTestUserFactory.create(name, email, password, offlineToken, this);\n+      keycloakAdminConsoleClient.setupAdmin(adminTestUser);\n+\n+      LOG.info(\"User name='{}', id='{}' is being used as admin\", name, adminTestUser.getId());\n+    }\n+\n     return adminTestUser;\n   }\n "}]}
