{"sha":"05636cc3b180d22cc4bed1e16357f07fe19f4bc2","commit":{"author":{"name":"Eugene Ivantsov","email":"eivantsov@codenvy.com","date":"2016-05-02T05:55:18Z"},"committer":{"name":"Eugene Ivantsov","email":"eivantsov@codenvy.com","date":"2016-05-02T05:55:18Z"},"message":"Merge pull request #1164 from eclipse/CHE-1148\n\nFix auto extension work","tree":{"sha":"23bc616f827514cb25193d24cb63a5311d8d0eb1","url":"https://api.github.com/repos/eclipse/che/git/trees/23bc616f827514cb25193d24cb63a5311d8d0eb1"},"url":"https://api.github.com/repos/eclipse/che/git/commits/05636cc3b180d22cc4bed1e16357f07fe19f4bc2","comment_count":0,"verification":{"verified":false,"reason":"unsigned","signature":null,"payload":null}},"url":"https://api.github.com/repos/eclipse/che/commits/05636cc3b180d22cc4bed1e16357f07fe19f4bc2","html_url":"https://github.com/eclipse/che/commit/05636cc3b180d22cc4bed1e16357f07fe19f4bc2","comments_url":"https://api.github.com/repos/eclipse/che/commits/05636cc3b180d22cc4bed1e16357f07fe19f4bc2/comments","author":null,"committer":null,"parents":[{"sha":"e514a216894e46419a7558ec158f976ae4a239c9","url":"https://api.github.com/repos/eclipse/che/commits/e514a216894e46419a7558ec158f976ae4a239c9","html_url":"https://github.com/eclipse/che/commit/e514a216894e46419a7558ec158f976ae4a239c9"},{"sha":"89965d74746fec776c22ba34bbff13a7acae103f","url":"https://api.github.com/repos/eclipse/che/commits/89965d74746fec776c22ba34bbff13a7acae103f","html_url":"https://github.com/eclipse/che/commit/89965d74746fec776c22ba34bbff13a7acae103f"}],"stats":{"total":35,"additions":10,"deletions":25},"files":[{"sha":"e83d525c0df347699c5c382d2eb3de0c3835c50f","filename":"assembly/assembly-main/src/assembly/bin/che-install-plugin.sh","status":"modified","additions":10,"deletions":21,"changes":31,"blob_url":"https://github.com/eclipse/che/blob/05636cc3b180d22cc4bed1e16357f07fe19f4bc2/assembly/assembly-main/src/assembly/bin/che-install-plugin.sh","raw_url":"https://github.com/eclipse/che/raw/05636cc3b180d22cc4bed1e16357f07fe19f4bc2/assembly/assembly-main/src/assembly/bin/che-install-plugin.sh","contents_url":"https://api.github.com/repos/eclipse/che/contents/assembly/assembly-main/src/assembly/bin/che-install-plugin.sh?ref=05636cc3b180d22cc4bed1e16357f07fe19f4bc2","patch":"@@ -186,7 +186,6 @@ function set_environment_variables {\n   SDK_DIR=\"${CHE_HOME}/sdk\"\n \n   PLUGIN_IDE_DIR=\"${PLUGIN_DIR}/ide\"\n-  PLUGIN_WSMASTER_DIR=\"${PLUGIN_DIR}/ws-master\"\n   PLUGIN_WSAGENT_DIR=\"${PLUGIN_DIR}/ws-agent\"\n   \n   # The IDE project that will be built with the extension\n@@ -202,17 +201,16 @@ function set_environment_variables {\n   PLUGIN_ASSEMBLY_DIR=\"${SDK_DIR}/assembly-main\"\n \n   if $USE_DEBUG; then\n-    echo $CHE_HOME\n-    echo $JAVA_HOME\n-    echo $PLUGIN_DIR\n-    echo $SDK_DIR\n-    echo $PLUGIN_IDE_DIR\n-    echo $PLUGIN_WSMASTER_DIR\n-    echo $PLUGIN_WSAGENT_DIR\n-    echo $PLUGIN_IDE_WAR_DIR\n-    echo $PLUGIN_MACHINE_WAR_DIR\n-    echo $PLUGIN_MACHINE_SERVER_DIR\n-    echo $PLUGIN_ASSEMBLY_DIR\n+    echo \"CHE_HOME                  = \" $CHE_HOME\n+    echo \"JAVA_HOME                 = \" $JAVA_HOME\n+    echo \"PLUGIN_DIR                = \" $PLUGIN_DIR\n+    echo \"SDK_DIR                   = \" $SDK_DIR\n+    echo \"PLUGIN_IDE_DIR            = \" $PLUGIN_IDE_DIR\n+    echo \"PLUGIN_WSAGENT_DIR        = \" $PLUGIN_WSAGENT_DIR\n+    echo \"PLUGIN_IDE_WAR_DIR        = \" $PLUGIN_IDE_WAR_DIR\n+    echo \"PLUGIN_IDE_WAR_DIR        = \" $PLUGIN_MACHINE_WAR_DIR\n+    echo \"PLUGIN_MACHINE_SERVER_DIR = \" $PLUGIN_MACHINE_SERVER_DIR\n+    echo \"PLUGIN_ASSEMBLY_DIR       = \" $PLUGIN_ASSEMBLY_DIR\n   fi\n }\n \n@@ -265,15 +263,6 @@ if [ \"${USE_HELP}\" == \"false\" ]; then\n               `\"${CHE_HOME}/sdk/che-plugin-sdk-logger-core.jar\" `\n               `org.eclipse.che.ide.sdk.tools.InstallExtension --extDir=\"${PLUGIN_IDE_DIR}\" `\n               `--extResourcesDir=\"${PLUGIN_IDE_WAR_DIR}\"\n-\n-      echo_stage \"CHE SDK: Adding extensions as dependencies to ws-master\"\n-\n-      # Performs dependency injection of your plug-ins into che ide.war pom.xml & GWT module\n-      java -cp \"${CHE_HOME}/sdk/che-plugin-sdk-tools.jar\":`\n-              `\"${CHE_HOME}/sdk/che-plugin-sdk-logger.jar\":`\n-              `\"${CHE_HOME}/sdk/che-plugin-sdk-logger-core.jar\" `\n-              `org.eclipse.che.ide.sdk.tools.InstallExtension --extDir=\"${PLUGIN_WSMASTER_DIR}\" `\n-              `--extResourcesDir=\"${PLUGIN_IDE_WAR_DIR}\"\n     fi\n \n     if [ \"${SKIP_WSAGENT}\" == \"false\" ]; then"},{"sha":"2f8303436ce732debf7107b735ab7cf0aabd4832","filename":"assembly/assembly-main/src/assembly/plugins/README","status":"modified","additions":0,"deletions":3,"changes":3,"blob_url":"https://github.com/eclipse/che/blob/05636cc3b180d22cc4bed1e16357f07fe19f4bc2/assembly/assembly-main/src/assembly/plugins/README","raw_url":"https://github.com/eclipse/che/raw/05636cc3b180d22cc4bed1e16357f07fe19f4bc2/assembly/assembly-main/src/assembly/plugins/README","contents_url":"https://api.github.com/repos/eclipse/che/contents/assembly/assembly-main/src/assembly/plugins/README?ref=05636cc3b180d22cc4bed1e16357f07fe19f4bc2","patch":"@@ -38,9 +38,6 @@ new Che packages and assemblies with your plug-ins.\n   /plugins/ide        -> IDE extension, compiled with GWT & packaged into new ws-master Web\n                          application.\n \n-  /plugins/ws-master  -> Server-side extension & packaged into new ws-master Web application with \n-                         the IDE.\n-\n   /plugins/ws-agent   -> Server-side extension that runs in workspace machine & packaged into new \n                          ws-agent Web application.\n "},{"sha":"b522834afc36a7ad1fa60d2b70af53ac32ce735c","filename":"assembly/assembly-main/src/assembly/plugins/ws-master/README","status":"removed","additions":0,"deletions":1,"changes":1,"blob_url":"https://github.com/eclipse/che/blob/e514a216894e46419a7558ec158f976ae4a239c9/assembly/assembly-main/src/assembly/plugins/ws-master/README","raw_url":"https://github.com/eclipse/che/raw/e514a216894e46419a7558ec158f976ae4a239c9/assembly/assembly-main/src/assembly/plugins/ws-master/README","contents_url":"https://api.github.com/repos/eclipse/che/contents/assembly/assembly-main/src/assembly/plugins/ws-master/README?ref=e514a216894e46419a7558ec158f976ae4a239c9","patch":"@@ -1 +0,0 @@\n-Place your server-side extension JAR files that you want packaged with IDE extensions and run within the workspace master here. \n\\ No newline at end of file"}]}
