{"sha":"05668ea3854725f333c2304bca15326229a5c048","commit":{"author":{"name":"Anna Shumilova","email":"ashumilo@redhat.com","date":"2017-08-18T08:03:47Z"},"committer":{"name":"Anna Shumilova","email":"ashumilo@redhat.com","date":"2017-08-18T09:30:13Z"},"message":"Allow to proper set webscoket context\n\nSigned-off-by: Anna Shumilova <ashumilo@redhat.com>","tree":{"sha":"3db861c696a404585c6d32dfdf70b1bbd116d141","url":"https://api.github.com/repos/eclipse/che/git/trees/3db861c696a404585c6d32dfdf70b1bbd116d141"},"url":"https://api.github.com/repos/eclipse/che/git/commits/05668ea3854725f333c2304bca15326229a5c048","comment_count":0,"verification":{"verified":false,"reason":"unsigned","signature":null,"payload":null}},"url":"https://api.github.com/repos/eclipse/che/commits/05668ea3854725f333c2304bca15326229a5c048","html_url":"https://github.com/eclipse/che/commit/05668ea3854725f333c2304bca15326229a5c048","comments_url":"https://api.github.com/repos/eclipse/che/commits/05668ea3854725f333c2304bca15326229a5c048/comments","author":{"login":"ashumilova","id":1611939,"avatar_url":"https://avatars1.githubusercontent.com/u/1611939?v=4","gravatar_id":"","url":"https://api.github.com/users/ashumilova","html_url":"https://github.com/ashumilova","followers_url":"https://api.github.com/users/ashumilova/followers","following_url":"https://api.github.com/users/ashumilova/following{/other_user}","gists_url":"https://api.github.com/users/ashumilova/gists{/gist_id}","starred_url":"https://api.github.com/users/ashumilova/starred{/owner}{/repo}","subscriptions_url":"https://api.github.com/users/ashumilova/subscriptions","organizations_url":"https://api.github.com/users/ashumilova/orgs","repos_url":"https://api.github.com/users/ashumilova/repos","events_url":"https://api.github.com/users/ashumilova/events{/privacy}","received_events_url":"https://api.github.com/users/ashumilova/received_events","type":"User","site_admin":false},"committer":{"login":"ashumilova","id":1611939,"avatar_url":"https://avatars1.githubusercontent.com/u/1611939?v=4","gravatar_id":"","url":"https://api.github.com/users/ashumilova","html_url":"https://github.com/ashumilova","followers_url":"https://api.github.com/users/ashumilova/followers","following_url":"https://api.github.com/users/ashumilova/following{/other_user}","gists_url":"https://api.github.com/users/ashumilova/gists{/gist_id}","starred_url":"https://api.github.com/users/ashumilova/starred{/owner}{/repo}","subscriptions_url":"https://api.github.com/users/ashumilova/subscriptions","organizations_url":"https://api.github.com/users/ashumilova/orgs","repos_url":"https://api.github.com/users/ashumilova/repos","events_url":"https://api.github.com/users/ashumilova/events{/privacy}","received_events_url":"https://api.github.com/users/ashumilova/received_events","type":"User","site_admin":false},"parents":[{"sha":"96acc83ff952932992b4d4e6fbcc35a5ec4a3ef0","url":"https://api.github.com/repos/eclipse/che/commits/96acc83ff952932992b4d4e6fbcc35a5ec4a3ef0","html_url":"https://github.com/eclipse/che/commit/96acc83ff952932992b4d4e6fbcc35a5ec4a3ef0"}],"stats":{"total":36,"additions":27,"deletions":9},"files":[{"sha":"ab480700ae9273e87e0a815a3ed81ebfec99195d","filename":"dashboard/src/assets/branding/product.json","status":"modified","additions":1,"deletions":0,"changes":1,"blob_url":"https://github.com/eclipse/che/blob/05668ea3854725f333c2304bca15326229a5c048/dashboard/src/assets/branding/product.json","raw_url":"https://github.com/eclipse/che/raw/05668ea3854725f333c2304bca15326229a5c048/dashboard/src/assets/branding/product.json","contents_url":"https://api.github.com/repos/eclipse/che/contents/dashboard/src/assets/branding/product.json?ref=05668ea3854725f333c2304bca15326229a5c048","patch":"@@ -6,6 +6,7 @@\n   \"favicon\": \"favicon.ico\",\n   \"loader\": \"loader.svg\",\n   \"ideResources\": \"/_app/\",\n+  \"websocketContext\": \"/wsmaster/websocket\",\n   \"helpPath\": \"https://www.eclipse.org/che/\",\n   \"helpTitle\": \"Community\",\n   \"supportEmail\": \"wish@codenvy.com\","},{"sha":"1eb48a3cb68cc508b455925071fd8c716e3488a9","filename":"dashboard/src/components/api/che-workspace.factory.ts","status":"modified","additions":10,"deletions":3,"changes":13,"blob_url":"https://github.com/eclipse/che/blob/05668ea3854725f333c2304bca15326229a5c048/dashboard/src/components/api/che-workspace.factory.ts","raw_url":"https://github.com/eclipse/che/raw/05668ea3854725f333c2304bca15326229a5c048/dashboard/src/components/api/che-workspace.factory.ts","contents_url":"https://api.github.com/repos/eclipse/che/contents/dashboard/src/components/api/che-workspace.factory.ts?ref=05668ea3854725f333c2304bca15326229a5c048","patch":"@@ -17,6 +17,7 @@ import {DockerImageEnvironmentManager} from './environment/docker-image-environm\n import {CheEnvironmentRegistry} from './environment/che-environment-registry.factory';\n import {CheJsonRpcMasterApi} from './json-rpc/che-json-rpc-master-api';\n import {CheJsonRpcApi} from './json-rpc/che-json-rpc-api.factory';\n+import {CheBranding} from '../branding/che-branding.factory';\n \n interface ICHELicenseResource<T> extends ng.resource.IResourceClass<T> {\n   create: any;\n@@ -63,7 +64,7 @@ export class CheWorkspace {\n    */\n   constructor($resource: ng.resource.IResourceService, $http: ng.IHttpService, $q: ng.IQService, cheJsonRpcApi: CheJsonRpcApi,\n               $websocket: ng.websocket.IWebSocketProvider, $location: ng.ILocationService, proxySettings : string, userDashboardConfig: any,\n-              lodash: any, cheEnvironmentRegistry: CheEnvironmentRegistry, $log: ng.ILogService) {\n+              lodash: any, cheEnvironmentRegistry: CheEnvironmentRegistry, $log: ng.ILogService, cheBranding: CheBranding) {\n     this.workspaceStatuses = ['RUNNING', 'STOPPED', 'PAUSED', 'STARTING', 'STOPPING', 'ERROR'];\n \n     // keep resource\n@@ -92,8 +93,6 @@ export class CheWorkspace {\n     // list of subscribed to websocket workspace Ids\n     this.subscribedWorkspacesIds = [];\n     this.statusDefers = {};\n-    this.jsonRpcApiLocation = this.formJsonRpcApiLocation($location, proxySettings, userDashboardConfig.developmentMode);\n-    this.cheJsonRpcMasterApi = cheJsonRpcApi.getJsonRpcMasterApi(this.jsonRpcApiLocation);\n \n     // remote call\n     this.remoteWorkspaceAPI = <ICHELicenseResource<any>>this.$resource('/api/workspace', {}, {\n@@ -117,6 +116,14 @@ export class CheWorkspace {\n     cheEnvironmentRegistry.addEnvironmentManager('dockerimage', new DockerImageEnvironmentManager($log));\n \n     this.fetchWorkspaceSettings();\n+\n+    const CONTEXT_FETCHER_ID = 'websocketContextFetcher';\n+    const callback = () => {\n+      this.jsonRpcApiLocation = this.formJsonRpcApiLocation($location, proxySettings, userDashboardConfig.developmentMode) + cheBranding.getWebsocketContext();\n+      this.cheJsonRpcMasterApi = cheJsonRpcApi.getJsonRpcMasterApi(this.jsonRpcApiLocation);\n+      cheBranding.unregisterCallback(CONTEXT_FETCHER_ID);\n+    };\n+    cheBranding.registerCallback(CONTEXT_FETCHER_ID, callback.bind(this));\n   }\n \n   /**"},{"sha":"002bd919ace49b63c5de4e6accb95d07700a8e5c","filename":"dashboard/src/components/api/json-rpc/che-json-rpc-master-api.ts","status":"modified","additions":1,"deletions":3,"changes":4,"blob_url":"https://github.com/eclipse/che/blob/05668ea3854725f333c2304bca15326229a5c048/dashboard/src/components/api/json-rpc/che-json-rpc-master-api.ts","raw_url":"https://github.com/eclipse/che/raw/05668ea3854725f333c2304bca15326229a5c048/dashboard/src/components/api/json-rpc/che-json-rpc-master-api.ts","contents_url":"https://api.github.com/repos/eclipse/che/contents/dashboard/src/components/api/json-rpc/che-json-rpc-master-api.ts?ref=05668ea3854725f333c2304bca15326229a5c048","patch":"@@ -16,8 +16,6 @@ enum MasterChannels {\n   ENVIRONMENT_OUTPUT, ENVIRONMENT_STATUS, WS_AGENT_OUTPUT, WORKSPACE_STATUS\n }\n \n-const websocketMasterApi: string = '/wsmaster/websocket';\n-\n /**\n  * Client API for workspace master interactions.\n  *\n@@ -66,7 +64,7 @@ export class CheJsonRpcMasterApi {\n    * @returns {IPromise<IHttpPromiseCallbackArg<any>>}\n    */\n   connect(entrypoint: string): ng.IPromise<any> {\n-    return this.cheJsonRpcApi.connect(entrypoint + websocketMasterApi).then(() => {\n+    return this.cheJsonRpcApi.connect(entrypoint).then(() => {\n       return this.fetchClientId();\n     });\n   }"},{"sha":"4531cb1dd5221273b6830420ac95005c344820ef","filename":"dashboard/src/components/branding/che-branding.factory.ts","status":"modified","additions":15,"deletions":3,"changes":18,"blob_url":"https://github.com/eclipse/che/blob/05668ea3854725f333c2304bca15326229a5c048/dashboard/src/components/branding/che-branding.factory.ts","raw_url":"https://github.com/eclipse/che/raw/05668ea3854725f333c2304bca15326229a5c048/dashboard/src/components/branding/che-branding.factory.ts","contents_url":"https://api.github.com/repos/eclipse/che/contents/dashboard/src/components/branding/che-branding.factory.ts?ref=05668ea3854725f333c2304bca15326229a5c048","patch":"@@ -19,6 +19,7 @@ interface IBranding {\n   favicon?: string;\n   loader?: string;\n   ideResources?: string;\n+  websocketContext?: string;\n   helpPath?: string;\n   helpTitle?: string;\n   supportEmail?: string;\n@@ -35,12 +36,12 @@ interface IBranding {\n     priorityStacks?: Array<string>;\n     defaultStack?: string;\n     creationLink?: string;\n-  }\n+  };\n   footer?: {\n     content?: string;\n     links?: Array<{title: string, location: string}>;\n     email?: {title: string, address: string, subject: string};\n-  }\n+  };\n }\n \n const ASSET_PREFIX = 'assets/branding/';\n@@ -59,6 +60,7 @@ const DEFAULT_DOCS_WORKSPACE = '/docs/getting-started/intro/index.html';\n const DEFAULT_WORKSPACE_PRIORITY_STACKS = ['Java', 'Java-MySQL', 'Blank'];\n const DEFAULT_WORKSPACE_DEFAULT_STACK = 'java-mysql';\n const DEFAULT_WORKSPACE_CREATION_LINK = '#/create-workspace';\n+const DEFAULT_WEBSOCKET_CONTEXT = '/api/websocket';\n \n /**\n  * This class is handling the branding data in Che.\n@@ -113,6 +115,7 @@ export class CheBranding {\n         favicon: this.getProductFavicon(),\n         loaderURL: this.getLoaderUrl(),\n         ideResourcesPath: this.getIdeResourcesPath(),\n+        websocketContext: this.getWebsocketContext(),\n         helpPath: this.getProductHelpPath(),\n         helpTitle: this.getProductHelpTitle(),\n         footer: this.getFooter(),\n@@ -198,6 +201,15 @@ export class CheBranding {\n     return this.brandingData.ideResources ? this.brandingData.ideResources : DEFAULT_IDE_RESOURCES_PATH;\n   }\n \n+  /**\n+   * Gets ide resources path.\n+   * @returns {string}\n+   */\n+  getWebsocketContext(): string {\n+    debugger;\n+    return this.brandingData.websocketContext ? this.brandingData.websocketContext : DEFAULT_WEBSOCKET_CONTEXT;\n+  }\n+\n   /**\n    * Gets product help path.\n    * @returns {string}\n@@ -211,7 +223,7 @@ export class CheBranding {\n    * @returns {string}\n    */\n   getProductHelpTitle(): string {\n-    return this.brandingData.helpTitle ? this.brandingData.helpTitle : null\n+    return this.brandingData.helpTitle ? this.brandingData.helpTitle : null;\n   }\n \n   /**"}]}
