{"sha":"05886de2698b2167b437b9b330824e9aaa8d5aa1","commit":{"author":{"name":"Dmytro Nochevnov","email":"dnochevn@redhat.com","date":"2018-02-16T09:54:58Z"},"committer":{"name":"GitHub","email":"noreply@github.com","date":"2018-02-16T09:54:58Z"},"message":"Save meaningful logs of failed tests workspaces in the target directory (#8803)\n\nSigned-off-by: Dmytro Nochevnov <dnochevnov@codenvy.com>","tree":{"sha":"8f5aa0d768c9dadbf398d6f7d1bced20717911cb","url":"https://api.github.com/repos/eclipse/che/git/trees/8f5aa0d768c9dadbf398d6f7d1bced20717911cb"},"url":"https://api.github.com/repos/eclipse/che/git/commits/05886de2698b2167b437b9b330824e9aaa8d5aa1","comment_count":0,"verification":{"verified":true,"reason":"valid","signature":"-----BEGIN PGP SIGNATURE-----\n\nwsBcBAABCAAQBQJahqpyCRBK7hj4Ov3rIwAAdHIIAHA9JaPg7gKGWbMVfZozAnx9\nv/xDFHpVlFPvnUxTXY+mtXm2KWxOdHAftgeleE+lioyQO64Epc6VGGvZSp6YwTcR\n0zDaMjxUxTEEBGCRDSkO4YC93XySm5Hejv1csvtFO9xpVRHttzN/vE/Oxk6dWuTi\nMtA4iuCMxBkNxg/56m7TLLZwaaCvAiaPPZ+69Wp5o8vmzvz6AMoc8ZxyhQL8FTqf\nsi/0l0UMooooAZp5dYM5Yyc8zIO3qY/kx9Hm+RR7MJSd+MqD+3bWyfCHQ7QNoCn/\nFjgs6SrMBYtBxPm6q4ARlnbDedqrQwXGNIdNw+jBk2GZ9v6CDqRIdFYMsKiDmrs=\n=ETly\n-----END PGP SIGNATURE-----\n","payload":"tree 8f5aa0d768c9dadbf398d6f7d1bced20717911cb\nparent d335e7bac6afdd9e07c2f17ea24a8ced6d3c02ef\nauthor Dmytro Nochevnov <dnochevn@redhat.com> 1518774898 +0000\ncommitter GitHub <noreply@github.com> 1518774898 +0000\n\nSave meaningful logs of failed tests workspaces in the target directory (#8803)\n\nSigned-off-by: Dmytro Nochevnov <dnochevnov@codenvy.com>"}},"url":"https://api.github.com/repos/eclipse/che/commits/05886de2698b2167b437b9b330824e9aaa8d5aa1","html_url":"https://github.com/eclipse/che/commit/05886de2698b2167b437b9b330824e9aaa8d5aa1","comments_url":"https://api.github.com/repos/eclipse/che/commits/05886de2698b2167b437b9b330824e9aaa8d5aa1/comments","author":{"login":"dmytro-ndp","id":1197777,"avatar_url":"https://avatars1.githubusercontent.com/u/1197777?v=4","gravatar_id":"","url":"https://api.github.com/users/dmytro-ndp","html_url":"https://github.com/dmytro-ndp","followers_url":"https://api.github.com/users/dmytro-ndp/followers","following_url":"https://api.github.com/users/dmytro-ndp/following{/other_user}","gists_url":"https://api.github.com/users/dmytro-ndp/gists{/gist_id}","starred_url":"https://api.github.com/users/dmytro-ndp/starred{/owner}{/repo}","subscriptions_url":"https://api.github.com/users/dmytro-ndp/subscriptions","organizations_url":"https://api.github.com/users/dmytro-ndp/orgs","repos_url":"https://api.github.com/users/dmytro-ndp/repos","events_url":"https://api.github.com/users/dmytro-ndp/events{/privacy}","received_events_url":"https://api.github.com/users/dmytro-ndp/received_events","type":"User","site_admin":false},"committer":{"login":"web-flow","id":19864447,"avatar_url":"https://avatars3.githubusercontent.com/u/19864447?v=4","gravatar_id":"","url":"https://api.github.com/users/web-flow","html_url":"https://github.com/web-flow","followers_url":"https://api.github.com/users/web-flow/followers","following_url":"https://api.github.com/users/web-flow/following{/other_user}","gists_url":"https://api.github.com/users/web-flow/gists{/gist_id}","starred_url":"https://api.github.com/users/web-flow/starred{/owner}{/repo}","subscriptions_url":"https://api.github.com/users/web-flow/subscriptions","organizations_url":"https://api.github.com/users/web-flow/orgs","repos_url":"https://api.github.com/users/web-flow/repos","events_url":"https://api.github.com/users/web-flow/events{/privacy}","received_events_url":"https://api.github.com/users/web-flow/received_events","type":"User","site_admin":false},"parents":[{"sha":"d335e7bac6afdd9e07c2f17ea24a8ced6d3c02ef","url":"https://api.github.com/repos/eclipse/che/commits/d335e7bac6afdd9e07c2f17ea24a8ced6d3c02ef","html_url":"https://github.com/eclipse/che/commit/d335e7bac6afdd9e07c2f17ea24a8ced6d3c02ef"}],"stats":{"total":830,"additions":804,"deletions":26},"files":[{"sha":"92a832c3527ded0f718255f10cbc7f615d1e07a3","filename":"selenium/che-selenium-core/bin/webdriver.sh","status":"modified","additions":1,"deletions":1,"changes":2,"blob_url":"https://github.com/eclipse/che/blob/05886de2698b2167b437b9b330824e9aaa8d5aa1/selenium/che-selenium-core/bin/webdriver.sh","raw_url":"https://github.com/eclipse/che/raw/05886de2698b2167b437b9b330824e9aaa8d5aa1/selenium/che-selenium-core/bin/webdriver.sh","contents_url":"https://api.github.com/repos/eclipse/che/contents/selenium/che-selenium-core/bin/webdriver.sh?ref=05886de2698b2167b437b9b330824e9aaa8d5aa1","patch":"@@ -830,7 +830,7 @@ storeTestReport() {\n     if [[ -f ${TMP_SUITE_PATH} ]]; then\n         cp ${TMP_SUITE_PATH} target/suite;\n     fi\n-    zip -qr ${report} target/screenshots target/htmldumps target/site target/failsafe-reports target/log target/bin target/suite\n+    zip -qr ${report} target/screenshots target/htmldumps target/workspace-logs target/site target/failsafe-reports target/log target/bin target/suite\n \n     echo -e \"[TEST] Tests results and reports are saved to ${BLUE}${report}${NO_COLOUR}\"\n     echo \"[TEST]\""},{"sha":"9d439b44cde57dbe515232c58ea11ae9634f90e2","filename":"selenium/che-selenium-core/pom.xml","status":"modified","additions":4,"deletions":0,"changes":4,"blob_url":"https://github.com/eclipse/che/blob/05886de2698b2167b437b9b330824e9aaa8d5aa1/selenium/che-selenium-core/pom.xml","raw_url":"https://github.com/eclipse/che/raw/05886de2698b2167b437b9b330824e9aaa8d5aa1/selenium/che-selenium-core/pom.xml","contents_url":"https://api.github.com/repos/eclipse/che/contents/selenium/che-selenium-core/pom.xml?ref=05886de2698b2167b437b9b330824e9aaa8d5aa1","patch":"@@ -38,6 +38,10 @@\n             <groupId>com.google.inject.extensions</groupId>\n             <artifactId>guice-assistedinject</artifactId>\n         </dependency>\n+        <dependency>\n+            <groupId>commons-io</groupId>\n+            <artifactId>commons-io</artifactId>\n+        </dependency>\n         <dependency>\n             <groupId>javax.annotation</groupId>\n             <artifactId>javax.annotation-api</artifactId>"},{"sha":"a5df97b831acf860b82d6d797a5cc7b81db78702","filename":"selenium/che-selenium-core/src/main/java/org/eclipse/che/selenium/core/client/TestOrganizationServiceClient.java","status":"modified","additions":1,"deletions":1,"changes":2,"blob_url":"https://github.com/eclipse/che/blob/05886de2698b2167b437b9b330824e9aaa8d5aa1/selenium/che-selenium-core/src/main/java/org/eclipse/che/selenium/core/client/TestOrganizationServiceClient.java","raw_url":"https://github.com/eclipse/che/raw/05886de2698b2167b437b9b330824e9aaa8d5aa1/selenium/che-selenium-core/src/main/java/org/eclipse/che/selenium/core/client/TestOrganizationServiceClient.java","contents_url":"https://api.github.com/repos/eclipse/che/contents/selenium/che-selenium-core/src/main/java/org/eclipse/che/selenium/core/client/TestOrganizationServiceClient.java?ref=05886de2698b2167b437b9b330824e9aaa8d5aa1","patch":"@@ -53,7 +53,7 @@ public TestOrganizationServiceClient(\n     List<OrganizationDto> organizations =\n         requestFactory.fromUrl(getApiUrl()).request().asList(OrganizationDto.class);\n \n-    organizations.removeIf(o -> o.getParent() != parent);\n+    organizations.removeIf(o -> !o.getParent().equals(parent));\n     return organizations;\n   }\n "},{"sha":"f292fd13133cef23817513b550fb4f5f9e5122db","filename":"selenium/che-selenium-core/src/main/java/org/eclipse/che/selenium/core/client/TestWorkspaceServiceClient.java","status":"modified","additions":5,"deletions":0,"changes":5,"blob_url":"https://github.com/eclipse/che/blob/05886de2698b2167b437b9b330824e9aaa8d5aa1/selenium/che-selenium-core/src/main/java/org/eclipse/che/selenium/core/client/TestWorkspaceServiceClient.java","raw_url":"https://github.com/eclipse/che/raw/05886de2698b2167b437b9b330824e9aaa8d5aa1/selenium/che-selenium-core/src/main/java/org/eclipse/che/selenium/core/client/TestWorkspaceServiceClient.java","contents_url":"https://api.github.com/repos/eclipse/che/contents/selenium/che-selenium-core/src/main/java/org/eclipse/che/selenium/core/client/TestWorkspaceServiceClient.java?ref=05886de2698b2167b437b9b330824e9aaa8d5aa1","patch":"@@ -224,6 +224,11 @@ public WorkspaceDto getById(String workspaceId) throws Exception {\n     return requestFactory.fromUrl(getIdBasedUrl(workspaceId)).request().asDto(WorkspaceDto.class);\n   }\n \n+  /** Gets workspace status by id. */\n+  public WorkspaceStatus getStatus(String workspaceId) throws Exception {\n+    return getById(workspaceId).getStatus();\n+  }\n+\n   /**\n    * Return server URL related with defined port\n    *"},{"sha":"71bd91a5d7d494d0e5a4b8f3ca10866db15ddda7","filename":"selenium/che-selenium-core/src/main/java/org/eclipse/che/selenium/core/inject/SeleniumTestHandler.java","status":"modified","additions":53,"deletions":8,"changes":61,"blob_url":"https://github.com/eclipse/che/blob/05886de2698b2167b437b9b330824e9aaa8d5aa1/selenium/che-selenium-core/src/main/java/org/eclipse/che/selenium/core/inject/SeleniumTestHandler.java","raw_url":"https://github.com/eclipse/che/raw/05886de2698b2167b437b9b330824e9aaa8d5aa1/selenium/che-selenium-core/src/main/java/org/eclipse/che/selenium/core/inject/SeleniumTestHandler.java","contents_url":"https://api.github.com/repos/eclipse/che/contents/selenium/che-selenium-core/src/main/java/org/eclipse/che/selenium/core/inject/SeleniumTestHandler.java?ref=05886de2698b2167b437b9b330824e9aaa8d5aa1","patch":"@@ -51,6 +51,8 @@\n import org.eclipse.che.selenium.core.user.InjectTestUser;\n import org.eclipse.che.selenium.core.user.TestUser;\n import org.eclipse.che.selenium.core.workspace.InjectTestWorkspace;\n+import org.eclipse.che.selenium.core.workspace.TestWorkspace;\n+import org.eclipse.che.selenium.core.workspace.TestWorkspaceLogsReader;\n import org.eclipse.che.selenium.core.workspace.TestWorkspaceProvider;\n import org.openqa.selenium.OutputType;\n import org.openqa.selenium.WebDriver;\n@@ -84,8 +86,16 @@\n   private static final AtomicBoolean isCleanUpCompleted = new AtomicBoolean();\n \n   @Inject\n-  @Named(\"tests.screenshot_dir\")\n-  private String screenshotDir;\n+  @Named(\"tests.screenshots_dir\")\n+  private String screenshotsDir;\n+\n+  @Inject\n+  @Named(\"tests.htmldumps_dir\")\n+  private String htmldumpsDir;\n+\n+  @Inject\n+  @Named(\"tests.workspacelogs_dir\")\n+  private String workspaceLogsDir;\n \n   @Inject private PageObjectsInjector pageObjectsInjector;\n \n@@ -116,6 +126,7 @@\n   @Inject private TestUser defaultTestUser;\n   @Inject private TestWorkspaceProvider testWorkspaceProvider;\n   @Inject private TestGitHubServiceClient gitHubClientService;\n+  @Inject private TestWorkspaceLogsReader testWorkspaceLogsReader;\n \n   private final Injector injector;\n   private final Map<Long, Object> runningTests = new ConcurrentHashMap<>();\n@@ -261,9 +272,39 @@ private void onTestFinish(ITestResult result) {\n       }\n       captureScreenshot(result);\n       captureHtmlSource(result);\n+      captureTestWorkspaceLogs(result);\n     }\n   }\n \n+  private void captureTestWorkspaceLogs(ITestResult result) {\n+    Object testInstance = result.getInstance();\n+    for (Field field : testInstance.getClass().getDeclaredFields()) {\n+      field.setAccessible(true);\n+\n+      Object obj;\n+      try {\n+        obj = field.get(testInstance);\n+      } catch (IllegalAccessException e) {\n+        LOG.error(\n+            \"Field {} is unaccessable in {}.\", field.getName(), testInstance.getClass().getName());\n+        continue;\n+      }\n+\n+      if (obj == null || !(obj instanceof TestWorkspace) || !isInjectedWorkspace(field)) {\n+        continue;\n+      }\n+\n+      Path pathToStoreWorkspaceLogs = Paths.get(workspaceLogsDir, getTestDefinition(result));\n+      testWorkspaceLogsReader.read((TestWorkspace) obj, pathToStoreWorkspaceLogs);\n+    }\n+  }\n+\n+  private boolean isInjectedWorkspace(Field field) {\n+    return field.isAnnotationPresent(com.google.inject.Inject.class)\n+        || field.isAnnotationPresent(javax.inject.Inject.class)\n+        || field.isAnnotationPresent(InjectTestWorkspace.class);\n+  }\n+\n   /** Releases resources by invoking methods annotated with {@link PreDestroy} */\n   private void preDestroy(Object testInstance) {\n     LOG.info(\"Processing @PreDestroy annotation in {}\", testInstance.getClass().getName());\n@@ -367,18 +408,22 @@ private void collectInjectedWebDrivers(Object testInstance, Set<SeleniumWebDrive\n   }\n \n   private void captureScreenshotFromWindow(ITestResult result, SeleniumWebDriver webDriver) {\n-    String testName = result.getTestClass().getName() + \".\" + result.getMethod().getMethodName();\n-    String filename = NameGenerator.generate(testName + \"_\", 8) + \".png\";\n+    String testDefinition = getTestDefinition(result);\n+    String filename = NameGenerator.generate(testDefinition + \"_\", 8) + \".png\";\n     try {\n       byte[] data = webDriver.getScreenshotAs(OutputType.BYTES);\n-      Path screenshot = Paths.get(screenshotDir, filename);\n+      Path screenshot = Paths.get(screenshotsDir, filename);\n       Files.createDirectories(screenshot.getParent());\n       Files.copy(new ByteArrayInputStream(data), screenshot);\n     } catch (WebDriverException | IOException e) {\n-      LOG.error(format(\"Can't capture screenshot for test %s\", testName), e);\n+      LOG.error(format(\"Can't capture screenshot for test %s\", testDefinition), e);\n     }\n   }\n \n+  private String getTestDefinition(ITestResult result) {\n+    return result.getTestClass().getName() + \".\" + result.getMethod().getMethodName();\n+  }\n+\n   private void captureScreenshotsFromOpenedWindows(\n       ITestResult result, SeleniumWebDriver webDriver) {\n     webDriver\n@@ -391,11 +436,11 @@ private void captureScreenshotsFromOpenedWindows(\n   }\n \n   private void dumpHtmlCodeFromTheCurrentPage(ITestResult result, SeleniumWebDriver webDriver) {\n-    String testName = result.getTestClass().getName() + \".\" + result.getMethod().getMethodName();\n+    String testName = getTestDefinition(result);\n     String filename = NameGenerator.generate(testName + \"_\", 8) + \".html\";\n     try {\n       String pageSource = webDriver.getPageSource();\n-      Path dumpDirectory = Paths.get(\"target/htmldumps\", filename);\n+      Path dumpDirectory = Paths.get(htmldumpsDir, filename);\n       Files.createDirectories(dumpDirectory.getParent());\n       Files.write(\n           dumpDirectory, pageSource.getBytes(Charset.forName(\"UTF-8\")), StandardOpenOption.CREATE);"},{"sha":"0663e35f0f8f9f10637ece58d2219c705be52c7e","filename":"selenium/che-selenium-core/src/main/java/org/eclipse/che/selenium/core/user/TestUserImpl.java","status":"modified","additions":1,"deletions":0,"changes":1,"blob_url":"https://github.com/eclipse/che/blob/05886de2698b2167b437b9b330824e9aaa8d5aa1/selenium/che-selenium-core/src/main/java/org/eclipse/che/selenium/core/user/TestUserImpl.java","raw_url":"https://github.com/eclipse/che/raw/05886de2698b2167b437b9b330824e9aaa8d5aa1/selenium/che-selenium-core/src/main/java/org/eclipse/che/selenium/core/user/TestUserImpl.java","contents_url":"https://api.github.com/repos/eclipse/che/contents/selenium/che-selenium-core/src/main/java/org/eclipse/che/selenium/core/user/TestUserImpl.java?ref=05886de2698b2167b437b9b330824e9aaa8d5aa1","patch":"@@ -89,6 +89,7 @@ public String getId() {\n     return id;\n   }\n \n+  @Override\n   public String getOfflineToken() {\n     return offlineToken;\n   }"},{"sha":"92726589b082126b17de1d18e1bfdd0c7756ec9d","filename":"selenium/che-selenium-core/src/main/java/org/eclipse/che/selenium/core/utils/DockerUtil.java","status":"added","additions":49,"deletions":0,"changes":49,"blob_url":"https://github.com/eclipse/che/blob/05886de2698b2167b437b9b330824e9aaa8d5aa1/selenium/che-selenium-core/src/main/java/org/eclipse/che/selenium/core/utils/DockerUtil.java","raw_url":"https://github.com/eclipse/che/raw/05886de2698b2167b437b9b330824e9aaa8d5aa1/selenium/che-selenium-core/src/main/java/org/eclipse/che/selenium/core/utils/DockerUtil.java","contents_url":"https://api.github.com/repos/eclipse/che/contents/selenium/che-selenium-core/src/main/java/org/eclipse/che/selenium/core/utils/DockerUtil.java?ref=05886de2698b2167b437b9b330824e9aaa8d5aa1","patch":"@@ -0,0 +1,49 @@\n+/*\n+ * Copyright (c) 2012-2018 Red Hat, Inc.\n+ * All rights reserved. This program and the accompanying materials\n+ * are made available under the terms of the Eclipse Public License v1.0\n+ * which accompanies this distribution, and is available at\n+ * http://www.eclipse.org/legal/epl-v10.html\n+ *\n+ * Contributors:\n+ *   Red Hat, Inc. - initial API and implementation\n+ */\n+package org.eclipse.che.selenium.core.utils;\n+\n+import com.google.inject.Inject;\n+import com.google.inject.name.Named;\n+import javax.inject.Singleton;\n+import org.eclipse.che.selenium.core.utils.process.ProcessAgent;\n+import org.slf4j.Logger;\n+import org.slf4j.LoggerFactory;\n+\n+/** @author Dmytro Nochevnov */\n+@Singleton\n+public class DockerUtil {\n+  private static final Logger LOG = LoggerFactory.getLogger(DockerUtil.class);\n+\n+  @Inject\n+  @Named(\"che.host\")\n+  private String cheHost;\n+\n+  @Inject private ProcessAgent processAgent;\n+\n+  public boolean isCheRunLocally() {\n+    String command =\n+        String.format(\n+            \"[[ $(docker run --rm --net host eclipse/che-ip:nightly) == '%s' ]] && echo true\",\n+            cheHost);\n+\n+    try {\n+      String result = processAgent.execute(command);\n+\n+      if (result != null && result.equals(\"true\")) {\n+        return true;\n+      }\n+    } catch (Exception e) {\n+      LOG.warn(\"Can't check if Eclipse Che run locally.\", e);\n+    }\n+\n+    return false;\n+  }\n+}"},{"sha":"e574a9d13603a10f7b3dd2d149a445ec64ff4bce","filename":"selenium/che-selenium-core/src/main/java/org/eclipse/che/selenium/core/utils/FileUtil.java","status":"added","additions":36,"deletions":0,"changes":36,"blob_url":"https://github.com/eclipse/che/blob/05886de2698b2167b437b9b330824e9aaa8d5aa1/selenium/che-selenium-core/src/main/java/org/eclipse/che/selenium/core/utils/FileUtil.java","raw_url":"https://github.com/eclipse/che/raw/05886de2698b2167b437b9b330824e9aaa8d5aa1/selenium/che-selenium-core/src/main/java/org/eclipse/che/selenium/core/utils/FileUtil.java","contents_url":"https://api.github.com/repos/eclipse/che/contents/selenium/che-selenium-core/src/main/java/org/eclipse/che/selenium/core/utils/FileUtil.java?ref=05886de2698b2167b437b9b330824e9aaa8d5aa1","patch":"@@ -0,0 +1,36 @@\n+/*\n+ * Copyright (c) 2012-2018 Red Hat, Inc.\n+ * All rights reserved. This program and the accompanying materials\n+ * are made available under the terms of the Eclipse Public License v1.0\n+ * which accompanies this distribution, and is available at\n+ * http://www.eclipse.org/legal/epl-v10.html\n+ *\n+ * Contributors:\n+ *   Red Hat, Inc. - initial API and implementation\n+ */\n+package org.eclipse.che.selenium.core.utils;\n+\n+import static java.util.stream.Collectors.toList;\n+\n+import java.io.IOException;\n+import java.nio.file.Files;\n+import java.nio.file.Path;\n+\n+/** @author Dmytro Nochevnov */\n+public class FileUtil {\n+\n+  /**\n+   * Checks if directoryToRemove is empty itself and remove it if it is empty only.\n+   *\n+   * @param directoryToRemove directory which is verified for emptiness\n+   * @throws IOException\n+   */\n+  public static void removeDirectoryIfItIsEmpty(Path directoryToRemove) throws IOException {\n+    if (Files.exists(directoryToRemove)\n+        && Files.isDirectory(directoryToRemove)\n+        && Files.list(directoryToRemove).collect(toList()).isEmpty()) {\n+\n+      Files.delete(directoryToRemove);\n+    }\n+  }\n+}"},{"sha":"047d66505901e4ebdab208f8859c8b18bde6aa54","filename":"selenium/che-selenium-core/src/main/java/org/eclipse/che/selenium/core/utils/UrlUtil.java","status":"renamed","additions":1,"deletions":1,"changes":2,"blob_url":"https://github.com/eclipse/che/blob/05886de2698b2167b437b9b330824e9aaa8d5aa1/selenium/che-selenium-core/src/main/java/org/eclipse/che/selenium/core/utils/UrlUtil.java","raw_url":"https://github.com/eclipse/che/raw/05886de2698b2167b437b9b330824e9aaa8d5aa1/selenium/che-selenium-core/src/main/java/org/eclipse/che/selenium/core/utils/UrlUtil.java","contents_url":"https://api.github.com/repos/eclipse/che/contents/selenium/che-selenium-core/src/main/java/org/eclipse/che/selenium/core/utils/UrlUtil.java?ref=05886de2698b2167b437b9b330824e9aaa8d5aa1","patch":"@@ -8,7 +8,7 @@\n  * Contributors:\n  *   Red Hat, Inc. - initial API and implementation\n  */\n-package org.eclipse.che.selenium.core;\n+package org.eclipse.che.selenium.core.utils;\n \n import java.net.MalformedURLException;\n import java.net.URL;","previous_filename":"selenium/che-selenium-test/src/main/java/org/eclipse/che/selenium/core/UrlUtil.java"},{"sha":"58c481f6837ab581468bf405cddd340f9f14d7a7","filename":"selenium/che-selenium-core/src/main/java/org/eclipse/che/selenium/core/utils/process/ProcessAgent.java","status":"added","additions":70,"deletions":0,"changes":70,"blob_url":"https://github.com/eclipse/che/blob/05886de2698b2167b437b9b330824e9aaa8d5aa1/selenium/che-selenium-core/src/main/java/org/eclipse/che/selenium/core/utils/process/ProcessAgent.java","raw_url":"https://github.com/eclipse/che/raw/05886de2698b2167b437b9b330824e9aaa8d5aa1/selenium/che-selenium-core/src/main/java/org/eclipse/che/selenium/core/utils/process/ProcessAgent.java","contents_url":"https://api.github.com/repos/eclipse/che/contents/selenium/che-selenium-core/src/main/java/org/eclipse/che/selenium/core/utils/process/ProcessAgent.java?ref=05886de2698b2167b437b9b330824e9aaa8d5aa1","patch":"@@ -0,0 +1,70 @@\n+/*\n+ * Copyright (c) 2012-2018 Red Hat, Inc.\n+ * All rights reserved. This program and the accompanying materials\n+ * are made available under the terms of the Eclipse Public License v1.0\n+ * which accompanies this distribution, and is available at\n+ * http://www.eclipse.org/legal/epl-v10.html\n+ *\n+ * Contributors:\n+ *   Red Hat, Inc. - initial API and implementation\n+ */\n+package org.eclipse.che.selenium.core.utils.process;\n+\n+import static java.lang.String.format;\n+\n+import com.google.inject.Singleton;\n+import java.io.IOException;\n+import java.io.InputStream;\n+import java.nio.charset.Charset;\n+import org.apache.commons.io.IOUtils;\n+import org.slf4j.Logger;\n+import org.slf4j.LoggerFactory;\n+\n+/** @author Dmytro Nochevnov */\n+@Singleton\n+public class ProcessAgent {\n+  private static final Logger LOG = LoggerFactory.getLogger(ProcessAgent.class);\n+\n+  public String execute(String command) throws ProcessAgentException {\n+    try {\n+      Process process = getProcess(command);\n+\n+      int exitStatus = process.waitFor();\n+      InputStream in = process.getInputStream();\n+      InputStream err = process.getErrorStream();\n+\n+      return processOutput(exitStatus, in, err);\n+    } catch (Exception e) {\n+      String errMessage = format(\"Can't execute command '%s'.\", command);\n+      throw new ProcessAgentException(errMessage, e);\n+    }\n+  }\n+\n+  private Process getProcess(String command) throws IOException {\n+    ProcessBuilder pb = new ProcessBuilder(\"/bin/bash\", \"-c\", command);\n+    return pb.start();\n+  }\n+\n+  private String processOutput(int exitStatus, InputStream in, InputStream error) throws Exception {\n+    String output = readOutput(in);\n+    String errorOutput = readOutput(error);\n+\n+    if (exitStatus == 0 && errorOutput.isEmpty()) {\n+      return output;\n+    }\n+\n+    throw new Exception(format(\"Output: %s; Error: %s.\", output, errorOutput));\n+  }\n+\n+  private String readOutput(InputStream in) throws IOException {\n+    try {\n+      String output = IOUtils.toString(in, Charset.forName(\"UTF-8\"));\n+      if (output.endsWith(\"\\n\")) {\n+        output = output.substring(0, output.length() - 1);\n+      }\n+      return output;\n+    } finally {\n+      in.close();\n+    }\n+  }\n+}"},{"sha":"c264297691780ddd68f894a2cee7124e45372020","filename":"selenium/che-selenium-core/src/main/java/org/eclipse/che/selenium/core/utils/process/ProcessAgentException.java","status":"added","additions":20,"deletions":0,"changes":20,"blob_url":"https://github.com/eclipse/che/blob/05886de2698b2167b437b9b330824e9aaa8d5aa1/selenium/che-selenium-core/src/main/java/org/eclipse/che/selenium/core/utils/process/ProcessAgentException.java","raw_url":"https://github.com/eclipse/che/raw/05886de2698b2167b437b9b330824e9aaa8d5aa1/selenium/che-selenium-core/src/main/java/org/eclipse/che/selenium/core/utils/process/ProcessAgentException.java","contents_url":"https://api.github.com/repos/eclipse/che/contents/selenium/che-selenium-core/src/main/java/org/eclipse/che/selenium/core/utils/process/ProcessAgentException.java?ref=05886de2698b2167b437b9b330824e9aaa8d5aa1","patch":"@@ -0,0 +1,20 @@\n+/*\n+ * Copyright (c) 2012-2018 Red Hat, Inc.\n+ * All rights reserved. This program and the accompanying materials\n+ * are made available under the terms of the Eclipse Public License v1.0\n+ * which accompanies this distribution, and is available at\n+ * http://www.eclipse.org/legal/epl-v10.html\n+ *\n+ * Contributors:\n+ *   Red Hat, Inc. - initial API and implementation\n+ */\n+package org.eclipse.che.selenium.core.utils.process;\n+\n+import java.io.IOException;\n+\n+/** @author Dmytro Nochevnov */\n+public class ProcessAgentException extends IOException {\n+  public ProcessAgentException(String message, Throwable cause) {\n+    super(message, cause);\n+  }\n+}"},{"sha":"9d6f366291659c675d3b03158a0210ff23451150","filename":"selenium/che-selenium-core/src/main/java/org/eclipse/che/selenium/core/workspace/TestWorkspaceLogsReader.java","status":"added","additions":168,"deletions":0,"changes":168,"blob_url":"https://github.com/eclipse/che/blob/05886de2698b2167b437b9b330824e9aaa8d5aa1/selenium/che-selenium-core/src/main/java/org/eclipse/che/selenium/core/workspace/TestWorkspaceLogsReader.java","raw_url":"https://github.com/eclipse/che/raw/05886de2698b2167b437b9b330824e9aaa8d5aa1/selenium/che-selenium-core/src/main/java/org/eclipse/che/selenium/core/workspace/TestWorkspaceLogsReader.java","contents_url":"https://api.github.com/repos/eclipse/che/contents/selenium/che-selenium-core/src/main/java/org/eclipse/che/selenium/core/workspace/TestWorkspaceLogsReader.java?ref=05886de2698b2167b437b9b330824e9aaa8d5aa1","patch":"@@ -0,0 +1,168 @@\n+/*\n+ * Copyright (c) 2012-2018 Red Hat, Inc.\n+ * All rights reserved. This program and the accompanying materials\n+ * are made available under the terms of the Eclipse Public License v1.0\n+ * which accompanies this distribution, and is available at\n+ * http://www.eclipse.org/legal/epl-v10.html\n+ *\n+ * Contributors:\n+ *   Red Hat, Inc. - initial API and implementation\n+ */\n+package org.eclipse.che.selenium.core.workspace;\n+\n+import static org.eclipse.che.api.core.model.workspace.WorkspaceStatus.RUNNING;\n+import static org.eclipse.che.selenium.core.utils.FileUtil.removeDirectoryIfItIsEmpty;\n+\n+import com.google.common.annotations.VisibleForTesting;\n+import com.google.inject.Inject;\n+import java.io.IOException;\n+import java.nio.file.Files;\n+import java.nio.file.Path;\n+import java.util.List;\n+import java.util.concurrent.ExecutionException;\n+import org.eclipse.che.api.core.model.workspace.WorkspaceStatus;\n+import org.eclipse.che.api.core.util.AbstractLineConsumer;\n+import org.eclipse.che.api.core.util.LineConsumer;\n+import org.eclipse.che.api.core.util.ListLineConsumer;\n+import org.eclipse.che.selenium.core.client.TestWorkspaceServiceClient;\n+import org.eclipse.che.selenium.core.utils.process.ProcessAgent;\n+import org.slf4j.Logger;\n+import org.slf4j.LoggerFactory;\n+\n+/**\n+ * Reads and stores the workspace logs by using command line operations. It ignores absent or empty\n+ * logs directory.\n+ *\n+ * @author Dmytro Nochevnov\n+ */\n+public abstract class TestWorkspaceLogsReader {\n+\n+  private static final String READ_LOGS_ERROR_MESSAGE_TEMPLATE =\n+      \"Can't obtain '{}' logs from workspace with id='{}' from directory '{}'.\";\n+\n+  @VisibleForTesting Logger log = LoggerFactory.getLogger(this.getClass());\n+\n+  @Inject @VisibleForTesting TestWorkspaceServiceClient workspaceServiceClient;\n+\n+  @Inject @VisibleForTesting ProcessAgent processAgent;\n+\n+  /**\n+   * Read logs from workspace. It ignores absent or empty logs directory.\n+   *\n+   * @param workspace workspace which logs should be read.\n+   * @param pathToStore location of directory where logs should be stored.\n+   */\n+  public void read(TestWorkspace workspace, Path pathToStore) {\n+    if (!canWorkspaceLogsBeRead()) {\n+      return;\n+    }\n+\n+    final String workspaceId;\n+    try {\n+      workspaceId = workspace.getId();\n+    } catch (ExecutionException | InterruptedException e) {\n+      log.warn(\"It's impossible to get id of test workspace.\", e);\n+      return;\n+    }\n+\n+    // check if workspace is running\n+    try {\n+      WorkspaceStatus status = workspaceServiceClient.getStatus(workspaceId);\n+      if (status != RUNNING) {\n+        log.warn(\n+            \"It's impossible to get logs of workspace with id='{}' because of improper status '{}'\",\n+            workspaceId,\n+            status);\n+        return;\n+      }\n+    } catch (Exception e) {\n+      log.warn(\"It's impossible to get status of workspace with id='{}'\", workspaceId, e);\n+      return;\n+    }\n+\n+    getLogInfos().forEach(logInfo -> readLog(logInfo, workspaceId, pathToStore));\n+  }\n+\n+  private void readLog(LogInfo logInfo, String workspaceId, Path pathToStore) {\n+    Path testLogsDirectory = pathToStore.resolve(workspaceId).resolve(logInfo.getName());\n+\n+    try {\n+      Files.createDirectories(testLogsDirectory.getParent());\n+\n+      // execute command to copy logs from workspace container to the workspaceLogsDir\n+      processAgent.execute(\n+          getReadLogsCommand(workspaceId, testLogsDirectory, logInfo.getLocationInsideWorkspace()));\n+    } catch (Exception e) {\n+      log.warn(\n+          READ_LOGS_ERROR_MESSAGE_TEMPLATE,\n+          logInfo.getName(),\n+          workspaceId,\n+          logInfo.getLocationInsideWorkspace(),\n+          e);\n+    } finally {\n+      try {\n+        removeDirectoryIfItIsEmpty(testLogsDirectory);\n+      } catch (IOException e) {\n+        log.warn(\"Error of removal of empty log directory {}.\", testLogsDirectory, e);\n+      }\n+    }\n+  }\n+\n+  /**\n+   * Returns bash command to read logs from workspace by path to them inside workspace.\n+   *\n+   * @param workspaceId ID of workspace\n+   * @param testLogsDirectory location of directory to save the logs\n+   * @param logLocationInsideWorkspace location of logs inside workspace\n+   * @return command to read logs from workspace\n+   */\n+  abstract String getReadLogsCommand(\n+      String workspaceId, Path testLogsDirectory, Path logLocationInsideWorkspace);\n+\n+  /**\n+   * Gets list of available workspace log providers which are dedicated to read certain logs.\n+   *\n+   * @return list of log providers\n+   */\n+  abstract List<LogInfo> getLogInfos();\n+\n+  /**\n+   * Checks if it is possible to read logs from workspace.\n+   *\n+   * @return <b>true</b> if it is possible to read logs from workspace, or <b>false</b> otherwise.\n+   */\n+  abstract boolean canWorkspaceLogsBeRead();\n+\n+  @VisibleForTesting\n+  LineConsumer getStdoutConsumer() {\n+    return new AbstractLineConsumer() {};\n+  }\n+\n+  @VisibleForTesting\n+  ListLineConsumer getStderrConsumer() {\n+    return new ListLineConsumer();\n+  }\n+\n+  /** Holds information about log to read. */\n+  static class LogInfo {\n+    private final String name;\n+    private final Path locationInsideWorkspace;\n+\n+    private LogInfo(String name, Path locationInsideWorkspace) {\n+      this.name = name;\n+      this.locationInsideWorkspace = locationInsideWorkspace;\n+    }\n+\n+    String getName() {\n+      return name;\n+    }\n+\n+    Path getLocationInsideWorkspace() {\n+      return locationInsideWorkspace;\n+    }\n+\n+    static LogInfo create(String name, Path locationInsideWorkspace) {\n+      return new LogInfo(name, locationInsideWorkspace);\n+    }\n+  }\n+}"},{"sha":"53fd3e555a0e8e48d4d7b789f2c8e0bc2b8f2c46","filename":"selenium/che-selenium-core/src/test/java/org/eclipse/che/selenium/core/workspace/TestWorkspaceLogsReaderTest.java","status":"added","additions":211,"deletions":0,"changes":211,"blob_url":"https://github.com/eclipse/che/blob/05886de2698b2167b437b9b330824e9aaa8d5aa1/selenium/che-selenium-core/src/test/java/org/eclipse/che/selenium/core/workspace/TestWorkspaceLogsReaderTest.java","raw_url":"https://github.com/eclipse/che/raw/05886de2698b2167b437b9b330824e9aaa8d5aa1/selenium/che-selenium-core/src/test/java/org/eclipse/che/selenium/core/workspace/TestWorkspaceLogsReaderTest.java","contents_url":"https://api.github.com/repos/eclipse/che/contents/selenium/che-selenium-core/src/test/java/org/eclipse/che/selenium/core/workspace/TestWorkspaceLogsReaderTest.java?ref=05886de2698b2167b437b9b330824e9aaa8d5aa1","patch":"@@ -0,0 +1,211 @@\n+/*\n+ * Copyright (c) 2012-2018 Red Hat, Inc.\n+ * All rights reserved. This program and the accompanying materials\n+ * are made available under the terms of the Eclipse Public License v1.0\n+ * which accompanies this distribution, and is available at\n+ * http://www.eclipse.org/legal/epl-v10.html\n+ *\n+ * Contributors:\n+ *   Red Hat, Inc. - initial API and implementation\n+ */\n+package org.eclipse.che.selenium.core.workspace;\n+\n+import static java.lang.String.format;\n+import static org.eclipse.che.selenium.core.workspace.TestWorkspaceLogsReader.LogInfo.create;\n+import static org.mockito.ArgumentCaptor.forClass;\n+import static org.mockito.Mockito.doReturn;\n+import static org.mockito.Mockito.doThrow;\n+import static org.mockito.Mockito.never;\n+import static org.mockito.Mockito.verify;\n+import static org.mockito.Mockito.verifyZeroInteractions;\n+import static org.testng.Assert.assertEquals;\n+import static org.testng.Assert.assertNotNull;\n+import static org.testng.Assert.assertTrue;\n+\n+import com.google.common.collect.ImmutableList;\n+import java.nio.file.Path;\n+import java.nio.file.Paths;\n+import java.util.concurrent.ExecutionException;\n+import org.eclipse.che.api.core.model.workspace.WorkspaceStatus;\n+import org.eclipse.che.selenium.core.client.TestWorkspaceServiceClient;\n+import org.eclipse.che.selenium.core.utils.process.ProcessAgent;\n+import org.eclipse.che.selenium.core.utils.process.ProcessAgentException;\n+import org.eclipse.che.selenium.core.workspace.TestWorkspaceLogsReader.LogInfo;\n+import org.mockito.ArgumentCaptor;\n+import org.mockito.Mock;\n+import org.mockito.MockitoAnnotations;\n+import org.mockito.Spy;\n+import org.mockito.testng.MockitoTestNGListener;\n+import org.slf4j.Logger;\n+import org.testng.annotations.BeforeMethod;\n+import org.testng.annotations.Listeners;\n+import org.testng.annotations.Test;\n+\n+/**\n+ * Unit tests for the {@link TestWorkspaceLogsReader}\n+ *\n+ * @author Dmytro Nochevnov\n+ */\n+@Listeners(value = MockitoTestNGListener.class)\n+public class TestWorkspaceLogsReaderTest {\n+\n+  private static final LogInfo FIRST_LOG_INFO = create(\"log-1\", Paths.get(\"log-1-location\"));\n+  private static final LogInfo SECOND_LOG_INFO = create(\"log-2\", Paths.get(\"log-2-location\"));\n+  private static final ImmutableList<LogInfo> TEST_LOG_INFOS =\n+      ImmutableList.of(FIRST_LOG_INFO, SECOND_LOG_INFO);\n+  private static final String TEST_READ_FIRST_LOG_COMMAND = \"echo 'read-log-1'\";\n+  private static final String TEST_READ_SECOND_LOG_COMMAND = \"echo 'read-log-2'\";\n+  private static final String UNKNOWN_COMMAND = \"command-435f4q6we3as5va5s\";\n+  private static final String TEST_WORKSPACE_ID = \"workspace-id\";\n+  private static final Path PATH_TO_STORE_LOGS = Paths.get(\"path-to-store-logs\");\n+  private static final WorkspaceStatus WRONG_WORKSPACE_STATUS = WorkspaceStatus.STOPPED;\n+  private static final NullPointerException EXCEPTION_TO_BE_THROWN = new NullPointerException();\n+\n+  @Spy private TestWorkspaceLogsReader testWorkspaceLogsReader;\n+\n+  @Mock private TestWorkspace testWorkspace;\n+  @Mock private TestWorkspaceServiceClient testWorkspaceServiceClient;\n+  @Mock private Logger log;\n+\n+  @BeforeMethod\n+  public void setup() throws ExecutionException, InterruptedException {\n+    MockitoAnnotations.initMocks(this);\n+\n+    testWorkspaceLogsReader.workspaceServiceClient = testWorkspaceServiceClient;\n+    testWorkspaceLogsReader.log = log;\n+    testWorkspaceLogsReader.processAgent = new ProcessAgent();\n+\n+    doReturn(TEST_WORKSPACE_ID).when(testWorkspace).getId();\n+\n+    // init logs read commands\n+    doReturn(TEST_LOG_INFOS).when(testWorkspaceLogsReader).getLogInfos();\n+\n+    doReturn(TEST_READ_FIRST_LOG_COMMAND)\n+        .when(testWorkspaceLogsReader)\n+        .getReadLogsCommand(\n+            TEST_WORKSPACE_ID,\n+            Paths.get(\n+                format(\n+                    \"%s/%s/%s\", PATH_TO_STORE_LOGS, TEST_WORKSPACE_ID, FIRST_LOG_INFO.getName())),\n+            FIRST_LOG_INFO.getLocationInsideWorkspace());\n+\n+    doReturn(TEST_READ_SECOND_LOG_COMMAND)\n+        .when(testWorkspaceLogsReader)\n+        .getReadLogsCommand(\n+            TEST_WORKSPACE_ID,\n+            Paths.get(\n+                format(\n+                    \"%s/%s/%s\", PATH_TO_STORE_LOGS, TEST_WORKSPACE_ID, SECOND_LOG_INFO.getName())),\n+            SECOND_LOG_INFO.getLocationInsideWorkspace());\n+  }\n+\n+  @Test\n+  public void shouldReadLogSuccessfully() throws Exception {\n+    // given\n+    doReturn(true).when(testWorkspaceLogsReader).canWorkspaceLogsBeRead();\n+    doReturn(WorkspaceStatus.RUNNING).when(testWorkspaceServiceClient).getStatus(TEST_WORKSPACE_ID);\n+\n+    // when\n+    testWorkspaceLogsReader.read(testWorkspace, PATH_TO_STORE_LOGS);\n+\n+    // then\n+    verifyZeroInteractions(log);\n+  }\n+\n+  @Test\n+  public void shouldAbortExecutionIfWorkspaceIsNotRunning() throws Exception {\n+    // given\n+    doReturn(true).when(testWorkspaceLogsReader).canWorkspaceLogsBeRead();\n+    doReturn(WRONG_WORKSPACE_STATUS).when(testWorkspaceServiceClient).getStatus(TEST_WORKSPACE_ID);\n+\n+    // when\n+    testWorkspaceLogsReader.read(testWorkspace, PATH_TO_STORE_LOGS);\n+\n+    // then\n+    verify(testWorkspaceLogsReader, never()).getLogInfos();\n+    verify(log)\n+        .warn(\n+            \"It's impossible to get logs of workspace with id='{}' because of improper status '{}'\",\n+            \"workspace-id\",\n+            WRONG_WORKSPACE_STATUS);\n+  }\n+\n+  @Test\n+  public void shouldAbortExecutionIfWorkspaceCannotBeRead() throws Exception {\n+    // given\n+    doReturn(false).when(testWorkspaceLogsReader).canWorkspaceLogsBeRead();\n+    doReturn(WorkspaceStatus.RUNNING).when(testWorkspaceServiceClient).getStatus(TEST_WORKSPACE_ID);\n+\n+    // when\n+    testWorkspaceLogsReader.read(testWorkspace, PATH_TO_STORE_LOGS);\n+\n+    // then\n+    verify(testWorkspaceLogsReader, never()).getLogInfos();\n+    verifyZeroInteractions(log);\n+  }\n+\n+  @Test\n+  public void shouldAbortExecutionIfItIsImpossibleToGetWorkspaceStatus() throws Exception {\n+    // given\n+    doReturn(true).when(testWorkspaceLogsReader).canWorkspaceLogsBeRead();\n+    doThrow(EXCEPTION_TO_BE_THROWN).when(testWorkspaceServiceClient).getStatus(TEST_WORKSPACE_ID);\n+\n+    // when\n+    testWorkspaceLogsReader.read(testWorkspace, PATH_TO_STORE_LOGS);\n+\n+    // then\n+    verify(testWorkspaceLogsReader, never()).getLogInfos();\n+    verify(log)\n+        .warn(\n+            \"It's impossible to get status of workspace with id='{}'\",\n+            \"workspace-id\",\n+            EXCEPTION_TO_BE_THROWN);\n+  }\n+\n+  @Test\n+  public void shouldHandleCommandError() throws Exception {\n+    // given\n+    doReturn(UNKNOWN_COMMAND)\n+        .when(testWorkspaceLogsReader)\n+        .getReadLogsCommand(\n+            TEST_WORKSPACE_ID,\n+            Paths.get(\n+                format(\n+                    \"%s/%s/%s\", PATH_TO_STORE_LOGS, TEST_WORKSPACE_ID, FIRST_LOG_INFO.getName())),\n+            FIRST_LOG_INFO.getLocationInsideWorkspace());\n+\n+    doReturn(true).when(testWorkspaceLogsReader).canWorkspaceLogsBeRead();\n+    doReturn(WorkspaceStatus.RUNNING).when(testWorkspaceServiceClient).getStatus(TEST_WORKSPACE_ID);\n+\n+    // when\n+    testWorkspaceLogsReader.read(testWorkspace, PATH_TO_STORE_LOGS);\n+\n+    // then\n+    ArgumentCaptor<String> logArgumentCaptor1 = forClass(String.class);\n+    ArgumentCaptor<String> logArgumentCaptor2 = forClass(String.class);\n+    ArgumentCaptor<String> logArgumentCaptor3 = forClass(String.class);\n+    ArgumentCaptor<Path> logArgumentCaptor4 = forClass(Path.class);\n+    ArgumentCaptor<ProcessAgentException> logArgumentCaptor5 =\n+        forClass(ProcessAgentException.class);\n+\n+    verify(log)\n+        .warn(\n+            logArgumentCaptor1.capture(),\n+            logArgumentCaptor2.capture(),\n+            logArgumentCaptor3.capture(),\n+            logArgumentCaptor4.capture(),\n+            logArgumentCaptor5.capture());\n+\n+    assertEquals(\n+        logArgumentCaptor1.getValue(),\n+        \"Can't obtain '{}' logs from workspace with id='{}' from directory '{}'.\");\n+    assertEquals(logArgumentCaptor2.getValue(), FIRST_LOG_INFO.getName());\n+    assertEquals(logArgumentCaptor3.getValue(), TEST_WORKSPACE_ID);\n+    assertEquals(logArgumentCaptor4.getValue(), FIRST_LOG_INFO.getLocationInsideWorkspace());\n+\n+    assertNotNull(logArgumentCaptor5.getValue());\n+    String errorMessage = logArgumentCaptor5.getValue().getMessage();\n+    assertTrue(\n+        errorMessage.contains(UNKNOWN_COMMAND), \"Actual errorMessage content: \" + errorMessage);\n+  }\n+}"},{"sha":"d4215062530b914d63fb98ce9b0d9addd5135bb8","filename":"selenium/che-selenium-test/pom.xml","status":"modified","additions":0,"deletions":3,"changes":3,"blob_url":"https://github.com/eclipse/che/blob/05886de2698b2167b437b9b330824e9aaa8d5aa1/selenium/che-selenium-test/pom.xml","raw_url":"https://github.com/eclipse/che/raw/05886de2698b2167b437b9b330824e9aaa8d5aa1/selenium/che-selenium-test/pom.xml","contents_url":"https://api.github.com/repos/eclipse/che/contents/selenium/che-selenium-test/pom.xml?ref=05886de2698b2167b437b9b330824e9aaa8d5aa1","patch":"@@ -187,9 +187,6 @@\n                         <exclude>**/.keep</exclude>\n                         <exclude>**/*.txt</exclude>\n                         <exclude>**/*.zip</exclude>\n-                        <exclude>**/*.zip</exclude>\n-                        <exclude>**/resources/**/.gitkeep</exclude>\n-                        <exclude>**/resources/**/.keep</exclude>\n                         <exclude>**/resources/**/another</exclude>\n                         <exclude>**/resources/**/classpath</exclude>\n                         <exclude>**/resources/**/editor</exclude>"},{"sha":"7f22ecab5658456c4da517e57dc9bcf7888f12da","filename":"selenium/che-selenium-test/src/main/java/org/eclipse/che/selenium/core/CheSeleniumDockerModule.java","status":"added","additions":24,"deletions":0,"changes":24,"blob_url":"https://github.com/eclipse/che/blob/05886de2698b2167b437b9b330824e9aaa8d5aa1/selenium/che-selenium-test/src/main/java/org/eclipse/che/selenium/core/CheSeleniumDockerModule.java","raw_url":"https://github.com/eclipse/che/raw/05886de2698b2167b437b9b330824e9aaa8d5aa1/selenium/che-selenium-test/src/main/java/org/eclipse/che/selenium/core/CheSeleniumDockerModule.java","contents_url":"https://api.github.com/repos/eclipse/che/contents/selenium/che-selenium-test/src/main/java/org/eclipse/che/selenium/core/CheSeleniumDockerModule.java?ref=05886de2698b2167b437b9b330824e9aaa8d5aa1","patch":"@@ -0,0 +1,24 @@\n+/*\n+ * Copyright (c) 2012-2018 Red Hat, Inc.\n+ * All rights reserved. This program and the accompanying materials\n+ * are made available under the terms of the Eclipse Public License v1.0\n+ * which accompanies this distribution, and is available at\n+ * http://www.eclipse.org/legal/epl-v10.html\n+ *\n+ * Contributors:\n+ *   Red Hat, Inc. - initial API and implementation\n+ */\n+package org.eclipse.che.selenium.core;\n+\n+import com.google.inject.AbstractModule;\n+import org.eclipse.che.selenium.core.workspace.CheTestDockerWorkspaceLogsReader;\n+import org.eclipse.che.selenium.core.workspace.TestWorkspaceLogsReader;\n+\n+/** @author Dmytro Nochevnov */\n+public class CheSeleniumDockerModule extends AbstractModule {\n+\n+  @Override\n+  protected void configure() {\n+    bind(TestWorkspaceLogsReader.class).to(CheTestDockerWorkspaceLogsReader.class);\n+  }\n+}"},{"sha":"28f1e4de3afc1db5de697cb39cbdde6e46afe9d2","filename":"selenium/che-selenium-test/src/main/java/org/eclipse/che/selenium/core/CheSeleniumOpenshiftModule.java","status":"added","additions":24,"deletions":0,"changes":24,"blob_url":"https://github.com/eclipse/che/blob/05886de2698b2167b437b9b330824e9aaa8d5aa1/selenium/che-selenium-test/src/main/java/org/eclipse/che/selenium/core/CheSeleniumOpenshiftModule.java","raw_url":"https://github.com/eclipse/che/raw/05886de2698b2167b437b9b330824e9aaa8d5aa1/selenium/che-selenium-test/src/main/java/org/eclipse/che/selenium/core/CheSeleniumOpenshiftModule.java","contents_url":"https://api.github.com/repos/eclipse/che/contents/selenium/che-selenium-test/src/main/java/org/eclipse/che/selenium/core/CheSeleniumOpenshiftModule.java?ref=05886de2698b2167b437b9b330824e9aaa8d5aa1","patch":"@@ -0,0 +1,24 @@\n+/*\n+ * Copyright (c) 2012-2018 Red Hat, Inc.\n+ * All rights reserved. This program and the accompanying materials\n+ * are made available under the terms of the Eclipse Public License v1.0\n+ * which accompanies this distribution, and is available at\n+ * http://www.eclipse.org/legal/epl-v10.html\n+ *\n+ * Contributors:\n+ *   Red Hat, Inc. - initial API and implementation\n+ */\n+package org.eclipse.che.selenium.core;\n+\n+import com.google.inject.AbstractModule;\n+import org.eclipse.che.selenium.core.workspace.CheTestOpenshiftWorkspaceLogsReader;\n+import org.eclipse.che.selenium.core.workspace.TestWorkspaceLogsReader;\n+\n+/** @author Dmytro Nochevnov */\n+public class CheSeleniumOpenshiftModule extends AbstractModule {\n+\n+  @Override\n+  protected void configure() {\n+    bind(TestWorkspaceLogsReader.class).to(CheTestOpenshiftWorkspaceLogsReader.class);\n+  }\n+}"},{"sha":"1a98e05b6b6d06ac28e7002e6b61541be00f216d","filename":"selenium/che-selenium-test/src/main/java/org/eclipse/che/selenium/core/CheSeleniumSuiteModule.java","status":"modified","additions":22,"deletions":3,"changes":25,"blob_url":"https://github.com/eclipse/che/blob/05886de2698b2167b437b9b330824e9aaa8d5aa1/selenium/che-selenium-test/src/main/java/org/eclipse/che/selenium/core/CheSeleniumSuiteModule.java","raw_url":"https://github.com/eclipse/che/raw/05886de2698b2167b437b9b330824e9aaa8d5aa1/selenium/che-selenium-test/src/main/java/org/eclipse/che/selenium/core/CheSeleniumSuiteModule.java","contents_url":"https://api.github.com/repos/eclipse/che/contents/selenium/che-selenium-test/src/main/java/org/eclipse/che/selenium/core/CheSeleniumSuiteModule.java?ref=05886de2698b2167b437b9b330824e9aaa8d5aa1","patch":"@@ -11,6 +11,7 @@\n package org.eclipse.che.selenium.core;\n \n import static java.lang.Boolean.parseBoolean;\n+import static java.lang.String.format;\n import static org.eclipse.che.selenium.core.utils.PlatformUtils.isMac;\n import static org.eclipse.che.selenium.core.workspace.WorkspaceTemplate.DEFAULT;\n \n@@ -41,8 +42,8 @@\n import org.eclipse.che.selenium.core.provider.TestIdeUrlProvider;\n import org.eclipse.che.selenium.core.provider.TestOfflineToAccessTokenExchangeApiEndpointUrlProvider;\n import org.eclipse.che.selenium.core.provider.TestWorkspaceAgentApiEndpointUrlProvider;\n+import org.eclipse.che.selenium.core.requestfactory.CheTestAdminHttpJsonRequestFactory;\n import org.eclipse.che.selenium.core.requestfactory.CheTestDefaultUserHttpJsonRequestFactory;\n-import org.eclipse.che.selenium.core.requestfactory.TestCheAdminHttpJsonRequestFactory;\n import org.eclipse.che.selenium.core.requestfactory.TestUserHttpJsonRequestFactory;\n import org.eclipse.che.selenium.core.requestfactory.TestUserHttpJsonRequestFactoryCreator;\n import org.eclipse.che.selenium.core.user.CheDefaultTestUser;\n@@ -62,7 +63,10 @@\n  */\n public class CheSeleniumSuiteModule extends AbstractModule {\n \n-  public static final String CHE_MULTIUSER_VARIABLE = \"CHE_MULTIUSER\";\n+  private static final String CHE_MULTIUSER_VARIABLE = \"CHE_MULTIUSER\";\n+  private static final String CHE_INFRASTRUCTURE_VARIABLE = \"CHE_INFRASTRUCTURE\";\n+  private static final String DOCKER_INFRASTRUCTURE = \"docker\";\n+  private static final String OPENSHIFT_INFRASTRUCTURE = \"openshift\";\n \n   @Override\n   public void configure() {\n@@ -101,6 +105,21 @@ public void configure() {\n     } else {\n       install(new CheSeleniumSingleUserModule());\n     }\n+\n+    String cheInfrastructure = System.getenv(CHE_INFRASTRUCTURE_VARIABLE);\n+    if (cheInfrastructure == null || cheInfrastructure.isEmpty()) {\n+      throw new RuntimeException(\n+          format(\n+              \"Che infrastructure should be defined by environment variable '%s'.\",\n+              CHE_INFRASTRUCTURE_VARIABLE));\n+    } else if (cheInfrastructure.equalsIgnoreCase(DOCKER_INFRASTRUCTURE)) {\n+      install(new CheSeleniumDockerModule());\n+    } else if (cheInfrastructure.equalsIgnoreCase(OPENSHIFT_INFRASTRUCTURE)) {\n+      install(new CheSeleniumOpenshiftModule());\n+    } else {\n+      throw new RuntimeException(\n+          format(\"Infrastructure '%s' hasn't been supported by tests.\", cheInfrastructure));\n+    }\n   }\n \n   @Provides\n@@ -118,7 +137,7 @@ public TestWorkspace getWorkspace(\n   @Named(\"admin\")\n   public TestOrganizationServiceClient getAdminOrganizationServiceClient(\n       TestApiEndpointUrlProvider apiEndpointUrlProvider,\n-      TestCheAdminHttpJsonRequestFactory requestFactory) {\n+      CheTestAdminHttpJsonRequestFactory requestFactory) {\n     return new TestOrganizationServiceClient(apiEndpointUrlProvider, requestFactory);\n   }\n "},{"sha":"0c7ea64df2497293e4df96be6863a72b7ceb6474","filename":"selenium/che-selenium-test/src/main/java/org/eclipse/che/selenium/core/provider/CheTestApiEndpointUrlProvider.java","status":"modified","additions":2,"deletions":2,"changes":4,"blob_url":"https://github.com/eclipse/che/blob/05886de2698b2167b437b9b330824e9aaa8d5aa1/selenium/che-selenium-test/src/main/java/org/eclipse/che/selenium/core/provider/CheTestApiEndpointUrlProvider.java","raw_url":"https://github.com/eclipse/che/raw/05886de2698b2167b437b9b330824e9aaa8d5aa1/selenium/che-selenium-test/src/main/java/org/eclipse/che/selenium/core/provider/CheTestApiEndpointUrlProvider.java","contents_url":"https://api.github.com/repos/eclipse/che/contents/selenium/che-selenium-test/src/main/java/org/eclipse/che/selenium/core/provider/CheTestApiEndpointUrlProvider.java?ref=05886de2698b2167b437b9b330824e9aaa8d5aa1","patch":"@@ -12,9 +12,9 @@\n \n import com.google.inject.Inject;\n import com.google.inject.Singleton;\n+import com.google.inject.name.Named;\n import java.net.URL;\n-import javax.inject.Named;\n-import org.eclipse.che.selenium.core.UrlUtil;\n+import org.eclipse.che.selenium.core.utils.UrlUtil;\n \n /** @author Anatolii Bazko */\n @Singleton"},{"sha":"aa7d6e8937cc5972c8a5868481391d39dfe2e637","filename":"selenium/che-selenium-test/src/main/java/org/eclipse/che/selenium/core/provider/CheTestDashboardUrlProvider.java","status":"modified","additions":1,"deletions":1,"changes":2,"blob_url":"https://github.com/eclipse/che/blob/05886de2698b2167b437b9b330824e9aaa8d5aa1/selenium/che-selenium-test/src/main/java/org/eclipse/che/selenium/core/provider/CheTestDashboardUrlProvider.java","raw_url":"https://github.com/eclipse/che/raw/05886de2698b2167b437b9b330824e9aaa8d5aa1/selenium/che-selenium-test/src/main/java/org/eclipse/che/selenium/core/provider/CheTestDashboardUrlProvider.java","contents_url":"https://api.github.com/repos/eclipse/che/contents/selenium/che-selenium-test/src/main/java/org/eclipse/che/selenium/core/provider/CheTestDashboardUrlProvider.java?ref=05886de2698b2167b437b9b330824e9aaa8d5aa1","patch":"@@ -14,7 +14,7 @@\n import com.google.inject.Singleton;\n import java.net.URL;\n import javax.inject.Named;\n-import org.eclipse.che.selenium.core.UrlUtil;\n+import org.eclipse.che.selenium.core.utils.UrlUtil;\n \n /** @author Anatolii Bazko */\n @Singleton"},{"sha":"edbfaf7250af57902e23ff021b653fd6fcaad1d2","filename":"selenium/che-selenium-test/src/main/java/org/eclipse/che/selenium/core/provider/CheTestIdeUrlProvider.java","status":"modified","additions":1,"deletions":1,"changes":2,"blob_url":"https://github.com/eclipse/che/blob/05886de2698b2167b437b9b330824e9aaa8d5aa1/selenium/che-selenium-test/src/main/java/org/eclipse/che/selenium/core/provider/CheTestIdeUrlProvider.java","raw_url":"https://github.com/eclipse/che/raw/05886de2698b2167b437b9b330824e9aaa8d5aa1/selenium/che-selenium-test/src/main/java/org/eclipse/che/selenium/core/provider/CheTestIdeUrlProvider.java","contents_url":"https://api.github.com/repos/eclipse/che/contents/selenium/che-selenium-test/src/main/java/org/eclipse/che/selenium/core/provider/CheTestIdeUrlProvider.java?ref=05886de2698b2167b437b9b330824e9aaa8d5aa1","patch":"@@ -14,7 +14,7 @@\n import com.google.inject.Singleton;\n import java.net.URL;\n import javax.inject.Named;\n-import org.eclipse.che.selenium.core.UrlUtil;\n+import org.eclipse.che.selenium.core.utils.UrlUtil;\n \n /** @author Anatolii Bazko */\n @Singleton"},{"sha":"9417e8781d60db38f816e0a6e6023c15b2d3eb6d","filename":"selenium/che-selenium-test/src/main/java/org/eclipse/che/selenium/core/requestfactory/CheTestAdminHttpJsonRequestFactory.java","status":"renamed","additions":2,"deletions":2,"changes":4,"blob_url":"https://github.com/eclipse/che/blob/05886de2698b2167b437b9b330824e9aaa8d5aa1/selenium/che-selenium-test/src/main/java/org/eclipse/che/selenium/core/requestfactory/CheTestAdminHttpJsonRequestFactory.java","raw_url":"https://github.com/eclipse/che/raw/05886de2698b2167b437b9b330824e9aaa8d5aa1/selenium/che-selenium-test/src/main/java/org/eclipse/che/selenium/core/requestfactory/CheTestAdminHttpJsonRequestFactory.java","contents_url":"https://api.github.com/repos/eclipse/che/contents/selenium/che-selenium-test/src/main/java/org/eclipse/che/selenium/core/requestfactory/CheTestAdminHttpJsonRequestFactory.java?ref=05886de2698b2167b437b9b330824e9aaa8d5aa1","patch":"@@ -15,10 +15,10 @@\n import org.eclipse.che.selenium.core.client.TestAuthServiceClient;\n \n /** @author Dmytro Nochevnov */\n-public class TestCheAdminHttpJsonRequestFactory extends TestUserHttpJsonRequestFactory {\n+public class CheTestAdminHttpJsonRequestFactory extends TestUserHttpJsonRequestFactory {\n \n   @Inject\n-  public TestCheAdminHttpJsonRequestFactory(\n+  public CheTestAdminHttpJsonRequestFactory(\n       TestAuthServiceClient authServiceClient,\n       @Named(\"che.admin.name\") String adminName,\n       @Named(\"che.admin.password\") String adminPassword,","previous_filename":"selenium/che-selenium-test/src/main/java/org/eclipse/che/selenium/core/requestfactory/TestCheAdminHttpJsonRequestFactory.java"},{"sha":"b3fac6689ecddab931c91355f822d7fac7ea1afd","filename":"selenium/che-selenium-test/src/main/java/org/eclipse/che/selenium/core/workspace/CheTestDockerWorkspaceLogsReader.java","status":"added","additions":56,"deletions":0,"changes":56,"blob_url":"https://github.com/eclipse/che/blob/05886de2698b2167b437b9b330824e9aaa8d5aa1/selenium/che-selenium-test/src/main/java/org/eclipse/che/selenium/core/workspace/CheTestDockerWorkspaceLogsReader.java","raw_url":"https://github.com/eclipse/che/raw/05886de2698b2167b437b9b330824e9aaa8d5aa1/selenium/che-selenium-test/src/main/java/org/eclipse/che/selenium/core/workspace/CheTestDockerWorkspaceLogsReader.java","contents_url":"https://api.github.com/repos/eclipse/che/contents/selenium/che-selenium-test/src/main/java/org/eclipse/che/selenium/core/workspace/CheTestDockerWorkspaceLogsReader.java?ref=05886de2698b2167b437b9b330824e9aaa8d5aa1","patch":"@@ -0,0 +1,56 @@\n+/*\n+ * Copyright (c) 2012-2018 Red Hat, Inc.\n+ * All rights reserved. This program and the accompanying materials\n+ * are made available under the terms of the Eclipse Public License v1.0\n+ * which accompanies this distribution, and is available at\n+ * http://www.eclipse.org/legal/epl-v10.html\n+ *\n+ * Contributors:\n+ *   Red Hat, Inc. - initial API and implementation\n+ */\n+package org.eclipse.che.selenium.core.workspace;\n+\n+import static java.lang.String.format;\n+import static org.eclipse.che.selenium.core.workspace.TestWorkspaceLogsReader.LogInfo.create;\n+\n+import com.google.common.collect.ImmutableList;\n+import com.google.inject.Inject;\n+import java.nio.file.Path;\n+import java.nio.file.Paths;\n+import java.util.List;\n+import javax.inject.Singleton;\n+import org.eclipse.che.selenium.core.utils.DockerUtil;\n+\n+/** @author Dmytro Nochevnov */\n+@Singleton\n+public class CheTestDockerWorkspaceLogsReader extends TestWorkspaceLogsReader {\n+\n+  @Inject private DockerUtil dockerUtil;\n+\n+  private final List<LogInfo> logInfos =\n+      ImmutableList.of(\n+          create(\"ws-agent\", Paths.get(\"/home/user/che/ws-agent/logs\")),\n+          create(\"exec-agent\", Paths.get(\"/home/user/che/exec-agent/logs\")),\n+          create(\"tomcat\", Paths.get(\"/home/user/tomcat8/logs\")),\n+          create(\"apache\", Paths.get(\"/var/log/apache2\")),\n+          create(\"traefik\", Paths.get(\"/home/user/che/traefik/log.txt\")));\n+\n+  @Override\n+  String getReadLogsCommand(\n+      String workspaceId, Path testLogsDirectory, Path logLocationInsideWorkspace) {\n+    return format(\n+        \"if [[ $(docker exec -i $(docker ps -q -f name=%1$s) bash -c '[ -d %2$s ] && echo true || echo false') == true ]]; then \"\n+            + \"docker cp $(docker ps -q -f name=%1$s | head -1):%2$s %3$s; fi\",\n+        workspaceId, logLocationInsideWorkspace, testLogsDirectory);\n+  }\n+\n+  @Override\n+  List<LogInfo> getLogInfos() {\n+    return logInfos;\n+  }\n+\n+  @Override\n+  boolean canWorkspaceLogsBeRead() {\n+    return dockerUtil.isCheRunLocally();\n+  }\n+}"},{"sha":"b9c5b69bf0856f461c8c1810c0eb6b6f46f4552c","filename":"selenium/che-selenium-test/src/main/java/org/eclipse/che/selenium/core/workspace/CheTestOpenshiftWorkspaceLogsReader.java","status":"added","additions":47,"deletions":0,"changes":47,"blob_url":"https://github.com/eclipse/che/blob/05886de2698b2167b437b9b330824e9aaa8d5aa1/selenium/che-selenium-test/src/main/java/org/eclipse/che/selenium/core/workspace/CheTestOpenshiftWorkspaceLogsReader.java","raw_url":"https://github.com/eclipse/che/raw/05886de2698b2167b437b9b330824e9aaa8d5aa1/selenium/che-selenium-test/src/main/java/org/eclipse/che/selenium/core/workspace/CheTestOpenshiftWorkspaceLogsReader.java","contents_url":"https://api.github.com/repos/eclipse/che/contents/selenium/che-selenium-test/src/main/java/org/eclipse/che/selenium/core/workspace/CheTestOpenshiftWorkspaceLogsReader.java?ref=05886de2698b2167b437b9b330824e9aaa8d5aa1","patch":"@@ -0,0 +1,47 @@\n+/*\n+ * Copyright (c) 2012-2018 Red Hat, Inc.\n+ * All rights reserved. This program and the accompanying materials\n+ * are made available under the terms of the Eclipse Public License v1.0\n+ * which accompanies this distribution, and is available at\n+ * http://www.eclipse.org/legal/epl-v10.html\n+ *\n+ * Contributors:\n+ *   Red Hat, Inc. - initial API and implementation\n+ */\n+package org.eclipse.che.selenium.core.workspace;\n+\n+import static java.lang.String.format;\n+import static org.eclipse.che.selenium.core.workspace.TestWorkspaceLogsReader.LogInfo.create;\n+\n+import com.google.common.collect.ImmutableList;\n+import java.nio.file.Path;\n+import java.nio.file.Paths;\n+import java.util.List;\n+\n+/** @author Dmytro Nochevnov */\n+public class CheTestOpenshiftWorkspaceLogsReader extends TestWorkspaceLogsReader {\n+\n+  private final List<LogInfo> logInfos =\n+      ImmutableList.of(\n+          create(\"bootstrapper\", Paths.get(\"/workspace_logs/bootstrapper\")),\n+          create(\"exec-agent\", Paths.get(\"/workspace_logs/exec-agent\")),\n+          create(\"ws-agent\", Paths.get(\"/workspace_logs/ws-agent\")));\n+\n+  @Override\n+  String getReadLogsCommand(\n+      String workspaceId, Path testLogsDirectory, Path logLocationInsideWorkspace) {\n+    return format(\n+        \"docker cp $(docker ps -q -f name=k8s_container_%s | head -1):%s %s\",\n+        workspaceId, logLocationInsideWorkspace, testLogsDirectory);\n+  }\n+\n+  @Override\n+  List<LogInfo> getLogInfos() {\n+    return logInfos;\n+  }\n+\n+  @Override\n+  boolean canWorkspaceLogsBeRead() {\n+    return true;\n+  }\n+}"},{"sha":"2b056486cd74319451c394598d2fd714c79d4248","filename":"selenium/che-selenium-test/src/main/java/org/eclipse/che/selenium/pageobject/dashboard/account/KeycloakHeaderButtons.java","status":"modified","additions":1,"deletions":1,"changes":2,"blob_url":"https://github.com/eclipse/che/blob/05886de2698b2167b437b9b330824e9aaa8d5aa1/selenium/che-selenium-test/src/main/java/org/eclipse/che/selenium/pageobject/dashboard/account/KeycloakHeaderButtons.java","raw_url":"https://github.com/eclipse/che/raw/05886de2698b2167b437b9b330824e9aaa8d5aa1/selenium/che-selenium-test/src/main/java/org/eclipse/che/selenium/pageobject/dashboard/account/KeycloakHeaderButtons.java","contents_url":"https://api.github.com/repos/eclipse/che/contents/selenium/che-selenium-test/src/main/java/org/eclipse/che/selenium/pageobject/dashboard/account/KeycloakHeaderButtons.java?ref=05886de2698b2167b437b9b330824e9aaa8d5aa1","patch":"@@ -31,7 +31,7 @@\n \n     private static final String BUTTON_XPATH_TEMPLATE = \"//div[@id='tabs-menu']//a[text()='%s']\";\n \n-    private String text;\n+    private final String text;\n \n     Button(String text) {\n       this.text = text;"},{"sha":"c539382aae4c6cfa0b4e88713093ebc8612db1ab","filename":"selenium/che-selenium-test/src/test/resources/conf/selenium.properties","status":"modified","additions":4,"deletions":2,"changes":6,"blob_url":"https://github.com/eclipse/che/blob/05886de2698b2167b437b9b330824e9aaa8d5aa1/selenium/che-selenium-test/src/test/resources/conf/selenium.properties","raw_url":"https://github.com/eclipse/che/raw/05886de2698b2167b437b9b330824e9aaa8d5aa1/selenium/che-selenium-test/src/test/resources/conf/selenium.properties","contents_url":"https://api.github.com/repos/eclipse/che/contents/selenium/che-selenium-test/src/test/resources/conf/selenium.properties?ref=05886de2698b2167b437b9b330824e9aaa8d5aa1","patch":"@@ -9,8 +9,10 @@\n #   Red Hat, Inc. - initial API and implementation\n #\n \n-# Directory to store screenshot of failed tests\n-tests.screenshot_dir=target/screenshots\n+# Directory to store test resources\n+tests.screenshots_dir=target/screenshots\n+tests.htmldumps_dir=target/htmldumps\n+tests.workspacelogs_dir=target/workspace-logs\n \n # Workspace default size\n workspace.default_memory_gb=2"}]}
