{"sha":"0591fb80ce6e70685261f1b42660fa1b53eba29d","node_id":"MDY6Q29tbWl0MzI5MzU3NDU6MDU5MWZiODBjZTZlNzA2ODUyNjFmMWI0MjY2MGZhMWI1M2ViYTI5ZA==","commit":{"author":{"name":"Oleksandr Garagatyi","email":"ogaragat@redhat.com","date":"2018-05-21T10:40:48Z"},"committer":{"name":"Oleksandr Garagatyi","email":"ogaragat@redhat.com","date":"2018-06-04T12:02:05Z"},"message":"Remove useless throwing declaration\n\nSigned-off-by: Oleksandr Garagatyi <ogaragat@redhat.com>","tree":{"sha":"8340b626fa604a3d2fe6fe109d0813cd3066cd8e","url":"https://api.github.com/repos/eclipse/che/git/trees/8340b626fa604a3d2fe6fe109d0813cd3066cd8e"},"url":"https://api.github.com/repos/eclipse/che/git/commits/0591fb80ce6e70685261f1b42660fa1b53eba29d","comment_count":0,"verification":{"verified":false,"reason":"unsigned","signature":null,"payload":null}},"url":"https://api.github.com/repos/eclipse/che/commits/0591fb80ce6e70685261f1b42660fa1b53eba29d","html_url":"https://github.com/eclipse/che/commit/0591fb80ce6e70685261f1b42660fa1b53eba29d","comments_url":"https://api.github.com/repos/eclipse/che/commits/0591fb80ce6e70685261f1b42660fa1b53eba29d/comments","author":{"login":"garagatyi","id":1851863,"node_id":"MDQ6VXNlcjE4NTE4NjM=","avatar_url":"https://avatars0.githubusercontent.com/u/1851863?v=4","gravatar_id":"","url":"https://api.github.com/users/garagatyi","html_url":"https://github.com/garagatyi","followers_url":"https://api.github.com/users/garagatyi/followers","following_url":"https://api.github.com/users/garagatyi/following{/other_user}","gists_url":"https://api.github.com/users/garagatyi/gists{/gist_id}","starred_url":"https://api.github.com/users/garagatyi/starred{/owner}{/repo}","subscriptions_url":"https://api.github.com/users/garagatyi/subscriptions","organizations_url":"https://api.github.com/users/garagatyi/orgs","repos_url":"https://api.github.com/users/garagatyi/repos","events_url":"https://api.github.com/users/garagatyi/events{/privacy}","received_events_url":"https://api.github.com/users/garagatyi/received_events","type":"User","site_admin":false},"committer":{"login":"garagatyi","id":1851863,"node_id":"MDQ6VXNlcjE4NTE4NjM=","avatar_url":"https://avatars0.githubusercontent.com/u/1851863?v=4","gravatar_id":"","url":"https://api.github.com/users/garagatyi","html_url":"https://github.com/garagatyi","followers_url":"https://api.github.com/users/garagatyi/followers","following_url":"https://api.github.com/users/garagatyi/following{/other_user}","gists_url":"https://api.github.com/users/garagatyi/gists{/gist_id}","starred_url":"https://api.github.com/users/garagatyi/starred{/owner}{/repo}","subscriptions_url":"https://api.github.com/users/garagatyi/subscriptions","organizations_url":"https://api.github.com/users/garagatyi/orgs","repos_url":"https://api.github.com/users/garagatyi/repos","events_url":"https://api.github.com/users/garagatyi/events{/privacy}","received_events_url":"https://api.github.com/users/garagatyi/received_events","type":"User","site_admin":false},"parents":[{"sha":"a84b4f8b2bad3d1101a501451d54809e217f82af","url":"https://api.github.com/repos/eclipse/che/commits/a84b4f8b2bad3d1101a501451d54809e217f82af","html_url":"https://github.com/eclipse/che/commit/a84b4f8b2bad3d1101a501451d54809e217f82af"}],"stats":{"total":4,"additions":1,"deletions":3},"files":[{"sha":"b7e39423aaad67dc7bcd8808143e82e900b67b84","filename":"wsmaster/che-core-api-workspace/src/main/java/org/eclipse/che/api/workspace/server/spi/environment/InternalMachineConfig.java","status":"modified","additions":1,"deletions":3,"changes":4,"blob_url":"https://github.com/eclipse/che/blob/0591fb80ce6e70685261f1b42660fa1b53eba29d/wsmaster/che-core-api-workspace/src/main/java/org/eclipse/che/api/workspace/server/spi/environment/InternalMachineConfig.java","raw_url":"https://github.com/eclipse/che/raw/0591fb80ce6e70685261f1b42660fa1b53eba29d/wsmaster/che-core-api-workspace/src/main/java/org/eclipse/che/api/workspace/server/spi/environment/InternalMachineConfig.java","contents_url":"https://api.github.com/repos/eclipse/che/contents/wsmaster/che-core-api-workspace/src/main/java/org/eclipse/che/api/workspace/server/spi/environment/InternalMachineConfig.java?ref=0591fb80ce6e70685261f1b42660fa1b53eba29d","patch":"@@ -18,7 +18,6 @@\n import org.eclipse.che.api.core.model.workspace.config.Volume;\n import org.eclipse.che.api.installer.server.model.impl.InstallerImpl;\n import org.eclipse.che.api.installer.shared.model.Installer;\n-import org.eclipse.che.api.workspace.server.spi.InfrastructureException;\n \n /**\n  * Machine Config to use inside infrastructure.\n@@ -52,8 +51,7 @@ public InternalMachineConfig(\n       Map<String, ? extends ServerConfig> servers,\n       Map<String, String> env,\n       Map<String, String> attributes,\n-      Map<String, ? extends Volume> volumes)\n-      throws InfrastructureException {\n+      Map<String, ? extends Volume> volumes) {\n     this();\n     if (servers != null) {\n       this.servers.putAll(servers);"}]}
