{"sha":"059b2e3f4a3172b3e0a0fa858d5bd8f7a8dca3b3","commit":{"author":{"name":"Oleksandr Andriienko","email":"oandriie@redhat.com","date":"2017-12-20T08:00:59Z"},"committer":{"name":"GitHub","email":"noreply@github.com","date":"2017-12-20T08:00:59Z"},"message":"CHE-5564: Fix encoding for full text search. (#7864)\n\nSigned-off-by: Oleksandr Andriienko <oandriie@redhat.com>","tree":{"sha":"192b2321b6bd1b34ccef26f63be6058ee51b5ab1","url":"https://api.github.com/repos/eclipse/che/git/trees/192b2321b6bd1b34ccef26f63be6058ee51b5ab1"},"url":"https://api.github.com/repos/eclipse/che/git/commits/059b2e3f4a3172b3e0a0fa858d5bd8f7a8dca3b3","comment_count":0,"verification":{"verified":true,"reason":"valid","signature":"-----BEGIN PGP SIGNATURE-----\n\nwsBcBAABCAAQBQJaOhi7CRBK7hj4Ov3rIwAAdHIIAFlPMnWPR4DUmIeYlnb43do7\nvPGdmDpC2z/Jk4cfOy3IfX25uLElgrVMp32v1MiM/zZWh9cy+69WydxWZEiASv4T\n8WPncqxZXmBIvE6mKIlfbChFJ2Bw7k4TwPpuonATks8QlywNtGb8iOJ8ddVqZHjA\n+6zAh2pyFqua5NZE0yQK73+uuiLE5klQ0JzRU/wTcJxHJ3FTm7QCG6JqQ76u0IJE\nOEay9XmLz+3U5Kwy8C6jIU47TzhGEf8S+Z4GRnnUIsYZ3Uhl5h6/PhN30pBl5tVj\ne6OrrXvumlBaa8hikh6oWcDCiIoK7K0uUyguIg02IHdJqQdznsvqbp0GauACMxE=\n=7Q71\n-----END PGP SIGNATURE-----\n","payload":"tree 192b2321b6bd1b34ccef26f63be6058ee51b5ab1\nparent 3919c892f936d2de5cdbd2f5af7722c49a0afb83\nauthor Oleksandr Andriienko <oandriie@redhat.com> 1513756859 +0200\ncommitter GitHub <noreply@github.com> 1513756859 +0200\n\nCHE-5564: Fix encoding for full text search. (#7864)\n\nSigned-off-by: Oleksandr Andriienko <oandriie@redhat.com>"}},"url":"https://api.github.com/repos/eclipse/che/commits/059b2e3f4a3172b3e0a0fa858d5bd8f7a8dca3b3","html_url":"https://github.com/eclipse/che/commit/059b2e3f4a3172b3e0a0fa858d5bd8f7a8dca3b3","comments_url":"https://api.github.com/repos/eclipse/che/commits/059b2e3f4a3172b3e0a0fa858d5bd8f7a8dca3b3/comments","author":{"login":"AndrienkoAleksandr","id":6873095,"avatar_url":"https://avatars2.githubusercontent.com/u/6873095?v=4","gravatar_id":"","url":"https://api.github.com/users/AndrienkoAleksandr","html_url":"https://github.com/AndrienkoAleksandr","followers_url":"https://api.github.com/users/AndrienkoAleksandr/followers","following_url":"https://api.github.com/users/AndrienkoAleksandr/following{/other_user}","gists_url":"https://api.github.com/users/AndrienkoAleksandr/gists{/gist_id}","starred_url":"https://api.github.com/users/AndrienkoAleksandr/starred{/owner}{/repo}","subscriptions_url":"https://api.github.com/users/AndrienkoAleksandr/subscriptions","organizations_url":"https://api.github.com/users/AndrienkoAleksandr/orgs","repos_url":"https://api.github.com/users/AndrienkoAleksandr/repos","events_url":"https://api.github.com/users/AndrienkoAleksandr/events{/privacy}","received_events_url":"https://api.github.com/users/AndrienkoAleksandr/received_events","type":"User","site_admin":false},"committer":{"login":"web-flow","id":19864447,"avatar_url":"https://avatars3.githubusercontent.com/u/19864447?v=4","gravatar_id":"","url":"https://api.github.com/users/web-flow","html_url":"https://github.com/web-flow","followers_url":"https://api.github.com/users/web-flow/followers","following_url":"https://api.github.com/users/web-flow/following{/other_user}","gists_url":"https://api.github.com/users/web-flow/gists{/gist_id}","starred_url":"https://api.github.com/users/web-flow/starred{/owner}{/repo}","subscriptions_url":"https://api.github.com/users/web-flow/subscriptions","organizations_url":"https://api.github.com/users/web-flow/orgs","repos_url":"https://api.github.com/users/web-flow/repos","events_url":"https://api.github.com/users/web-flow/events{/privacy}","received_events_url":"https://api.github.com/users/web-flow/received_events","type":"User","site_admin":false},"parents":[{"sha":"3919c892f936d2de5cdbd2f5af7722c49a0afb83","url":"https://api.github.com/repos/eclipse/che/commits/3919c892f936d2de5cdbd2f5af7722c49a0afb83","html_url":"https://github.com/eclipse/che/commit/3919c892f936d2de5cdbd2f5af7722c49a0afb83"}],"stats":{"total":9,"additions":4,"deletions":5},"files":[{"sha":"8499b753a6da34e012ddd2d531719cff5e7df138","filename":"ide/che-core-ide-api/src/main/java/org/eclipse/che/ide/api/project/ProjectServiceClientImpl.java","status":"modified","additions":3,"deletions":2,"changes":5,"blob_url":"https://github.com/eclipse/che/blob/059b2e3f4a3172b3e0a0fa858d5bd8f7a8dca3b3/ide/che-core-ide-api/src/main/java/org/eclipse/che/ide/api/project/ProjectServiceClientImpl.java","raw_url":"https://github.com/eclipse/che/raw/059b2e3f4a3172b3e0a0fa858d5bd8f7a8dca3b3/ide/che-core-ide-api/src/main/java/org/eclipse/che/ide/api/project/ProjectServiceClientImpl.java","contents_url":"https://api.github.com/repos/eclipse/che/contents/ide/che-core-ide-api/src/main/java/org/eclipse/che/ide/api/project/ProjectServiceClientImpl.java?ref=059b2e3f4a3172b3e0a0fa858d5bd8f7a8dca3b3","patch":"@@ -14,6 +14,7 @@\n import static com.google.gwt.http.client.RequestBuilder.DELETE;\n import static com.google.gwt.http.client.RequestBuilder.PUT;\n import static com.google.gwt.http.client.URL.encodePathSegment;\n+import static com.google.gwt.http.client.URL.encodeQueryString;\n import static org.eclipse.che.ide.MimeType.APPLICATION_JSON;\n import static org.eclipse.che.ide.rest.HTTPHeader.ACCEPT;\n import static org.eclipse.che.ide.rest.HTTPHeader.CONTENT_TYPE;\n@@ -146,10 +147,10 @@ protected ProjectServiceClientImpl(\n \n     StringBuilder queryParameters = new StringBuilder();\n     if (expression.getName() != null && !expression.getName().isEmpty()) {\n-      queryParameters.append(\"&name=\").append(expression.getName());\n+      queryParameters.append(\"&name=\").append(encodeQueryString(expression.getName()));\n     }\n     if (expression.getText() != null && !expression.getText().isEmpty()) {\n-      queryParameters.append(\"&text=\").append(expression.getText());\n+      queryParameters.append(\"&text=\").append(encodeQueryString(expression.getText()));\n     }\n     if (expression.getMaxItems() == 0) {\n       expression.setMaxItems("},{"sha":"584fa13dd47e11bf73a3e959b41a3f7ca142d160","filename":"ide/che-core-ide-app/src/main/java/org/eclipse/che/ide/search/FullTextSearchPresenter.java","status":"modified","additions":1,"deletions":3,"changes":4,"blob_url":"https://github.com/eclipse/che/blob/059b2e3f4a3172b3e0a0fa858d5bd8f7a8dca3b3/ide/che-core-ide-app/src/main/java/org/eclipse/che/ide/search/FullTextSearchPresenter.java","raw_url":"https://github.com/eclipse/che/raw/059b2e3f4a3172b3e0a0fa858d5bd8f7a8dca3b3/ide/che-core-ide-app/src/main/java/org/eclipse/che/ide/search/FullTextSearchPresenter.java","contents_url":"https://api.github.com/repos/eclipse/che/contents/ide/che-core-ide-app/src/main/java/org/eclipse/che/ide/search/FullTextSearchPresenter.java?ref=059b2e3f4a3172b3e0a0fa858d5bd8f7a8dca3b3","patch":"@@ -31,7 +31,6 @@\n public class FullTextSearchPresenter implements FullTextSearchView.ActionDelegate {\n   public static final int SEARCH_RESULT_ITEMS = 30;\n \n-  private static final String URL_ENCODED_BACKSLASH = \"%5C\";\n   private static final String AND_OPERATOR = \"AND\";\n \n   private final FullTextSearchView view;\n@@ -93,7 +92,6 @@ public void search(final String text) {\n   private String prepareQuery(String text) {\n     StringBuilder sb = new StringBuilder();\n     for (char character : text.toCharArray()) {\n-      // Escape those characters that QueryParser expects to be escaped\n       if (character == '\\\\'\n           || character == '+'\n           || character == '-'\n@@ -113,7 +111,7 @@ private String prepareQuery(String text) {\n           || character == '|'\n           || character == '&'\n           || character == '/') {\n-        sb.append(URL_ENCODED_BACKSLASH);\n+        sb.append(\"\\\\\");\n       }\n       sb.append(character);\n     }"}]}
