{"sha":"05f5921aadd25fb067c244933a99ad665f5b80ea","commit":{"author":{"name":"Roman Iuvshyn","email":"riuvshyn@redhat.com","date":"2017-09-05T07:34:14Z"},"committer":{"name":"GitHub","email":"noreply@github.com","date":"2017-09-05T07:34:14Z"},"message":"CLI tests, exit if any test failed to prevent pushing images (#6131)\n\nSigned-off-by: Roman Iuvshyn <riuvshyn@redhat.com>","tree":{"sha":"fce4d4750dca57bc3fdfe690461e18a11cd133db","url":"https://api.github.com/repos/eclipse/che/git/trees/fce4d4750dca57bc3fdfe690461e18a11cd133db"},"url":"https://api.github.com/repos/eclipse/che/git/commits/05f5921aadd25fb067c244933a99ad665f5b80ea","comment_count":0,"verification":{"verified":false,"reason":"unsigned","signature":null,"payload":null}},"url":"https://api.github.com/repos/eclipse/che/commits/05f5921aadd25fb067c244933a99ad665f5b80ea","html_url":"https://github.com/eclipse/che/commit/05f5921aadd25fb067c244933a99ad665f5b80ea","comments_url":"https://api.github.com/repos/eclipse/che/commits/05f5921aadd25fb067c244933a99ad665f5b80ea/comments","author":{"login":"riuvshin","id":1636732,"avatar_url":"https://avatars2.githubusercontent.com/u/1636732?v=4","gravatar_id":"","url":"https://api.github.com/users/riuvshin","html_url":"https://github.com/riuvshin","followers_url":"https://api.github.com/users/riuvshin/followers","following_url":"https://api.github.com/users/riuvshin/following{/other_user}","gists_url":"https://api.github.com/users/riuvshin/gists{/gist_id}","starred_url":"https://api.github.com/users/riuvshin/starred{/owner}{/repo}","subscriptions_url":"https://api.github.com/users/riuvshin/subscriptions","organizations_url":"https://api.github.com/users/riuvshin/orgs","repos_url":"https://api.github.com/users/riuvshin/repos","events_url":"https://api.github.com/users/riuvshin/events{/privacy}","received_events_url":"https://api.github.com/users/riuvshin/received_events","type":"User","site_admin":false},"committer":{"login":"web-flow","id":19864447,"avatar_url":"https://avatars3.githubusercontent.com/u/19864447?v=4","gravatar_id":"","url":"https://api.github.com/users/web-flow","html_url":"https://github.com/web-flow","followers_url":"https://api.github.com/users/web-flow/followers","following_url":"https://api.github.com/users/web-flow/following{/other_user}","gists_url":"https://api.github.com/users/web-flow/gists{/gist_id}","starred_url":"https://api.github.com/users/web-flow/starred{/owner}{/repo}","subscriptions_url":"https://api.github.com/users/web-flow/subscriptions","organizations_url":"https://api.github.com/users/web-flow/orgs","repos_url":"https://api.github.com/users/web-flow/repos","events_url":"https://api.github.com/users/web-flow/events{/privacy}","received_events_url":"https://api.github.com/users/web-flow/received_events","type":"User","site_admin":false},"parents":[{"sha":"2e798d6fced449a8c2b3b6c7fb69825f9b2f160a","url":"https://api.github.com/repos/eclipse/che/commits/2e798d6fced449a8c2b3b6c7fb69825f9b2f160a","html_url":"https://github.com/eclipse/che/commit/2e798d6fced449a8c2b3b6c7fb69825f9b2f160a"}],"stats":{"total":4,"additions":4,"deletions":0},"files":[{"sha":"98daf604adbaf127caa12f0eebc60c57e5da3a92","filename":"dockerfiles/cli/test.sh","status":"modified","additions":2,"deletions":0,"changes":2,"blob_url":"https://github.com/eclipse/che/blob/05f5921aadd25fb067c244933a99ad665f5b80ea/dockerfiles/cli/test.sh","raw_url":"https://github.com/eclipse/che/raw/05f5921aadd25fb067c244933a99ad665f5b80ea/dockerfiles/cli/test.sh","contents_url":"https://api.github.com/repos/eclipse/che/contents/dockerfiles/cli/test.sh?ref=05f5921aadd25fb067c244933a99ad665f5b80ea","patch":"@@ -8,6 +8,8 @@\n # Contributors:\n #   Marian Labuda - Initial Implementation\n \n+set -e\n+\n BATS_BASE_DIR=$(cd \"$(dirname \"$0\")\"/..; pwd)\n . \"${BATS_BASE_DIR}\"/build.include\n BATS_BASE_DIR=$(get_mount_path \"${BATS_BASE_DIR}\")"},{"sha":"bff7c5d3a8c35ec771b13acaf0d6c5ebdcd976e7","filename":"dockerfiles/ip/test.sh","status":"modified","additions":2,"deletions":0,"changes":2,"blob_url":"https://github.com/eclipse/che/blob/05f5921aadd25fb067c244933a99ad665f5b80ea/dockerfiles/ip/test.sh","raw_url":"https://github.com/eclipse/che/raw/05f5921aadd25fb067c244933a99ad665f5b80ea/dockerfiles/ip/test.sh","contents_url":"https://api.github.com/repos/eclipse/che/contents/dockerfiles/ip/test.sh?ref=05f5921aadd25fb067c244933a99ad665f5b80ea","patch":"@@ -9,6 +9,8 @@\n #   Florent Benoit - Initial Implementation\n #\n \n+set -e\n+\n # Name of the image to use to run the tests\n BASE_DIR=$(cd \"$(dirname \"$0\")\"/..; pwd)\n . $BASE_DIR/build.include"}]}
