{"sha":"05f555dc04f66d29bb0fca4202b5a13cda804f2b","commit":{"author":{"name":"Roman Iuvshin","email":"riuvshin@codenvy.com","date":"2016-03-03T19:31:24Z"},"committer":{"name":"Roman Iuvshin","email":"riuvshin@codenvy.com","date":"2016-03-03T19:31:24Z"},"message":"RELEASE:Set tag of parent pom","tree":{"sha":"dcc53dda7876e423d0669f3932b134349039d783","url":"https://api.github.com/repos/eclipse/che/git/trees/dcc53dda7876e423d0669f3932b134349039d783"},"url":"https://api.github.com/repos/eclipse/che/git/commits/05f555dc04f66d29bb0fca4202b5a13cda804f2b","comment_count":0,"verification":{"verified":false,"reason":"unsigned","signature":null,"payload":null}},"url":"https://api.github.com/repos/eclipse/che/commits/05f555dc04f66d29bb0fca4202b5a13cda804f2b","html_url":"https://github.com/eclipse/che/commit/05f555dc04f66d29bb0fca4202b5a13cda804f2b","comments_url":"https://api.github.com/repos/eclipse/che/commits/05f555dc04f66d29bb0fca4202b5a13cda804f2b/comments","author":{"login":"riuvshin","id":1636732,"avatar_url":"https://avatars2.githubusercontent.com/u/1636732?v=4","gravatar_id":"","url":"https://api.github.com/users/riuvshin","html_url":"https://github.com/riuvshin","followers_url":"https://api.github.com/users/riuvshin/followers","following_url":"https://api.github.com/users/riuvshin/following{/other_user}","gists_url":"https://api.github.com/users/riuvshin/gists{/gist_id}","starred_url":"https://api.github.com/users/riuvshin/starred{/owner}{/repo}","subscriptions_url":"https://api.github.com/users/riuvshin/subscriptions","organizations_url":"https://api.github.com/users/riuvshin/orgs","repos_url":"https://api.github.com/users/riuvshin/repos","events_url":"https://api.github.com/users/riuvshin/events{/privacy}","received_events_url":"https://api.github.com/users/riuvshin/received_events","type":"User","site_admin":false},"committer":{"login":"riuvshin","id":1636732,"avatar_url":"https://avatars2.githubusercontent.com/u/1636732?v=4","gravatar_id":"","url":"https://api.github.com/users/riuvshin","html_url":"https://github.com/riuvshin","followers_url":"https://api.github.com/users/riuvshin/followers","following_url":"https://api.github.com/users/riuvshin/following{/other_user}","gists_url":"https://api.github.com/users/riuvshin/gists{/gist_id}","starred_url":"https://api.github.com/users/riuvshin/starred{/owner}{/repo}","subscriptions_url":"https://api.github.com/users/riuvshin/subscriptions","organizations_url":"https://api.github.com/users/riuvshin/orgs","repos_url":"https://api.github.com/users/riuvshin/repos","events_url":"https://api.github.com/users/riuvshin/events{/privacy}","received_events_url":"https://api.github.com/users/riuvshin/received_events","type":"User","site_admin":false},"parents":[{"sha":"5056dfc46af984611f84f82ec76e160dfbef0fb0","url":"https://api.github.com/repos/eclipse/che/commits/5056dfc46af984611f84f82ec76e160dfbef0fb0","html_url":"https://github.com/eclipse/che/commit/5056dfc46af984611f84f82ec76e160dfbef0fb0"}],"stats":{"total":2,"additions":1,"deletions":1},"files":[{"sha":"51672f0616e4a016b0ae60f525737aff3d2d8858","filename":"pom.xml","status":"modified","additions":1,"deletions":1,"changes":2,"blob_url":"https://github.com/eclipse/che/blob/05f555dc04f66d29bb0fca4202b5a13cda804f2b/pom.xml","raw_url":"https://github.com/eclipse/che/raw/05f555dc04f66d29bb0fca4202b5a13cda804f2b/pom.xml","contents_url":"https://api.github.com/repos/eclipse/che/contents/pom.xml?ref=05f555dc04f66d29bb0fca4202b5a13cda804f2b","patch":"@@ -16,7 +16,7 @@\n     <parent>\n         <artifactId>maven-depmgt-pom</artifactId>\n         <groupId>org.eclipse.che.depmgt</groupId>\n-        <version>4.0.0-RC11-SNAPSHOT</version>\n+        <version>4.0.0-RC11</version>\n     </parent>\n     <groupId>org.eclipse.che</groupId>\n     <artifactId>che-parent</artifactId>"}]}
