{"sha":"0639a2dc3b37af36819878b7c82a55fd33cdc450","node_id":"MDY6Q29tbWl0MzI5MzU3NDU6MDYzOWEyZGMzYjM3YWYzNjgxOTg3OGI3YzgyYTU1ZmQzM2NkYzQ1MA==","commit":{"author":{"name":"Aleksandr Shmaraiev","email":"oshmarai@redhat.com","date":"2018-05-07T06:52:13Z"},"committer":{"name":"GitHub","email":"noreply@github.com","date":"2018-05-07T06:52:13Z"},"message":"Selenium: Rework the 'RunPlainJavaProjectTest' to use the 'kohsuke Github' library (#9602)\n\n* Rework the 'RunPlainJavaProjectTest' to use the 'kohsuke Github' library\r\n* Add the 'run-plain-java-project' to the resources\r\n* Delete the 'KeepDirectotryGitImportTest' from the 'SmokeTestsSuite'\r\n* Delete the 'PushChangeNotUpdatedRepoTest' from the project as a duplicate test","tree":{"sha":"3ccc6548d6fa9bae619e7324f27c7d632a8d8e17","url":"https://api.github.com/repos/eclipse/che/git/trees/3ccc6548d6fa9bae619e7324f27c7d632a8d8e17"},"url":"https://api.github.com/repos/eclipse/che/git/commits/0639a2dc3b37af36819878b7c82a55fd33cdc450","comment_count":0,"verification":{"verified":true,"reason":"valid","signature":"-----BEGIN PGP SIGNATURE-----\n\nwsBcBAABCAAQBQJa7/edCRBK7hj4Ov3rIwAAdHIIADG9D2W34E710DUaRuNLI/kn\nnJLPLfnhjKh6arWYiUsYuGmBoHzE40/b61JqJQ7R1JLlmlknLYYvvsnsvP96YLw1\nh7Bz10IOHUYbXK0/QvFu+0RQDdjyU47zRWKsz1eoXuzljsQjzDrQroBCf1u1ia1p\nBeCjo3e+WHLsG18maLFWdL3nKhA5rS3QuNlNTAYArEFZe+uRFoQdq4/bd30Tgj5+\nrcX14BMlfvwID4UDf/AD+qqk2IrwpXxhXBKMlsy/aRCaLN/ZlsI21ZO7bTRD392G\naLGUzYbyoONnqUyktJpsMFNedhJoyEIT0QsFVJ5SO69ySkmdsLKyRb4TxDlYzjs=\n=rHPY\n-----END PGP SIGNATURE-----\n","payload":"tree 3ccc6548d6fa9bae619e7324f27c7d632a8d8e17\nparent c71b1550310c2194398a33057dce113220f5aa71\nauthor Aleksandr Shmaraiev <oshmarai@redhat.com> 1525675933 +0300\ncommitter GitHub <noreply@github.com> 1525675933 +0300\n\nSelenium: Rework the 'RunPlainJavaProjectTest' to use the 'kohsuke Github' library (#9602)\n\n* Rework the 'RunPlainJavaProjectTest' to use the 'kohsuke Github' library\r\n* Add the 'run-plain-java-project' to the resources\r\n* Delete the 'KeepDirectotryGitImportTest' from the 'SmokeTestsSuite'\r\n* Delete the 'PushChangeNotUpdatedRepoTest' from the project as a duplicate test"}},"url":"https://api.github.com/repos/eclipse/che/commits/0639a2dc3b37af36819878b7c82a55fd33cdc450","html_url":"https://github.com/eclipse/che/commit/0639a2dc3b37af36819878b7c82a55fd33cdc450","comments_url":"https://api.github.com/repos/eclipse/che/commits/0639a2dc3b37af36819878b7c82a55fd33cdc450/comments","author":{"login":"artaleks9","id":5408906,"node_id":"MDQ6VXNlcjU0MDg5MDY=","avatar_url":"https://avatars1.githubusercontent.com/u/5408906?v=4","gravatar_id":"","url":"https://api.github.com/users/artaleks9","html_url":"https://github.com/artaleks9","followers_url":"https://api.github.com/users/artaleks9/followers","following_url":"https://api.github.com/users/artaleks9/following{/other_user}","gists_url":"https://api.github.com/users/artaleks9/gists{/gist_id}","starred_url":"https://api.github.com/users/artaleks9/starred{/owner}{/repo}","subscriptions_url":"https://api.github.com/users/artaleks9/subscriptions","organizations_url":"https://api.github.com/users/artaleks9/orgs","repos_url":"https://api.github.com/users/artaleks9/repos","events_url":"https://api.github.com/users/artaleks9/events{/privacy}","received_events_url":"https://api.github.com/users/artaleks9/received_events","type":"User","site_admin":false},"committer":{"login":"web-flow","id":19864447,"node_id":"MDQ6VXNlcjE5ODY0NDQ3","avatar_url":"https://avatars3.githubusercontent.com/u/19864447?v=4","gravatar_id":"","url":"https://api.github.com/users/web-flow","html_url":"https://github.com/web-flow","followers_url":"https://api.github.com/users/web-flow/followers","following_url":"https://api.github.com/users/web-flow/following{/other_user}","gists_url":"https://api.github.com/users/web-flow/gists{/gist_id}","starred_url":"https://api.github.com/users/web-flow/starred{/owner}{/repo}","subscriptions_url":"https://api.github.com/users/web-flow/subscriptions","organizations_url":"https://api.github.com/users/web-flow/orgs","repos_url":"https://api.github.com/users/web-flow/repos","events_url":"https://api.github.com/users/web-flow/events{/privacy}","received_events_url":"https://api.github.com/users/web-flow/received_events","type":"User","site_admin":false},"parents":[{"sha":"c71b1550310c2194398a33057dce113220f5aa71","url":"https://api.github.com/repos/eclipse/che/commits/c71b1550310c2194398a33057dce113220f5aa71","html_url":"https://github.com/eclipse/che/commit/c71b1550310c2194398a33057dce113220f5aa71"}],"stats":{"total":340,"additions":75,"deletions":265},"files":[{"sha":"0c9621a459131707295e2b3994a30efc4523aa7d","filename":"selenium/che-selenium-test/src/test/java/org/eclipse/che/selenium/git/PushChangeNotUpdatedRepoTest.java","status":"removed","additions":0,"deletions":227,"changes":227,"blob_url":"https://github.com/eclipse/che/blob/c71b1550310c2194398a33057dce113220f5aa71/selenium/che-selenium-test/src/test/java/org/eclipse/che/selenium/git/PushChangeNotUpdatedRepoTest.java","raw_url":"https://github.com/eclipse/che/raw/c71b1550310c2194398a33057dce113220f5aa71/selenium/che-selenium-test/src/test/java/org/eclipse/che/selenium/git/PushChangeNotUpdatedRepoTest.java","contents_url":"https://api.github.com/repos/eclipse/che/contents/selenium/che-selenium-test/src/test/java/org/eclipse/che/selenium/git/PushChangeNotUpdatedRepoTest.java?ref=c71b1550310c2194398a33057dce113220f5aa71","patch":"@@ -1,227 +0,0 @@\n-/*\n- * Copyright (c) 2012-2018 Red Hat, Inc.\n- * All rights reserved. This program and the accompanying materials\n- * are made available under the terms of the Eclipse Public License v1.0\n- * which accompanies this distribution, and is available at\n- * http://www.eclipse.org/legal/epl-v10.html\n- *\n- * Contributors:\n- *   Red Hat, Inc. - initial API and implementation\n- */\n-package org.eclipse.che.selenium.git;\n-\n-import com.google.inject.Inject;\n-import com.google.inject.name.Named;\n-import org.eclipse.che.commons.lang.NameGenerator;\n-import org.eclipse.che.selenium.core.TestGroup;\n-import org.eclipse.che.selenium.core.client.TestGitHubKeyUploader;\n-import org.eclipse.che.selenium.core.client.TestUserPreferencesServiceClient;\n-import org.eclipse.che.selenium.core.constant.TestGitConstants;\n-import org.eclipse.che.selenium.core.constant.TestMenuCommandsConstants;\n-import org.eclipse.che.selenium.core.user.DefaultTestUser;\n-import org.eclipse.che.selenium.core.workspace.TestWorkspace;\n-import org.eclipse.che.selenium.pageobject.CodenvyEditor;\n-import org.eclipse.che.selenium.pageobject.Consoles;\n-import org.eclipse.che.selenium.pageobject.Events;\n-import org.eclipse.che.selenium.pageobject.Ide;\n-import org.eclipse.che.selenium.pageobject.ImportProjectFromLocation;\n-import org.eclipse.che.selenium.pageobject.Loader;\n-import org.eclipse.che.selenium.pageobject.Menu;\n-import org.eclipse.che.selenium.pageobject.NotificationsPopupPanel;\n-import org.eclipse.che.selenium.pageobject.ProjectExplorer;\n-import org.eclipse.che.selenium.pageobject.Wizard;\n-import org.testng.annotations.BeforeClass;\n-import org.testng.annotations.Test;\n-\n-/** @author Aleksandr Shmaraev on 06.12.15. */\n-@Test(groups = TestGroup.GITHUB)\n-public class PushChangeNotUpdatedRepoTest {\n-  private static final String PROJECT_1 = NameGenerator.generate(\"PushChangeNotUpdatedRepo1-\", 4);\n-  private static final String PROJECT_2 = NameGenerator.generate(\"PushChangeNotUpdatedRepo2-\", 4);\n-  private static final String IMPORT_SUCCESS_1 = \"Project \" + PROJECT_1 + \" imported\";\n-  private static final String IMPORT_SUCCESS_2 = \"Project \" + PROJECT_2 + \" imported\";\n-  private static final String FILE_FOR_CHANGED_1 = \"README.md\";\n-  private static final String FILE_FOR_CHANGED_2 = \"PushChangeNonUpdatedRepoTest.txt\";\n-  private static final String MESSAGE_FOR_CHANGE = \"//some change_\" + System.currentTimeMillis();\n-  private static final String COMMIT_MESSAGE_1 = \"commit-to-first-project\";\n-  private static final String COMMIT_MESSAGE_2 = \"commit-to-second-project\";\n-  private static final String PUSH_MSG = \"Pushed to origin\";\n-\n-  @Inject private TestWorkspace ws;\n-  @Inject private Ide ide;\n-  @Inject private DefaultTestUser productUser;\n-\n-  @Inject\n-  @Named(\"github.username\")\n-  private String gitHubUsername;\n-\n-  @Inject\n-  @Named(\"github.password\")\n-  private String gitHubPassword;\n-\n-  @Inject private ProjectExplorer projectExplorer;\n-  @Inject private Menu menu;\n-  @Inject private org.eclipse.che.selenium.pageobject.git.Git git;\n-  @Inject private Events events;\n-  @Inject private Loader loader;\n-  @Inject private CodenvyEditor editor;\n-  @Inject private Consoles consoles;\n-  @Inject private NotificationsPopupPanel notifications;\n-  @Inject private Wizard projectWizard;\n-  @Inject private ImportProjectFromLocation importProject;\n-  @Inject private TestGitHubKeyUploader testGitHubKeyUploader;\n-  @Inject private TestUserPreferencesServiceClient testUserPreferencesServiceClient;\n-\n-  @BeforeClass\n-  public void prepare() throws Exception {\n-    testGitHubKeyUploader.updateGithubKey();\n-    testUserPreferencesServiceClient.addGitCommitter(gitHubUsername, productUser.getEmail());\n-    ide.open(ws);\n-  }\n-\n-  @Test\n-  public void pushNoneUpdateTest() {\n-    // step 0 preconditions clone 2 repositories in 2 projects, add ssh keys for remote operations\n-    projectExplorer.waitProjectExplorer();\n-    String cloneUri = \"git@github.com:\" + gitHubUsername + \"/testRepository.git\";\n-    cloneProject(PROJECT_1, cloneUri);\n-    events.clickEventLogBtn();\n-    events.waitExpectedMessage(IMPORT_SUCCESS_1);\n-    cloneProject(PROJECT_2, cloneUri);\n-    events.waitExpectedMessage(IMPORT_SUCCESS_2);\n-    projectExplorer.waitProjectExplorer();\n-    loader.waitOnClosed();\n-\n-    // step 1 open project change some file commit and push\n-    projectExplorer.openItemByPath(PROJECT_1);\n-    projectExplorer.openItemByPath(PROJECT_1 + \"/\" + FILE_FOR_CHANGED_1);\n-    loader.waitOnClosed();\n-    editor.selectLineAndDelete();\n-    editor.waitEditorIsEmpty();\n-    editor.waitActive();\n-    editor.typeTextIntoEditor(MESSAGE_FOR_CHANGE);\n-    editor.waitTabFileWithSavedStatus(FILE_FOR_CHANGED_1);\n-    editor.closeFileByNameWithSaving(FILE_FOR_CHANGED_1);\n-    addToIndexAndCommitAll(COMMIT_MESSAGE_1, PROJECT_1);\n-    projectExplorer.waitProjectExplorer();\n-    menu.runCommand(\n-        TestMenuCommandsConstants.Git.GIT,\n-        TestMenuCommandsConstants.Git.Remotes.REMOTES_TOP,\n-        TestMenuCommandsConstants.Git.Remotes.PUSH);\n-    loader.waitOnClosed();\n-    git.waitPushFormToOpen();\n-    git.clickPush();\n-    git.waitPushFormToClose();\n-    loader.waitOnClosed();\n-    notifications.waitProgressPopupPanelClose();\n-    consoles.waitProcessInProcessConsoleTree(\"Git push\");\n-    git.waitGitStatusBarWithMess(\"Successfully pushed\");\n-    git.waitGitStatusBarWithMess(\"to git@github.com:\" + gitHubUsername + \"/testRepository.git\");\n-    events.clickEventLogBtn();\n-    events.waitExpectedMessage(PUSH_MSG);\n-    loader.waitOnClosed();\n-\n-    // step 2 open second project change another file, add to index, commit, push\n-    // check conflict, pull\n-    projectExplorer.openItemByPath(PROJECT_2);\n-\n-    // change one file in second project\n-    projectExplorer.openItemByPath(PROJECT_2 + \"/\" + FILE_FOR_CHANGED_2);\n-    projectExplorer.waitItem(PROJECT_2 + \"/\" + FILE_FOR_CHANGED_2);\n-    editor.waitActive();\n-    editor.selectLineAndDelete();\n-    editor.waitEditorIsEmpty();\n-    editor.waitActive();\n-    editor.typeTextIntoEditor(MESSAGE_FOR_CHANGE);\n-    editor.waitTabFileWithSavedStatus(FILE_FOR_CHANGED_2);\n-    editor.closeFileByNameWithSaving(FILE_FOR_CHANGED_2);\n-    addToIndexAndCommitAll(COMMIT_MESSAGE_2, PROJECT_2);\n-\n-    // step 3 get conflict message\n-    menu.runCommand(\n-        TestMenuCommandsConstants.Git.GIT,\n-        TestMenuCommandsConstants.Git.Remotes.REMOTES_TOP,\n-        TestMenuCommandsConstants.Git.Remotes.PUSH);\n-    git.waitPushFormToOpen();\n-    git.clickPush();\n-    git.waitPushFormToClose();\n-    loader.waitOnClosed();\n-    notifications.waitProgressPopupPanelClose();\n-    consoles.waitProcessInProcessConsoleTree(\"Git push\");\n-    git.waitGitStatusBarWithMess(\n-        \"failed to push 'master -> master' to 'git@github.com:\"\n-            + gitHubUsername\n-            + \"/testRepository.git'.\"\n-            + \" Try to merge remote changes using pull, and then push again.\");\n-    events.clickEventLogBtn();\n-    events.waitExpectedMessage(\"Pushed to origin\");\n-\n-    // step 4 valid pull\n-    menu.runCommand(\n-        TestMenuCommandsConstants.Git.GIT,\n-        TestMenuCommandsConstants.Git.Remotes.REMOTES_TOP,\n-        TestMenuCommandsConstants.Git.Remotes.PULL);\n-    git.waitPullFormToOpen();\n-    git.clickPull();\n-    git.waitPullFormToClose();\n-    loader.waitOnClosed();\n-\n-    git.waitGitStatusBarWithMess(\"Successfully pulled\");\n-    git.waitGitStatusBarWithMess(\"from git@github.com:\" + gitHubUsername + \"/testRepository.git\");\n-\n-    events.clickEventLogBtn();\n-    events.waitExpectedMessage(\n-        \"Pulled from git@github.com:\" + gitHubUsername + \"/testRepository.git\");\n-    events.clearAllMessages();\n-\n-    // step 5 success push\n-    menu.runCommand(\n-        TestMenuCommandsConstants.Git.GIT,\n-        TestMenuCommandsConstants.Git.Remotes.REMOTES_TOP,\n-        TestMenuCommandsConstants.Git.Remotes.PUSH);\n-    git.waitPushFormToOpen();\n-    git.clickPush();\n-    git.waitPushFormToClose();\n-    notifications.waitProgressPopupPanelClose();\n-\n-    git.waitGitStatusBarWithMess(\"Successfully pushed\");\n-    git.waitGitStatusBarWithMess(\"to git@github.com:\" + gitHubUsername + \"/testRepository.git\");\n-\n-    events.clickEventLogBtn();\n-    events.waitExpectedMessage(PUSH_MSG);\n-  }\n-\n-  private void cloneProject(String project, String cloneURI) {\n-    menu.runCommand(\n-        TestMenuCommandsConstants.Workspace.WORKSPACE,\n-        TestMenuCommandsConstants.Workspace.IMPORT_PROJECT);\n-    importProject.waitAndTypeImporterAsGitInfo(cloneURI, project);\n-    importProject.waitMainFormIsClosed();\n-    loader.waitOnClosed();\n-    projectWizard.waitCreateProjectWizardForm();\n-    projectWizard.selectTypeProject(Wizard.TypeProject.MAVEN);\n-    loader.waitOnClosed();\n-    projectWizard.clickSaveButton();\n-    loader.waitOnClosed();\n-    projectWizard.waitCreateProjectWizardFormIsClosed();\n-    projectExplorer.waitProjectExplorer();\n-    projectExplorer.waitItem(project);\n-  }\n-\n-  private void addToIndexAndCommitAll(String commitMessage, String project) {\n-    projectExplorer.waitProjectExplorer();\n-    projectExplorer.waitAndSelectItem(project);\n-    menu.runCommand(TestMenuCommandsConstants.Git.GIT, TestMenuCommandsConstants.Git.ADD_TO_INDEX);\n-    git.waitGitStatusBarWithMess(TestGitConstants.GIT_ADD_TO_INDEX_SUCCESS);\n-    events.clickEventLogBtn();\n-    events.waitExpectedMessage(TestGitConstants.GIT_ADD_TO_INDEX_SUCCESS);\n-    projectExplorer.waitAndSelectItem(project);\n-\n-    // commit\n-    menu.runCommand(TestMenuCommandsConstants.Git.GIT, TestMenuCommandsConstants.Git.COMMIT);\n-    git.waitAndRunCommit(commitMessage);\n-    git.waitGitStatusBarWithMess(TestGitConstants.COMMIT_MESSAGE_SUCCESS);\n-    events.clickEventLogBtn();\n-    events.waitExpectedMessage(TestGitConstants.COMMIT_MESSAGE_SUCCESS);\n-  }\n-}"},{"sha":"411ab09f39a006d50b6e4c6bb93bc43175c55021","filename":"selenium/che-selenium-test/src/test/java/org/eclipse/che/selenium/plainjava/RunPlainJavaProjectTest.java","status":"modified","additions":53,"deletions":36,"changes":89,"blob_url":"https://github.com/eclipse/che/blob/0639a2dc3b37af36819878b7c82a55fd33cdc450/selenium/che-selenium-test/src/test/java/org/eclipse/che/selenium/plainjava/RunPlainJavaProjectTest.java","raw_url":"https://github.com/eclipse/che/raw/0639a2dc3b37af36819878b7c82a55fd33cdc450/selenium/che-selenium-test/src/test/java/org/eclipse/che/selenium/plainjava/RunPlainJavaProjectTest.java","contents_url":"https://api.github.com/repos/eclipse/che/contents/selenium/che-selenium-test/src/test/java/org/eclipse/che/selenium/plainjava/RunPlainJavaProjectTest.java?ref=0639a2dc3b37af36819878b7c82a55fd33cdc450","patch":"@@ -24,8 +24,12 @@\n import static org.eclipse.che.selenium.pageobject.CodenvyEditor.MarkerLocator.ERROR;\n \n import com.google.inject.Inject;\n+import com.google.inject.name.Named;\n+import java.nio.file.Path;\n+import java.nio.file.Paths;\n import org.eclipse.che.commons.lang.NameGenerator;\n-import org.eclipse.che.selenium.core.constant.TestMenuCommandsConstants;\n+import org.eclipse.che.selenium.core.client.TestGitHubRepository;\n+import org.eclipse.che.selenium.core.client.TestUserPreferencesServiceClient;\n import org.eclipse.che.selenium.core.constant.TestProjectExplorerContextMenuConstants.ContextMenuFirstLevelItems;\n import org.eclipse.che.selenium.core.user.DefaultTestUser;\n import org.eclipse.che.selenium.core.workspace.TestWorkspace;\n@@ -49,7 +53,6 @@\n public class RunPlainJavaProjectTest {\n   private static final String PROJECT_NAME = NameGenerator.generate(\"RunningPlainJavaProject\", 4);\n   private static final String NEW_PACKAGE = \"base.test\";\n-  private static final String CLONE_URI = \"https://github.com/iedexmain1/plainJavaProject.git\";\n   private static final String NAME_COMMAND = \"startApp\";\n   private static final String COMMAND =\n       \"cd ${current.project.path}\\n\"\n@@ -61,6 +64,7 @@\n   @Inject private TestWorkspace ws;\n   @Inject private Ide ide;\n   @Inject private DefaultTestUser productUser;\n+  @Inject private TestGitHubRepository testRepo;\n   @Inject private ProjectExplorer projectExplorer;\n   @Inject private CodenvyEditor codenvyEditor;\n   @Inject private ConfigureClasspath configureClasspath;\n@@ -73,17 +77,28 @@\n   @Inject private Loader loader;\n   @Inject private Menu menu;\n \n+  @Inject private TestUserPreferencesServiceClient testUserPreferencesServiceClient;\n+\n+  @Inject\n+  @Named(\"github.username\")\n+  private String gitHubUsername;\n+\n   @BeforeClass\n   public void prepare() throws Exception {\n+    testUserPreferencesServiceClient.addGitCommitter(gitHubUsername, productUser.getEmail());\n+\n+    Path entryPath =\n+        Paths.get(getClass().getResource(\"/projects/run-plain-java-project\").getPath());\n+    testRepo.addContent(entryPath);\n+\n     ide.open(ws);\n   }\n \n   @Test\n   public void checkRunPlainJavaProject() {\n     // import the project and configure\n     projectExplorer.waitProjectExplorer();\n-    importPlainJavaApp(CLONE_URI, PROJECT_NAME, Wizard.TypeProject.PLAIN_JAVA);\n-    loader.waitOnClosed();\n+    importPlainJavaApp(testRepo.getHtmlUrl(), PROJECT_NAME, Wizard.TypeProject.PLAIN_JAVA);\n \n     // check library into configure classpath form\n     projectExplorer.quickExpandWithJavaScript();\n@@ -95,55 +110,43 @@ public void checkRunPlainJavaProject() {\n         \"mockito-all-1.10.19.jar - /projects/\" + PROJECT_NAME + \"/store\");\n     configureClasspath.closeConfigureClasspathFormByIcon();\n \n-    // expand the project and use library\n+    // create the instance of the library\n     projectExplorer.openItemByPath(PROJECT_NAME + \"/src/com/company/nba/MainClass.java\");\n     codenvyEditor.waitActive();\n-    codenvyEditor.setCursorToLine(9);\n+    codenvyEditor.setCursorToLine(19);\n     codenvyEditor.typeTextIntoEditor(Keys.TAB.toString());\n     codenvyEditor.typeTextIntoEditor(\"Mockito mockito = new Mockito();\");\n     codenvyEditor.waitTextIntoEditor(\"Mockito mockito = new Mockito();\");\n-    codenvyEditor.waitMarkerInPosition(ERROR, 9);\n+    codenvyEditor.waitMarkerInPosition(ERROR, 19);\n+\n+    // check code assist\n     codenvyEditor.launchPropositionAssistPanel();\n     codenvyEditor.enterTextIntoFixErrorPropByDoubleClick(\"Import 'Mockito' (org.mockito)\");\n     codenvyEditor.waitTextIntoEditor(\"import org.mockito.Mockito;\");\n \n-    // Create new java class into new package\n-    projectExplorer.waitAndSelectItem(PROJECT_NAME + \"/src\");\n-    menu.runCommand(PROJECT, NEW, PACKAGE);\n-    askForValueDialog.waitFormToOpen();\n-    askForValueDialog.typeAndWaitText(NEW_PACKAGE);\n-    askForValueDialog.clickOkBtn();\n-    askForValueDialog.waitFormToClose();\n-    projectExplorer.waitVisibilityByName(NEW_PACKAGE);\n-    projectExplorer.waitAndSelectItem(PROJECT_NAME + \"/src/base/test\");\n-    menu.runCommand(TestMenuCommandsConstants.Project.PROJECT, NEW, JAVA_CLASS);\n-    loader.waitOnClosed();\n-    askForValueDialog.waitNewJavaClassOpen();\n-    askForValueDialog.typeTextInFieldName(\"A\");\n-    askForValueDialog.clickOkBtnNewJavaClass();\n-    askForValueDialog.waitNewJavaClassClose();\n-    projectExplorer.waitItem(PROJECT_NAME + \"/src/base/test/A.java\");\n+    createNewPackageAndJavaClass();\n+\n+    // create the instance of new Java class\n     projectExplorer.openItemByPath(PROJECT_NAME + \"/src/com/company/nba/MainClass.java\");\n     codenvyEditor.waitActive();\n-    codenvyEditor.setCursorToLine(12);\n+    codenvyEditor.setCursorToLine(22);\n     codenvyEditor.typeTextIntoEditor(Keys.TAB.toString());\n     codenvyEditor.typeTextIntoEditor(\"A a = new A();\");\n     codenvyEditor.waitTextIntoEditor(\"A a = new A();\");\n-    codenvyEditor.waitMarkerInPosition(ERROR, 12);\n+    codenvyEditor.waitMarkerInPosition(ERROR, 22);\n+\n+    // check the code assist\n     codenvyEditor.launchPropositionAssistPanel();\n     codenvyEditor.enterTextIntoFixErrorPropByDoubleClick(\"Import 'A' (base.test)\");\n     codenvyEditor.waitErrorPropositionPanelClosed();\n     codenvyEditor.waitTextIntoEditor(\"import base.test.A;\");\n \n     // open the 'Commands Explorer' and choose java command\n     projectExplorer.waitAndSelectItem(PROJECT_NAME);\n-    loader.waitOnClosed();\n     commandsExplorer.openCommandsExplorer();\n     commandsExplorer.waitCommandExplorerIsOpened();\n     commandsExplorer.clickAddCommandButton(RUN_GOAL);\n-    loader.waitOnClosed();\n     commandsExplorer.chooseCommandTypeInContextMenu(JAVA_TYPE);\n-    loader.waitOnClosed();\n     commandsExplorer.waitCommandInExplorerByName(JAVA_NAME);\n     commandsEditor.waitActive();\n     commandsEditor.waitTabFileWithSavedStatus(JAVA_NAME);\n@@ -161,7 +164,6 @@ public void checkRunPlainJavaProject() {\n \n     // check not starting application\n     commandsEditor.clickOnRunButton();\n-    loader.waitOnClosed();\n     consoles.waitExpectedTextIntoConsole(CONSOLE_MESS);\n \n     // add the folder 'bin'\n@@ -175,29 +177,25 @@ public void checkRunPlainJavaProject() {\n     askForValueDialog.waitFormToOpen();\n     askForValueDialog.typeAndWaitText(\"bin\");\n     askForValueDialog.clickOkBtn();\n-    loader.waitOnClosed();\n     projectExplorer.waitItem(PROJECT_NAME + \"/bin\");\n \n     // check starting application\n     commandsEditor.selectTabByName(NAME_COMMAND);\n     commandsEditor.waitActiveTabFileName(NAME_COMMAND);\n     commandsEditor.clickOnRunButton();\n-    loader.waitOnClosed();\n     consoles.waitExpectedTextIntoConsole(\"I love this game!\");\n \n-    // check the 'bin' folder that contains compiling classes\n+    // check the 'bin' folder contains compiling classes\n     projectExplorer.quickExpandWithJavaScript();\n     projectExplorer.waitItem(PROJECT_NAME + \"/bin/com/company/nba/MainClass.class\");\n     projectExplorer.waitItem(PROJECT_NAME + \"/bin/base/test/A.class\");\n   }\n \n   private void importPlainJavaApp(String url, String nameApp, String typeProject) {\n-    loader.waitOnClosed();\n     menu.runCommand(WORKSPACE, IMPORT_PROJECT);\n     importFromLocation.waitAndTypeImporterAsGitInfo(url, nameApp);\n     projectWizard.waitCreateProjectWizardForm();\n     projectWizard.selectTypeProject(typeProject);\n-    loader.waitOnClosed();\n     projectWizard.clickNextButton();\n \n     // set source folder\n@@ -218,9 +216,28 @@ private void importPlainJavaApp(String url, String nameApp, String typeProject)\n     configureClasspath.clickOkBtnSelectPathForm();\n     projectWizard.waitExpTextInSourceFolder(\"store\", Wizard.TypeFolder.LIBRARY_FOLDER);\n     projectWizard.clickSaveButton();\n-    loader.waitOnClosed();\n     projectWizard.waitCloseProjectConfigForm();\n     projectExplorer.waitVisibilityByName(nameApp);\n-    loader.waitOnClosed();\n+  }\n+\n+  private void createNewPackageAndJavaClass() {\n+    projectExplorer.waitAndSelectItem(PROJECT_NAME + \"/src\");\n+\n+    // create new package\n+    menu.runCommand(PROJECT, NEW, PACKAGE);\n+    askForValueDialog.waitFormToOpen();\n+    askForValueDialog.typeAndWaitText(NEW_PACKAGE);\n+    askForValueDialog.clickOkBtn();\n+    askForValueDialog.waitFormToClose();\n+    projectExplorer.waitVisibilityByName(NEW_PACKAGE);\n+    projectExplorer.waitAndSelectItem(PROJECT_NAME + \"/src/base/test\");\n+\n+    // create new java file\n+    menu.runCommand(PROJECT, NEW, JAVA_CLASS);\n+    askForValueDialog.waitNewJavaClassOpen();\n+    askForValueDialog.typeTextInFieldName(\"A\");\n+    askForValueDialog.clickOkBtnNewJavaClass();\n+    askForValueDialog.waitNewJavaClassClose();\n+    projectExplorer.waitItem(PROJECT_NAME + \"/src/base/test/A.java\");\n   }\n }"},{"sha":"9f89864d0739514b96ace547183ce2b90a6fe9cd","filename":"selenium/che-selenium-test/src/test/resources/projects/run-plain-java-project/src/com/company/nba/MainClass.java","status":"added","additions":22,"deletions":0,"changes":22,"blob_url":"https://github.com/eclipse/che/blob/0639a2dc3b37af36819878b7c82a55fd33cdc450/selenium/che-selenium-test/src/test/resources/projects/run-plain-java-project/src/com/company/nba/MainClass.java","raw_url":"https://github.com/eclipse/che/raw/0639a2dc3b37af36819878b7c82a55fd33cdc450/selenium/che-selenium-test/src/test/resources/projects/run-plain-java-project/src/com/company/nba/MainClass.java","contents_url":"https://api.github.com/repos/eclipse/che/contents/selenium/che-selenium-test/src/test/resources/projects/run-plain-java-project/src/com/company/nba/MainClass.java?ref=0639a2dc3b37af36819878b7c82a55fd33cdc450","patch":"@@ -0,0 +1,22 @@\n+/*\n+ * Copyright (c) 2012-2018 Red Hat, Inc.\n+ * All rights reserved. This program and the accompanying materials\n+ * are made available under the terms of the Eclipse Public License v1.0\n+ * which accompanies this distribution, and is available at\n+ * http://www.eclipse.org/legal/epl-v10.html\n+ *\n+ * Contributors:\n+ *   Red Hat, Inc. - initial API and implementation\n+ */\n+package com.company.nba;\n+\n+public class MainClass {\n+\n+    public static void main(String[] args) {\n+\t// write your code here\n+\tString string = \"I love this game!\";\n+\tSystem.out.println(string);\n+\t\n+\t\n+    }\n+}"},{"sha":"c831489cd99ab87d95dd7a11f153ab318c5c0e6c","filename":"selenium/che-selenium-test/src/test/resources/projects/run-plain-java-project/store/mockito-all-1.10.19.jar","status":"added","additions":0,"deletions":0,"changes":0,"blob_url":"https://github.com/eclipse/che/blob/0639a2dc3b37af36819878b7c82a55fd33cdc450/selenium/che-selenium-test/src/test/resources/projects/run-plain-java-project/store/mockito-all-1.10.19.jar","raw_url":"https://github.com/eclipse/che/raw/0639a2dc3b37af36819878b7c82a55fd33cdc450/selenium/che-selenium-test/src/test/resources/projects/run-plain-java-project/store/mockito-all-1.10.19.jar","contents_url":"https://api.github.com/repos/eclipse/che/contents/selenium/che-selenium-test/src/test/resources/projects/run-plain-java-project/store/mockito-all-1.10.19.jar?ref=0639a2dc3b37af36819878b7c82a55fd33cdc450"},{"sha":"429b7220315edaed10164cca72064314dfaf9206","filename":"selenium/che-selenium-test/src/test/resources/suites/CheOneThreadTestsSuite.xml","status":"modified","additions":0,"deletions":1,"changes":1,"blob_url":"https://github.com/eclipse/che/blob/0639a2dc3b37af36819878b7c82a55fd33cdc450/selenium/che-selenium-test/src/test/resources/suites/CheOneThreadTestsSuite.xml","raw_url":"https://github.com/eclipse/che/raw/0639a2dc3b37af36819878b7c82a55fd33cdc450/selenium/che-selenium-test/src/test/resources/suites/CheOneThreadTestsSuite.xml","contents_url":"https://api.github.com/repos/eclipse/che/contents/selenium/che-selenium-test/src/test/resources/suites/CheOneThreadTestsSuite.xml?ref=0639a2dc3b37af36819878b7c82a55fd33cdc450","patch":"@@ -52,7 +52,6 @@\n             <class name=\"org.eclipse.che.selenium.git.CheckoutToRemoteBranchTest\"/>\n             <class name=\"org.eclipse.che.selenium.git.PullRequestPluginTest\"/>\n             <class name=\"org.eclipse.che.selenium.git.PullRequestPluginWithForkTest\"/>\n-            <class name=\"org.eclipse.che.selenium.git.PushChangeNotUpdatedRepoTest\"/>\n             <class name=\"org.eclipse.che.selenium.git.PushingChangesTest\"/>\n             <class name=\"org.eclipse.che.selenium.dashboard.ImportProjectFromGitHubTest\"/>\n             <class name=\"org.eclipse.che.selenium.factory.DirectUrlFactoryWithKeepDirectoryTest\"/>"},{"sha":"49068a80f31cc9057616aa0bdc4a81c111688aea","filename":"selenium/che-selenium-test/src/test/resources/suites/SmokeTestsSuite.xml","status":"modified","additions":0,"deletions":1,"changes":1,"blob_url":"https://github.com/eclipse/che/blob/0639a2dc3b37af36819878b7c82a55fd33cdc450/selenium/che-selenium-test/src/test/resources/suites/SmokeTestsSuite.xml","raw_url":"https://github.com/eclipse/che/raw/0639a2dc3b37af36819878b7c82a55fd33cdc450/selenium/che-selenium-test/src/test/resources/suites/SmokeTestsSuite.xml","contents_url":"https://api.github.com/repos/eclipse/che/contents/selenium/che-selenium-test/src/test/resources/suites/SmokeTestsSuite.xml?ref=0639a2dc3b37af36819878b7c82a55fd33cdc450","patch":"@@ -28,7 +28,6 @@\n             <class name=\"org.eclipse.che.selenium.editor.autocomplete.OpenDeclarationTest\"/>\n             <class name=\"org.eclipse.che.selenium.git.CommitFilesByMultiSelectTest\"/>\n             <class name=\"org.eclipse.che.selenium.git.PushingChangesTest\"/>\n-            <class name=\"org.eclipse.che.selenium.git.KeepDirectoryGitImportTest\"/>\n             <class name=\"org.eclipse.che.selenium.miscellaneous.FileStructureBaseOperationTest\"/>\n             <class name=\"org.eclipse.che.selenium.miscellaneous.FindUsagesBaseOperationTest\"/>\n             <class name=\"org.eclipse.che.selenium.miscellaneous.NavigateToFileTest\"/>"}]}
