{"sha":"063dd63550598ee2e40c8f5711f78f266d103350","commit":{"author":{"name":"Artem Zatsarynnyi","email":"azatsarynnyy@codenvy.com","date":"2016-05-23T13:52:51Z"},"committer":{"name":"Artem Zatsarynnyi","email":"azatsarynnyy@codenvy.com","date":"2016-05-23T13:52:51Z"},"message":"Merge pull request #1337 from eclipse/CHE-1209\n\nCHE-1209: Fix finding recipe by tags","tree":{"sha":"b3c683688aadce10f2cff716ae6c506d70e187b8","url":"https://api.github.com/repos/eclipse/che/git/trees/b3c683688aadce10f2cff716ae6c506d70e187b8"},"url":"https://api.github.com/repos/eclipse/che/git/commits/063dd63550598ee2e40c8f5711f78f266d103350","comment_count":0,"verification":{"verified":false,"reason":"unsigned","signature":null,"payload":null}},"url":"https://api.github.com/repos/eclipse/che/commits/063dd63550598ee2e40c8f5711f78f266d103350","html_url":"https://github.com/eclipse/che/commit/063dd63550598ee2e40c8f5711f78f266d103350","comments_url":"https://api.github.com/repos/eclipse/che/commits/063dd63550598ee2e40c8f5711f78f266d103350/comments","author":{"login":"azatsarynnyy","id":1636395,"avatar_url":"https://avatars3.githubusercontent.com/u/1636395?v=4","gravatar_id":"","url":"https://api.github.com/users/azatsarynnyy","html_url":"https://github.com/azatsarynnyy","followers_url":"https://api.github.com/users/azatsarynnyy/followers","following_url":"https://api.github.com/users/azatsarynnyy/following{/other_user}","gists_url":"https://api.github.com/users/azatsarynnyy/gists{/gist_id}","starred_url":"https://api.github.com/users/azatsarynnyy/starred{/owner}{/repo}","subscriptions_url":"https://api.github.com/users/azatsarynnyy/subscriptions","organizations_url":"https://api.github.com/users/azatsarynnyy/orgs","repos_url":"https://api.github.com/users/azatsarynnyy/repos","events_url":"https://api.github.com/users/azatsarynnyy/events{/privacy}","received_events_url":"https://api.github.com/users/azatsarynnyy/received_events","type":"User","site_admin":false},"committer":{"login":"azatsarynnyy","id":1636395,"avatar_url":"https://avatars3.githubusercontent.com/u/1636395?v=4","gravatar_id":"","url":"https://api.github.com/users/azatsarynnyy","html_url":"https://github.com/azatsarynnyy","followers_url":"https://api.github.com/users/azatsarynnyy/followers","following_url":"https://api.github.com/users/azatsarynnyy/following{/other_user}","gists_url":"https://api.github.com/users/azatsarynnyy/gists{/gist_id}","starred_url":"https://api.github.com/users/azatsarynnyy/starred{/owner}{/repo}","subscriptions_url":"https://api.github.com/users/azatsarynnyy/subscriptions","organizations_url":"https://api.github.com/users/azatsarynnyy/orgs","repos_url":"https://api.github.com/users/azatsarynnyy/repos","events_url":"https://api.github.com/users/azatsarynnyy/events{/privacy}","received_events_url":"https://api.github.com/users/azatsarynnyy/received_events","type":"User","site_admin":false},"parents":[{"sha":"91c42bad09bd17c6b010dae7935366be687f2906","url":"https://api.github.com/repos/eclipse/che/commits/91c42bad09bd17c6b010dae7935366be687f2906","html_url":"https://github.com/eclipse/che/commit/91c42bad09bd17c6b010dae7935366be687f2906"},{"sha":"d6fd760c46376d951dabd31f6a64738f79f768e2","url":"https://api.github.com/repos/eclipse/che/commits/d6fd760c46376d951dabd31f6a64738f79f768e2","html_url":"https://github.com/eclipse/che/commit/d6fd760c46376d951dabd31f6a64738f79f768e2"}],"stats":{"total":2,"additions":1,"deletions":1},"files":[{"sha":"92f329f02dcafaeb2710c1daa54176ea2904bbee","filename":"core/ide/che-core-ide-api/src/main/java/org/eclipse/che/ide/api/machine/RecipeServiceClientImpl.java","status":"modified","additions":1,"deletions":1,"changes":2,"blob_url":"https://github.com/eclipse/che/blob/063dd63550598ee2e40c8f5711f78f266d103350/core/ide/che-core-ide-api/src/main/java/org/eclipse/che/ide/api/machine/RecipeServiceClientImpl.java","raw_url":"https://github.com/eclipse/che/raw/063dd63550598ee2e40c8f5711f78f266d103350/core/ide/che-core-ide-api/src/main/java/org/eclipse/che/ide/api/machine/RecipeServiceClientImpl.java","contents_url":"https://api.github.com/repos/eclipse/che/contents/core/ide/che-core-ide-api/src/main/java/org/eclipse/che/ide/api/machine/RecipeServiceClientImpl.java?ref=063dd63550598ee2e40c8f5711f78f266d103350","patch":"@@ -102,7 +102,7 @@ protected RecipeServiceClientImpl(@RestContext String restContext,\n                      tagsParam.toString();\n \n         if (type != null) {\n-            url += \"type=\" + type;\n+            url += \"&type=\" + type;\n         }\n \n         return asyncRequestFactory.createGetRequest(url)"}]}
