{"sha":"064fdcb4498795408ebb9ac1a40f68062e4be592","commit":{"author":{"name":"Mykola Morhun","email":"mmorhun@codenvy.com","date":"2017-05-18T10:05:08Z"},"committer":{"name":"GitHub","email":"noreply@github.com","date":"2017-05-18T10:05:08Z"},"message":"CHE-4197: Apply CHE_DOCKER_ALWAYS__PULL__IMAGE to container creation (#5112)","tree":{"sha":"77ac1ee0500b46f57ec3f753e188cdbde5157f4e","url":"https://api.github.com/repos/eclipse/che/git/trees/77ac1ee0500b46f57ec3f753e188cdbde5157f4e"},"url":"https://api.github.com/repos/eclipse/che/git/commits/064fdcb4498795408ebb9ac1a40f68062e4be592","comment_count":0,"verification":{"verified":false,"reason":"unsigned","signature":null,"payload":null}},"url":"https://api.github.com/repos/eclipse/che/commits/064fdcb4498795408ebb9ac1a40f68062e4be592","html_url":"https://github.com/eclipse/che/commit/064fdcb4498795408ebb9ac1a40f68062e4be592","comments_url":"https://api.github.com/repos/eclipse/che/commits/064fdcb4498795408ebb9ac1a40f68062e4be592/comments","author":{"login":"mmorhun","id":15607393,"avatar_url":"https://avatars2.githubusercontent.com/u/15607393?v=4","gravatar_id":"","url":"https://api.github.com/users/mmorhun","html_url":"https://github.com/mmorhun","followers_url":"https://api.github.com/users/mmorhun/followers","following_url":"https://api.github.com/users/mmorhun/following{/other_user}","gists_url":"https://api.github.com/users/mmorhun/gists{/gist_id}","starred_url":"https://api.github.com/users/mmorhun/starred{/owner}{/repo}","subscriptions_url":"https://api.github.com/users/mmorhun/subscriptions","organizations_url":"https://api.github.com/users/mmorhun/orgs","repos_url":"https://api.github.com/users/mmorhun/repos","events_url":"https://api.github.com/users/mmorhun/events{/privacy}","received_events_url":"https://api.github.com/users/mmorhun/received_events","type":"User","site_admin":false},"committer":{"login":"web-flow","id":19864447,"avatar_url":"https://avatars3.githubusercontent.com/u/19864447?v=4","gravatar_id":"","url":"https://api.github.com/users/web-flow","html_url":"https://github.com/web-flow","followers_url":"https://api.github.com/users/web-flow/followers","following_url":"https://api.github.com/users/web-flow/following{/other_user}","gists_url":"https://api.github.com/users/web-flow/gists{/gist_id}","starred_url":"https://api.github.com/users/web-flow/starred{/owner}{/repo}","subscriptions_url":"https://api.github.com/users/web-flow/subscriptions","organizations_url":"https://api.github.com/users/web-flow/orgs","repos_url":"https://api.github.com/users/web-flow/repos","events_url":"https://api.github.com/users/web-flow/events{/privacy}","received_events_url":"https://api.github.com/users/web-flow/received_events","type":"User","site_admin":false},"parents":[{"sha":"9ba1c22863ce979b3b567edfcdf4a97c927d5fcc","url":"https://api.github.com/repos/eclipse/che/commits/9ba1c22863ce979b3b567edfcdf4a97c927d5fcc","html_url":"https://github.com/eclipse/che/commit/9ba1c22863ce979b3b567edfcdf4a97c927d5fcc"}],"stats":{"total":277,"additions":260,"deletions":17},"files":[{"sha":"0a9bdd34eb8ca56da41f771d0eba793e5e97518d","filename":"plugins/plugin-docker/che-plugin-docker-client/src/main/java/org/eclipse/che/plugin/docker/client/DockerConnector.java","status":"modified","additions":21,"deletions":2,"changes":23,"blob_url":"https://github.com/eclipse/che/blob/064fdcb4498795408ebb9ac1a40f68062e4be592/plugins/plugin-docker/che-plugin-docker-client/src/main/java/org/eclipse/che/plugin/docker/client/DockerConnector.java","raw_url":"https://github.com/eclipse/che/raw/064fdcb4498795408ebb9ac1a40f68062e4be592/plugins/plugin-docker/che-plugin-docker-client/src/main/java/org/eclipse/che/plugin/docker/client/DockerConnector.java","contents_url":"https://api.github.com/repos/eclipse/che/contents/plugins/plugin-docker/che-plugin-docker-client/src/main/java/org/eclipse/che/plugin/docker/client/DockerConnector.java?ref=064fdcb4498795408ebb9ac1a40f68062e4be592","patch":"@@ -66,12 +66,13 @@\n import org.eclipse.che.plugin.docker.client.params.InspectImageParams;\n import org.eclipse.che.plugin.docker.client.params.KillContainerParams;\n import org.eclipse.che.plugin.docker.client.params.ListContainersParams;\n+import org.eclipse.che.plugin.docker.client.params.ListImagesParams;\n import org.eclipse.che.plugin.docker.client.params.PullParams;\n import org.eclipse.che.plugin.docker.client.params.PushParams;\n import org.eclipse.che.plugin.docker.client.params.PutResourceParams;\n import org.eclipse.che.plugin.docker.client.params.RemoveContainerParams;\n import org.eclipse.che.plugin.docker.client.params.RemoveImageParams;\n-import org.eclipse.che.plugin.docker.client.params.RemoveNetworkParams;\n+import org.eclipse.che.plugin.docker.client.params.network.RemoveNetworkParams;\n import org.eclipse.che.plugin.docker.client.params.StartContainerParams;\n import org.eclipse.che.plugin.docker.client.params.StartExecParams;\n import org.eclipse.che.plugin.docker.client.params.StopContainerParams;\n@@ -196,16 +197,34 @@ public Version getVersion() throws IOException {\n     }\n \n     /**\n-     * Lists docker images.\n+     * Lists all final layer docker images.\n      *\n      * @return list of docker images\n      * @throws IOException\n      *          when a problem occurs with docker api calls\n      */\n     public List<Image> listImages() throws IOException {\n+        return listImages(ListImagesParams.create());\n+    }\n+\n+    /**\n+     * Lists docker images.\n+     *\n+     * @return list of docker images\n+     * @throws IOException\n+     *          when a problem occurs with docker api calls\n+     */\n+    public List<Image> listImages(ListImagesParams params) throws IOException {\n+        final Filters filters = params.getFilters();\n+\n         try (DockerConnection connection = connectionFactory.openConnection(dockerDaemonUri)\n                                                             .method(\"GET\")\n                                                             .path(apiVersionPathPrefix + \"/images/json\")) {\n+            addQueryParamIfNotNull(connection, \"all\", params.getAll());\n+            addQueryParamIfNotNull(connection, \"digests\", params.getAll());\n+            if (filters != null) {\n+                connection.query(\"filters\", urlPathSegmentEscaper().escape(toJson(filters.getFilters())));\n+            }\n             final DockerResponse response = connection.request();\n             if (OK.getStatusCode() != response.getStatus()) {\n                 throw getDockerException(response);"},{"sha":"5822873a0c6b59da75234c0a999758e38bf803cf","filename":"plugins/plugin-docker/che-plugin-docker-client/src/main/java/org/eclipse/che/plugin/docker/client/params/ListImagesParams.java","status":"added","additions":108,"deletions":0,"changes":108,"blob_url":"https://github.com/eclipse/che/blob/064fdcb4498795408ebb9ac1a40f68062e4be592/plugins/plugin-docker/che-plugin-docker-client/src/main/java/org/eclipse/che/plugin/docker/client/params/ListImagesParams.java","raw_url":"https://github.com/eclipse/che/raw/064fdcb4498795408ebb9ac1a40f68062e4be592/plugins/plugin-docker/che-plugin-docker-client/src/main/java/org/eclipse/che/plugin/docker/client/params/ListImagesParams.java","contents_url":"https://api.github.com/repos/eclipse/che/contents/plugins/plugin-docker/che-plugin-docker-client/src/main/java/org/eclipse/che/plugin/docker/client/params/ListImagesParams.java?ref=064fdcb4498795408ebb9ac1a40f68062e4be592","patch":"@@ -0,0 +1,108 @@\n+/*******************************************************************************\n+ * Copyright (c) 2012-2017 Codenvy, S.A.\n+ * All rights reserved. This program and the accompanying materials\n+ * are made available under the terms of the Eclipse Public License v1.0\n+ * which accompanies this distribution, and is available at\n+ * http://www.eclipse.org/legal/epl-v10.html\n+ *\n+ * Contributors:\n+ *   Codenvy, S.A. - initial API and implementation\n+ *******************************************************************************/\n+package org.eclipse.che.plugin.docker.client.params;\n+\n+import org.eclipse.che.plugin.docker.client.json.Filters;\n+\n+import java.util.Objects;\n+\n+/**\n+ * Arguments holder for {@link org.eclipse.che.plugin.docker.client.DockerConnector#listImages(ListImagesParams)}.\n+ *\n+ * @author Mykola Morhun\n+ */\n+public class ListImagesParams {\n+\n+    private Boolean all;\n+    private Filters filters;\n+    private Boolean digests;\n+\n+    /**\n+     * Creates arguments holder.\n+     */\n+    public static ListImagesParams create() {\n+        return new ListImagesParams();\n+    }\n+\n+    private ListImagesParams() {}\n+\n+    /**\n+     * Adds all flag to this parameters.\n+     *\n+     * @param all\n+     *         if true show all images.\n+     *         Only images from a final layer (no children) are shown by default.\n+     * @return this params instance\n+     */\n+    public ListImagesParams withAll(Boolean all) {\n+        this.all = all;\n+        return this;\n+    }\n+\n+    /**\n+     * Adds filters to this parameters.\n+     *\n+     * @param filters\n+     *         Available filters:\n+     *         <ul>\n+     *           <li><code>before</code>=(<code>&lt;image-name&gt;[:&lt;tag&gt;]</code>,  <code>&lt;image id&gt;</code> or <code>&lt;image@digest&gt;</code>)</li>\n+     *           <li><code>dangling=true</code></li>\n+     *           <li><code>label=key</code> or <code>label=\"key=value\"</code> of an image label</li>\n+     *           <li><code>reference</code>=(<code>&lt;image-name&gt;[:&lt;tag&gt;]</code>)</li>\n+     *           <li><code>since</code>=(<code>&lt;image-name&gt;[:&lt;tag&gt;]</code>,  <code>&lt;image id&gt;</code> or <code>&lt;image@digest&gt;</code>)</li>\n+     *         </ul>\n+     * @return this params instance\n+     */\n+    public ListImagesParams withFilters(Filters filters) {\n+        this.filters = filters;\n+        return this;\n+    }\n+\n+    /**\n+     * Adds all flag to this parameters.\n+     *\n+     * @param digests\n+     *         if true show digest information on each image\n+     * @return this params instance\n+     */\n+    public ListImagesParams withDigestst(Boolean digests) {\n+        this.digests = digests;\n+        return this;\n+    }\n+\n+    public Boolean getAll() {\n+        return all;\n+    }\n+\n+    public Filters getFilters() {\n+        return filters;\n+    }\n+\n+    public Boolean getDigests() {\n+        return digests;\n+    }\n+\n+    @Override\n+    public boolean equals(Object o) {\n+        if (this == o) return true;\n+        if (o == null || getClass() != o.getClass()) return false;\n+        ListImagesParams that = (ListImagesParams)o;\n+        return Objects.equals(all, that.all) &&\n+               Objects.equals(filters, that.filters) &&\n+               Objects.equals(digests, that.digests);\n+    }\n+\n+    @Override\n+    public int hashCode() {\n+        return Objects.hash(all, filters, digests);\n+    }\n+\n+}"},{"sha":"d9d51ffbd553750908ba7867905099efe6bc5480","filename":"plugins/plugin-docker/che-plugin-docker-client/src/main/java/org/eclipse/che/plugin/docker/client/params/network/RemoveNetworkParams.java","status":"renamed","additions":1,"deletions":1,"changes":2,"blob_url":"https://github.com/eclipse/che/blob/064fdcb4498795408ebb9ac1a40f68062e4be592/plugins/plugin-docker/che-plugin-docker-client/src/main/java/org/eclipse/che/plugin/docker/client/params/network/RemoveNetworkParams.java","raw_url":"https://github.com/eclipse/che/raw/064fdcb4498795408ebb9ac1a40f68062e4be592/plugins/plugin-docker/che-plugin-docker-client/src/main/java/org/eclipse/che/plugin/docker/client/params/network/RemoveNetworkParams.java","contents_url":"https://api.github.com/repos/eclipse/che/contents/plugins/plugin-docker/che-plugin-docker-client/src/main/java/org/eclipse/che/plugin/docker/client/params/network/RemoveNetworkParams.java?ref=064fdcb4498795408ebb9ac1a40f68062e4be592","patch":"@@ -8,7 +8,7 @@\n  * Contributors:\n  *   Codenvy, S.A. - initial API and implementation\n  *******************************************************************************/\n-package org.eclipse.che.plugin.docker.client.params;\n+package org.eclipse.che.plugin.docker.client.params.network;\n \n import javax.validation.constraints.NotNull;\n ","previous_filename":"plugins/plugin-docker/che-plugin-docker-client/src/main/java/org/eclipse/che/plugin/docker/client/params/RemoveNetworkParams.java"},{"sha":"fb024029316ecf8296eb91b60e588fbf3161fa7b","filename":"plugins/plugin-docker/che-plugin-docker-client/src/test/java/org/eclipse/che/plugin/docker/client/DockerConnectorTest.java","status":"modified","additions":22,"deletions":2,"changes":24,"blob_url":"https://github.com/eclipse/che/blob/064fdcb4498795408ebb9ac1a40f68062e4be592/plugins/plugin-docker/che-plugin-docker-client/src/test/java/org/eclipse/che/plugin/docker/client/DockerConnectorTest.java","raw_url":"https://github.com/eclipse/che/raw/064fdcb4498795408ebb9ac1a40f68062e4be592/plugins/plugin-docker/che-plugin-docker-client/src/test/java/org/eclipse/che/plugin/docker/client/DockerConnectorTest.java","contents_url":"https://api.github.com/repos/eclipse/che/contents/plugins/plugin-docker/che-plugin-docker-client/src/test/java/org/eclipse/che/plugin/docker/client/DockerConnectorTest.java?ref=064fdcb4498795408ebb9ac1a40f68062e4be592","patch":"@@ -69,12 +69,13 @@\n import org.eclipse.che.plugin.docker.client.params.InspectImageParams;\n import org.eclipse.che.plugin.docker.client.params.KillContainerParams;\n import org.eclipse.che.plugin.docker.client.params.ListContainersParams;\n+import org.eclipse.che.plugin.docker.client.params.ListImagesParams;\n import org.eclipse.che.plugin.docker.client.params.PullParams;\n import org.eclipse.che.plugin.docker.client.params.PushParams;\n import org.eclipse.che.plugin.docker.client.params.PutResourceParams;\n import org.eclipse.che.plugin.docker.client.params.RemoveContainerParams;\n import org.eclipse.che.plugin.docker.client.params.RemoveImageParams;\n-import org.eclipse.che.plugin.docker.client.params.RemoveNetworkParams;\n+import org.eclipse.che.plugin.docker.client.params.network.RemoveNetworkParams;\n import org.eclipse.che.plugin.docker.client.params.StartContainerParams;\n import org.eclipse.che.plugin.docker.client.params.StartExecParams;\n import org.eclipse.che.plugin.docker.client.params.StopContainerParams;\n@@ -294,13 +295,15 @@ public void shouldThrowDockerExceptionWhileGettingVersionIfResponseCodeIsNotSucc\n \n     @Test\n     public void shouldBeAbleToGetListImages() throws IOException, JsonParseException {\n+        ListImagesParams listImagesParams = ListImagesParams.create();\n         List<Image> images = new ArrayList<>();\n+        images.add(mock(Image.class));\n \n         doReturn(images).when(dockerConnector).parseResponseStreamAndClose(eq(inputStream),\n                                                                            Matchers.<TypeToken<List<Image>>>any());\n \n         List<Image> returnedImages =\n-                dockerConnector.listImages();\n+                dockerConnector.listImages(listImagesParams);\n \n         verify(dockerConnectionFactory).openConnection(any(URI.class));\n         verify(dockerConnection).method(REQUEST_METHOD_GET);\n@@ -312,6 +315,23 @@ public void shouldBeAbleToGetListImages() throws IOException, JsonParseException\n         assertEquals(returnedImages, images);\n     }\n \n+    @Test\n+    public void shouldInvokeGetListImagesWithDefaultParamsWhenGetListImagesCalledWithoutParams() throws IOException, JsonParseException {\n+        List<Image> images = new ArrayList<>();\n+        images.add(mock(Image.class));\n+\n+        doReturn(images).when(dockerConnector).parseResponseStreamAndClose(eq(inputStream),\n+                                                                           Matchers.<TypeToken<List<Image>>>any());\n+\n+        List<Image> returnedImages =\n+                dockerConnector.listImages();\n+\n+        verify(dockerConnector).listImages((ListImagesParams)captor.capture());\n+\n+        assertEquals(captor.getValue(), ListImagesParams.create());\n+        assertEquals(returnedImages, images);\n+    }\n+\n     @Test(expectedExceptions = DockerException.class, expectedExceptionsMessageRegExp = EXCEPTION_ERROR_MESSAGE)\n     public void shouldThrowDockerExceptionWhileListingImagesIfResponseCodeIsNotSuccess() throws IOException {\n         when(dockerResponse.getStatus()).thenReturn(RESPONSE_ERROR_CODE);"},{"sha":"781f0d7a802269c2a02d4b1fed68327d6a4b58cc","filename":"plugins/plugin-docker/che-plugin-docker-client/src/test/java/org/eclipse/che/plugin/docker/client/params/ListImagesParamsTest.java","status":"added","additions":42,"deletions":0,"changes":42,"blob_url":"https://github.com/eclipse/che/blob/064fdcb4498795408ebb9ac1a40f68062e4be592/plugins/plugin-docker/che-plugin-docker-client/src/test/java/org/eclipse/che/plugin/docker/client/params/ListImagesParamsTest.java","raw_url":"https://github.com/eclipse/che/raw/064fdcb4498795408ebb9ac1a40f68062e4be592/plugins/plugin-docker/che-plugin-docker-client/src/test/java/org/eclipse/che/plugin/docker/client/params/ListImagesParamsTest.java","contents_url":"https://api.github.com/repos/eclipse/che/contents/plugins/plugin-docker/che-plugin-docker-client/src/test/java/org/eclipse/che/plugin/docker/client/params/ListImagesParamsTest.java?ref=064fdcb4498795408ebb9ac1a40f68062e4be592","patch":"@@ -0,0 +1,42 @@\n+/*******************************************************************************\n+ * Copyright (c) 2012-2017 Codenvy, S.A.\n+ * All rights reserved. This program and the accompanying materials\n+ * are made available under the terms of the Eclipse Public License v1.0\n+ * which accompanies this distribution, and is available at\n+ * http://www.eclipse.org/legal/epl-v10.html\n+ *\n+ * Contributors:\n+ *   Codenvy, S.A. - initial API and implementation\n+ *******************************************************************************/\n+package org.eclipse.che.plugin.docker.client.params;\n+\n+import org.eclipse.che.plugin.docker.client.json.Filters;\n+import org.testng.annotations.Test;\n+\n+import static org.testng.Assert.assertEquals;\n+import static org.testng.Assert.assertTrue;\n+\n+/**\n+ * @author Mykola Morhun\n+ */\n+public class ListImagesParamsTest {\n+\n+    private static final boolean WITH_ALL = true;\n+    private static final boolean WITH_DIGEST = true;\n+    private static final Filters FILTERS = new Filters().withFilter(\"reference\", \"imageName\");\n+\n+    private ListImagesParams listImagesParams;\n+\n+    @Test\n+    public void shouldCreateParamsObjectWithAllPossibleParameters() {\n+        listImagesParams = ListImagesParams.create()\n+                                           .withAll(WITH_ALL)\n+                                           .withDigestst(WITH_DIGEST)\n+                                           .withFilters(FILTERS);\n+\n+        assertTrue(listImagesParams.getAll() == WITH_ALL);\n+        assertTrue(listImagesParams.getDigests() == WITH_DIGEST);\n+        assertEquals(listImagesParams.getFilters(), FILTERS);\n+    }\n+\n+}"},{"sha":"ce2565f8dad49a32c47df87a823b7bd72fc83e35","filename":"plugins/plugin-docker/che-plugin-docker-machine/src/main/java/org/eclipse/che/plugin/docker/machine/MachineProviderImpl.java","status":"modified","additions":23,"deletions":8,"changes":31,"blob_url":"https://github.com/eclipse/che/blob/064fdcb4498795408ebb9ac1a40f68062e4be592/plugins/plugin-docker/che-plugin-docker-machine/src/main/java/org/eclipse/che/plugin/docker/machine/MachineProviderImpl.java","raw_url":"https://github.com/eclipse/che/raw/064fdcb4498795408ebb9ac1a40f68062e4be592/plugins/plugin-docker/che-plugin-docker-machine/src/main/java/org/eclipse/che/plugin/docker/machine/MachineProviderImpl.java","contents_url":"https://api.github.com/repos/eclipse/che/contents/plugins/plugin-docker/che-plugin-docker-machine/src/main/java/org/eclipse/che/plugin/docker/machine/MachineProviderImpl.java?ref=064fdcb4498795408ebb9ac1a40f68062e4be592","patch":"@@ -10,6 +10,7 @@\n  *******************************************************************************/\n package org.eclipse.che.plugin.docker.machine;\n \n+import com.google.common.annotations.VisibleForTesting;\n import com.google.common.base.MoreObjects;\n import com.google.common.base.Strings;\n import com.google.common.collect.ImmutableSet;\n@@ -53,6 +54,7 @@\n import org.eclipse.che.plugin.docker.client.exception.NetworkNotFoundException;\n import org.eclipse.che.plugin.docker.client.json.ContainerConfig;\n import org.eclipse.che.plugin.docker.client.json.ContainerInfo;\n+import org.eclipse.che.plugin.docker.client.json.Filters;\n import org.eclipse.che.plugin.docker.client.json.HostConfig;\n import org.eclipse.che.plugin.docker.client.json.ImageConfig;\n import org.eclipse.che.plugin.docker.client.json.PortBinding;\n@@ -64,10 +66,11 @@\n import org.eclipse.che.plugin.docker.client.params.BuildImageParams;\n import org.eclipse.che.plugin.docker.client.params.CreateContainerParams;\n import org.eclipse.che.plugin.docker.client.params.GetContainerLogsParams;\n+import org.eclipse.che.plugin.docker.client.params.ListImagesParams;\n import org.eclipse.che.plugin.docker.client.params.PullParams;\n import org.eclipse.che.plugin.docker.client.params.RemoveContainerParams;\n import org.eclipse.che.plugin.docker.client.params.RemoveImageParams;\n-import org.eclipse.che.plugin.docker.client.params.RemoveNetworkParams;\n+import org.eclipse.che.plugin.docker.client.params.network.RemoveNetworkParams;\n import org.eclipse.che.plugin.docker.client.params.StartContainerParams;\n import org.eclipse.che.plugin.docker.client.params.TagParams;\n import org.eclipse.che.plugin.docker.client.params.network.ConnectContainerToNetworkParams;\n@@ -146,7 +149,7 @@\n     private final DockerInstanceStopDetector                    dockerInstanceStopDetector;\n     private final RequestTransmitter                            transmitter;\n     private final JsonRpcEndpointToMachineNameHolder            jsonRpcEndpointToMachineNameHolder;\n-    private final boolean                                       doForcePullOnBuild;\n+    private final boolean                                       doForcePullImage;\n     private final boolean                                       privilegedMode;\n     private final int                                           pidsLimit;\n     private final DockerMachineFactory                          dockerMachineFactory;\n@@ -180,7 +183,7 @@ public MachineProviderImpl(DockerConnectorProvider dockerProvider,\n                                @Named(\"machine.docker.machine_servers\") Set<ServerConf> allMachinesServers,\n                                @Named(\"machine.docker.dev_machine.machine_volumes\") Set<String> devMachineSystemVolumes,\n                                @Named(\"machine.docker.machine_volumes\") Set<String> allMachinesSystemVolumes,\n-                               @Named(\"che.docker.always_pull_image\") boolean doForcePullOnBuild,\n+                               @Named(\"che.docker.always_pull_image\") boolean doForcePullImage,\n                                @Named(\"che.docker.privileged\") boolean privilegedMode,\n                                @Named(\"che.docker.pids_limit\") int pidsLimit,\n                                @Named(\"machine.docker.dev_machine.machine_env\") Set<String> devMachineEnvVariables,\n@@ -203,7 +206,7 @@ public MachineProviderImpl(DockerConnectorProvider dockerProvider,\n         this.dockerMachineFactory = dockerMachineFactory;\n         this.dockerInstanceStopDetector = dockerInstanceStopDetector;\n         this.transmitter = transmitter;\n-        this.doForcePullOnBuild = doForcePullOnBuild;\n+        this.doForcePullImage = doForcePullImage;\n         this.privilegedMode = privilegedMode;\n         this.snapshotUseRegistry = snapshotUseRegistry;\n         // use-cases:\n@@ -431,7 +434,7 @@ private String prepareImage(String machineName,\n \n         if (service.getBuild() != null && (service.getBuild().getContext() != null ||\n                                            service.getBuild().getDockerfileContent() != null)) {\n-            buildImage(service, imageName, doForcePullOnBuild, progressMonitor);\n+            buildImage(service, imageName, doForcePullImage, progressMonitor);\n         } else {\n             pullImage(service, imageName, progressMonitor);\n         }\n@@ -466,9 +469,8 @@ protected void buildImage(CheServiceImpl service,\n             if (service.getBuild().getArgs() == null || service.getBuild().getArgs().isEmpty()) {\n                 buildArgs = this.buildArgs;\n             } else {\n-                buildArgs = new HashMap<>();\n+                buildArgs = new HashMap<>(this.buildArgs);\n                 buildArgs.putAll(service.getBuild().getArgs());\n-                buildArgs.putAll(this.buildArgs);\n             }\n             buildImageParams.withForceRemoveIntermediateContainers(true)\n                             .withRepository(machineImageName)\n@@ -518,7 +520,8 @@ protected void pullImage(CheServiceImpl service,\n \n         try {\n             boolean isSnapshot = SNAPSHOT_LOCATION_PATTERN.matcher(dockerMachineSource.getLocation()).matches();\n-            if (!isSnapshot || snapshotUseRegistry) {\n+            boolean isImageExistLocally = isDockerImageExistLocally(dockerMachineSource.getRepository());\n+            if ((!isSnapshot && (doForcePullImage || !isImageExistLocally)) || (isSnapshot && snapshotUseRegistry)) {\n                 PullParams pullParams = PullParams.create(dockerMachineSource.getRepository())\n                                                   .withTag(MoreObjects.firstNonNull(dockerMachineSource.getTag(),\n                                                                                     LATEST_TAG))\n@@ -544,6 +547,18 @@ protected void pullImage(CheServiceImpl service,\n         }\n     }\n \n+    @VisibleForTesting\n+    boolean isDockerImageExistLocally(String imageName) {\n+        try {\n+            return !docker.listImages(ListImagesParams.create()\n+                                                      .withFilters(new Filters().withFilter(\"reference\", imageName)))\n+                          .isEmpty();\n+        } catch (IOException e) {\n+            LOG.warn(\"Failed to check image {} availability. Cause: {}\", imageName, e.getMessage(), e);\n+            return false; // consider that image doesn't exist locally\n+        }\n+    }\n+\n     private String createContainer(String workspaceId,\n                                    String machineName,\n                                    boolean isDev,"},{"sha":"a177f30c5f92a5b1406e5caa58e2286fa2f5699c","filename":"plugins/plugin-docker/che-plugin-docker-machine/src/test/java/org/eclipse/che/plugin/docker/machine/MachineProviderImplTest.java","status":"modified","additions":42,"deletions":3,"changes":45,"blob_url":"https://github.com/eclipse/che/blob/064fdcb4498795408ebb9ac1a40f68062e4be592/plugins/plugin-docker/che-plugin-docker-machine/src/test/java/org/eclipse/che/plugin/docker/machine/MachineProviderImplTest.java","raw_url":"https://github.com/eclipse/che/raw/064fdcb4498795408ebb9ac1a40f68062e4be592/plugins/plugin-docker/che-plugin-docker-machine/src/test/java/org/eclipse/che/plugin/docker/machine/MachineProviderImplTest.java","contents_url":"https://api.github.com/repos/eclipse/che/contents/plugins/plugin-docker/che-plugin-docker-machine/src/test/java/org/eclipse/che/plugin/docker/machine/MachineProviderImplTest.java?ref=064fdcb4498795408ebb9ac1a40f68062e4be592","patch":"@@ -77,6 +77,7 @@\n import static org.mockito.Matchers.any;\n import static org.mockito.Matchers.anyString;\n import static org.mockito.Matchers.eq;\n+import static org.mockito.Mockito.doReturn;\n import static org.mockito.Mockito.doThrow;\n import static org.mockito.Mockito.never;\n import static org.mockito.Mockito.spy;\n@@ -215,6 +216,39 @@ public void shouldNotPullDockerImageOnInstanceCreationFromLocalSnapshot() throws\n         verify(dockerConnector, never()).pull(eq(PullParams.create(repo).withTag(tag)), any(ProgressMonitor.class));\n     }\n \n+    @Test\n+    public void shouldPullDockerImageIfAlwaysPullIsTrueEvenIfImageExistsLocally() throws Exception {\n+        provider = spy(new MachineProviderBuilder().setDoForcePullImage(true)\n+                                                   .build());\n+        doReturn(true).when(provider).isDockerImageExistLocally(anyString());\n+\n+        createInstanceFromRecipe();\n+\n+        verify(dockerConnector).pull(any(PullParams.class), any(ProgressMonitor.class));\n+    }\n+\n+    @Test\n+    public void shouldPullDockerImageIfAlwaysPullIsFalseButImageDoesNotExist() throws Exception {\n+        provider = spy(new MachineProviderBuilder().setDoForcePullImage(false)\n+                                                   .build());\n+        doReturn(false).when(provider).isDockerImageExistLocally(anyString());\n+\n+        createInstanceFromRecipe();\n+\n+        verify(dockerConnector).pull(any(PullParams.class), any(ProgressMonitor.class));\n+    }\n+\n+    @Test\n+    public void shouldNotPullDockerImageIfAlwaysPullIsFalseAndTheImageExistLocally() throws Exception {\n+        provider = spy(new MachineProviderBuilder().setDoForcePullImage(false)\n+                                                   .build());\n+        doReturn(true).when(provider).isDockerImageExistLocally(anyString());\n+\n+        createInstanceFromRecipe();\n+\n+        verify(dockerConnector, never()).pull(any(PullParams.class), any(ProgressMonitor.class));\n+    }\n+\n     @Test\n     public void shouldUseLocalImageOnInstanceCreationFromSnapshot() throws Exception {\n         final String repo = MACHINE_SNAPSHOT_PREFIX + \"repo\";\n@@ -1636,7 +1670,7 @@ private CheServiceImpl createService() {\n         private Set<String>      devMachineVolumes;\n         private Set<String>      allMachineVolumes;\n         private Set<Set<String>> extraHosts;\n-        private boolean          doForcePullOnBuild;\n+        private boolean          doForcePullImage;\n         private boolean          privilegedMode;\n         private int              pidsLimit;\n         private Set<String>      devMachineEnvVars;\n@@ -1656,7 +1690,7 @@ public MachineProviderBuilder() {\n             allMachineEnvVars = emptySet();\n             snapshotUseRegistry = SNAPSHOT_USE_REGISTRY;\n             privilegedMode = false;\n-            doForcePullOnBuild = false;\n+            doForcePullImage = false;\n             additionalNetworks = emptySet();\n             devMachineServers = emptySet();\n             allMachineServers = emptySet();\n@@ -1682,6 +1716,11 @@ public MachineProviderBuilder setSnapshotUseRegistry(boolean snapshotUseRegistry\n             return this;\n         }\n \n+        public MachineProviderBuilder setDoForcePullImage(boolean doForcePullImage) {\n+            this.doForcePullImage = doForcePullImage;\n+            return this;\n+        }\n+\n         public MachineProviderBuilder setPrivilegedMode(boolean privilegedMode) {\n             this.privilegedMode = privilegedMode;\n             return this;\n@@ -1763,7 +1802,7 @@ MachineProviderImpl build() throws IOException {\n                                            allMachineServers,\n                                            devMachineVolumes,\n                                            allMachineVolumes,\n-                                           doForcePullOnBuild,\n+                                           doForcePullImage,\n                                            privilegedMode,\n                                            pidsLimit,\n                                            devMachineEnvVars,"},{"sha":"42c80507c3073aef8fcde0c8c3d28db670baeb93","filename":"plugins/plugin-docker/che-plugin-openshift-client/src/main/java/org/eclipse/che/plugin/openshift/client/OpenShiftConnector.java","status":"modified","additions":1,"deletions":1,"changes":2,"blob_url":"https://github.com/eclipse/che/blob/064fdcb4498795408ebb9ac1a40f68062e4be592/plugins/plugin-docker/che-plugin-openshift-client/src/main/java/org/eclipse/che/plugin/openshift/client/OpenShiftConnector.java","raw_url":"https://github.com/eclipse/che/raw/064fdcb4498795408ebb9ac1a40f68062e4be592/plugins/plugin-docker/che-plugin-openshift-client/src/main/java/org/eclipse/che/plugin/openshift/client/OpenShiftConnector.java","contents_url":"https://api.github.com/repos/eclipse/che/contents/plugins/plugin-docker/che-plugin-openshift-client/src/main/java/org/eclipse/che/plugin/openshift/client/OpenShiftConnector.java?ref=064fdcb4498795408ebb9ac1a40f68062e4be592","patch":"@@ -60,7 +60,7 @@\n import org.eclipse.che.plugin.docker.client.params.PutResourceParams;\n import org.eclipse.che.plugin.docker.client.params.RemoveContainerParams;\n import org.eclipse.che.plugin.docker.client.params.RemoveImageParams;\n-import org.eclipse.che.plugin.docker.client.params.RemoveNetworkParams;\n+import org.eclipse.che.plugin.docker.client.params.network.RemoveNetworkParams;\n import org.eclipse.che.plugin.docker.client.params.StartContainerParams;\n import org.eclipse.che.plugin.docker.client.params.StopContainerParams;\n import org.eclipse.che.plugin.docker.client.params.InspectImageParams;"}]}
