{"sha":"06a17ff671d60c6de5921d26ffb5917312c32f17","commit":{"author":{"name":"Tyler Jewell","email":"tjewell@codenvy.com","date":"2016-07-29T21:28:58Z"},"committer":{"name":"GitHub","email":"noreply@github.com","date":"2016-07-29T21:28:58Z"},"message":"added initial contribution","tree":{"sha":"8ff1c14b22bacd37741e9ac7ce74d4219b21560f","url":"https://api.github.com/repos/eclipse/che/git/trees/8ff1c14b22bacd37741e9ac7ce74d4219b21560f"},"url":"https://api.github.com/repos/eclipse/che/git/commits/06a17ff671d60c6de5921d26ffb5917312c32f17","comment_count":0,"verification":{"verified":false,"reason":"unsigned","signature":null,"payload":null}},"url":"https://api.github.com/repos/eclipse/che/commits/06a17ff671d60c6de5921d26ffb5917312c32f17","html_url":"https://github.com/eclipse/che/commit/06a17ff671d60c6de5921d26ffb5917312c32f17","comments_url":"https://api.github.com/repos/eclipse/che/commits/06a17ff671d60c6de5921d26ffb5917312c32f17/comments","author":{"login":"TylerJewell","id":392458,"avatar_url":"https://avatars3.githubusercontent.com/u/392458?v=4","gravatar_id":"","url":"https://api.github.com/users/TylerJewell","html_url":"https://github.com/TylerJewell","followers_url":"https://api.github.com/users/TylerJewell/followers","following_url":"https://api.github.com/users/TylerJewell/following{/other_user}","gists_url":"https://api.github.com/users/TylerJewell/gists{/gist_id}","starred_url":"https://api.github.com/users/TylerJewell/starred{/owner}{/repo}","subscriptions_url":"https://api.github.com/users/TylerJewell/subscriptions","organizations_url":"https://api.github.com/users/TylerJewell/orgs","repos_url":"https://api.github.com/users/TylerJewell/repos","events_url":"https://api.github.com/users/TylerJewell/events{/privacy}","received_events_url":"https://api.github.com/users/TylerJewell/received_events","type":"User","site_admin":false},"committer":{"login":"web-flow","id":19864447,"avatar_url":"https://avatars3.githubusercontent.com/u/19864447?v=4","gravatar_id":"","url":"https://api.github.com/users/web-flow","html_url":"https://github.com/web-flow","followers_url":"https://api.github.com/users/web-flow/followers","following_url":"https://api.github.com/users/web-flow/following{/other_user}","gists_url":"https://api.github.com/users/web-flow/gists{/gist_id}","starred_url":"https://api.github.com/users/web-flow/starred{/owner}{/repo}","subscriptions_url":"https://api.github.com/users/web-flow/subscriptions","organizations_url":"https://api.github.com/users/web-flow/orgs","repos_url":"https://api.github.com/users/web-flow/repos","events_url":"https://api.github.com/users/web-flow/events{/privacy}","received_events_url":"https://api.github.com/users/web-flow/received_events","type":"User","site_admin":false},"parents":[{"sha":"bc9d96deac1230f8c03ad298e3cc2190c359f2c1","url":"https://api.github.com/repos/eclipse/che/commits/bc9d96deac1230f8c03ad298e3cc2190c359f2c1","html_url":"https://github.com/eclipse/che/commit/bc9d96deac1230f8c03ad298e3cc2190c359f2c1"}],"stats":{"total":527,"additions":293,"deletions":234},"files":[{"sha":"5f36265321a8faefebd915ff2fa9e23050e60320","filename":"che.bat","status":"renamed","additions":28,"deletions":28,"changes":56,"blob_url":"https://github.com/eclipse/che/blob/06a17ff671d60c6de5921d26ffb5917312c32f17/che.bat","raw_url":"https://github.com/eclipse/che/raw/06a17ff671d60c6de5921d26ffb5917312c32f17/che.bat","contents_url":"https://api.github.com/repos/eclipse/che/contents/che.bat?ref=06a17ff671d60c6de5921d26ffb5917312c32f17","patch":"@@ -1,28 +1,28 @@\n-@REM\n-@REM Copyright (c) 2012-2016 Codenvy, S.A.\n-@REM All rights reserved. This program and the accompanying materials\n-@REM are made available under the terms of the Eclipse Public License v1.0\n-@REM which accompanies this distribution, and is available at\n-@REM http://www.eclipse.org/legal/epl-v10.html\n-@REM\n-@REM Contributors:\n-@REM   Codenvy, S.A. - initial API and implementation\n-@REM\n-\n-@echo off\n-\n-REM Check to ensure bash is installed\n-CALL bash --help > nul 2>&1\n-IF %ERRORLEVEL% NEQ 0 goto setup\n-\n-REM Launch Che and any associated docker machines, if necessary\n-CALL bash --login -i \"%~dp0\\che.sh\" %*\n-\n-goto end\n-\n-:setup\n-echo. \n-echo \"REQUIRED: Git bash for Windows. It is typically stored c:\\Program Files\\Git\\bin.\"\n-echo.\n-\n-:end\n+@REM\r\n+@REM Copyright (c) 2012-2016 Codenvy, S.A.\r\n+@REM All rights reserved. This program and the accompanying materials\r\n+@REM are made available under the terms of the Eclipse Public License v1.0\r\n+@REM which accompanies this distribution, and is available at\r\n+@REM http://www.eclipse.org/legal/epl-v10.html\r\n+@REM\r\n+@REM Contributors:\r\n+@REM   Codenvy, S.A. - initial API and implementation\r\n+@REM\r\n+\r\n+@echo off\r\n+\r\n+REM Check to ensure bash is installed\r\n+CALL bash --help > nul 2>&1\r\n+IF %ERRORLEVEL% NEQ 0 goto setup\r\n+\r\n+REM Launch matching Bash script which contains commands\r\n+CALL bash --login -i \"%~dp0\\che.sh\" %*\r\n+\r\n+goto end\r\n+\r\n+:setup\r\n+echo. \r\n+echo \"REQUIRED: Git Bash for Windows. Get it at https://git-for-windows.github.io/\"\r\n+echo.\r\n+\r\n+:end\r","previous_filename":"dockerfiles/che-cli/files-to-install/che.bat"},{"sha":"f3817ad4239086d4f459ba5f087c0b198be26ee2","filename":"che.sh","status":"renamed","additions":265,"deletions":158,"changes":423,"blob_url":"https://github.com/eclipse/che/blob/06a17ff671d60c6de5921d26ffb5917312c32f17/che.sh","raw_url":"https://github.com/eclipse/che/raw/06a17ff671d60c6de5921d26ffb5917312c32f17/che.sh","contents_url":"https://api.github.com/repos/eclipse/che/contents/che.sh?ref=06a17ff671d60c6de5921d26ffb5917312c32f17","patch":"@@ -1,158 +1,265 @@\n-#!/bin/sh\n-# Copyright (c) 2012-2016 Codenvy, S.A.\n-# All rights reserved. This program and the accompanying materials\n-# are made available under the terms of the Eclipse Public License v1.0\n-# which accompanies this distribution, and is available at\n-# http://www.eclipse.org/legal/epl-v10.html\n-\n-init_logging() {\n-  BLUE='\\033[1;34m'\n-  GREEN='\\033[0;32m'\n-  RED='\\033[0;31m'\n-  NC='\\033[0m'\n-}\n-\n-init_global_variables() {\n-\n-  CHE_LAUNCHER_CONTAINER_NAME=\"che-launcher\"\n-  CHE_LAUNCHER_IMAGE_NAME=\"che-launcher\"\n-\n-  # User configurable variables\n-  DEFAULT_CHE_VERSION=\"latest\"\n-  DEFAULT_CHE_CLI_ACTION=\"help\"\n-\n-  CHE_VERSION=${CHE_VERSION:-${DEFAULT_CHE_VERSION}}\n-  CHE_CLI_ACTION=${CHE_CLI_ACTION:-${DEFAULT_CHE_CLI_ACTION}}\n-\n-  USAGE=\"\n-Usage:\n-  che [COMMAND]\n-     start                              Starts Che server\n-     stop                               Stops Che server\n-     restart                            Restart Che server\n-     update                             Pull latest version of ${CHE_LAUNCHER_IMAGE_NAME}\n-     info                               Print some debugging information\n-\n-Docs: http://eclipse.org/che/getting-started.\n-\"\n-}\n-\n-usage () {\n-  printf \"%s\" \"${USAGE}\"\n-}\n-\n-info() {\n-  printf  \"${GREEN}INFO:${NC} %s\\n\" \"${1}\"\n-}\n-\n-debug() {\n-  printf  \"${BLUE}DEBUG:${NC} %s\\n\" \"${1}\"\n-}\n-\n-error() {\n-  printf  \"${RED}ERROR:${NC} %s\\n\" \"${1}\"\n-}\n-\n-error_exit() {\n-  echo  \"---------------------------------------\"\n-  error \"!!!\"\n-  error \"!!! ${1}\"\n-  error \"!!!\"\n-  echo  \"---------------------------------------\"\n-  exit 1\n-}\n-\n-check_docker() {\n-  if ! docker ps > /dev/null 2>&1; then\n-    output=$(docker)\n-    error_exit \"Error - Docker not installed properly: ${output}\"\n-  fi\n-}\n-\n-parse_command_line () {\n-  for command_line_option in \"$@\"; do\n-    case ${command_line_option} in\n-      start|stop|restart|update|info|-h|--help)\n-        CHE_CLI_ACTION=${command_line_option}\n-      ;;\n-      *)\n-        # unknown option\n-        error_exit \"You passed an unknown command line option.\"\n-      ;;\n-    esac\n-  done\n-}\n-\n-execute_che_launcher() {\n-\n-  update_che_launcher\n-\n-  info \"ECLIPSE CHE: LAUNCHING LAUNCHER\"\n-  docker run -it --rm --name \"${CHE_LAUNCHER_CONTAINER_NAME}\" \\\n-    -v //var//run//docker.sock://var//run//docker.sock \\\n-    \"${CHE_LAUNCHER_IMAGE_NAME}\":\"${CHE_VERSION}\" \"${CHE_CLI_ACTION}\" \\\n-    # > /dev/null 2>&1\n-}\n-\n-execute_command_with_progress() {\n-  local progress=$1\n-  local command=$2\n-  shift 2\n-\n-  local pid=\"\"\n-  printf \"\\n\"\n-\n-  case \"$progress\" in\n-    extended)\n-      $command \"$@\"\n-      ;;\n-    basic|*)\n-      $command \"$@\" &>/dev/null &\n-      pid=$!\n-      while kill -0 \"$pid\" >/dev/null 2>&1; do\n-        printf \"#\"\n-        sleep 10\n-      done\n-      wait $pid # return pid's exit code\n-      printf \"\\n\"\n-    ;;\n-  esac\n-  printf \"\\n\"\n-}\n-\n-update_che_launcher() {\n-  if [ -z \"${CHE_VERSION}\" ]; then\n-    CHE_VERSION=${DEFAULT_CHE_VERSION}\n-  fi\n-\n-  CURRENT_IMAGE=$(docker images -q ${CHE_LAUNCHER_IMAGE_NAME}:${CHE_VERSION})\n-\n-  if [ \"${CURRENT_IMAGE}\" != \"\" ]; then\n-    info \"ECLIPSE CHE: ALREADY HAVE IMAGE ${CHE_LAUNCHER_IMAGE_NAME}:${CHE_VERSION}\"\n-  else\n-    info \"ECLIPSE CHE: PULLING IMAGE ${CHE_LAUNCHER_IMAGE_NAME}:${CHE_VERSION}\"\n-    execute_command_with_progress extended docker pull ${CHE_LAUNCHER_IMAGE_NAME}:${CHE_VERSION}\n-    info \"ECLIPSE CHE: IMAGE ${CHE_LAUNCHER_IMAGE_NAME}:${CHE_VERSION} INSTALLED\"\n-  fi\n-}\n-\n-# See: https://sipb.mit.edu/doc/safe-shell/\n-set -e\n-set -u\n-\n-init_logging\n-check_docker\n-init_global_variables\n-parse_command_line \"$@\"\n-\n-case ${CHE_CLI_ACTION} in\n-  start|stop|restart|update|info)\n-    execute_che_launcher\n-  ;;\n-  update-cli)\n-    update_che_launcher\n-  ;;\n-  help)\n-    usage\n-  ;;\n-esac\n+#!/bin/sh\r\n+# Copyright (c) 2012-2016 Codenvy, S.A.\r\n+# All rights reserved. This program and the accompanying materials\r\n+# are made available under the terms of the Eclipse Public License v1.0\r\n+# which accompanies this distribution, and is available at\r\n+# http://www.eclipse.org/legal/epl-v10.html\r\n+#\r\n+# Contributors:\r\n+#   Tyler Jewell - Initial Implementation\r\n+#\r\n+\r\n+init_logging() {\r\n+  BLUE='\\033[1;34m'\r\n+  GREEN='\\033[0;32m'\r\n+  RED='\\033[0;31m'\r\n+  NC='\\033[0m'\r\n+}\r\n+\r\n+init_global_variables() {\r\n+\r\n+  CHE_LAUNCHER_CONTAINER_NAME=\"che-launcher\"\r\n+  CHE_LAUNCHER_IMAGE_NAME=\"codenvy/che-launcher\"\r\n+\r\n+  # User configurable variables\r\n+  DEFAULT_CHE_VERSION=\"nightly\"\r\n+  DEFAULT_CHE_CLI_ACTION=\"help\"\r\n+\r\n+  CHE_VERSION=${CHE_VERSION:-${DEFAULT_CHE_VERSION}}\r\n+  CHE_CLI_ACTION=${CHE_CLI_ACTION:-${DEFAULT_CHE_CLI_ACTION}}\r\n+\r\n+  USAGE=\"\r\n+Usage: che [COMMAND]\r\n+     start                              Starts Che server\r\n+     stop                               Stops Che server\r\n+     restart                            Restart Che server\r\n+     update                             Pull latest version of ${CHE_LAUNCHER_IMAGE_NAME}\r\n+     info                               Print some debugging information\r\n+     init                               Initialize directory with Che configuration\r\n+     up                                 Create workspace from source in current directory\r\n+\"\r\n+}\r\n+\r\n+usage () {\r\n+  printf \"%s\" \"${USAGE}\"\r\n+}\r\n+\r\n+info() {\r\n+  printf  \"${GREEN}INFO:${NC} %s\\n\" \"${1}\"\r\n+}\r\n+\r\n+debug() {\r\n+  printf  \"${BLUE}DEBUG:${NC} %s\\n\" \"${1}\"\r\n+}\r\n+\r\n+error() {\r\n+  printf  \"${RED}ERROR:${NC} %s\\n\" \"${1}\"\r\n+}\r\n+\r\n+error_exit() {\r\n+  echo  \"---------------------------------------\"\r\n+  error \"!!!\"\r\n+  error \"!!! ${1}\"\r\n+  error \"!!!\"\r\n+  echo  \"---------------------------------------\"\r\n+  exit 1\r\n+}\r\n+\r\n+docker-exec() {\r\n+  if is_boot2docker || is_docker_for_windows; then\r\n+    MSYS_NO_PATHCONV=1 docker.exe \"$@\"\r\n+  else\r\n+    echo $(get_docker_install_type)\r\n+    \"$(which docker)\" \"$@\"\r\n+  fi\r\n+}\r\n+\r\n+check_docker() {\r\n+  if ! docker ps > /dev/null 2>&1; then\r\n+    output=$(docker)\r\n+    error_exit \"Error - Docker not installed properly: ${output}\"\r\n+  fi\r\n+}\r\n+\r\n+parse_command_line () {\r\n+  for command_line_option in \"$@\"; do\r\n+    case ${command_line_option} in\r\n+      start|stop|restart|update|info|init|up|help|-h|--help)\r\n+        CHE_CLI_ACTION=${command_line_option}\r\n+      ;;\r\n+      *)\r\n+        # unknown option\r\n+        error_exit \"You passed an unknown command line option.\"\r\n+      ;;\r\n+    esac\r\n+  done\r\n+}\r\n+\r\n+is_boot2docker() {\r\n+  if uname -r | grep -q 'boot2docker'; then\r\n+    return 0\r\n+  else\r\n+    return 1\r\n+  fi\r\n+}\r\n+\r\n+get_docker_host_ip() {\r\n+  NETWORK_IF=\"eth0\"\r\n+  if is_boot2docker; then\r\n+    NETWORK_IF=\"eth1\"\r\n+  fi\r\n+\r\n+  docker run --rm --net host \\\r\n+            alpine sh -c \\\r\n+            \"ip a show ${NETWORK_IF}\" | \\\r\n+            grep 'inet ' | \\\r\n+            cut -d/ -f1 | \\\r\n+            awk '{ print $2}'\r\n+}\r\n+\r\n+has_docker_for_windows_ip() {\r\n+  DOCKER_HOST_IP=$(get_docker_host_ip)\r\n+  if [ \"${DOCKER_HOST_IP}\" = \"10.0.75.2\" ]; then\r\n+    return 0\r\n+  else\r\n+    return 1\r\n+  fi\r\n+}\r\n+\r\n+is_moby_vm() {\r\n+  if [ $(docker info | grep \"Name:\" | cut -d\" \" -f2) = \"moby\" ]; then\r\n+    return 0\r\n+  else\r\n+    return 1\r\n+  fi\r\n+}\r\n+\r\n+is_docker_for_mac() {\r\n+  if is_moby_vm && ! has_docker_for_windows_ip; then\r\n+    return 0\r\n+  else\r\n+    return 1\r\n+  fi\r\n+}\r\n+\r\n+is_docker_for_windows() {\r\n+  if is_moby_vm && has_docker_for_windows_ip; then\r\n+    return 0\r\n+  else\r\n+    return 1\r\n+  fi\r\n+}\r\n+\r\n+get_docker_install_type() {\r\n+  if is_boot2docker; then\r\n+    echo \"boot2docker\"\r\n+  elif is_docker_for_windows; then\r\n+    echo \"docker4windows\"\r\n+  elif is_docker_for_mac; then\r\n+    echo \"docker4mac\"\r\n+  else\r\n+    echo \"native\"\r\n+  fi\r\n+}\r\n+\r\n+get_list_of_variables() {\r\n+  RETURN=\"\"\r\n+  CHE_VARIABLES=$(env | grep \"CHE_\")\r\n+  for SINGLE_VARIABLE in $CHE_VARIABLES; do\r\n+    VALUE='-e '${SINGLE_VARIABLE}' '\r\n+    RETURN=\"${RETURN}\"\"${VALUE}\"\r\n+  done\r\n+  echo \"${RETURN}\"\r\n+}\r\n+\r\n+execute_che_launcher() {\r\n+  update_che_launcher\r\n+  info \"ECLIPSE CHE: LAUNCHING LAUNCHER\"\r\n+  docker-exec run -t --name \"${CHE_LAUNCHER_CONTAINER_NAME}\" \\\r\n+    -v /var/run/docker.sock:/var/run/docker.sock \\\r\n+    $(get_list_of_variables) \\\r\n+    \"${CHE_LAUNCHER_IMAGE_NAME}\":\"${CHE_VERSION}\" \"${CHE_CLI_ACTION}\" \\\r\n+    # > /dev/null 2>&1\r\n+}\r\n+\r\n+execute_che_file() {\r\n+\r\n+  update_che_file\r\n+\r\n+  info \"ECLIPSE CHE FILE: LAUNCHING CONTAINER\"\r\n+  CURRENT_DIRECTORY=\"$PWD\"\r\n+  MODIFIED_DIRECTORY=${CURRENT_DIRECTORY//////}\r\n+  docker-exec run -it --rm --name \"${CHE_FILE_CONTAINER_NAME}\" \\\r\n+         -v /var/run/docker.sock:/var/run/docker.sock \\\r\n+         -v \"$PWD\":\"$PWD\" \\\r\n+         \"${CHE_FILE_IMAGE_NAME}\":\"${CHE_VERSION}\" \\\r\n+         /bin/che-file \"$PWD\" \"${CHE_CLI_ACTION}\"\r\n+    # > /dev/null 2>&1\r\n+}\r\n+\r\n+execute_command_with_progress() {\r\n+  local progress=$1\r\n+  local command=$2\r\n+  shift 2\r\n+\r\n+  local pid=\"\"\r\n+  printf \"\\n\"\r\n+\r\n+  case \"$progress\" in\r\n+    extended)\r\n+      $command \"$@\"\r\n+      ;;\r\n+    basic|*)\r\n+      $command \"$@\" &>/dev/null &\r\n+      pid=$!\r\n+      while kill -0 \"$pid\" >/dev/null 2>&1; do\r\n+        printf \"#\"\r\n+        sleep 10\r\n+      done\r\n+      wait $pid # return pid's exit code\r\n+      printf \"\\n\"\r\n+    ;;\r\n+  esac\r\n+  printf \"\\n\"\r\n+}\r\n+\r\n+update_che_launcher() {\r\n+  if [ -z \"${CHE_VERSION}\" ]; then\r\n+    CHE_VERSION=${DEFAULT_CHE_VERSION}\r\n+  fi\r\n+\r\n+  CURRENT_IMAGE=$(docker images -q ${CHE_LAUNCHER_IMAGE_NAME}:${CHE_VERSION})\r\n+\r\n+  if [ \"${CURRENT_IMAGE}\" != \"\" ]; then\r\n+    info \"ECLIPSE CHE: ALREADY HAVE IMAGE ${CHE_LAUNCHER_IMAGE_NAME}:${CHE_VERSION}\"\r\n+  else\r\n+    info \"ECLIPSE CHE: PULLING IMAGE ${CHE_LAUNCHER_IMAGE_NAME}:${CHE_VERSION}\"\r\n+    execute_command_with_progress extended docker pull ${CHE_LAUNCHER_IMAGE_NAME}:${CHE_VERSION}\r\n+    info \"ECLIPSE CHE: IMAGE ${CHE_LAUNCHER_IMAGE_NAME}:${CHE_VERSION} INSTALLED\"\r\n+  fi\r\n+}\r\n+\r\n+# See: https://sipb.mit.edu/doc/safe-shell/\r\n+set -e\r\n+set -u\r\n+\r\n+init_logging\r\n+check_docker\r\n+init_global_variables\r\n+parse_command_line \"$@\"\r\n+\r\n+case ${CHE_CLI_ACTION} in\r\n+  start|stop|restart|info)\r\n+    execute_che_launcher\r\n+  ;;\r\n+  init|up)\r\n+    execute_che_file\r\n+  ;;\r\n+  update)\r\n+    update_che_launcher\r\n+  ;;\r\n+  help)\r\n+    get_list_of_variables\r\n+    usage\r\n+  ;;\r\n+esac\r","previous_filename":"dockerfiles/che-cli/files-to-install/che.sh"},{"sha":"817a705879ee8689efe1f216ce2b8172953fc6d6","filename":"dockerfiles/che-cli/Dockerfile","status":"removed","additions":0,"deletions":39,"changes":39,"blob_url":"https://github.com/eclipse/che/blob/bc9d96deac1230f8c03ad298e3cc2190c359f2c1/dockerfiles/che-cli/Dockerfile","raw_url":"https://github.com/eclipse/che/raw/bc9d96deac1230f8c03ad298e3cc2190c359f2c1/dockerfiles/che-cli/Dockerfile","contents_url":"https://api.github.com/repos/eclipse/che/contents/dockerfiles/che-cli/Dockerfile?ref=bc9d96deac1230f8c03ad298e3cc2190c359f2c1","patch":"@@ -1,39 +0,0 @@\n-# Copyright (c) 2012-2016 Codenvy, S.A.\n-# All rights reserved. This program and the accompanying materials\n-# are made available under the terms of the Eclipse Public License v1.0\n-# which accompanies this distribution, and is available at\n-# http://www.eclipse.org/legal/epl-v10.html\n-#\n-# Contributors:\n-#   Codenvy, S.A. - Initial implementation\n-#\n-# To build, in this directory:\n-#  `docker build -t codenvy/che-cli .`\n-#\n-# Use it to install files into current directory with Windows:\n-#   set f=%~dp0:\\=/%&set h=%g::=%&set i=/%h%\n-#   for /l %%a in (1,1,100) do if \"!i:~-1!\"==\" \" set i=!i:~0,-1!\n-#   docker run -v %i%:/che codenvy/che-cli\n-#\n-# Use it to install files into current directory with Linux / Mac:\n-#   docker run -v $(pwd):/che codenvy/che-cli\n-#\n-FROM alpine:3.4\n-\n-RUN apk add --no-cache \\\n-    ca-certificates \\\n-    curl \\\n-    openssl\n-\n-ENV DOCKER_BUCKET get.docker.com\n-ENV DOCKER_VERSION 1.6.0\n-\n-RUN set -x \\\n-  && curl -sL \"https://${DOCKER_BUCKET}/builds/Linux/x86_64/docker-$DOCKER_VERSION\" \\\n-  > /usr/bin/docker; chmod +x /usr/bin/docker\n-\n-COPY files-to-install che\n-\n-COPY /install.sh /bin/install.sh\n-\n-ENTRYPOINT [\"bin/install.sh\"]"},{"sha":"197c4593e5177a0e9452b6a17190fa568b25e798","filename":"dockerfiles/che-cli/install.sh","status":"removed","additions":0,"deletions":9,"changes":9,"blob_url":"https://github.com/eclipse/che/blob/bc9d96deac1230f8c03ad298e3cc2190c359f2c1/dockerfiles/che-cli/install.sh","raw_url":"https://github.com/eclipse/che/raw/bc9d96deac1230f8c03ad298e3cc2190c359f2c1/dockerfiles/che-cli/install.sh","contents_url":"https://api.github.com/repos/eclipse/che/contents/dockerfiles/che-cli/install.sh?ref=bc9d96deac1230f8c03ad298e3cc2190c359f2c1","patch":"@@ -1,9 +0,0 @@\n-#!/bin/sh\n-# Copyright (c) 2012-2016 Codenvy, S.A.\n-# All rights reserved. This program and the accompanying materials\n-# are made available under the terms of the Eclipse Public License v1.0\n-# which accompanies this distribution, and is available at\n-# http://www.eclipse.org/legal/epl-v10.html\n-#\n-cd /che \n-yes | cp -rf /che/files-to-install/* /che"}]}
