{"sha":"06ab3b991db8bf0f16cd609d74adc70f3742ed3e","commit":{"author":{"name":"Sergii Kabashniuk","email":"skabashniuk@redhat.com","date":"2017-09-27T08:39:57Z"},"committer":{"name":"Sergii Kabashniuk","email":"skabashniuk@redhat.com","date":"2017-09-27T08:39:57Z"},"message":"Code cleanup","tree":{"sha":"664e23982173027a46508039f6cf43bbe6224ddc","url":"https://api.github.com/repos/eclipse/che/git/trees/664e23982173027a46508039f6cf43bbe6224ddc"},"url":"https://api.github.com/repos/eclipse/che/git/commits/06ab3b991db8bf0f16cd609d74adc70f3742ed3e","comment_count":0,"verification":{"verified":false,"reason":"unsigned","signature":null,"payload":null}},"url":"https://api.github.com/repos/eclipse/che/commits/06ab3b991db8bf0f16cd609d74adc70f3742ed3e","html_url":"https://github.com/eclipse/che/commit/06ab3b991db8bf0f16cd609d74adc70f3742ed3e","comments_url":"https://api.github.com/repos/eclipse/che/commits/06ab3b991db8bf0f16cd609d74adc70f3742ed3e/comments","author":{"login":"skabashnyuk","id":1614429,"avatar_url":"https://avatars0.githubusercontent.com/u/1614429?v=4","gravatar_id":"","url":"https://api.github.com/users/skabashnyuk","html_url":"https://github.com/skabashnyuk","followers_url":"https://api.github.com/users/skabashnyuk/followers","following_url":"https://api.github.com/users/skabashnyuk/following{/other_user}","gists_url":"https://api.github.com/users/skabashnyuk/gists{/gist_id}","starred_url":"https://api.github.com/users/skabashnyuk/starred{/owner}{/repo}","subscriptions_url":"https://api.github.com/users/skabashnyuk/subscriptions","organizations_url":"https://api.github.com/users/skabashnyuk/orgs","repos_url":"https://api.github.com/users/skabashnyuk/repos","events_url":"https://api.github.com/users/skabashnyuk/events{/privacy}","received_events_url":"https://api.github.com/users/skabashnyuk/received_events","type":"User","site_admin":false},"committer":{"login":"skabashnyuk","id":1614429,"avatar_url":"https://avatars0.githubusercontent.com/u/1614429?v=4","gravatar_id":"","url":"https://api.github.com/users/skabashnyuk","html_url":"https://github.com/skabashnyuk","followers_url":"https://api.github.com/users/skabashnyuk/followers","following_url":"https://api.github.com/users/skabashnyuk/following{/other_user}","gists_url":"https://api.github.com/users/skabashnyuk/gists{/gist_id}","starred_url":"https://api.github.com/users/skabashnyuk/starred{/owner}{/repo}","subscriptions_url":"https://api.github.com/users/skabashnyuk/subscriptions","organizations_url":"https://api.github.com/users/skabashnyuk/orgs","repos_url":"https://api.github.com/users/skabashnyuk/repos","events_url":"https://api.github.com/users/skabashnyuk/events{/privacy}","received_events_url":"https://api.github.com/users/skabashnyuk/received_events","type":"User","site_admin":false},"parents":[{"sha":"07f238dee4e9c1094479156302dcac21b88041ea","url":"https://api.github.com/repos/eclipse/che/commits/07f238dee4e9c1094479156302dcac21b88041ea","html_url":"https://github.com/eclipse/che/commit/07f238dee4e9c1094479156302dcac21b88041ea"}],"stats":{"total":20,"additions":0,"deletions":20},"files":[{"sha":"a36524b432f6d35b2c5e210d69b84dd2d1f64913","filename":"assembly-multiuser/assembly-ide-war/pom.xml","status":"modified","additions":0,"deletions":5,"changes":5,"blob_url":"https://github.com/eclipse/che/blob/06ab3b991db8bf0f16cd609d74adc70f3742ed3e/assembly-multiuser/assembly-ide-war/pom.xml","raw_url":"https://github.com/eclipse/che/raw/06ab3b991db8bf0f16cd609d74adc70f3742ed3e/assembly-multiuser/assembly-ide-war/pom.xml","contents_url":"https://api.github.com/repos/eclipse/che/contents/assembly-multiuser/assembly-ide-war/pom.xml?ref=06ab3b991db8bf0f16cd609d74adc70f3742ed3e","patch":"@@ -11,11 +11,6 @@\n       Red Hat, Inc. - initial API and implementation\n \n -->\n-<!-- Copyright (c) 2012-2016 Codenvy, S.A. All rights reserved. This program \n-    and the accompanying materials are made available under the terms of the \n-    Eclipse Public License v1.0 which accompanies this distribution, and is available \n-    at http://www.eclipse.org/legal/epl-v10.html Contributors: Codenvy, S.A. \n-    - initial API and implementation -->\n <project xmlns=\"http://maven.apache.org/POM/4.0.0\" xmlns:xsi=\"http://www.w3.org/2001/XMLSchema-instance\" xsi:schemaLocation=\"http://maven.apache.org/POM/4.0.0 http://maven.apache.org/maven-v4_0_0.xsd\">\n     <modelVersion>4.0.0</modelVersion>\n     <parent>"},{"sha":"23a370a018043634b7846248eee035a589409b3b","filename":"assembly-multiuser/assembly-main/pom.xml","status":"modified","additions":0,"deletions":5,"changes":5,"blob_url":"https://github.com/eclipse/che/blob/06ab3b991db8bf0f16cd609d74adc70f3742ed3e/assembly-multiuser/assembly-main/pom.xml","raw_url":"https://github.com/eclipse/che/raw/06ab3b991db8bf0f16cd609d74adc70f3742ed3e/assembly-multiuser/assembly-main/pom.xml","contents_url":"https://api.github.com/repos/eclipse/che/contents/assembly-multiuser/assembly-main/pom.xml?ref=06ab3b991db8bf0f16cd609d74adc70f3742ed3e","patch":"@@ -11,11 +11,6 @@\n       Red Hat, Inc. - initial API and implementation\n \n -->\n-<!-- Copyright (c) 2012-2016 Codenvy, S.A. All rights reserved. This program \n-    and the accompanying materials are made available under the terms of the \n-    Eclipse Public License v1.0 which accompanies this distribution, and is available \n-    at http://www.eclipse.org/legal/epl-v10.html Contributors: Codenvy, S.A. \n-    - initial API and implementation -->\n <project xmlns=\"http://maven.apache.org/POM/4.0.0\" xmlns:xsi=\"http://www.w3.org/2001/XMLSchema-instance\" xsi:schemaLocation=\"http://maven.apache.org/POM/4.0.0 http://maven.apache.org/maven-v4_0_0.xsd\">\n     <modelVersion>4.0.0</modelVersion>\n     <parent>"},{"sha":"fae6479db800c54cb45411929838352982e9e5a6","filename":"assembly-multiuser/assembly-wsagent-war/pom.xml","status":"modified","additions":0,"deletions":5,"changes":5,"blob_url":"https://github.com/eclipse/che/blob/06ab3b991db8bf0f16cd609d74adc70f3742ed3e/assembly-multiuser/assembly-wsagent-war/pom.xml","raw_url":"https://github.com/eclipse/che/raw/06ab3b991db8bf0f16cd609d74adc70f3742ed3e/assembly-multiuser/assembly-wsagent-war/pom.xml","contents_url":"https://api.github.com/repos/eclipse/che/contents/assembly-multiuser/assembly-wsagent-war/pom.xml?ref=06ab3b991db8bf0f16cd609d74adc70f3742ed3e","patch":"@@ -11,11 +11,6 @@\n       Red Hat, Inc. - initial API and implementation\n \n -->\n-<!-- Copyright (c) 2012-2016 Codenvy, S.A. All rights reserved. This program \n-    and the accompanying materials are made available under the terms of the \n-    Eclipse Public License v1.0 which accompanies this distribution, and is available \n-    at http://www.eclipse.org/legal/epl-v10.html Contributors: Codenvy, S.A. \n-    - initial API and implementation -->\n <project xmlns=\"http://maven.apache.org/POM/4.0.0\" xmlns:xsi=\"http://www.w3.org/2001/XMLSchema-instance\" xsi:schemaLocation=\"http://maven.apache.org/POM/4.0.0 http://maven.apache.org/xsd/maven-4.0.0.xsd\">\n     <modelVersion>4.0.0</modelVersion>\n     <parent>"},{"sha":"320ea19becb8d09edc714e046e449887df0af953","filename":"assembly-multiuser/assembly-wsmaster-war/pom.xml","status":"modified","additions":0,"deletions":5,"changes":5,"blob_url":"https://github.com/eclipse/che/blob/06ab3b991db8bf0f16cd609d74adc70f3742ed3e/assembly-multiuser/assembly-wsmaster-war/pom.xml","raw_url":"https://github.com/eclipse/che/raw/06ab3b991db8bf0f16cd609d74adc70f3742ed3e/assembly-multiuser/assembly-wsmaster-war/pom.xml","contents_url":"https://api.github.com/repos/eclipse/che/contents/assembly-multiuser/assembly-wsmaster-war/pom.xml?ref=06ab3b991db8bf0f16cd609d74adc70f3742ed3e","patch":"@@ -11,11 +11,6 @@\n       Red Hat, Inc. - initial API and implementation\n \n -->\n-<!-- Copyright (c) 2012-2016 Codenvy, S.A. All rights reserved. This program \n-    and the accompanying materials are made available under the terms of the \n-    Eclipse Public License v1.0 which accompanies this distribution, and is available \n-    at http://www.eclipse.org/legal/epl-v10.html Contributors: Codenvy, S.A. \n-    - initial API and implementation -->\n <project xmlns=\"http://maven.apache.org/POM/4.0.0\" xmlns:xsi=\"http://www.w3.org/2001/XMLSchema-instance\" xsi:schemaLocation=\"http://maven.apache.org/POM/4.0.0 http://maven.apache.org/maven-v4_0_0.xsd\">\n     <modelVersion>4.0.0</modelVersion>\n     <parent>"}]}
