{"sha":"06c9108f8f530a20b69b8e25333c66617588c6d2","commit":{"author":{"name":"Roman Iuvshyn","email":"riuvshyn@redhat.com","date":"2017-06-22T11:23:40Z"},"committer":{"name":"Roman Iuvshyn","email":"riuvshyn@redhat.com","date":"2017-06-22T11:23:40Z"},"message":"rework health check for PG","tree":{"sha":"0ce89a2b06cbda9a04461c77d1b5c21c2f7972b5","url":"https://api.github.com/repos/eclipse/che/git/trees/0ce89a2b06cbda9a04461c77d1b5c21c2f7972b5"},"url":"https://api.github.com/repos/eclipse/che/git/commits/06c9108f8f530a20b69b8e25333c66617588c6d2","comment_count":0,"verification":{"verified":false,"reason":"unsigned","signature":null,"payload":null}},"url":"https://api.github.com/repos/eclipse/che/commits/06c9108f8f530a20b69b8e25333c66617588c6d2","html_url":"https://github.com/eclipse/che/commit/06c9108f8f530a20b69b8e25333c66617588c6d2","comments_url":"https://api.github.com/repos/eclipse/che/commits/06c9108f8f530a20b69b8e25333c66617588c6d2/comments","author":{"login":"riuvshin","id":1636732,"avatar_url":"https://avatars2.githubusercontent.com/u/1636732?v=4","gravatar_id":"","url":"https://api.github.com/users/riuvshin","html_url":"https://github.com/riuvshin","followers_url":"https://api.github.com/users/riuvshin/followers","following_url":"https://api.github.com/users/riuvshin/following{/other_user}","gists_url":"https://api.github.com/users/riuvshin/gists{/gist_id}","starred_url":"https://api.github.com/users/riuvshin/starred{/owner}{/repo}","subscriptions_url":"https://api.github.com/users/riuvshin/subscriptions","organizations_url":"https://api.github.com/users/riuvshin/orgs","repos_url":"https://api.github.com/users/riuvshin/repos","events_url":"https://api.github.com/users/riuvshin/events{/privacy}","received_events_url":"https://api.github.com/users/riuvshin/received_events","type":"User","site_admin":false},"committer":{"login":"riuvshin","id":1636732,"avatar_url":"https://avatars2.githubusercontent.com/u/1636732?v=4","gravatar_id":"","url":"https://api.github.com/users/riuvshin","html_url":"https://github.com/riuvshin","followers_url":"https://api.github.com/users/riuvshin/followers","following_url":"https://api.github.com/users/riuvshin/following{/other_user}","gists_url":"https://api.github.com/users/riuvshin/gists{/gist_id}","starred_url":"https://api.github.com/users/riuvshin/starred{/owner}{/repo}","subscriptions_url":"https://api.github.com/users/riuvshin/subscriptions","organizations_url":"https://api.github.com/users/riuvshin/orgs","repos_url":"https://api.github.com/users/riuvshin/repos","events_url":"https://api.github.com/users/riuvshin/events{/privacy}","received_events_url":"https://api.github.com/users/riuvshin/received_events","type":"User","site_admin":false},"parents":[{"sha":"0ebf0e8aaa3240190c59bdc562d20a50f8f8fcbc","url":"https://api.github.com/repos/eclipse/che/commits/0ebf0e8aaa3240190c59bdc562d20a50f8f8fcbc","html_url":"https://github.com/eclipse/che/commit/0ebf0e8aaa3240190c59bdc562d20a50f8f8fcbc"}],"stats":{"total":35,"additions":1,"deletions":34},"files":[{"sha":"c7036b4e93204f7e5715e797833a9507bbd49557","filename":"dockerfiles/init/modules/base/manifests/init.pp","status":"modified","additions":0,"deletions":1,"changes":1,"blob_url":"https://github.com/eclipse/che/blob/06c9108f8f530a20b69b8e25333c66617588c6d2/dockerfiles/init/modules/base/manifests/init.pp","raw_url":"https://github.com/eclipse/che/raw/06c9108f8f530a20b69b8e25333c66617588c6d2/dockerfiles/init/modules/base/manifests/init.pp","contents_url":"https://api.github.com/repos/eclipse/che/contents/dockerfiles/init/modules/base/manifests/init.pp?ref=06c9108f8f530a20b69b8e25333c66617588c6d2","patch":"@@ -14,5 +14,4 @@\n   include che\n   include compose\n   include traefik\n-  include postgres\n }"},{"sha":"57b81a37ae56c4272804efb50f4914b809060d91","filename":"dockerfiles/init/modules/compose/templates/docker-compose.yml.erb","status":"modified","additions":1,"deletions":2,"changes":3,"blob_url":"https://github.com/eclipse/che/blob/06c9108f8f530a20b69b8e25333c66617588c6d2/dockerfiles/init/modules/compose/templates/docker-compose.yml.erb","raw_url":"https://github.com/eclipse/che/raw/06c9108f8f530a20b69b8e25333c66617588c6d2/dockerfiles/init/modules/compose/templates/docker-compose.yml.erb","contents_url":"https://api.github.com/repos/eclipse/che/contents/dockerfiles/init/modules/compose/templates/docker-compose.yml.erb?ref=06c9108f8f530a20b69b8e25333c66617588c6d2","patch":"@@ -92,13 +92,12 @@ services:\n       - POSTGRES_PASSWORD=keycloak\n       - POSTGRES_DB=keycloak\n     volumes:\n-      - '<%= scope.lookupvar('che::che_instance') -%>/config/postgres/docker-healthcheck.sh:/docker-healthcheck.sh'\n       - '<%= scope.lookupvar('che::che_instance') -%>/data/postgres:/var/lib/postgresql/data'\n     ports:\n       - '5432:5432'\n     restart: always\n     healthcheck:\n-        test: [\"CMD\", \"/docker-healthcheck.sh\"]\n+        test: \"pg_isready -h localhost -p 5432 -U postgres\"\n         interval: 10s\n         timeout: 10s\n         retries: 10"},{"sha":"7c1d5dfa7125006565c458d1d589df5d6d65e73d","filename":"dockerfiles/init/modules/postgres/manifests/init.pp","status":"removed","additions":0,"deletions":11,"changes":11,"blob_url":"https://github.com/eclipse/che/blob/0ebf0e8aaa3240190c59bdc562d20a50f8f8fcbc/dockerfiles/init/modules/postgres/manifests/init.pp","raw_url":"https://github.com/eclipse/che/raw/0ebf0e8aaa3240190c59bdc562d20a50f8f8fcbc/dockerfiles/init/modules/postgres/manifests/init.pp","contents_url":"https://api.github.com/repos/eclipse/che/contents/dockerfiles/init/modules/postgres/manifests/init.pp?ref=0ebf0e8aaa3240190c59bdc562d20a50f8f8fcbc","patch":"@@ -1,11 +0,0 @@\n-class postgres {\n-  file { \"/opt/che/config/postgres\":\n-    ensure => \"directory\",\n-    mode   => \"755\",\n-  } ->\n-  file { \"/opt/che/config/postgres/docker-healthcheck.sh\":\n-    content => template('postgres/docker-healthcheck.sh.erb'),\n-    ensure  => file,\n-    mode    => \"755\",\n-  }\n-}"},{"sha":"9eb6d50ae48e534aadfaa9c2876f029194eb60d4","filename":"dockerfiles/init/modules/postgres/templates/docker-healthcheck.sh.erb","status":"removed","additions":0,"deletions":20,"changes":20,"blob_url":"https://github.com/eclipse/che/blob/0ebf0e8aaa3240190c59bdc562d20a50f8f8fcbc/dockerfiles/init/modules/postgres/templates/docker-healthcheck.sh.erb","raw_url":"https://github.com/eclipse/che/raw/0ebf0e8aaa3240190c59bdc562d20a50f8f8fcbc/dockerfiles/init/modules/postgres/templates/docker-healthcheck.sh.erb","contents_url":"https://api.github.com/repos/eclipse/che/contents/dockerfiles/init/modules/postgres/templates/docker-healthcheck.sh.erb?ref=0ebf0e8aaa3240190c59bdc562d20a50f8f8fcbc","patch":"@@ -1,20 +0,0 @@\n-#!/bin/sh\n-# Copyright (c) 2016 Codenvy, S.A.\n-# All rights reserved. This program and the accompanying materials\n-# are made available under the terms of the Eclipse Public License v1.0\n-# which accompanies this distribution, and is available at\n-# http://www.eclipse.org/legal/epl-v10.html\n-#\n-\n-set -e\n-\n-export PGUSER=${POSTGRES_USER}\n-\n-psql -h localhost -d template1 -c '\\l'\n-ret_code=$?\n-\n-# Docker healthcheck requires we only over exit 0 or 1 so this captures the\n-# other exit codes and coverts them all to a simple exit 1\n-if [ $ret_code != 0 ]; then\n-  exit 1\n-fi"}]}
