{"sha":"06d4aea01c3d1b75a5dbd36112507de82da3b808","commit":{"author":{"name":"Igor Ohrimenko","email":"iokhrime@redhat.com","date":"2018-02-20T13:49:16Z"},"committer":{"name":"GitHub","email":"noreply@github.com","date":"2018-02-20T13:49:16Z"},"message":"Change 'quickExpandWithJavaScript' to 'expandPathInProjectExplorer' method for increasing stability (#8845)","tree":{"sha":"2b034338ae50c311d878c4133e274a379b1a2857","url":"https://api.github.com/repos/eclipse/che/git/trees/2b034338ae50c311d878c4133e274a379b1a2857"},"url":"https://api.github.com/repos/eclipse/che/git/commits/06d4aea01c3d1b75a5dbd36112507de82da3b808","comment_count":0,"verification":{"verified":true,"reason":"valid","signature":"-----BEGIN PGP SIGNATURE-----\n\nwsBcBAABCAAQBQJajCdcCRBK7hj4Ov3rIwAAdHIIABu78QhP+1Zq1Ub3K2ln5qTB\n7yKCDB0uvJe1NSCfzdcyA1v/yZWuCIBT7SVB/sqlkh8UVrnAs1yydTah1LxdFKNO\nBY5bue8bs3Ik68hbdfQ27ZJJHLiqYDoz4wlOwyIFnEnc0HnF9OsX5uyTO3VQq/0v\n9LzagbtY2GG+KPsQMvO64ZKDvkhOOh7F1515RXqJKfDrNVqkpJmMGWJRRZIJYIKf\niovAHO+sPu+DxgHYr8LOlKYB13l90EyqDvHqzPIjUMe82VOEpDqjU1SquAm1BAzu\nffzctDWT9fEsQvkDXwg94TXv2R4XRqgBt/E4SRLWXyh9gcXyCJLCQBM79xpWpqc=\n=adm8\n-----END PGP SIGNATURE-----\n","payload":"tree 2b034338ae50c311d878c4133e274a379b1a2857\nparent 1904eac100a1c8296463659f0f70f4fde0154c61\nauthor Igor Ohrimenko <iokhrime@redhat.com> 1519134556 +0200\ncommitter GitHub <noreply@github.com> 1519134556 +0200\n\nChange 'quickExpandWithJavaScript' to 'expandPathInProjectExplorer' method for increasing stability (#8845)\n\n"}},"url":"https://api.github.com/repos/eclipse/che/commits/06d4aea01c3d1b75a5dbd36112507de82da3b808","html_url":"https://github.com/eclipse/che/commit/06d4aea01c3d1b75a5dbd36112507de82da3b808","comments_url":"https://api.github.com/repos/eclipse/che/commits/06d4aea01c3d1b75a5dbd36112507de82da3b808/comments","author":{"login":"Ohrimenko1988","id":22724619,"avatar_url":"https://avatars1.githubusercontent.com/u/22724619?v=4","gravatar_id":"","url":"https://api.github.com/users/Ohrimenko1988","html_url":"https://github.com/Ohrimenko1988","followers_url":"https://api.github.com/users/Ohrimenko1988/followers","following_url":"https://api.github.com/users/Ohrimenko1988/following{/other_user}","gists_url":"https://api.github.com/users/Ohrimenko1988/gists{/gist_id}","starred_url":"https://api.github.com/users/Ohrimenko1988/starred{/owner}{/repo}","subscriptions_url":"https://api.github.com/users/Ohrimenko1988/subscriptions","organizations_url":"https://api.github.com/users/Ohrimenko1988/orgs","repos_url":"https://api.github.com/users/Ohrimenko1988/repos","events_url":"https://api.github.com/users/Ohrimenko1988/events{/privacy}","received_events_url":"https://api.github.com/users/Ohrimenko1988/received_events","type":"User","site_admin":false},"committer":{"login":"web-flow","id":19864447,"avatar_url":"https://avatars3.githubusercontent.com/u/19864447?v=4","gravatar_id":"","url":"https://api.github.com/users/web-flow","html_url":"https://github.com/web-flow","followers_url":"https://api.github.com/users/web-flow/followers","following_url":"https://api.github.com/users/web-flow/following{/other_user}","gists_url":"https://api.github.com/users/web-flow/gists{/gist_id}","starred_url":"https://api.github.com/users/web-flow/starred{/owner}{/repo}","subscriptions_url":"https://api.github.com/users/web-flow/subscriptions","organizations_url":"https://api.github.com/users/web-flow/orgs","repos_url":"https://api.github.com/users/web-flow/repos","events_url":"https://api.github.com/users/web-flow/events{/privacy}","received_events_url":"https://api.github.com/users/web-flow/received_events","type":"User","site_admin":false},"parents":[{"sha":"1904eac100a1c8296463659f0f70f4fde0154c61","url":"https://api.github.com/repos/eclipse/che/commits/1904eac100a1c8296463659f0f70f4fde0154c61","html_url":"https://github.com/eclipse/che/commit/1904eac100a1c8296463659f0f70f4fde0154c61"}],"stats":{"total":2,"additions":1,"deletions":1},"files":[{"sha":"498b195a60c8d3c1fddc36b7c230c799293590b0","filename":"selenium/che-selenium-test/src/test/java/org/eclipse/che/selenium/projectexplorer/CreateNewPackagesWithHelpCreationJavaClassTest.java","status":"modified","additions":1,"deletions":1,"changes":2,"blob_url":"https://github.com/eclipse/che/blob/06d4aea01c3d1b75a5dbd36112507de82da3b808/selenium/che-selenium-test/src/test/java/org/eclipse/che/selenium/projectexplorer/CreateNewPackagesWithHelpCreationJavaClassTest.java","raw_url":"https://github.com/eclipse/che/raw/06d4aea01c3d1b75a5dbd36112507de82da3b808/selenium/che-selenium-test/src/test/java/org/eclipse/che/selenium/projectexplorer/CreateNewPackagesWithHelpCreationJavaClassTest.java","contents_url":"https://api.github.com/repos/eclipse/che/contents/selenium/che-selenium-test/src/test/java/org/eclipse/che/selenium/projectexplorer/CreateNewPackagesWithHelpCreationJavaClassTest.java?ref=06d4aea01c3d1b75a5dbd36112507de82da3b808","patch":"@@ -68,7 +68,7 @@ public void setUp() throws Exception {\n   @Test\n   public void createNewPackageFromContextMenuTest() throws Exception {\n     projectExplorer.waitItem(PROJECT_NAME);\n-    projectExplorer.quickExpandWithJavaScript();\n+    projectExplorer.expandPathInProjectExplorer(PROJECT_NAME + \"/src/main/java\");\n     projectExplorer.selectItem(PROJECT_NAME + \"/src/main/java\");\n     menu.runCommand(\n         TestMenuCommandsConstants.Project.PROJECT,"}]}
