{"sha":"06df5be97dfbc09c13dd208e12db4ac63fa21aff","commit":{"author":{"name":"Eugene Ivantsov","email":"eivantsov@redhat.com","date":"2018-02-23T11:47:49Z"},"committer":{"name":"GitHub","email":"noreply@github.com","date":"2018-02-23T11:47:49Z"},"message":"Replace s2i based deployment approach with pure deployments (#8819)\n\n* Experimenting with deployment config based approach to Che multi user on OCP\r\n\r\n* Service pod\r\n\r\n* Remove s2i\r\n\r\n* Remove s2i\r\n\r\n* EOF\r\n\r\n* Cleanup\r\n\r\n* Cleanup\r\n\r\n* Cleanup\r\n\r\n* Cleanup\r\n\r\n* Make Keycloak util image configurable\r\n\r\n* Update webdriver.sh","tree":{"sha":"665fa5db8f824a5f126faac3cabd0aeda8aefa78","url":"https://api.github.com/repos/eclipse/che/git/trees/665fa5db8f824a5f126faac3cabd0aeda8aefa78"},"url":"https://api.github.com/repos/eclipse/che/git/commits/06df5be97dfbc09c13dd208e12db4ac63fa21aff","comment_count":0,"verification":{"verified":true,"reason":"valid","signature":"-----BEGIN PGP SIGNATURE-----\n\nwsBcBAABCAAQBQJaj/9lCRBK7hj4Ov3rIwAAdHIIAJnWiB0/Z7u1TmFyugIpaEYT\nhm5jyu9SUuYRnEGKPlgfkP6tf3ZgsiNg96TiOPj4dGpXmh32eFM8+MEA2SY2Q8lQ\n9/wT/DAO3poDpQ7ogVcrE1Wyp1lr7V3N9R/JwSSWdh/LJy2rxDfYpl5JfykBqohw\nmUkagx3hmwD394djf6YNrWJRPhAvzSnRuTQuey7ZX1Dnd1GDZjj+esjDN4DDxYi8\nGQojWOaFHipKciYoof1A7CMEUSVMT/he+8HOzL4foefVSqLPsbbCv95qIRTADSqv\nW+1yUUH+osrYQb2dl4fKYlj37eIwH/eOn7k+N2hsnM+JYRpYJxeyzd3O7SxeOOQ=\n=S5MA\n-----END PGP SIGNATURE-----\n","payload":"tree 665fa5db8f824a5f126faac3cabd0aeda8aefa78\nparent f4b7ae5889fed669c30f42befabe284af2221bb3\nauthor Eugene Ivantsov <eivantsov@redhat.com> 1519386469 +0200\ncommitter GitHub <noreply@github.com> 1519386469 +0200\n\nReplace s2i based deployment approach with pure deployments (#8819)\n\n* Experimenting with deployment config based approach to Che multi user on OCP\r\n\r\n* Service pod\r\n\r\n* Remove s2i\r\n\r\n* Remove s2i\r\n\r\n* EOF\r\n\r\n* Cleanup\r\n\r\n* Cleanup\r\n\r\n* Cleanup\r\n\r\n* Cleanup\r\n\r\n* Make Keycloak util image configurable\r\n\r\n* Update webdriver.sh\r\n"}},"url":"https://api.github.com/repos/eclipse/che/commits/06df5be97dfbc09c13dd208e12db4ac63fa21aff","html_url":"https://github.com/eclipse/che/commit/06df5be97dfbc09c13dd208e12db4ac63fa21aff","comments_url":"https://api.github.com/repos/eclipse/che/commits/06df5be97dfbc09c13dd208e12db4ac63fa21aff/comments","author":{"login":"eivantsov","id":5337267,"avatar_url":"https://avatars2.githubusercontent.com/u/5337267?v=4","gravatar_id":"","url":"https://api.github.com/users/eivantsov","html_url":"https://github.com/eivantsov","followers_url":"https://api.github.com/users/eivantsov/followers","following_url":"https://api.github.com/users/eivantsov/following{/other_user}","gists_url":"https://api.github.com/users/eivantsov/gists{/gist_id}","starred_url":"https://api.github.com/users/eivantsov/starred{/owner}{/repo}","subscriptions_url":"https://api.github.com/users/eivantsov/subscriptions","organizations_url":"https://api.github.com/users/eivantsov/orgs","repos_url":"https://api.github.com/users/eivantsov/repos","events_url":"https://api.github.com/users/eivantsov/events{/privacy}","received_events_url":"https://api.github.com/users/eivantsov/received_events","type":"User","site_admin":false},"committer":{"login":"web-flow","id":19864447,"avatar_url":"https://avatars3.githubusercontent.com/u/19864447?v=4","gravatar_id":"","url":"https://api.github.com/users/web-flow","html_url":"https://github.com/web-flow","followers_url":"https://api.github.com/users/web-flow/followers","following_url":"https://api.github.com/users/web-flow/following{/other_user}","gists_url":"https://api.github.com/users/web-flow/gists{/gist_id}","starred_url":"https://api.github.com/users/web-flow/starred{/owner}{/repo}","subscriptions_url":"https://api.github.com/users/web-flow/subscriptions","organizations_url":"https://api.github.com/users/web-flow/orgs","repos_url":"https://api.github.com/users/web-flow/repos","events_url":"https://api.github.com/users/web-flow/events{/privacy}","received_events_url":"https://api.github.com/users/web-flow/received_events","type":"User","site_admin":false},"parents":[{"sha":"f4b7ae5889fed669c30f42befabe284af2221bb3","url":"https://api.github.com/repos/eclipse/che/commits/f4b7ae5889fed669c30f42befabe284af2221bb3","html_url":"https://github.com/eclipse/che/commit/f4b7ae5889fed669c30f42befabe284af2221bb3"}],"stats":{"total":444,"additions":219,"deletions":225},"files":[{"sha":"2ff18fddb1f3a47a4793768a766f1dbb8186208c","filename":"dockerfiles/init/modules/openshift/files/scripts/deploy_che.sh","status":"modified","additions":6,"deletions":1,"changes":7,"blob_url":"https://github.com/eclipse/che/blob/06df5be97dfbc09c13dd208e12db4ac63fa21aff/dockerfiles/init/modules/openshift/files/scripts/deploy_che.sh","raw_url":"https://github.com/eclipse/che/raw/06df5be97dfbc09c13dd208e12db4ac63fa21aff/dockerfiles/init/modules/openshift/files/scripts/deploy_che.sh","contents_url":"https://api.github.com/repos/eclipse/che/contents/dockerfiles/init/modules/openshift/files/scripts/deploy_che.sh?ref=06df5be97dfbc09c13dd208e12db4ac63fa21aff","patch":"@@ -1,5 +1,5 @@\n #!/bin/bash\n-# Copyright (c) 2012-2017 Red Hat, Inc\n+# Copyright (c) 2018 Red Hat, Inc.\n # All rights reserved. This program and the accompanying materials\n # are made available under the terms of the Eclipse Public License v1.0\n # which accompanies this distribution, and is available at\n@@ -225,6 +225,7 @@ DEFAULT_CHE_IMAGE_REPO=\"docker.io/eclipse/che-server\"\n DEFAULT_CHE_IMAGE_TAG=\"nightly\"\n DEFAULT_CHE_KEYCLOAK_OSO_ENDPOINT=\"https://sso.openshift.io/auth/realms/fabric8/broker/openshift-v3/token\"\n DEFAULT_KEYCLOAK_GITHUB_ENDPOINT=\"https://sso.openshift.io/auth/realms/fabric8/broker/github/token\"\n+DEFAULT_CHE_KEYCLOAK_ADMIN_REQUIRE_UPDATE_PASSWORD=\"true\"\n \n COMMAND=${COMMAND:-${DEFAULT_COMMAND}}\n WAIT_FOR_CHE=${WAIT_FOR_CHE:-\"false\"}\n@@ -535,6 +536,10 @@ if [ \"${WAIT_FOR_CHE}\" == \"true\" ]; then\n   wait_until_che_is_available\n fi\n \n+if [ \"${CHE_DEDICATED_KEYCLOAK}\" == \"true\" ]; then\n+\"${COMMAND_DIR}\"/multi-user/configure_keycloak.sh\n+fi\n+\n che_route=$(oc get route che -o jsonpath='{.spec.host}')\n echo\n echo \"[CHE] Che deployment has been successufully bootstrapped\""},{"sha":"5021eff7130046b75979334e5a3ad5a998fa6f3e","filename":"dockerfiles/init/modules/openshift/files/scripts/multi-user/configure_keycloak.sh","status":"added","additions":48,"deletions":0,"changes":48,"blob_url":"https://github.com/eclipse/che/blob/06df5be97dfbc09c13dd208e12db4ac63fa21aff/dockerfiles/init/modules/openshift/files/scripts/multi-user/configure_keycloak.sh","raw_url":"https://github.com/eclipse/che/raw/06df5be97dfbc09c13dd208e12db4ac63fa21aff/dockerfiles/init/modules/openshift/files/scripts/multi-user/configure_keycloak.sh","contents_url":"https://api.github.com/repos/eclipse/che/contents/dockerfiles/init/modules/openshift/files/scripts/multi-user/configure_keycloak.sh?ref=06df5be97dfbc09c13dd208e12db4ac63fa21aff","patch":"@@ -0,0 +1,48 @@\n+#!/bin/bash\n+# Copyright (c) 2018 Red Hat, Inc.\n+# All rights reserved. This program and the accompanying materials\n+# are made available under the terms of the Eclipse Public License v1.0\n+# which accompanies this distribution, and is available at\n+# http://www.eclipse.org/legal/epl-v10.html\n+#\n+\n+COMMAND_DIR=$(dirname \"$0\")\n+CHE_HOST=$(oc get route che -o jsonpath='{.spec.host}')\n+KC_HOST=$(oc get route keycloak -o jsonpath='{.spec.host}')\n+CHE_SERVER_ROUTE_TLS=$(oc get route che -o jsonpath='{.spec.tls}' || echo \"\")\n+\n+if [ \"${CHE_SERVER_ROUTE_TLS}\" != \"\" ]; then\n+    HTTP_PROTOCOL=\"https\"\n+else\n+    HTTP_PROTOCOL=\"http\"\n+fi\n+\n+CHE_KEYCLOAK_ADMIN_REQUIRE_UPDATE_PASSWORD=${DEFAULT_CHE_KEYCLOAK_ADMIN_REQUIRE_UPDATE_PASSWORD:-${CHE_KEYCLOAK_ADMIN_REQUIRE_UPDATE_PASSWORD}}\n+\n+IMAGE_KEYCLOAK_UTIL=${IMAGE_KEYCLOAK_UTIL:-\"eclipse/che-keycloak-util:nightly\"}\n+\n+echo \"[CHE] Configuring Keycloak realm, client and user...\"\n+\n+cat \"${COMMAND_DIR}\"/keycloak/config/keycloak-config-pod-deployment.yaml | sed \"s/\\${CHE_HOST}/${CHE_HOST}/\" | \\\n+                                                           sed \"s/\\${KC_HOST}/${KC_HOST}/\" | \\\n+                                                           sed \"s/\\${HTTP_PROTOCOL}/${HTTP_PROTOCOL}/\" | \\\n+                                                           sed \"s#\\${IMAGE_KEYCLOAK_UTIL}#${IMAGE_KEYCLOAK_UTIL}#\" | \\\n+                                                           sed \"s/\\${CHE_KEYCLOAK_ADMIN_REQUIRE_UPDATE_PASSWORD}/${CHE_KEYCLOAK_ADMIN_REQUIRE_UPDATE_PASSWORD}/\" | \\\n+                                                           oc apply -f -\n+\n+echo \"[CHE] Keycloak configuration initiated. It takes ~10 seconds to complete\"\n+KC_UTIL_POD=$(oc get pods -l=\"app=keycloak-util\" -o jsonpath='{.items[].metadata.name}')\n+sleep 5\n+DEPLOYMENT_TIMEOUT_SEC=1200\n+POLLING_INTERVAL_SEC=5\n+end=$((SECONDS+DEPLOYMENT_TIMEOUT_SEC))\n+available=$(oc get pods keycloak-util -o json | jq '.status.containerStatuses[].state | to_entries[].key')\n+while [[ \"${available}\" != \"\\\"terminated\\\"\" ]] && [ ${SECONDS} -lt ${end} ]; do\n+    timeout_in=$((end-SECONDS))\n+    echo \"[CHE] Watching Keycloak config pod status. Current status=${available}, Timeout in ${timeout_in}s)\"\n+    sleep ${POLLING_INTERVAL_SEC}\n+    available=$(oc get pods keycloak-util -o json | jq '.status.containerStatuses[].state | to_entries[].key')\n+done\n+oc logs -f \"${KC_UTIL_POD}\"\n+oc delete pod \"${KC_UTIL_POD}\"\n+echo \"[CHE] Keycloak configuration completed\""},{"sha":"7daed20117a27fc47d96ec5ad9c46233b2956bf4","filename":"dockerfiles/init/modules/openshift/files/scripts/multi-user/deploy_postgres_and_keycloak.sh","status":"modified","additions":6,"deletions":74,"changes":80,"blob_url":"https://github.com/eclipse/che/blob/06df5be97dfbc09c13dd208e12db4ac63fa21aff/dockerfiles/init/modules/openshift/files/scripts/multi-user/deploy_postgres_and_keycloak.sh","raw_url":"https://github.com/eclipse/che/raw/06df5be97dfbc09c13dd208e12db4ac63fa21aff/dockerfiles/init/modules/openshift/files/scripts/multi-user/deploy_postgres_and_keycloak.sh","contents_url":"https://api.github.com/repos/eclipse/che/contents/dockerfiles/init/modules/openshift/files/scripts/multi-user/deploy_postgres_and_keycloak.sh?ref=06df5be97dfbc09c13dd208e12db4ac63fa21aff","patch":"@@ -1,5 +1,5 @@\n #!/bin/bash\n-# Copyright (c) 2012-2017 Red Hat, Inc\n+# Copyright (c) 2018 Red Hat, Inc.\n # All rights reserved. This program and the accompanying materials\n # are made available under the terms of the Eclipse Public License v1.0\n # which accompanies this distribution, and is available at\n@@ -37,64 +37,15 @@ if [ \"${CHE_SERVER_URL}\" == \"\" ]; then\n     CHE_SERVER_URL=\"https://${CHE_SERVER_ROUTE_HOST}\"\n   fi\n fi\n-DEFAULT_CHE_KEYCLOAK_ADMIN_REQUIRE_UPDATE_PASSWORD=true\n \n-# apply KC build config\n-oc apply -f - <<-EOF\n+# apply all yaml files from \"$COMMAND_DIR\"/keycloak/\n \n-apiVersion: v1\n-kind: BuildConfig\n-metadata:\n-  name: keycloak-for-che\n-spec:\n-  nodeSelector: null\n-  output:\n-    to:\n-      kind: ImageStreamTag\n-      name: 'keycloak:latest'\n-  postCommit: {}\n-  resources: {}\n-  runPolicy: Serial\n-  source:\n-    images:\n-      - from:\n-          kind: ImageStreamTag\n-          name: 'che-init:latest'\n-        paths:\n-          - destinationDir: ./themes/\n-            sourcePath: /etc/puppet/modules/keycloak/files/che/\n-          - destinationDir: ./realms/\n-            sourcePath: /etc/puppet/modules/keycloak/templates/.\n-          - destinationDir: .s2i/bin/\n-            sourcePath: /files/s2i/keycloak/assemble\n-          - destinationDir: .s2i/bin/\n-            sourcePath: /files/s2i/keycloak/run\n-    type: Image\n-  strategy:\n-    sourceStrategy:\n-      env:\n-          - name: \"CHE_SERVER_URL\"\n-            value: \"${CHE_SERVER_URL}\"\n-          - name: \"CHE_KEYCLOAK_ADMIN_REQUIRE_UPDATE_PASSWORD\"\n-            value: \"${CHE_KEYCLOAK_ADMIN_REQUIRE_UPDATE_PASSWORD:-${DEFAULT_CHE_KEYCLOAK_ADMIN_REQUIRE_UPDATE_PASSWORD}}\"\n-      from:\n-        kind: ImageStreamTag\n-        name: 'keycloak-source:latest'\n-    type: Source\n-  triggers:\n-  - type: \"ImageChange\"\n-    imageChange: {}\n-  - type: \"ImageChange\"\n-    imageChange:\n-      from:\n-        kind: \"ImageStreamTag\"\n-        name: \"che-init:latest\"\n-status:\n+IMAGE_KEYCLOAK=${IMAGE_KEYCLOAK:-\"eclipse/che-keycloak:nightly\"}\n \n-EOF\n+for i in $(ls -Iconfig \"$COMMAND_DIR\"/keycloak ); do\n+    cat \"${COMMAND_DIR}\"/keycloak/\"${i}\" | sed \"s#\\${IMAGE_KEYCLOAK}#${IMAGE_KEYCLOAK}#\" | oc apply -f -\n+done\n \n-# apply all yaml files from \"$COMMAND_DIR\"/keycloak/\n-oc apply -f \"$COMMAND_DIR\"/keycloak/\n \n if [ \"${CHE_EPHEMERAL}\" == \"true\" ]; then\n   oc volume dc/keycloak --remove --confirm\n@@ -113,23 +64,4 @@ if [ \"${CHE_SERVER_ROUTE_TLS}\" != \"\" ]; then\n   oc replace -f -\n fi\n \n-IMAGE_KEYCLOACK=${IMAGE_KEYCLOACK:-\"jboss/keycloak-openshift:3.3.0.CR2-3\"}\n-\n-oc apply -f - <<-EOF\n-\n-apiVersion: v1\n-kind: ImageStream\n-metadata:\n-  name: keycloak-source\n-spec:\n-  tags:\n-  - from:\n-      kind: DockerImage\n-      name: ${IMAGE_KEYCLOACK}\n-    name: latest\n-    importPolicy:\n-      scheduled: true\n-\n-EOF\n-\n \"$COMMAND_DIR\"/wait_until_keycloak_is_available.sh"},{"sha":"13356193e1445a1ac4e25b14fd21f6d3314f64e0","filename":"dockerfiles/init/modules/openshift/files/scripts/multi-user/deploy_postgres_only.sh","status":"modified","additions":5,"deletions":57,"changes":62,"blob_url":"https://github.com/eclipse/che/blob/06df5be97dfbc09c13dd208e12db4ac63fa21aff/dockerfiles/init/modules/openshift/files/scripts/multi-user/deploy_postgres_only.sh","raw_url":"https://github.com/eclipse/che/raw/06df5be97dfbc09c13dd208e12db4ac63fa21aff/dockerfiles/init/modules/openshift/files/scripts/multi-user/deploy_postgres_only.sh","contents_url":"https://api.github.com/repos/eclipse/che/contents/dockerfiles/init/modules/openshift/files/scripts/multi-user/deploy_postgres_only.sh?ref=06df5be97dfbc09c13dd208e12db4ac63fa21aff","patch":"@@ -1,5 +1,5 @@\n #!/bin/bash\n-# Copyright (c) 2012-2017 Red Hat, Inc\n+# Copyright (c) 2018 Red Hat, Inc.\n # All rights reserved. This program and the accompanying materials\n # are made available under the terms of the Eclipse Public License v1.0\n # which accompanies this distribution, and is available at\n@@ -9,67 +9,15 @@\n COMMAND_DIR=$(dirname \"$0\")\n export CHE_EPHEMERAL=${CHE_EPHEMERAL:-false}\n \n-oc apply -f \"$COMMAND_DIR\"/che-init-image-stream.yaml\n+IMAGE_POSTGRES=${IMAGE_POSTGRES:-\"eclipse/che-postgres:nightly\"}\n \n-oc apply -f \"$COMMAND_DIR\"/postgres/\n+for i in $(ls \"$COMMAND_DIR\"/postgres ); do\n+    cat \"${COMMAND_DIR}\"/postgres/\"${i}\" | sed \"s#\\${IMAGE_POSTGRES}#${IMAGE_POSTGRES}#\" | oc apply -f -\n+done\n \n if [ \"${CHE_EPHEMERAL}\" == \"true\" ]; then\n   oc volume dc/postgres --remove --confirm\n   oc delete pvc/postgres-data\n fi\n \n-IMAGE_INIT=${IMAGE_INIT:-\"eclipse/che-init:nightly\"}\n-\n-oc apply -f - <<-EOF\n-\n-apiVersion: v1\n-kind: BuildConfig\n-metadata:\n-  name: che-init-image-stream-build\n-spec:\n-  nodeSelector: null\n-  output:\n-    to:\n-      kind: ImageStreamTag\n-      name: 'che-init:latest'\n-  runPolicy: Serial\n-  source:\n-    dockerfile: |\n-      FROM ${IMAGE_INIT}\n-    type: Dockerfile\n-  strategy:\n-    dockerStrategy:\n-      forcePull: true\n-      from:\n-        kind: DockerImage\n-        name: '${IMAGE_INIT}'\n-    type: Docker\n-  triggers:\n-    - type: ImageChange\n-      imageChange: {}\n-status:\n-\n-EOF\n-\n-IMAGE_POSTGRES=${IMAGE_POSTGRES:-centos/postgresql-96-centos7}\n-\n-oc apply -f - <<-EOF\n-\n-apiVersion: v1\n-kind: ImageStream\n-metadata:\n-  name: postgres-source\n-spec:\n-  tags:\n-  - from:\n-      kind: DockerImage\n-      name: ${IMAGE_POSTGRES}\n-    name: latest\n-    importPolicy:\n-      scheduled: true\n-\n-EOF\n-\n-oc start-build che-init-image-stream-build\n-\n \"$COMMAND_DIR\"/wait_until_postgres_is_available.sh"},{"sha":"56c58daa1fca8939f2aa5c2d1d6eaca88d4f611e","filename":"dockerfiles/init/modules/openshift/files/scripts/multi-user/keycloak/config/keycloak-config-pod-deployment.yaml","status":"added","additions":28,"deletions":0,"changes":28,"blob_url":"https://github.com/eclipse/che/blob/06df5be97dfbc09c13dd208e12db4ac63fa21aff/dockerfiles/init/modules/openshift/files/scripts/multi-user/keycloak/config/keycloak-config-pod-deployment.yaml","raw_url":"https://github.com/eclipse/che/raw/06df5be97dfbc09c13dd208e12db4ac63fa21aff/dockerfiles/init/modules/openshift/files/scripts/multi-user/keycloak/config/keycloak-config-pod-deployment.yaml","contents_url":"https://api.github.com/repos/eclipse/che/contents/dockerfiles/init/modules/openshift/files/scripts/multi-user/keycloak/config/keycloak-config-pod-deployment.yaml?ref=06df5be97dfbc09c13dd208e12db4ac63fa21aff","patch":"@@ -0,0 +1,28 @@\n+# Copyright (c) 2018 Red Hat, Inc.\n+# All rights reserved. This program and the accompanying materials\n+# are made available under the terms of the Eclipse Public License v1.0\n+# which accompanies this distribution, and is available at\n+# http://www.eclipse.org/legal/epl-v10.html\n+#\n+\n+apiVersion: v1\n+kind: Pod\n+metadata:\n+  labels:\n+    app: keycloak-util\n+  name: keycloak-util\n+spec:\n+    containers:\n+    - env:\n+      - name: CHE_HOST\n+        value: \"${CHE_HOST}\"\n+      - name: HTTP_PROTOCOL\n+        value: \"${HTTP_PROTOCOL}\"\n+      - name: KC_HOST\n+        value: \"${KC_HOST}\"\n+      - name: CHE_KEYCLOAK_ADMIN_REQUIRE_UPDATE_PASSWORD\n+        value: \"${CHE_KEYCLOAK_ADMIN_REQUIRE_UPDATE_PASSWORD}\"\n+      image: \"${IMAGE_KEYCLOAK_UTIL}\"\n+      name: keycloak-util\n+      imagePullPolicy: Always\n+    restartPolicy: Never"},{"sha":"fcebf72fe88d06995159c9da118fb29fb39327a1","filename":"dockerfiles/init/modules/openshift/files/scripts/multi-user/keycloak/deployment-config.yaml","status":"modified","additions":6,"deletions":11,"changes":17,"blob_url":"https://github.com/eclipse/che/blob/06df5be97dfbc09c13dd208e12db4ac63fa21aff/dockerfiles/init/modules/openshift/files/scripts/multi-user/keycloak/deployment-config.yaml","raw_url":"https://github.com/eclipse/che/raw/06df5be97dfbc09c13dd208e12db4ac63fa21aff/dockerfiles/init/modules/openshift/files/scripts/multi-user/keycloak/deployment-config.yaml","contents_url":"https://api.github.com/repos/eclipse/che/contents/dockerfiles/init/modules/openshift/files/scripts/multi-user/keycloak/deployment-config.yaml?ref=06df5be97dfbc09c13dd208e12db4ac63fa21aff","patch":"@@ -36,7 +36,12 @@ spec:\n           value: keycloak\n         - name: POSTGRES_PASSWORD\n           value: keycloak\n-        image: ' '\n+        - name: KEYCLOAK_USER\n+          value: admin\n+        - name: KEYCLOAK_PASSWORD\n+          value: admin\n+        image: '${IMAGE_KEYCLOAK}'\n+        imagePullPolicy: Always\n         name: keycloak\n         livenessProbe:\n           failureThreshold: 11\n@@ -77,14 +82,4 @@ spec:\n         persistentVolumeClaim:\n           claimName: keycloak-log\n   test: false\n-  triggers:\n-  - type: ConfigChange\n-  - imageChangeParams:\n-      automatic: true\n-      containerNames:\n-      - keycloak\n-      from:\n-        kind: ImageStreamTag\n-        name: keycloak:latest\n-    type: ImageChange\n status: {}"},{"sha":"d1886a5269244850bdbdaf5a2128e796fd956ac5","filename":"dockerfiles/init/modules/openshift/files/scripts/multi-user/postgres/build-config.yaml","status":"removed","additions":0,"deletions":41,"changes":41,"blob_url":"https://github.com/eclipse/che/blob/f4b7ae5889fed669c30f42befabe284af2221bb3/dockerfiles/init/modules/openshift/files/scripts/multi-user/postgres/build-config.yaml","raw_url":"https://github.com/eclipse/che/raw/f4b7ae5889fed669c30f42befabe284af2221bb3/dockerfiles/init/modules/openshift/files/scripts/multi-user/postgres/build-config.yaml","contents_url":"https://api.github.com/repos/eclipse/che/contents/dockerfiles/init/modules/openshift/files/scripts/multi-user/postgres/build-config.yaml?ref=f4b7ae5889fed669c30f42befabe284af2221bb3","patch":"@@ -1,41 +0,0 @@\n-apiVersion: v1\n-kind: BuildConfig\n-metadata:\n-  name: postgres-for-che\n-spec:\n-  nodeSelector: null\n-  output:\n-    to:\n-      kind: ImageStreamTag\n-      name: 'postgres:latest'\n-  postCommit: {}\n-  resources: {}\n-  runPolicy: Serial\n-  source:\n-    images:\n-      - from:\n-          kind: ImageStreamTag\n-          name: 'che-init:latest'\n-        paths:\n-          - destinationDir: ./\n-            sourcePath: /etc/puppet/modules/postgres/templates/init-che-user.sh.erb\n-          - destinationDir: .s2i/bin/\n-            sourcePath: /files/s2i/postgres/assemble\n-          - destinationDir: .s2i/bin/\n-            sourcePath: /files/s2i/postgres/run\n-    type: Image\n-  strategy:\n-    sourceStrategy:\n-      from:\n-        kind: ImageStreamTag\n-        name: 'postgres-source:latest'\n-    type: Source\n-  triggers:\n-  - type: \"ImageChange\" \n-    imageChange: {}\n-  - type: \"ImageChange\" \n-    imageChange:\n-      from:\n-        kind: \"ImageStreamTag\"\n-        name: \"che-init:latest\"\n-status:"},{"sha":"4d92ff0e9036125f793f8c910d77e938d70ab4f1","filename":"dockerfiles/init/modules/openshift/files/scripts/multi-user/postgres/deployment-config.yaml","status":"modified","additions":2,"deletions":11,"changes":13,"blob_url":"https://github.com/eclipse/che/blob/06df5be97dfbc09c13dd208e12db4ac63fa21aff/dockerfiles/init/modules/openshift/files/scripts/multi-user/postgres/deployment-config.yaml","raw_url":"https://github.com/eclipse/che/raw/06df5be97dfbc09c13dd208e12db4ac63fa21aff/dockerfiles/init/modules/openshift/files/scripts/multi-user/postgres/deployment-config.yaml","contents_url":"https://api.github.com/repos/eclipse/che/contents/dockerfiles/init/modules/openshift/files/scripts/multi-user/postgres/deployment-config.yaml?ref=06df5be97dfbc09c13dd208e12db4ac63fa21aff","patch":"@@ -32,7 +32,8 @@ spec:\n           value: \"pgchepassword\"\n         - name: \"CHE_POSTGRES_DATABASE\"\n           value: \"dbche\"\n-        image: ' '\n+        image: '${IMAGE_POSTGRES}'\n+        imagePullPolicy: Always\n         name: postgres\n         livenessProbe:\n           failureThreshold: 3\n@@ -68,14 +69,4 @@ spec:\n         persistentVolumeClaim:\n           claimName: postgres-data\n   test: false\n-  triggers:\n-  - type: ConfigChange\n-  - imageChangeParams:\n-      automatic: true\n-      containerNames:\n-      - postgres\n-      from:\n-        kind: ImageStreamTag\n-        name: postgres:latest\n-    type: ImageChange\n status: {}"},{"sha":"84cb412bb03d78248d231dffae4e70e070a10d9b","filename":"dockerfiles/init/modules/openshift/files/scripts/multi-user/postgres/image-stream.yaml","status":"removed","additions":0,"deletions":9,"changes":9,"blob_url":"https://github.com/eclipse/che/blob/f4b7ae5889fed669c30f42befabe284af2221bb3/dockerfiles/init/modules/openshift/files/scripts/multi-user/postgres/image-stream.yaml","raw_url":"https://github.com/eclipse/che/raw/f4b7ae5889fed669c30f42befabe284af2221bb3/dockerfiles/init/modules/openshift/files/scripts/multi-user/postgres/image-stream.yaml","contents_url":"https://api.github.com/repos/eclipse/che/contents/dockerfiles/init/modules/openshift/files/scripts/multi-user/postgres/image-stream.yaml?ref=f4b7ae5889fed669c30f42befabe284af2221bb3","patch":"@@ -1,9 +0,0 @@\n-apiVersion: v1\n-kind: ImageStream\n-metadata:\n-  name: postgres\n-spec:\n-  lookupPolicy:\n-    local: false\n-  tags:\n-    - name: latest"},{"sha":"f2b5a351480dd411f2de9db8c8213671feecbb1f","filename":"dockerfiles/init/modules/openshift/files/scripts/multi-user/wait_until_keycloak_is_available.sh","status":"modified","additions":2,"deletions":2,"changes":4,"blob_url":"https://github.com/eclipse/che/blob/06df5be97dfbc09c13dd208e12db4ac63fa21aff/dockerfiles/init/modules/openshift/files/scripts/multi-user/wait_until_keycloak_is_available.sh","raw_url":"https://github.com/eclipse/che/raw/06df5be97dfbc09c13dd208e12db4ac63fa21aff/dockerfiles/init/modules/openshift/files/scripts/multi-user/wait_until_keycloak_is_available.sh","contents_url":"https://api.github.com/repos/eclipse/che/contents/dockerfiles/init/modules/openshift/files/scripts/multi-user/wait_until_keycloak_is_available.sh?ref=06df5be97dfbc09c13dd208e12db4ac63fa21aff","patch":"@@ -1,5 +1,5 @@\n #!/bin/bash\n-# Copyright (c) 2012-2017 Red Hat, Inc\n+# Copyright (c) 2018 Red Hat, Inc.\n # All rights reserved. This program and the accompanying materials\n # are made available under the terms of the Eclipse Public License v1.0\n # which accompanies this distribution, and is available at\n@@ -13,7 +13,7 @@ echo \"[CHE] This script is going to wait until Keycloak is deployed and availabl\n command -v oc >/dev/null 2>&1 || { echo >&2 \"[CHE] [ERROR] Command line tool oc (https://docs.openshift.org/latest/cli_reference/get_started_cli.html) is required but it's not installed. Aborting.\"; exit 1; }\n command -v jq >/dev/null 2>&1 || { echo >&2 \"[CHE] [ERROR] Command line tool jq (https://stedolan.github.io/jq) is required but it's not installed. Aborting.\"; exit 1; }\n \n-echo \"[CHE] wait Keycloak pod booting...\"\n+echo \"[CHE] Wait for Keycloak pod booting...\"\n available=$(oc get dc keycloak -o json | jq \".status.conditions[] | select(.type == \\\"Available\\\") | .status\")\n progressing=$(oc get dc keycloak -o json | jq \".status.conditions[] | select(.type == \\\"Progressing\\\") | .status\")\n "},{"sha":"66b9af0070543a41934fad07510323334f749124","filename":"dockerfiles/init/modules/openshift/files/scripts/multi-user/wait_until_postgres_is_available.sh","status":"modified","additions":2,"deletions":1,"changes":3,"blob_url":"https://github.com/eclipse/che/blob/06df5be97dfbc09c13dd208e12db4ac63fa21aff/dockerfiles/init/modules/openshift/files/scripts/multi-user/wait_until_postgres_is_available.sh","raw_url":"https://github.com/eclipse/che/raw/06df5be97dfbc09c13dd208e12db4ac63fa21aff/dockerfiles/init/modules/openshift/files/scripts/multi-user/wait_until_postgres_is_available.sh","contents_url":"https://api.github.com/repos/eclipse/che/contents/dockerfiles/init/modules/openshift/files/scripts/multi-user/wait_until_postgres_is_available.sh?ref=06df5be97dfbc09c13dd208e12db4ac63fa21aff","patch":"@@ -1,5 +1,5 @@\n #!/bin/bash\n-# Copyright (c) 2012-2017 Red Hat, Inc\n+# Copyright (c) 2018 Red Hat, Inc.\n # All rights reserved. This program and the accompanying materials\n # are made available under the terms of the Eclipse Public License v1.0\n # which accompanies this distribution, and is available at\n@@ -9,6 +9,7 @@\n set -e\n \n echo \"[CHE] This script is going to wait until Postgres is deployed and available\"\n+echo \"[CHE] It can take a couple of minutes depending on network and image availability\"\n \n command -v oc >/dev/null 2>&1 || { echo >&2 \"[CHE] [ERROR] Command line tool oc (https://docs.openshift.org/latest/cli_reference/get_started_cli.html) is required but it's not installed. Aborting.\"; exit 1; }\n command -v jq >/dev/null 2>&1 || { echo >&2 \"[CHE] [ERROR] Command line tool jq (https://stedolan.github.io/jq) is required but it's not installed. Aborting.\"; exit 1; }"},{"sha":"3eb02bb92d7ab3ea00ef1f95b163bbd88aa3dd68","filename":"dockerfiles/keycloak-util/Dockerfile","status":"renamed","additions":7,"deletions":10,"changes":17,"blob_url":"https://github.com/eclipse/che/blob/06df5be97dfbc09c13dd208e12db4ac63fa21aff/dockerfiles/keycloak-util/Dockerfile","raw_url":"https://github.com/eclipse/che/raw/06df5be97dfbc09c13dd208e12db4ac63fa21aff/dockerfiles/keycloak-util/Dockerfile","contents_url":"https://api.github.com/repos/eclipse/che/contents/dockerfiles/keycloak-util/Dockerfile?ref=06df5be97dfbc09c13dd208e12db4ac63fa21aff","patch":"@@ -1,16 +1,13 @@\n-# Copyright (c) 2012-2017 Red Hat, Inc\n+# Copyright (c) 2018 Red Hat, Inc.\n # All rights reserved. This program and the accompanying materials\n # are made available under the terms of the Eclipse Public License v1.0\n # which accompanies this distribution, and is available at\n # http://www.eclipse.org/legal/epl-v10.html\n #\n \n-apiVersion: v1\n-kind: ImageStream\n-metadata:\n-  name: keycloak\n-spec:\n-  lookupPolicy:\n-    local: false\n-  tags:\n-    - name: latest\n+FROM jboss/keycloak-openshift:3.3.0.CR2-3\n+ADD . /scripts/\n+USER root\n+RUN chgrp -R 0 /scripts && \\\n+    chmod -R g+rwX /scripts\n+ENTRYPOINT [\"/scripts/keycloak_config.sh\"]","previous_filename":"dockerfiles/init/modules/openshift/files/scripts/multi-user/keycloak/image-stream.yaml"},{"sha":"0b3925cc8b0fe04337711f1553dc319e13ff155f","filename":"dockerfiles/keycloak-util/build.sh","status":"added","additions":19,"deletions":0,"changes":19,"blob_url":"https://github.com/eclipse/che/blob/06df5be97dfbc09c13dd208e12db4ac63fa21aff/dockerfiles/keycloak-util/build.sh","raw_url":"https://github.com/eclipse/che/raw/06df5be97dfbc09c13dd208e12db4ac63fa21aff/dockerfiles/keycloak-util/build.sh","contents_url":"https://api.github.com/repos/eclipse/che/contents/dockerfiles/keycloak-util/build.sh?ref=06df5be97dfbc09c13dd208e12db4ac63fa21aff","patch":"@@ -0,0 +1,19 @@\n+#!/bin/sh\n+# Copyright (c) 2018 Red Hat, Inc.\n+# All rights reserved. This program and the accompanying materials\n+# are made available under the terms of the Eclipse Public License v1.0\n+# which accompanies this distribution, and is available at\n+# http://www.eclipse.org/legal/epl-v10.html\n+#\n+\n+base_dir=$(cd \"$(dirname \"$0\")\"; pwd)\n+. \"${base_dir}\"/../build.include\n+\n+# copy user and realm json templates\n+cp -r ../init/modules/keycloak/templates/* .\n+\n+init --name:keycloak-util \"$@\"\n+build\n+\n+# remove jsons\n+rm *.erb"},{"sha":"915c25ed5f0b8e834df81f93272d906d534dc6c0","filename":"dockerfiles/keycloak-util/keycloak_config.sh","status":"added","additions":33,"deletions":0,"changes":33,"blob_url":"https://github.com/eclipse/che/blob/06df5be97dfbc09c13dd208e12db4ac63fa21aff/dockerfiles/keycloak-util/keycloak_config.sh","raw_url":"https://github.com/eclipse/che/raw/06df5be97dfbc09c13dd208e12db4ac63fa21aff/dockerfiles/keycloak-util/keycloak_config.sh","contents_url":"https://api.github.com/repos/eclipse/che/contents/dockerfiles/keycloak-util/keycloak_config.sh?ref=06df5be97dfbc09c13dd208e12db4ac63fa21aff","patch":"@@ -0,0 +1,33 @@\n+#!/bin/bash\n+# Copyright (c) 2018 Red Hat, Inc.\n+# All rights reserved. This program and the accompanying materials\n+# are made available under the terms of the Eclipse Public License v1.0\n+# which accompanies this distribution, and is available at\n+# http://www.eclipse.org/legal/epl-v10.html\n+\n+echo \"Configuring Keycloak...\"\n+\n+cat /scripts/che-users-0.json.erb | \\\n+\t\t\t\t    sed -e \"/<% if scope.lookupvar('keycloak::che_keycloak_admin_require_update_password') == 'true' -%>/d\" | \\\n+\t\t\t\t    sed -e \"/<% else -%>/d\" | \\\n+\t\t\t\t    sed -e \"/<% end -%>/d\" | \\\n+\t\t\t\t    sed -e \"/\\\"requiredActions\\\" : \\[ \\],/d\" | \\\n+\t\t\t\t    jq .users[] > /scripts/che-user.json\n+\n+if [ \"${CHE_KEYCLOAK_ADMIN_REQUIRE_UPDATE_PASSWORD}\" == \"false\" ]; then\n+   sed -i -e \"s#\\\"UPDATE_PASSWORD\\\"##\" /scripts/che-user.json\n+fi\n+\n+cat /scripts/che-realm.json.erb | sed -e \"s@<%= scope\\.lookupvar('che::che_server_url') %>@${HTTP_PROTOCOL}://${CHE_HOST}@\" > /scripts/realm.json\n+\n+echo \"Creating Che realm and che-public client...\"\n+\n+cd /opt/jboss/keycloak/bin\n+\n+./kcadm.sh create realms -f /scripts/realm.json --no-config --server ${HTTP_PROTOCOL}://${KC_HOST}/auth --realm master --user admin --password admin\n+\n+echo \"Creating default Che user with the following credentials 'admin:admin'\"\n+\n+./kcadm.sh create users -r che -f /scripts/che-user.json --no-config --server ${HTTP_PROTOCOL}://${KC_HOST}/auth --realm master --user admin --password admin\n+\n+echo \"Done!\""},{"sha":"37297672ecbffa26fae02f884cb449e212bcf959","filename":"dockerfiles/keycloak/Dockerfile","status":"renamed","additions":3,"deletions":8,"changes":11,"blob_url":"https://github.com/eclipse/che/blob/06df5be97dfbc09c13dd208e12db4ac63fa21aff/dockerfiles/keycloak/Dockerfile","raw_url":"https://github.com/eclipse/che/raw/06df5be97dfbc09c13dd208e12db4ac63fa21aff/dockerfiles/keycloak/Dockerfile","contents_url":"https://api.github.com/repos/eclipse/che/contents/dockerfiles/keycloak/Dockerfile?ref=06df5be97dfbc09c13dd208e12db4ac63fa21aff","patch":"@@ -1,14 +1,9 @@\n-# Copyright (c) 2012-2017 Red Hat, Inc\n+# Copyright (c) 2018 Red Hat, Inc.\n # All rights reserved. This program and the accompanying materials\n # are made available under the terms of the Eclipse Public License v1.0\n # which accompanies this distribution, and is available at\n # http://www.eclipse.org/legal/epl-v10.html\n #\n \n-apiVersion: v1\n-kind: ImageStream\n-metadata:\n-  name: che-init\n-spec:\n-  tags:\n-  - name: latest\n+FROM jboss/keycloak-openshift:3.3.0.CR2-3\n+ADD che /opt/jboss/keycloak/themes/che","previous_filename":"dockerfiles/init/modules/openshift/files/scripts/multi-user/che-init-image-stream.yaml"},{"sha":"56569a55435576b1d3e1103aa2f89a2028d7623b","filename":"dockerfiles/keycloak/build.sh","status":"added","additions":19,"deletions":0,"changes":19,"blob_url":"https://github.com/eclipse/che/blob/06df5be97dfbc09c13dd208e12db4ac63fa21aff/dockerfiles/keycloak/build.sh","raw_url":"https://github.com/eclipse/che/raw/06df5be97dfbc09c13dd208e12db4ac63fa21aff/dockerfiles/keycloak/build.sh","contents_url":"https://api.github.com/repos/eclipse/che/contents/dockerfiles/keycloak/build.sh?ref=06df5be97dfbc09c13dd208e12db4ac63fa21aff","patch":"@@ -0,0 +1,19 @@\n+#!/bin/sh\n+# Copyright (c) 2018 Red Hat, Inc.\n+# All rights reserved. This program and the accompanying materials\n+# are made available under the terms of the Eclipse Public License v1.0\n+# which accompanies this distribution, and is available at\n+# http://www.eclipse.org/legal/epl-v10.html\n+#\n+\n+base_dir=$(cd \"$(dirname \"$0\")\"; pwd)\n+. \"${base_dir}\"/../build.include\n+\n+# copy user and realm json templates\n+cp -r ../init/modules/keycloak/files/che .\n+\n+init --name:keycloak \"$@\"\n+build\n+\n+# remove files\n+rm -rf che"},{"sha":"908752c4c9551e349b877d23fcff0ce4f1c4df7e","filename":"dockerfiles/postgres/Dockerfile","status":"added","additions":15,"deletions":0,"changes":15,"blob_url":"https://github.com/eclipse/che/blob/06df5be97dfbc09c13dd208e12db4ac63fa21aff/dockerfiles/postgres/Dockerfile","raw_url":"https://github.com/eclipse/che/raw/06df5be97dfbc09c13dd208e12db4ac63fa21aff/dockerfiles/postgres/Dockerfile","contents_url":"https://api.github.com/repos/eclipse/che/contents/dockerfiles/postgres/Dockerfile?ref=06df5be97dfbc09c13dd208e12db4ac63fa21aff","patch":"@@ -0,0 +1,15 @@\n+# Copyright (c) 2018 Red Hat, Inc.\n+# All rights reserved. This program and the accompanying materials\n+# are made available under the terms of the Eclipse Public License v1.0\n+# which accompanies this distribution, and is available at\n+# http://www.eclipse.org/legal/epl-v10.html\n+\n+FROM centos/postgresql-96-centos7\n+ADD init-che-user-and-run.sh.erb init-che-user.sh.erb /var/lib/pgsql/\n+RUN cat /var/lib/pgsql/init-che-user.sh.erb | \\\n+    sed -e \"/exit 0/d\" > /var/lib/pgsql/init-che-user-and-run.sh && \\\n+    echo \"exec run-postgresql \\\"\\$@\\\"\" >> /var/lib/pgsql/init-che-user-and-run.sh\n+USER root\n+RUN chmod +x /var/lib/pgsql/init-che-user-and-run.sh\n+USER postgres\n+CMD [\"/var/lib/pgsql/init-che-user-and-run.sh\"]"},{"sha":"299353be3f9d506eb352fac2a2f7757987e1f5da","filename":"dockerfiles/postgres/build.sh","status":"added","additions":18,"deletions":0,"changes":18,"blob_url":"https://github.com/eclipse/che/blob/06df5be97dfbc09c13dd208e12db4ac63fa21aff/dockerfiles/postgres/build.sh","raw_url":"https://github.com/eclipse/che/raw/06df5be97dfbc09c13dd208e12db4ac63fa21aff/dockerfiles/postgres/build.sh","contents_url":"https://api.github.com/repos/eclipse/che/contents/dockerfiles/postgres/build.sh?ref=06df5be97dfbc09c13dd208e12db4ac63fa21aff","patch":"@@ -0,0 +1,18 @@\n+#!/bin/sh\n+# Copyright (c) 2018 Red Hat, Inc.\n+# All rights reserved. This program and the accompanying materials\n+# are made available under the terms of the Eclipse Public License v1.0\n+# which accompanies this distribution, and is available at\n+# http://www.eclipse.org/legal/epl-v10.html\n+\n+base_dir=$(cd \"$(dirname \"$0\")\"; pwd)\n+. \"${base_dir}\"/../build.include\n+\n+# copy user and realm json templates\n+cp -r ../init/modules/postgres/templates/* .\n+\n+init --name:postgres \"$@\"\n+build\n+\n+# remove jsons\n+rm *.erb"}]}
