{"sha":"06ee352002ffb59c90ecdbbf71882db2d124bc00","commit":{"author":{"name":"Anna Shumilova","email":"ashumilova@codenvy.com","date":"2016-09-12T12:57:38Z"},"committer":{"name":"GitHub","email":"noreply@github.com","date":"2016-09-12T12:57:38Z"},"message":"Merge pull request #2418 from eclipse/ashumilova-patch-1\n\nUpdate README.md","tree":{"sha":"4ca1fea78c1646c6466662fdd744bd26d9ef14ab","url":"https://api.github.com/repos/eclipse/che/git/trees/4ca1fea78c1646c6466662fdd744bd26d9ef14ab"},"url":"https://api.github.com/repos/eclipse/che/git/commits/06ee352002ffb59c90ecdbbf71882db2d124bc00","comment_count":0,"verification":{"verified":false,"reason":"unsigned","signature":null,"payload":null}},"url":"https://api.github.com/repos/eclipse/che/commits/06ee352002ffb59c90ecdbbf71882db2d124bc00","html_url":"https://github.com/eclipse/che/commit/06ee352002ffb59c90ecdbbf71882db2d124bc00","comments_url":"https://api.github.com/repos/eclipse/che/commits/06ee352002ffb59c90ecdbbf71882db2d124bc00/comments","author":{"login":"ashumilova","id":1611939,"avatar_url":"https://avatars1.githubusercontent.com/u/1611939?v=4","gravatar_id":"","url":"https://api.github.com/users/ashumilova","html_url":"https://github.com/ashumilova","followers_url":"https://api.github.com/users/ashumilova/followers","following_url":"https://api.github.com/users/ashumilova/following{/other_user}","gists_url":"https://api.github.com/users/ashumilova/gists{/gist_id}","starred_url":"https://api.github.com/users/ashumilova/starred{/owner}{/repo}","subscriptions_url":"https://api.github.com/users/ashumilova/subscriptions","organizations_url":"https://api.github.com/users/ashumilova/orgs","repos_url":"https://api.github.com/users/ashumilova/repos","events_url":"https://api.github.com/users/ashumilova/events{/privacy}","received_events_url":"https://api.github.com/users/ashumilova/received_events","type":"User","site_admin":false},"committer":{"login":"web-flow","id":19864447,"avatar_url":"https://avatars3.githubusercontent.com/u/19864447?v=4","gravatar_id":"","url":"https://api.github.com/users/web-flow","html_url":"https://github.com/web-flow","followers_url":"https://api.github.com/users/web-flow/followers","following_url":"https://api.github.com/users/web-flow/following{/other_user}","gists_url":"https://api.github.com/users/web-flow/gists{/gist_id}","starred_url":"https://api.github.com/users/web-flow/starred{/owner}{/repo}","subscriptions_url":"https://api.github.com/users/web-flow/subscriptions","organizations_url":"https://api.github.com/users/web-flow/orgs","repos_url":"https://api.github.com/users/web-flow/repos","events_url":"https://api.github.com/users/web-flow/events{/privacy}","received_events_url":"https://api.github.com/users/web-flow/received_events","type":"User","site_admin":false},"parents":[{"sha":"e9efb1953b6b71d3869d141364b11553eeaf0f9f","url":"https://api.github.com/repos/eclipse/che/commits/e9efb1953b6b71d3869d141364b11553eeaf0f9f","html_url":"https://github.com/eclipse/che/commit/e9efb1953b6b71d3869d141364b11553eeaf0f9f"},{"sha":"1f4691b5ba24991a8afc6e8563162d3e6b2e92c2","url":"https://api.github.com/repos/eclipse/che/commits/1f4691b5ba24991a8afc6e8563162d3e6b2e92c2","html_url":"https://github.com/eclipse/che/commit/1f4691b5ba24991a8afc6e8563162d3e6b2e92c2"}],"stats":{"total":4,"additions":2,"deletions":2},"files":[{"sha":"ddc7cb2dd8fdce383604e3409640a4a2c6565bb2","filename":"dashboard/README.md","status":"modified","additions":2,"deletions":2,"changes":4,"blob_url":"https://github.com/eclipse/che/blob/06ee352002ffb59c90ecdbbf71882db2d124bc00/dashboard/README.md","raw_url":"https://github.com/eclipse/che/raw/06ee352002ffb59c90ecdbbf71882db2d124bc00/dashboard/README.md","contents_url":"https://api.github.com/repos/eclipse/che/contents/dashboard/README.md?ref=06ee352002ffb59c90ecdbbf71882db2d124bc00","patch":"@@ -29,9 +29,9 @@ In order to run the project, the serve command is used\n ```sh\n $ gulp serve\n ```\n-It will launch the server and then the project can be tested on http://localhost:5000\n+It will launch the server and then the project can be tested on http://localhost:3000\n \n-By default it will use https://www.codenvy.com as remote server.\n+By default it will use http://localhost:8080 as remote server.\n \n The argument --server <url> may allow to use another server. (url is for example http://my-server.com)\n "}]}
