{"sha":"06f47f29271d4f1a497bf3fad5d23ab312afaa09","commit":{"author":{"name":"Dmitrii Bocharov","email":"dbocharo@redhat.com","date":"2017-07-09T09:39:28Z"},"committer":{"name":"Anna Shumilova","email":"ashumilo@redhat.com","date":"2017-07-10T06:56:51Z"},"message":"CHE-5477: Save button in Workspace config tab appears only after adding\nsecond symbol to config\n\nSigned-off-by: Dmitrii Bocharov <dbocharo@redhat.com>","tree":{"sha":"95c6bcbfccf153609608cb9961dd96c23860ca1b","url":"https://api.github.com/repos/eclipse/che/git/trees/95c6bcbfccf153609608cb9961dd96c23860ca1b"},"url":"https://api.github.com/repos/eclipse/che/git/commits/06f47f29271d4f1a497bf3fad5d23ab312afaa09","comment_count":0,"verification":{"verified":false,"reason":"unsigned","signature":null,"payload":null}},"url":"https://api.github.com/repos/eclipse/che/commits/06f47f29271d4f1a497bf3fad5d23ab312afaa09","html_url":"https://github.com/eclipse/che/commit/06f47f29271d4f1a497bf3fad5d23ab312afaa09","comments_url":"https://api.github.com/repos/eclipse/che/commits/06f47f29271d4f1a497bf3fad5d23ab312afaa09/comments","author":{"login":"bdshadow","id":5796973,"avatar_url":"https://avatars3.githubusercontent.com/u/5796973?v=4","gravatar_id":"","url":"https://api.github.com/users/bdshadow","html_url":"https://github.com/bdshadow","followers_url":"https://api.github.com/users/bdshadow/followers","following_url":"https://api.github.com/users/bdshadow/following{/other_user}","gists_url":"https://api.github.com/users/bdshadow/gists{/gist_id}","starred_url":"https://api.github.com/users/bdshadow/starred{/owner}{/repo}","subscriptions_url":"https://api.github.com/users/bdshadow/subscriptions","organizations_url":"https://api.github.com/users/bdshadow/orgs","repos_url":"https://api.github.com/users/bdshadow/repos","events_url":"https://api.github.com/users/bdshadow/events{/privacy}","received_events_url":"https://api.github.com/users/bdshadow/received_events","type":"User","site_admin":false},"committer":{"login":"ashumilova","id":1611939,"avatar_url":"https://avatars1.githubusercontent.com/u/1611939?v=4","gravatar_id":"","url":"https://api.github.com/users/ashumilova","html_url":"https://github.com/ashumilova","followers_url":"https://api.github.com/users/ashumilova/followers","following_url":"https://api.github.com/users/ashumilova/following{/other_user}","gists_url":"https://api.github.com/users/ashumilova/gists{/gist_id}","starred_url":"https://api.github.com/users/ashumilova/starred{/owner}{/repo}","subscriptions_url":"https://api.github.com/users/ashumilova/subscriptions","organizations_url":"https://api.github.com/users/ashumilova/orgs","repos_url":"https://api.github.com/users/ashumilova/repos","events_url":"https://api.github.com/users/ashumilova/events{/privacy}","received_events_url":"https://api.github.com/users/ashumilova/received_events","type":"User","site_admin":false},"parents":[{"sha":"8c25c2ac7db8befa551758337b7b6070ee881d96","url":"https://api.github.com/repos/eclipse/che/commits/8c25c2ac7db8befa551758337b7b6070ee881d96","html_url":"https://github.com/eclipse/che/commit/8c25c2ac7db8befa551758337b7b6070ee881d96"}],"stats":{"total":10,"additions":5,"deletions":5},"files":[{"sha":"5d9d9080ca2f99e1e51db1d35910a7df7ec8dd41","filename":"dashboard/src/app/workspaces/workspace-details/workspace-details.controller.ts","status":"modified","additions":5,"deletions":5,"changes":10,"blob_url":"https://github.com/eclipse/che/blob/06f47f29271d4f1a497bf3fad5d23ab312afaa09/dashboard/src/app/workspaces/workspace-details/workspace-details.controller.ts","raw_url":"https://github.com/eclipse/che/raw/06f47f29271d4f1a497bf3fad5d23ab312afaa09/dashboard/src/app/workspaces/workspace-details/workspace-details.controller.ts","contents_url":"https://api.github.com/repos/eclipse/che/contents/dashboard/src/app/workspaces/workspace-details/workspace-details.controller.ts?ref=06f47f29271d4f1a497bf3fad5d23ab312afaa09","patch":"@@ -386,7 +386,7 @@ export class WorkspaceDetailsController {\n       this.copyWorkspaceDetails.config.name = this.newName;\n     }\n \n-    this.switchEditMode();\n+    this.switchEditMode(this.workspaceDetails.config);\n   }\n \n   /**\n@@ -486,7 +486,7 @@ export class WorkspaceDetailsController {\n    * @param config {che.IWorkspaceConfig} workspace config\n    */\n   updateWorkspaceConfigImport(config: che.IWorkspaceConfig): void {\n-    this.switchEditMode();\n+    this.switchEditMode(config);\n \n     if (!config) {\n       return;\n@@ -509,12 +509,12 @@ export class WorkspaceDetailsController {\n    */\n   updateWorkspaceConfigEnvironment(): void {\n     this.workspaceImportedRecipe = null;\n-    this.switchEditMode();\n+    this.switchEditMode(this.workspaceDetails.config);\n   }\n \n-  switchEditMode(): void {\n+  switchEditMode(changedConfig: che.IWorkspaceConfig): void {\n     if (!this.isCreationFlow) {\n-      this.editMode = !angular.equals(this.copyWorkspaceDetails.config, this.workspaceDetails.config);\n+      this.editMode = !angular.equals(this.copyWorkspaceDetails.config, changedConfig);\n \n       let status = this.getWorkspaceStatus();\n       if (status === 'STOPPED' || status === 'STOPPING') {"}]}
