{"sha":"07133e81a2fdfb4a352236219287afb63d33ed0a","commit":{"author":{"name":"Sergey Skorik","email":"sskorik@codenvy.com","date":"2017-11-13T15:38:52Z"},"committer":{"name":"GitHub","email":"noreply@github.com","date":"2017-11-13T15:38:52Z"},"message":"Update unstable selenium tests from the Workspaces package (#7337)\n\n* added checking that the Update Project loader is closed before select project from the Project Explorer\r\n* added waitTerminalTab() method for waiting that default terminal is visible with timeout","tree":{"sha":"5398e725618f6ebc5c213637376c3b8d716019ab","url":"https://api.github.com/repos/eclipse/che/git/trees/5398e725618f6ebc5c213637376c3b8d716019ab"},"url":"https://api.github.com/repos/eclipse/che/git/commits/07133e81a2fdfb4a352236219287afb63d33ed0a","comment_count":0,"verification":{"verified":true,"reason":"valid","signature":"-----BEGIN PGP SIGNATURE-----\n\nwsBcBAABCAAQBQJaCbyMCRBK7hj4Ov3rIwAAdHIIAIqjMX1XoB1Ha2JSP23INZE+\nJPpp88fz9LImOx6ikg4KtGVFSbHmE4eEQCVHSn5uf6IRuLPzcJACEdVQSs2UsLiN\nxhcTmZHMW5DcyJ84LJC+S+qPE+zUMPihVEKjktAsr5EgnZIQLmaWGQU1cdbeO820\nkzWEhFu/lzD0MB+u58dX+8LR1mCYhLxoRhNEiqsJT2fC4fSMkpPKDypHkS8ZclTs\ngz6bzeFqorkltySJdLcbvZiWfNm3vpBEHLLWRPZYfV8hP3DPBkvITIdr4S5woEGm\nDfvFVpCeiOaBtpvKFZnekzkdpfvnTQY/qYq+wNXQGMxQQ76pzN2LmokDqMPerpI=\n=k1hR\n-----END PGP SIGNATURE-----\n","payload":"tree 5398e725618f6ebc5c213637376c3b8d716019ab\nparent 291076bf68cdc958709f679fcc4a459fef8f868f\nauthor Sergey Skorik <sskorik@codenvy.com> 1510587532 +0200\ncommitter GitHub <noreply@github.com> 1510587532 +0200\n\nUpdate unstable selenium tests from the Workspaces package (#7337)\n\n* added checking that the Update Project loader is closed before select project from the Project Explorer\r\n* added waitTerminalTab() method for waiting that default terminal is visible with timeout\r\n"}},"url":"https://api.github.com/repos/eclipse/che/commits/07133e81a2fdfb4a352236219287afb63d33ed0a","html_url":"https://github.com/eclipse/che/commit/07133e81a2fdfb4a352236219287afb63d33ed0a","comments_url":"https://api.github.com/repos/eclipse/che/commits/07133e81a2fdfb4a352236219287afb63d33ed0a/comments","author":{"login":"SkorikSergey","id":7760565,"avatar_url":"https://avatars1.githubusercontent.com/u/7760565?v=4","gravatar_id":"","url":"https://api.github.com/users/SkorikSergey","html_url":"https://github.com/SkorikSergey","followers_url":"https://api.github.com/users/SkorikSergey/followers","following_url":"https://api.github.com/users/SkorikSergey/following{/other_user}","gists_url":"https://api.github.com/users/SkorikSergey/gists{/gist_id}","starred_url":"https://api.github.com/users/SkorikSergey/starred{/owner}{/repo}","subscriptions_url":"https://api.github.com/users/SkorikSergey/subscriptions","organizations_url":"https://api.github.com/users/SkorikSergey/orgs","repos_url":"https://api.github.com/users/SkorikSergey/repos","events_url":"https://api.github.com/users/SkorikSergey/events{/privacy}","received_events_url":"https://api.github.com/users/SkorikSergey/received_events","type":"User","site_admin":false},"committer":{"login":"web-flow","id":19864447,"avatar_url":"https://avatars3.githubusercontent.com/u/19864447?v=4","gravatar_id":"","url":"https://api.github.com/users/web-flow","html_url":"https://github.com/web-flow","followers_url":"https://api.github.com/users/web-flow/followers","following_url":"https://api.github.com/users/web-flow/following{/other_user}","gists_url":"https://api.github.com/users/web-flow/gists{/gist_id}","starred_url":"https://api.github.com/users/web-flow/starred{/owner}{/repo}","subscriptions_url":"https://api.github.com/users/web-flow/subscriptions","organizations_url":"https://api.github.com/users/web-flow/orgs","repos_url":"https://api.github.com/users/web-flow/repos","events_url":"https://api.github.com/users/web-flow/events{/privacy}","received_events_url":"https://api.github.com/users/web-flow/received_events","type":"User","site_admin":false},"parents":[{"sha":"291076bf68cdc958709f679fcc4a459fef8f868f","url":"https://api.github.com/repos/eclipse/che/commits/291076bf68cdc958709f679fcc4a459fef8f868f","html_url":"https://github.com/eclipse/che/commit/291076bf68cdc958709f679fcc4a459fef8f868f"}],"stats":{"total":37,"additions":26,"deletions":11},"files":[{"sha":"1355d44609b0cfbba3f9b1e306dedd947ecc9017","filename":"selenium/che-selenium-test/src/main/java/org/eclipse/che/selenium/pageobject/machineperspective/MachineTerminal.java","status":"modified","additions":22,"deletions":9,"changes":31,"blob_url":"https://github.com/eclipse/che/blob/07133e81a2fdfb4a352236219287afb63d33ed0a/selenium/che-selenium-test/src/main/java/org/eclipse/che/selenium/pageobject/machineperspective/MachineTerminal.java","raw_url":"https://github.com/eclipse/che/raw/07133e81a2fdfb4a352236219287afb63d33ed0a/selenium/che-selenium-test/src/main/java/org/eclipse/che/selenium/pageobject/machineperspective/MachineTerminal.java","contents_url":"https://api.github.com/repos/eclipse/che/contents/selenium/che-selenium-test/src/main/java/org/eclipse/che/selenium/pageobject/machineperspective/MachineTerminal.java?ref=07133e81a2fdfb4a352236219287afb63d33ed0a","patch":"@@ -71,18 +71,31 @@ public MachineTerminal(\n   @FindBy(xpath = Locators.TERMINAL_CONSOLE_CONTAINER_XPATH)\n   WebElement defaultTermContainer;\n \n-  /** wait default terminal tab */\n+  /** waits default terminal tab */\n   public void waitTerminalTab() {\n     new WebDriverWait(seleniumWebDriver, ELEMENT_TIMEOUT_SEC).until(visibilityOf(defaultTermTab));\n   }\n \n-  /** wait default terminal tab */\n-  public void waitTerminalTab(int termNumber) {\n+  /**\n+   * waits default terminal tab\n+   *\n+   * @param timeWait time of waiting terminal container in seconds\n+   */\n+  public void waitTerminalTab(int timeWait) {\n+    new WebDriverWait(seleniumWebDriver, timeWait).until(visibilityOf(defaultTermTab));\n+  }\n+\n+  /**\n+   * waits terminal tab with number\n+   *\n+   * @param termNumber number of terminal\n+   */\n+  public void waitNumberTerminalTab(int termNumber) {\n     new WebDriverWait(seleniumWebDriver, REDRAW_UI_ELEMENTS_TIMEOUT_SEC)\n         .until(visibilityOfElementLocated(By.xpath(getTerminalTabXPath(termNumber))));\n   }\n \n-  /** wait appearance the main terminal container */\n+  /** waits appearance the main terminal container */\n   public void waitTerminalConsole() {\n     new WebDriverWait(seleniumWebDriver, REDRAW_UI_ELEMENTS_TIMEOUT_SEC)\n         .until(visibilityOf(defaultTermContainer));\n@@ -98,23 +111,23 @@ public void waitTerminalIsNotPresent(int termNumber) {\n   }\n \n   /**\n-   * wait appearance the main terminal container\n+   * waits appearance the main terminal container\n    *\n    * @param timeWait time of waiting terminal container in seconds\n    */\n   public void waitTerminalConsole(int timeWait) {\n     new WebDriverWait(seleniumWebDriver, timeWait).until(visibilityOf(defaultTermContainer));\n   }\n \n-  /** wait appearance the main terminal container */\n+  /** gets visible text from terminal container */\n   public String getVisibleTextFromTerminal() {\n     return new WebDriverWait(seleniumWebDriver, REDRAW_UI_ELEMENTS_TIMEOUT_SEC)\n         .until(visibilityOf(defaultTermContainer))\n         .getText();\n   }\n \n   /**\n-   * wait text into the terminal\n+   * waits text into the terminal\n    *\n    * @param expectedText expected text into terminal\n    */\n@@ -124,7 +137,7 @@ public void waitExpectedTextIntoTerminal(String expectedText) {\n   }\n \n   /**\n-   * wait expected text is not present in the terminal\n+   * waits expected text is not present in the terminal\n    *\n    * @param expectedText expected text\n    */\n@@ -136,7 +149,7 @@ public void waitExpectedTextNotPresentTerminal(String expectedText) {\n   }\n \n   /**\n-   * wait text into the terminal\n+   * waits text into the terminal\n    *\n    * @param expectedText expected text into terminal\n    * @param definedTimeout timeout in seconds defined with user"},{"sha":"001ac2f30a3654596dc8b52c15717ce9a8b2a2c0","filename":"selenium/che-selenium-test/src/test/java/org/eclipse/che/selenium/workspaces/CreateWorkspaceOnDashboardTest.java","status":"modified","additions":1,"deletions":2,"changes":3,"blob_url":"https://github.com/eclipse/che/blob/07133e81a2fdfb4a352236219287afb63d33ed0a/selenium/che-selenium-test/src/test/java/org/eclipse/che/selenium/workspaces/CreateWorkspaceOnDashboardTest.java","raw_url":"https://github.com/eclipse/che/raw/07133e81a2fdfb4a352236219287afb63d33ed0a/selenium/che-selenium-test/src/test/java/org/eclipse/che/selenium/workspaces/CreateWorkspaceOnDashboardTest.java","contents_url":"https://api.github.com/repos/eclipse/che/contents/selenium/che-selenium-test/src/test/java/org/eclipse/che/selenium/workspaces/CreateWorkspaceOnDashboardTest.java?ref=07133e81a2fdfb4a352236219287afb63d33ed0a","patch":"@@ -62,7 +62,6 @@ public void createWorkspaceOnDashboardTest() {\n     createWorkspace.clickCreate();\n     seleniumWebDriver.switchFromDashboardIframeToIde();\n     projectExplorer.waitProjectExplorer();\n-    terminal.waitTerminalConsole(LOADER_TIMEOUT_SEC);\n-    terminal.waitTerminalTab();\n+    terminal.waitTerminalTab(LOADER_TIMEOUT_SEC);\n   }\n }"},{"sha":"d45cd49845db780960add969e0dcd7c0234d467b","filename":"selenium/che-selenium-test/src/test/java/org/eclipse/che/selenium/workspaces/WorkingWithJavaMySqlStackTest.java","status":"modified","additions":1,"deletions":0,"changes":1,"blob_url":"https://github.com/eclipse/che/blob/07133e81a2fdfb4a352236219287afb63d33ed0a/selenium/che-selenium-test/src/test/java/org/eclipse/che/selenium/workspaces/WorkingWithJavaMySqlStackTest.java","raw_url":"https://github.com/eclipse/che/raw/07133e81a2fdfb4a352236219287afb63d33ed0a/selenium/che-selenium-test/src/test/java/org/eclipse/che/selenium/workspaces/WorkingWithJavaMySqlStackTest.java","contents_url":"https://api.github.com/repos/eclipse/che/contents/selenium/che-selenium-test/src/test/java/org/eclipse/che/selenium/workspaces/WorkingWithJavaMySqlStackTest.java?ref=07133e81a2fdfb4a352236219287afb63d33ed0a","patch":"@@ -101,6 +101,7 @@ public void checkJavaMySqlAndRunApp() {\n     loader.waitOnClosed();\n     projectExplorer.waitProjectExplorer();\n     projectExplorer.waitItem(PROJECT_NAME, 600);\n+    loader.waitOnClosed();\n     projectExplorer.selectItem(PROJECT_NAME);\n     projectExplorer.expandPathInProjectExplorer(\n         PROJECT_NAME + \"/src/main/java/org.springframework.samples.petclinic\");"},{"sha":"3d8aee70ff7c350b09acf4bd0b1b077f24740ae4","filename":"selenium/che-selenium-test/src/test/java/org/eclipse/che/selenium/workspaces/WorkingWithNodeWsTest.java","status":"modified","additions":2,"deletions":0,"changes":2,"blob_url":"https://github.com/eclipse/che/blob/07133e81a2fdfb4a352236219287afb63d33ed0a/selenium/che-selenium-test/src/test/java/org/eclipse/che/selenium/workspaces/WorkingWithNodeWsTest.java","raw_url":"https://github.com/eclipse/che/raw/07133e81a2fdfb4a352236219287afb63d33ed0a/selenium/che-selenium-test/src/test/java/org/eclipse/che/selenium/workspaces/WorkingWithNodeWsTest.java","contents_url":"https://api.github.com/repos/eclipse/che/contents/selenium/che-selenium-test/src/test/java/org/eclipse/che/selenium/workspaces/WorkingWithNodeWsTest.java?ref=07133e81a2fdfb4a352236219287afb63d33ed0a","patch":"@@ -86,6 +86,8 @@ public void checkNodeJsWsAndRunApp() {\n     loader.waitOnClosed();\n     projectExplorer.waitProjectExplorer();\n     projectExplorer.waitItem(NODE_JS_PROJECT_NAME);\n+    loader.waitOnClosed();\n+    projectExplorer.selectItem(NODE_JS_PROJECT_NAME);\n     projectExplorer.openItemByPath(NODE_JS_PROJECT_NAME);\n     projectExplorer.waitItem(NODE_JS_PROJECT_NAME + \"/app\");\n     projectExplorer.openItemByPath(NODE_JS_PROJECT_NAME + \"/app\");"}]}
