{"sha":"0727e6f9a976d8ae8bd88b85bb59579baf442b96","commit":{"author":{"name":"Artem Zatsarynnyi","email":"azatsary@redhat.com","date":"2017-09-06T11:25:02Z"},"committer":{"name":"Artem Zatsarynnyi","email":"azatsary@redhat.com","date":"2017-09-06T11:25:02Z"},"message":"Clean-up ide-app","tree":{"sha":"16b2dc2f40dd2a620fedfb20df9e9945a0878cef","url":"https://api.github.com/repos/eclipse/che/git/trees/16b2dc2f40dd2a620fedfb20df9e9945a0878cef"},"url":"https://api.github.com/repos/eclipse/che/git/commits/0727e6f9a976d8ae8bd88b85bb59579baf442b96","comment_count":0,"verification":{"verified":false,"reason":"unsigned","signature":null,"payload":null}},"url":"https://api.github.com/repos/eclipse/che/commits/0727e6f9a976d8ae8bd88b85bb59579baf442b96","html_url":"https://github.com/eclipse/che/commit/0727e6f9a976d8ae8bd88b85bb59579baf442b96","comments_url":"https://api.github.com/repos/eclipse/che/commits/0727e6f9a976d8ae8bd88b85bb59579baf442b96/comments","author":{"login":"azatsarynnyy","id":1636395,"avatar_url":"https://avatars3.githubusercontent.com/u/1636395?v=4","gravatar_id":"","url":"https://api.github.com/users/azatsarynnyy","html_url":"https://github.com/azatsarynnyy","followers_url":"https://api.github.com/users/azatsarynnyy/followers","following_url":"https://api.github.com/users/azatsarynnyy/following{/other_user}","gists_url":"https://api.github.com/users/azatsarynnyy/gists{/gist_id}","starred_url":"https://api.github.com/users/azatsarynnyy/starred{/owner}{/repo}","subscriptions_url":"https://api.github.com/users/azatsarynnyy/subscriptions","organizations_url":"https://api.github.com/users/azatsarynnyy/orgs","repos_url":"https://api.github.com/users/azatsarynnyy/repos","events_url":"https://api.github.com/users/azatsarynnyy/events{/privacy}","received_events_url":"https://api.github.com/users/azatsarynnyy/received_events","type":"User","site_admin":false},"committer":{"login":"azatsarynnyy","id":1636395,"avatar_url":"https://avatars3.githubusercontent.com/u/1636395?v=4","gravatar_id":"","url":"https://api.github.com/users/azatsarynnyy","html_url":"https://github.com/azatsarynnyy","followers_url":"https://api.github.com/users/azatsarynnyy/followers","following_url":"https://api.github.com/users/azatsarynnyy/following{/other_user}","gists_url":"https://api.github.com/users/azatsarynnyy/gists{/gist_id}","starred_url":"https://api.github.com/users/azatsarynnyy/starred{/owner}{/repo}","subscriptions_url":"https://api.github.com/users/azatsarynnyy/subscriptions","organizations_url":"https://api.github.com/users/azatsarynnyy/orgs","repos_url":"https://api.github.com/users/azatsarynnyy/repos","events_url":"https://api.github.com/users/azatsarynnyy/events{/privacy}","received_events_url":"https://api.github.com/users/azatsarynnyy/received_events","type":"User","site_admin":false},"parents":[{"sha":"a671f40838dad8f698f02f34d331e73e06da3eb6","url":"https://api.github.com/repos/eclipse/che/commits/a671f40838dad8f698f02f34d331e73e06da3eb6","html_url":"https://github.com/eclipse/che/commit/a671f40838dad8f698f02f34d331e73e06da3eb6"}],"stats":{"total":185,"additions":9,"deletions":176},"files":[{"sha":"11c3ef9e558a2237b69a810b7380d671c5bcd8d5","filename":"ide/che-core-ide-app/src/main/java/org/eclipse/che/ide/factory/utils/FactoryProjectImporter.java","status":"modified","additions":2,"deletions":2,"changes":4,"blob_url":"https://github.com/eclipse/che/blob/0727e6f9a976d8ae8bd88b85bb59579baf442b96/ide/che-core-ide-app/src/main/java/org/eclipse/che/ide/factory/utils/FactoryProjectImporter.java","raw_url":"https://github.com/eclipse/che/raw/0727e6f9a976d8ae8bd88b85bb59579baf442b96/ide/che-core-ide-app/src/main/java/org/eclipse/che/ide/factory/utils/FactoryProjectImporter.java","contents_url":"https://api.github.com/repos/eclipse/che/contents/ide/che-core-ide-app/src/main/java/org/eclipse/che/ide/factory/utils/FactoryProjectImporter.java?ref=0727e6f9a976d8ae8bd88b85bb59579baf442b96","patch":"@@ -53,12 +53,12 @@\n import org.eclipse.che.ide.api.oauth.OAuth2AuthenticatorRegistry;\n import org.eclipse.che.ide.api.oauth.OAuth2AuthenticatorUrlProvider;\n import org.eclipse.che.ide.api.project.MutableProjectConfig;\n-import org.eclipse.che.ide.api.project.wizard.ImportProjectNotificationSubscriberFactory;\n-import org.eclipse.che.ide.api.project.wizard.ProjectNotificationSubscriber;\n import org.eclipse.che.ide.api.resources.Project;\n import org.eclipse.che.ide.api.workspace.model.ProjectConfigImpl;\n import org.eclipse.che.ide.projectimport.AbstractImporter;\n+import org.eclipse.che.ide.projectimport.wizard.ImportProjectNotificationSubscriberFactory;\n import org.eclipse.che.ide.projectimport.wizard.ProjectImportOutputJsonRpcNotifier;\n+import org.eclipse.che.ide.projectimport.wizard.ProjectNotificationSubscriber;\n import org.eclipse.che.ide.resource.Path;\n import org.eclipse.che.ide.ui.dialogs.DialogFactory;\n import org.eclipse.che.ide.ui.dialogs.askcredentials.AskCredentialsDialog;"},{"sha":"9913bba4fd50194bedbe5c1e8536fe68099e2e98","filename":"ide/che-core-ide-app/src/main/java/org/eclipse/che/ide/project/ProjectApiModule.java","status":"modified","additions":2,"deletions":6,"changes":8,"blob_url":"https://github.com/eclipse/che/blob/0727e6f9a976d8ae8bd88b85bb59579baf442b96/ide/che-core-ide-app/src/main/java/org/eclipse/che/ide/project/ProjectApiModule.java","raw_url":"https://github.com/eclipse/che/raw/0727e6f9a976d8ae8bd88b85bb59579baf442b96/ide/che-core-ide-app/src/main/java/org/eclipse/che/ide/project/ProjectApiModule.java","contents_url":"https://api.github.com/repos/eclipse/che/contents/ide/che-core-ide-app/src/main/java/org/eclipse/che/ide/project/ProjectApiModule.java?ref=0727e6f9a976d8ae8bd88b85bb59579baf442b96","patch":"@@ -18,14 +18,13 @@\n import org.eclipse.che.ide.api.project.type.ProjectTypeRegistry;\n import org.eclipse.che.ide.api.project.type.wizard.PreSelectedProjectTypeManager;\n import org.eclipse.che.ide.api.project.type.wizard.ProjectWizardRegistrar;\n-import org.eclipse.che.ide.api.project.wizard.ImportProjectNotificationSubscriberFactory;\n import org.eclipse.che.ide.api.project.wizard.ImportWizardRegistrar;\n-import org.eclipse.che.ide.api.project.wizard.ProjectNotificationSubscriber;\n import org.eclipse.che.ide.projectimport.InitialProjectImporter;\n import org.eclipse.che.ide.projectimport.ProjectImportNotificationSubscriber;\n+import org.eclipse.che.ide.projectimport.wizard.ImportProjectNotificationSubscriberFactory;\n import org.eclipse.che.ide.projectimport.wizard.ImportWizardFactory;\n import org.eclipse.che.ide.projectimport.wizard.ProjectImportOutputJsonRpcNotifier;\n-import org.eclipse.che.ide.projectimport.wizard.ProjectNotificationSubscriberImpl;\n+import org.eclipse.che.ide.projectimport.wizard.ProjectNotificationSubscriber;\n import org.eclipse.che.ide.projectimport.zip.ZipImportWizardRegistrar;\n import org.eclipse.che.ide.projecttype.BlankProjectWizardRegistrar;\n import org.eclipse.che.ide.projecttype.ProjectTemplateRegistryImpl;\n@@ -70,9 +69,6 @@ protected void configure() {\n \n     install(new GinFactoryModuleBuilder().build(ImportWizardFactory.class));\n \n-    bind(ProjectNotificationSubscriber.class)\n-        .to(ProjectNotificationSubscriberImpl.class)\n-        .in(Singleton.class);\n     install(\n         new GinFactoryModuleBuilder()\n             .implement("},{"sha":"d866c0bdb30166599a9bfb3a5f4ee0310d8cc4cb","filename":"ide/che-core-ide-app/src/main/java/org/eclipse/che/ide/projectimport/AbstractImporter.java","status":"modified","additions":1,"deletions":1,"changes":2,"blob_url":"https://github.com/eclipse/che/blob/0727e6f9a976d8ae8bd88b85bb59579baf442b96/ide/che-core-ide-app/src/main/java/org/eclipse/che/ide/projectimport/AbstractImporter.java","raw_url":"https://github.com/eclipse/che/raw/0727e6f9a976d8ae8bd88b85bb59579baf442b96/ide/che-core-ide-app/src/main/java/org/eclipse/che/ide/projectimport/AbstractImporter.java","contents_url":"https://api.github.com/repos/eclipse/che/contents/ide/che-core-ide-app/src/main/java/org/eclipse/che/ide/projectimport/AbstractImporter.java?ref=0727e6f9a976d8ae8bd88b85bb59579baf442b96","patch":"@@ -18,8 +18,8 @@\n import org.eclipse.che.api.promises.client.Promise;\n import org.eclipse.che.api.promises.client.PromiseError;\n import org.eclipse.che.ide.api.app.AppContext;\n-import org.eclipse.che.ide.api.project.wizard.ImportProjectNotificationSubscriberFactory;\n import org.eclipse.che.ide.api.resources.Project;\n+import org.eclipse.che.ide.projectimport.wizard.ImportProjectNotificationSubscriberFactory;\n import org.eclipse.che.ide.resource.Path;\n \n /**"},{"sha":"9cd212635a70823762911063073843537e191449","filename":"ide/che-core-ide-app/src/main/java/org/eclipse/che/ide/projectimport/InitialProjectImporter.java","status":"modified","additions":2,"deletions":2,"changes":4,"blob_url":"https://github.com/eclipse/che/blob/0727e6f9a976d8ae8bd88b85bb59579baf442b96/ide/che-core-ide-app/src/main/java/org/eclipse/che/ide/projectimport/InitialProjectImporter.java","raw_url":"https://github.com/eclipse/che/raw/0727e6f9a976d8ae8bd88b85bb59579baf442b96/ide/che-core-ide-app/src/main/java/org/eclipse/che/ide/projectimport/InitialProjectImporter.java","contents_url":"https://api.github.com/repos/eclipse/che/contents/ide/che-core-ide-app/src/main/java/org/eclipse/che/ide/projectimport/InitialProjectImporter.java?ref=0727e6f9a976d8ae8bd88b85bb59579baf442b96","patch":"@@ -46,11 +46,11 @@\n import org.eclipse.che.ide.api.oauth.OAuth2AuthenticatorRegistry;\n import org.eclipse.che.ide.api.oauth.OAuth2AuthenticatorUrlProvider;\n import org.eclipse.che.ide.api.project.MutableProjectConfig;\n-import org.eclipse.che.ide.api.project.wizard.ImportProjectNotificationSubscriberFactory;\n-import org.eclipse.che.ide.api.project.wizard.ProjectNotificationSubscriber;\n import org.eclipse.che.ide.api.resources.Project;\n import org.eclipse.che.ide.api.workspace.WorkspaceReadyEvent;\n+import org.eclipse.che.ide.projectimport.wizard.ImportProjectNotificationSubscriberFactory;\n import org.eclipse.che.ide.projectimport.wizard.ProjectImportOutputJsonRpcNotifier;\n+import org.eclipse.che.ide.projectimport.wizard.ProjectNotificationSubscriber;\n import org.eclipse.che.ide.resource.Path;\n import org.eclipse.che.ide.ui.dialogs.DialogFactory;\n import org.eclipse.che.ide.ui.dialogs.askcredentials.AskCredentialsDialog;"},{"sha":"f940c1b295df6ccf0ca7692b35e4b43b7a219e88","filename":"ide/che-core-ide-app/src/main/java/org/eclipse/che/ide/projectimport/wizard/ImportProjectNotificationSubscriberFactory.java","status":"renamed","additions":1,"deletions":1,"changes":2,"blob_url":"https://github.com/eclipse/che/blob/0727e6f9a976d8ae8bd88b85bb59579baf442b96/ide/che-core-ide-app/src/main/java/org/eclipse/che/ide/projectimport/wizard/ImportProjectNotificationSubscriberFactory.java","raw_url":"https://github.com/eclipse/che/raw/0727e6f9a976d8ae8bd88b85bb59579baf442b96/ide/che-core-ide-app/src/main/java/org/eclipse/che/ide/projectimport/wizard/ImportProjectNotificationSubscriberFactory.java","contents_url":"https://api.github.com/repos/eclipse/che/contents/ide/che-core-ide-app/src/main/java/org/eclipse/che/ide/projectimport/wizard/ImportProjectNotificationSubscriberFactory.java?ref=0727e6f9a976d8ae8bd88b85bb59579baf442b96","patch":"@@ -8,7 +8,7 @@\n  * Contributors:\n  *   Red Hat, Inc. - initial API and implementation\n  */\n-package org.eclipse.che.ide.api.project.wizard;\n+package org.eclipse.che.ide.projectimport.wizard;\n \n /**\n  * Factory for {@link ProjectNotificationSubscriber} component.","previous_filename":"ide/che-core-ide-api/src/main/java/org/eclipse/che/ide/api/project/wizard/ImportProjectNotificationSubscriberFactory.java"},{"sha":"5e54b1989111632b747a16c3833aa97f85067bfe","filename":"ide/che-core-ide-app/src/main/java/org/eclipse/che/ide/projectimport/wizard/ProjectImportOutputJsonRpcNotifier.java","status":"modified","additions":0,"deletions":1,"changes":1,"blob_url":"https://github.com/eclipse/che/blob/0727e6f9a976d8ae8bd88b85bb59579baf442b96/ide/che-core-ide-app/src/main/java/org/eclipse/che/ide/projectimport/wizard/ProjectImportOutputJsonRpcNotifier.java","raw_url":"https://github.com/eclipse/che/raw/0727e6f9a976d8ae8bd88b85bb59579baf442b96/ide/che-core-ide-app/src/main/java/org/eclipse/che/ide/projectimport/wizard/ProjectImportOutputJsonRpcNotifier.java","contents_url":"https://api.github.com/repos/eclipse/che/contents/ide/che-core-ide-app/src/main/java/org/eclipse/che/ide/projectimport/wizard/ProjectImportOutputJsonRpcNotifier.java?ref=0727e6f9a976d8ae8bd88b85bb59579baf442b96","patch":"@@ -25,7 +25,6 @@\n import org.eclipse.che.ide.CoreLocalizationConstant;\n import org.eclipse.che.ide.api.notification.NotificationManager;\n import org.eclipse.che.ide.api.notification.StatusNotification;\n-import org.eclipse.che.ide.api.project.wizard.ProjectNotificationSubscriber;\n import org.eclipse.che.ide.api.workspace.event.WsAgentServerStoppedEvent;\n \n /**"},{"sha":"2943861dd0fecb68138f7328f8fab586c70a9c10","filename":"ide/che-core-ide-app/src/main/java/org/eclipse/che/ide/projectimport/wizard/ProjectImporter.java","status":"modified","additions":0,"deletions":2,"changes":2,"blob_url":"https://github.com/eclipse/che/blob/0727e6f9a976d8ae8bd88b85bb59579baf442b96/ide/che-core-ide-app/src/main/java/org/eclipse/che/ide/projectimport/wizard/ProjectImporter.java","raw_url":"https://github.com/eclipse/che/raw/0727e6f9a976d8ae8bd88b85bb59579baf442b96/ide/che-core-ide-app/src/main/java/org/eclipse/che/ide/projectimport/wizard/ProjectImporter.java","contents_url":"https://api.github.com/repos/eclipse/che/contents/ide/che-core-ide-app/src/main/java/org/eclipse/che/ide/projectimport/wizard/ProjectImporter.java?ref=0727e6f9a976d8ae8bd88b85bb59579baf442b96","patch":"@@ -39,8 +39,6 @@\n import org.eclipse.che.ide.api.oauth.OAuth2AuthenticatorRegistry;\n import org.eclipse.che.ide.api.oauth.OAuth2AuthenticatorUrlProvider;\n import org.eclipse.che.ide.api.project.MutableProjectConfig;\n-import org.eclipse.che.ide.api.project.wizard.ImportProjectNotificationSubscriberFactory;\n-import org.eclipse.che.ide.api.project.wizard.ProjectNotificationSubscriber;\n import org.eclipse.che.ide.api.resources.Project;\n import org.eclipse.che.ide.api.wizard.Wizard.CompleteCallback;\n import org.eclipse.che.ide.projectimport.AbstractImporter;"},{"sha":"3cc542aefd927c0d61df606be283f95d2cc24d41","filename":"ide/che-core-ide-app/src/main/java/org/eclipse/che/ide/projectimport/wizard/ProjectNotificationSubscriber.java","status":"renamed","additions":1,"deletions":1,"changes":2,"blob_url":"https://github.com/eclipse/che/blob/0727e6f9a976d8ae8bd88b85bb59579baf442b96/ide/che-core-ide-app/src/main/java/org/eclipse/che/ide/projectimport/wizard/ProjectNotificationSubscriber.java","raw_url":"https://github.com/eclipse/che/raw/0727e6f9a976d8ae8bd88b85bb59579baf442b96/ide/che-core-ide-app/src/main/java/org/eclipse/che/ide/projectimport/wizard/ProjectNotificationSubscriber.java","contents_url":"https://api.github.com/repos/eclipse/che/contents/ide/che-core-ide-app/src/main/java/org/eclipse/che/ide/projectimport/wizard/ProjectNotificationSubscriber.java?ref=0727e6f9a976d8ae8bd88b85bb59579baf442b96","patch":"@@ -8,7 +8,7 @@\n  * Contributors:\n  *   Red Hat, Inc. - initial API and implementation\n  */\n-package org.eclipse.che.ide.api.project.wizard;\n+package org.eclipse.che.ide.projectimport.wizard;\n \n import org.eclipse.che.ide.api.notification.StatusNotification;\n ","previous_filename":"ide/che-core-ide-api/src/main/java/org/eclipse/che/ide/api/project/wizard/ProjectNotificationSubscriber.java"},{"sha":"6be7a88992a0a2638cc2ba354aad4de87667737f","filename":"ide/che-core-ide-app/src/main/java/org/eclipse/che/ide/projectimport/wizard/ProjectNotificationSubscriberImpl.java","status":"removed","additions":0,"deletions":158,"changes":158,"blob_url":"https://github.com/eclipse/che/blob/a671f40838dad8f698f02f34d331e73e06da3eb6/ide/che-core-ide-app/src/main/java/org/eclipse/che/ide/projectimport/wizard/ProjectNotificationSubscriberImpl.java","raw_url":"https://github.com/eclipse/che/raw/a671f40838dad8f698f02f34d331e73e06da3eb6/ide/che-core-ide-app/src/main/java/org/eclipse/che/ide/projectimport/wizard/ProjectNotificationSubscriberImpl.java","contents_url":"https://api.github.com/repos/eclipse/che/contents/ide/che-core-ide-app/src/main/java/org/eclipse/che/ide/projectimport/wizard/ProjectNotificationSubscriberImpl.java?ref=a671f40838dad8f698f02f34d331e73e06da3eb6","patch":"@@ -1,158 +0,0 @@\n-/*\n- * Copyright (c) 2012-2017 Red Hat, Inc.\n- * All rights reserved. This program and the accompanying materials\n- * are made available under the terms of the Eclipse Public License v1.0\n- * which accompanies this distribution, and is available at\n- * http://www.eclipse.org/legal/epl-v10.html\n- *\n- * Contributors:\n- *   Red Hat, Inc. - initial API and implementation\n- */\n-package org.eclipse.che.ide.projectimport.wizard;\n-\n-import static org.eclipse.che.ide.api.notification.StatusNotification.DisplayMode.FLOAT_MODE;\n-import static org.eclipse.che.ide.api.notification.StatusNotification.Status.PROGRESS;\n-\n-import com.google.inject.Inject;\n-import com.google.inject.Singleton;\n-import org.eclipse.che.api.promises.client.Operation;\n-import org.eclipse.che.api.promises.client.OperationException;\n-import org.eclipse.che.api.promises.client.PromiseError;\n-import org.eclipse.che.ide.CoreLocalizationConstant;\n-import org.eclipse.che.ide.api.notification.NotificationManager;\n-import org.eclipse.che.ide.api.notification.StatusNotification;\n-import org.eclipse.che.ide.api.project.wizard.ProjectNotificationSubscriber;\n-import org.eclipse.che.ide.util.loging.Log;\n-\n-/**\n- * Subscribes on import project notifications. It can be produced by {@code\n- * ImportProjectNotificationSubscriberFactory}\n- *\n- * @author Anton Korneta\n- * @deprecated this class is going to be removed soon\n- */\n-@Deprecated\n-@Singleton\n-public class ProjectNotificationSubscriberImpl implements ProjectNotificationSubscriber {\n-\n-  private final Operation<PromiseError> logErrorHandler;\n-  private final CoreLocalizationConstant locale;\n-  private final NotificationManager notificationManager;\n-\n-  private String wsChannel;\n-  private String projectName;\n-  private StatusNotification notification;\n-  //    private SubscriptionHandler<String> subscriptionHandler;\n-\n-  @Inject\n-  public ProjectNotificationSubscriberImpl(\n-      CoreLocalizationConstant locale, NotificationManager notificationManager) {\n-    this.locale = locale;\n-    this.notificationManager = notificationManager;\n-\n-    this.logErrorHandler =\n-        new Operation<PromiseError>() {\n-          @Override\n-          public void apply(PromiseError error) throws OperationException {\n-            Log.error(ProjectNotificationSubscriberImpl.class, error);\n-          }\n-        };\n-  }\n-\n-  @Override\n-  public void subscribe(final String projectName) {\n-    notification =\n-        notificationManager.notify(locale.importingProject(projectName), PROGRESS, FLOAT_MODE);\n-    subscribe(projectName, notification);\n-  }\n-\n-  @Override\n-  public void subscribe(final String name, final StatusNotification existingNotification) {\n-    this.projectName = name;\n-    this.wsChannel = \"importProject:output\";\n-    this.notification = existingNotification;\n-\n-    // TODO (spi ide): should be removed after reworking Dashboard since it depends on this class somehow\n-    //        this.subscriptionHandler = new SubscriptionHandler<String>(new StringUnmarshallerWS()) {\n-    //            @Override\n-    //            protected void onMessageReceived(String result) {\n-    //                JsonObject jsonObject = Json.parse(result);\n-    //\n-    //                if (jsonObject == null) {\n-    //                    return;\n-    //                }\n-    //\n-    //                if (jsonObject.hasKey(\"project\")) {\n-    //                    projectName = jsonObject.getString(\"project\");\n-    //                    notification.setTitle(locale.importingProject(projectName));\n-    //                }\n-    //\n-    //                if (jsonObject.hasKey(\"line\")) {\n-    //                    notification.setContent(jsonObject.getString(\"line\"));\n-    //                }\n-    //            }\n-    //\n-    //            @Override\n-    //            protected void onErrorReceived(final Throwable throwable) {\n-    //                wsAgentStateController.getMessageBus().then(new Operation<MessageBus>() {\n-    //                    @Override\n-    //                    public void apply(MessageBus messageBus) throws OperationException {\n-    //                        try {\n-    //                            messageBus.unsubscribe(wsChannel, subscriptionHandler);\n-    //                        } catch (WebSocketException e) {\n-    //                            Log.error(getClass(), e);\n-    //                        }\n-    //                        notification.setTitle(locale.importProjectMessageFailure(projectName));\n-    //                        notification.setContent(\"\");\n-    //                        notification.setStatus(FAIL);\n-    //                        Log.error(getClass(), throwable);\n-    //                    }\n-    //                }).catchError(logErrorHandler);\n-    //            }\n-    //        };\n-\n-    //        wsAgentStateController.getMessageBus().then(new Operation<MessageBus>() {\n-    //            @Override\n-    //            public void apply(final MessageBus messageBus) throws OperationException {\n-    //                try {\n-    //                    messageBus.subscribe(wsChannel, subscriptionHandler);\n-    //                } catch (WebSocketException wsEx) {\n-    //                    Log.error(ProjectNotificationSubscriberImpl.class, wsEx);\n-    //                }\n-    //            }\n-    //        }).catchError(logErrorHandler);\n-  }\n-\n-  @Override\n-  public void onSuccess() {\n-    //        wsAgentStateController.getMessageBus().then(new Operation<MessageBus>() {\n-    //            @Override\n-    //            public void apply(MessageBus messageBus) throws OperationException {\n-    //                try {\n-    //                    messageBus.unsubscribe(wsChannel, subscriptionHandler);\n-    //                } catch (WebSocketException e) {\n-    //                    Log.error(getClass(), e);\n-    //                }\n-    //                notification.setStatus(SUCCESS);\n-    //                notification.setTitle(locale.importProjectMessageSuccess(projectName));\n-    //                notification.setContent(\"\");\n-    //            }\n-    //        }).catchError(logErrorHandler);\n-  }\n-\n-  @Override\n-  public void onFailure(final String errorMessage) {\n-    //        wsAgentStateController.getMessageBus().then(new Operation<MessageBus>() {\n-    //            @Override\n-    //            public void apply(MessageBus messageBus) throws OperationException {\n-    //                try {\n-    //                    messageBus.unsubscribe(wsChannel, subscriptionHandler);\n-    //                } catch (WebSocketException e) {\n-    //                    Log.error(getClass(), e);\n-    //                }\n-    //                notification.setStatus(FAIL);\n-    //                notification.setContent(errorMessage);\n-    //            }\n-    //        }).catchError(logErrorHandler);\n-  }\n-}"},{"sha":"1f8696ab1e13520f469d54c36b293b202170de31","filename":"ide/che-core-ide-app/src/test/java/org/eclipse/che/ide/projectimport/wizard/ProjectImporterTest.java","status":"modified","additions":0,"deletions":2,"changes":2,"blob_url":"https://github.com/eclipse/che/blob/0727e6f9a976d8ae8bd88b85bb59579baf442b96/ide/che-core-ide-app/src/test/java/org/eclipse/che/ide/projectimport/wizard/ProjectImporterTest.java","raw_url":"https://github.com/eclipse/che/raw/0727e6f9a976d8ae8bd88b85bb59579baf442b96/ide/che-core-ide-app/src/test/java/org/eclipse/che/ide/projectimport/wizard/ProjectImporterTest.java","contents_url":"https://api.github.com/repos/eclipse/che/contents/ide/che-core-ide-app/src/test/java/org/eclipse/che/ide/projectimport/wizard/ProjectImporterTest.java?ref=0727e6f9a976d8ae8bd88b85bb59579baf442b96","patch":"@@ -22,8 +22,6 @@\n import org.eclipse.che.ide.CoreLocalizationConstant;\n import org.eclipse.che.ide.api.app.AppContext;\n import org.eclipse.che.ide.api.project.MutableProjectConfig;\n-import org.eclipse.che.ide.api.project.wizard.ImportProjectNotificationSubscriberFactory;\n-import org.eclipse.che.ide.api.project.wizard.ProjectNotificationSubscriber;\n import org.eclipse.che.ide.api.resources.Container;\n import org.eclipse.che.ide.api.resources.Project;\n import org.eclipse.che.ide.api.wizard.Wizard;"}]}
