{"sha":"078cbb6820c1ffcf2518d0f5738e169d582835b1","commit":{"author":{"name":"Oleksii Orel","email":"oorel@codenvy.com","date":"2016-05-24T09:16:07Z"},"committer":{"name":"Oleksii Orel","email":"oorel@codenvy.com","date":"2016-05-24T09:16:07Z"},"message":"CODENVY-516: modify che-select widget for dashboard\n\nSigned-off-by: Oleksii Orel <oorel@codenvy.com>","tree":{"sha":"149a1ed8fe4738bc6e24fe5ca3363e585f9dd445","url":"https://api.github.com/repos/eclipse/che/git/trees/149a1ed8fe4738bc6e24fe5ca3363e585f9dd445"},"url":"https://api.github.com/repos/eclipse/che/git/commits/078cbb6820c1ffcf2518d0f5738e169d582835b1","comment_count":0,"verification":{"verified":false,"reason":"unsigned","signature":null,"payload":null}},"url":"https://api.github.com/repos/eclipse/che/commits/078cbb6820c1ffcf2518d0f5738e169d582835b1","html_url":"https://github.com/eclipse/che/commit/078cbb6820c1ffcf2518d0f5738e169d582835b1","comments_url":"https://api.github.com/repos/eclipse/che/commits/078cbb6820c1ffcf2518d0f5738e169d582835b1/comments","author":{"login":"olexii4","id":6310786,"avatar_url":"https://avatars3.githubusercontent.com/u/6310786?v=4","gravatar_id":"","url":"https://api.github.com/users/olexii4","html_url":"https://github.com/olexii4","followers_url":"https://api.github.com/users/olexii4/followers","following_url":"https://api.github.com/users/olexii4/following{/other_user}","gists_url":"https://api.github.com/users/olexii4/gists{/gist_id}","starred_url":"https://api.github.com/users/olexii4/starred{/owner}{/repo}","subscriptions_url":"https://api.github.com/users/olexii4/subscriptions","organizations_url":"https://api.github.com/users/olexii4/orgs","repos_url":"https://api.github.com/users/olexii4/repos","events_url":"https://api.github.com/users/olexii4/events{/privacy}","received_events_url":"https://api.github.com/users/olexii4/received_events","type":"User","site_admin":false},"committer":{"login":"olexii4","id":6310786,"avatar_url":"https://avatars3.githubusercontent.com/u/6310786?v=4","gravatar_id":"","url":"https://api.github.com/users/olexii4","html_url":"https://github.com/olexii4","followers_url":"https://api.github.com/users/olexii4/followers","following_url":"https://api.github.com/users/olexii4/following{/other_user}","gists_url":"https://api.github.com/users/olexii4/gists{/gist_id}","starred_url":"https://api.github.com/users/olexii4/starred{/owner}{/repo}","subscriptions_url":"https://api.github.com/users/olexii4/subscriptions","organizations_url":"https://api.github.com/users/olexii4/orgs","repos_url":"https://api.github.com/users/olexii4/repos","events_url":"https://api.github.com/users/olexii4/events{/privacy}","received_events_url":"https://api.github.com/users/olexii4/received_events","type":"User","site_admin":false},"parents":[{"sha":"1ae0920eebf617a392c7942f51baa1221f3be55b","url":"https://api.github.com/repos/eclipse/che/commits/1ae0920eebf617a392c7942f51baa1221f3be55b","html_url":"https://github.com/eclipse/che/commit/1ae0920eebf617a392c7942f51baa1221f3be55b"}],"stats":{"total":1761,"additions":863,"deletions":898},"files":[{"sha":"086aae7ca1c508ee7769b64ae32a28755ee32187","filename":"dashboard/src/app/constants/che-countries.constant.js","status":"added","additions":753,"deletions":0,"changes":753,"blob_url":"https://github.com/eclipse/che/blob/078cbb6820c1ffcf2518d0f5738e169d582835b1/dashboard/src/app/constants/che-countries.constant.js","raw_url":"https://github.com/eclipse/che/raw/078cbb6820c1ffcf2518d0f5738e169d582835b1/dashboard/src/app/constants/che-countries.constant.js","contents_url":"https://api.github.com/repos/eclipse/che/contents/dashboard/src/app/constants/che-countries.constant.js?ref=078cbb6820c1ffcf2518d0f5738e169d582835b1","patch":"@@ -0,0 +1,753 @@\n+/*\n+ * Copyright (c) 2015-2016 Codenvy, S.A.\n+ * All rights reserved. This program and the accompanying materials\n+ * are made available under the terms of the Eclipse Public License v1.0\n+ * which accompanies this distribution, and is available at\n+ * http://www.eclipse.org/legal/epl-v10.html\n+ *\n+ * Contributors:\n+ *   Codenvy, S.A. - initial API and implementation\n+ */\n+'use strict';\n+\n+/**\n+ * This class contains countries and their codes.\n+ */\n+export class CheCountriesConfig {\n+\n+    constructor(register) {\n+        // Register this factory\n+        register.app.constant('jsonCountries', JSON.stringify([{\n+                name: 'Afghanistan',\n+                code: 'AF'\n+            }, {\n+                name: 'Åland Islands',\n+                code: 'AX'\n+            }, {\n+                name: 'Albania',\n+                code: 'AL'\n+            }, {\n+                name: 'Algeria',\n+                code: 'DZ'\n+            }, {\n+                name: 'American Samoa',\n+                code: 'AS'\n+            }, {\n+                name: 'Andorra',\n+                code: 'AD'\n+            }, {\n+                name: 'Angola',\n+                code: 'AO'\n+            }, {\n+                name: 'Anguilla',\n+                code: 'AI'\n+            }, {\n+                name: 'Antarctica',\n+                code: 'AQ'\n+            }, {\n+                name: 'Antigua and Barbuda',\n+                code: 'AG'\n+            }, {\n+                name: 'Argentina',\n+                code: 'AR'\n+            }, {\n+                name: 'Armenia',\n+                code: 'AM'\n+            }, {\n+                name: 'Aruba',\n+                code: 'AW'\n+            }, {\n+                name: 'Australia',\n+                code: 'AU'\n+            }, {\n+                name: 'Austria',\n+                code: 'AT'\n+            }, {\n+                name: 'Azerbaijan',\n+                code: 'AZ'\n+            }, {\n+                name: 'Bahamas',\n+                code: 'BS'\n+            }, {\n+                name: 'Bahrain',\n+                code: 'BH'\n+            }, {\n+                name: 'Bangladesh',\n+                code: 'BD'\n+            }, {\n+                name: 'Barbados',\n+                code: 'BB'\n+            }, {\n+                name: 'Belarus',\n+                code: 'BY'\n+            }, {\n+                name: 'Belgium',\n+                code: 'BE'\n+            }, {\n+                name: 'Belize',\n+                code: 'BZ'\n+            }, {\n+                name: 'Benin',\n+                code: 'BJ'\n+            }, {\n+                name: 'Bermuda',\n+                code: 'BM'\n+            }, {\n+                name: 'Bhutan',\n+                code: 'BT'\n+            }, {\n+                name: 'Bolivia',\n+                code: 'BO'\n+            }, {\n+                name: 'Bosnia and Herzegovina',\n+                code: 'BA'\n+            }, {\n+                name: 'Botswana',\n+                code: 'BW'\n+            }, {\n+                name: 'Bouvet Island',\n+                code: 'BV'\n+            }, {\n+                name: 'Brazil',\n+                code: 'BR'\n+            }, {\n+                name: 'British Indian Ocean Territory',\n+                code: 'IO'\n+            }, {\n+                name: 'Brunei Darussalam',\n+                code: 'BN'\n+            }, {\n+                name: 'Bulgaria',\n+                code: 'BG'\n+            }, {\n+                name: 'Burkina Faso',\n+                code: 'BF'\n+            }, {\n+                name: 'Burundi',\n+                code: 'BI'\n+            }, {\n+                name: 'Cambodia',\n+                code: 'KH'\n+            }, {\n+                name: 'Cameroon',\n+                code: 'CM'\n+            }, {\n+                name: 'Canada',\n+                code: 'CA'\n+            }, {\n+                name: 'Cape Verde',\n+                code: 'CV'\n+            }, {\n+                name: 'Cayman Islands',\n+                code: 'KY'\n+            }, {\n+                name: 'Central African Republic',\n+                code: 'CF'\n+            }, {\n+                name: 'Chad',\n+                code: 'TD'\n+            }, {\n+                name: 'Chile',\n+                code: 'CL'\n+            }, {\n+                name: 'China',\n+                code: 'CN'\n+            }, {\n+                name: 'Christmas Island',\n+                code: 'CX'\n+            }, {\n+                name: 'Cocos (Keeling) Islands',\n+                code: 'CC'\n+            }, {\n+                name: 'Colombia',\n+                code: 'CO'\n+            }, {\n+                name: 'Comoros',\n+                code: 'KM'\n+            }, {\n+                name: 'Congo',\n+                code: 'CG'\n+            }, {\n+                name: 'Congo, The Democratic Republic of the',\n+                code: 'CD'\n+            }, {\n+                name: 'Cook Islands',\n+                code: 'CK'\n+            }, {\n+                name: 'Costa Rica',\n+                code: 'CR'\n+            }, {\n+                name: 'Cote D\\'Ivoire',\n+                code: 'CI'\n+            }, {\n+                name: 'Croatia',\n+                code: 'HR'\n+            }, {\n+                name: 'Cuba',\n+                code: 'CU'\n+            }, {\n+                name: 'Cyprus',\n+                code: 'CY'\n+            }, {\n+                name: 'Czech Republic',\n+                code: 'CZ'\n+            }, {\n+                name: 'Denmark',\n+                code: 'DK'\n+            }, {\n+                name: 'Djibouti',\n+                code: 'DJ'\n+            }, {\n+                name: 'Dominica',\n+                code: 'DM'\n+            }, {\n+                name: 'Dominican Republic',\n+                code: 'DO'\n+            }, {\n+                name: 'Ecuador',\n+                code: 'EC'\n+            }, {\n+                name: 'Egypt',\n+                code: 'EG'\n+            }, {\n+                name: 'El Salvador',\n+                code: 'SV'\n+            }, {\n+                name: 'Equatorial Guinea',\n+                code: 'GQ'\n+            }, {\n+                name: 'Eritrea',\n+                code: 'ER'\n+            }, {\n+                name: 'Estonia',\n+                code: 'EE'\n+            }, {\n+                name: 'Ethiopia',\n+                code: 'ET'\n+            }, {\n+                name: 'Falkland Islands (Malvinas)',\n+                code: 'FK'\n+            }, {\n+                name: 'Faroe Islands',\n+                code: 'FO'\n+            }, {\n+                name: 'Fiji',\n+                code: 'FJ'\n+            }, {\n+                name: 'Finland',\n+                code: 'FI'\n+            }, {\n+                name: 'France',\n+                code: 'FR'\n+            }, {\n+                name: 'French Guiana',\n+                code: 'GF'\n+            }, {\n+                name: 'French Polynesia',\n+                code: 'PF'\n+            }, {\n+                name: 'French Southern Territories',\n+                code: 'TF'\n+            }, {\n+                name: 'Gabon',\n+                code: 'GA'\n+            }, {\n+                name: 'Gambia',\n+                code: 'GM'\n+            }, {\n+                name: 'Georgia',\n+                code: 'GE'\n+            }, {\n+                name: 'Germany',\n+                code: 'DE'\n+            }, {\n+                name: 'Ghana',\n+                code: 'GH'\n+            }, {\n+                name: 'Gibraltar',\n+                code: 'GI'\n+            }, {\n+                name: 'Greece',\n+                code: 'GR'\n+            }, {\n+                name: 'Greenland',\n+                code: 'GL'\n+            }, {\n+                name: 'Grenada',\n+                code: 'GD'\n+            }, {\n+                name: 'Guadeloupe',\n+                code: 'GP'\n+            }, {\n+                name: 'Guam',\n+                code: 'GU'\n+            }, {\n+                name: 'Guatemala',\n+                code: 'GT'\n+            }, {\n+                name: 'Guernsey',\n+                code: 'GG'\n+            }, {\n+                name: 'Guinea',\n+                code: 'GN'\n+            }, {\n+                name: 'Guinea-Bissau',\n+                code: 'GW'\n+            }, {\n+                name: 'Guyana',\n+                code: 'GY'\n+            }, {\n+                name: 'Haiti',\n+                code: 'HT'\n+            }, {\n+                name: 'Heard Island and Mcdonald Islands',\n+                code: 'HM'\n+            }, {\n+                name: 'Holy See (Vatican City State)',\n+                code: 'VA'\n+            }, {\n+                name: 'Honduras',\n+                code: 'HN'\n+            }, {\n+                name: 'Hong Kong',\n+                code: 'HK'\n+            }, {\n+                name: 'Hungary',\n+                code: 'HU'\n+            }, {\n+                name: 'Iceland',\n+                code: 'IS'\n+            }, {\n+                name: 'India',\n+                code: 'IN'\n+            }, {\n+                name: 'Indonesia',\n+                code: 'ID'\n+            }, {\n+                name: 'Iran, Islamic Republic Of',\n+                code: 'IR'\n+            }, {\n+                name: 'Iraq',\n+                code: 'IQ'\n+            }, {\n+                name: 'Ireland',\n+                code: 'IE'\n+            }, {\n+                name: 'Isle of Man',\n+                code: 'IM'\n+            }, {\n+                name: 'Israel',\n+                code: 'IL'\n+            }, {\n+                name: 'Italy',\n+                code: 'IT'\n+            }, {\n+                name: 'Jamaica',\n+                code: 'JM'\n+            }, {\n+                name: 'Japan',\n+                code: 'JP'\n+            }, {\n+                name: 'Jersey',\n+                code: 'JE'\n+            }, {\n+                name: 'Jordan',\n+                code: 'JO'\n+            }, {\n+                name: 'Kazakhstan',\n+                code: 'KZ'\n+            }, {\n+                name: 'Kenya',\n+                code: 'KE'\n+            }, {\n+                name: 'Kiribati',\n+                code: 'KI'\n+            }, {\n+                name: 'Korea, Democratic People\\'S Republic of',\n+                code: 'KP'\n+            }, {\n+                name: 'Korea, Republic of',\n+                code: 'KR'\n+            }, {\n+                name: 'Kuwait',\n+                code: 'KW'\n+            }, {\n+                name: 'Kyrgyzstan',\n+                code: 'KG'\n+            }, {\n+                name: 'Lao People\\'S Democratic Republic',\n+                code: 'LA'\n+            }, {\n+                name: 'Latvia',\n+                code: 'LV'\n+            }, {\n+                name: 'Lebanon',\n+                code: 'LB'\n+            }, {\n+                name: 'Lesotho',\n+                code: 'LS'\n+            }, {\n+                name: 'Liberia',\n+                code: 'LR'\n+            }, {\n+                name: 'Libyan Arab Jamahiriya',\n+                code: 'LY'\n+            }, {\n+                name: 'Liechtenstein',\n+                code: 'LI'\n+            }, {\n+                name: 'Lithuania',\n+                code: 'LT'\n+            }, {\n+                name: 'Luxembourg',\n+                code: 'LU'\n+            }, {\n+                name: 'Macao',\n+                code: 'MO'\n+            }, {\n+                name: 'Macedonia, The Former Yugoslav Republic of',\n+                code: 'MK'\n+            }, {\n+                name: 'Madagascar',\n+                code: 'MG'\n+            }, {\n+                name: 'Malawi',\n+                code: 'MW'\n+            }, {\n+                name: 'Malaysia',\n+                code: 'MY'\n+            }, {\n+                name: 'Maldives',\n+                code: 'MV'\n+            }, {\n+                name: 'Mali',\n+                code: 'ML'\n+            }, {\n+                name: 'Malta',\n+                code: 'MT'\n+            }, {\n+                name: 'Marshall Islands',\n+                code: 'MH'\n+            }, {\n+                name: 'Martinique',\n+                code: 'MQ'\n+            }, {\n+                name: 'Mauritania',\n+                code: 'MR'\n+            }, {\n+                name: 'Mauritius',\n+                code: 'MU'\n+            }, {\n+                name: 'Mayotte',\n+                code: 'YT'\n+            }, {\n+                name: 'Mexico',\n+                code: 'MX'\n+            }, {\n+                name: 'Micronesia, Federated States of',\n+                code: 'FM'\n+            }, {\n+                name: 'Moldova, Republic of',\n+                code: 'MD'\n+            }, {\n+                name: 'Monaco',\n+                code: 'MC'\n+            }, {\n+                name: 'Mongolia',\n+                code: 'MN'\n+            }, {\n+                name: 'Montserrat',\n+                code: 'MS'\n+            }, {\n+                name: 'Morocco',\n+                code: 'MA'\n+            }, {\n+                name: 'Mozambique',\n+                code: 'MZ'\n+            }, {\n+                name: 'Myanmar',\n+                code: 'MM'\n+            }, {\n+                name: 'Namibia',\n+                code: 'NA'\n+            }, {\n+                name: 'Nauru',\n+                code: 'NR'\n+            }, {\n+                name: 'Nepal',\n+                code: 'NP'\n+            }, {\n+                name: 'Netherlands',\n+                code: 'NL'\n+            }, {\n+                name: 'Netherlands Antilles',\n+                code: 'AN'\n+            }, {\n+                name: 'New Caledonia',\n+                code: 'NC'\n+            }, {\n+                name: 'New Zealand',\n+                code: 'NZ'\n+            }, {\n+                name: 'Nicaragua',\n+                code: 'NI'\n+            }, {\n+                name: 'Niger',\n+                code: 'NE'\n+            }, {\n+                name: 'Nigeria',\n+                code: 'NG'\n+            }, {\n+                name: 'Niue',\n+                code: 'NU'\n+            }, {\n+                name: 'Norfolk Island',\n+                code: 'NF'\n+            }, {\n+                name: 'Northern Mariana Islands',\n+                code: 'MP'\n+            }, {\n+                name: 'Norway',\n+                code: 'NO'\n+            }, {\n+                name: 'Oman',\n+                code: 'OM'\n+            }, {\n+                name: 'Pakistan',\n+                code: 'PK'\n+            }, {\n+                name: 'Palau',\n+                code: 'PW'\n+            }, {\n+                name: 'Palestinian Territory, Occupied',\n+                code: 'PS'\n+            }, {\n+                name: 'Panama',\n+                code: 'PA'\n+            }, {\n+                name: 'Papua New Guinea',\n+                code: 'PG'\n+            }, {\n+                name: 'Paraguay',\n+                code: 'PY'\n+            }, {\n+                name: 'Peru',\n+                code: 'PE'\n+            }, {\n+                name: 'Philippines',\n+                code: 'PH'\n+            }, {\n+                name: 'Pitcairn',\n+                code: 'PN'\n+            }, {\n+                name: 'Poland',\n+                code: 'PL'\n+            }, {\n+                name: 'Portugal',\n+                code: 'PT'\n+            }, {\n+                name: 'Puerto Rico',\n+                code: 'PR'\n+            }, {\n+                name: 'Qatar',\n+                code: 'QA'\n+            }, {\n+                name: 'Reunion',\n+                code: 'RE'\n+            }, {\n+                name: 'Romania',\n+                code: 'RO'\n+            }, {\n+                name: 'Russian Federation',\n+                code: 'RU'\n+            }, {\n+                name: 'RWANDA',\n+                code: 'RW'\n+            }, {\n+                name: 'Saint Helena',\n+                code: 'SH'\n+            }, {\n+                name: 'Saint Kitts and Nevis',\n+                code: 'KN'\n+            }, {\n+                name: 'Saint Lucia',\n+                code: 'LC'\n+            }, {\n+                name: 'Saint Pierre and Miquelon',\n+                code: 'PM'\n+            }, {\n+                name: 'Saint Vincent and the Grenadines',\n+                code: 'VC'\n+            }, {\n+                name: 'Samoa',\n+                code: 'WS'\n+            }, {\n+                name: 'San Marino',\n+                code: 'SM'\n+            }, {\n+                name: 'Sao Tome and Principe',\n+                code: 'ST'\n+            }, {\n+                name: 'Saudi Arabia',\n+                code: 'SA'\n+            }, {\n+                name: 'Senegal',\n+                code: 'SN'\n+            }, {\n+                name: 'Serbia and Montenegro',\n+                code: 'CS'\n+            }, {\n+                name: 'Seychelles',\n+                code: 'SC'\n+            }, {\n+                name: 'Sierra Leone',\n+                code: 'SL'\n+            }, {\n+                name: 'Singapore',\n+                code: 'SG'\n+            }, {\n+                name: 'Slovakia',\n+                code: 'SK'\n+            }, {\n+                name: 'Slovenia',\n+                code: 'SI'\n+            }, {\n+                name: 'Solomon Islands',\n+                code: 'SB'\n+            }, {\n+                name: 'Somalia',\n+                code: 'SO'\n+            }, {\n+                name: 'South Africa',\n+                code: 'ZA'\n+            }, {\n+                name: 'South Georgia and the South Sandwich Islands',\n+                code: 'GS'\n+            }, {\n+                name: 'Spain',\n+                code: 'ES'\n+            }, {\n+                name: 'Sri Lanka',\n+                code: 'LK'\n+            }, {\n+                name: 'Sudan',\n+                code: 'SD'\n+            }, {\n+                name: 'Suriname',\n+                code: 'SR'\n+            }, {\n+                name: 'Svalbard and Jan Mayen',\n+                code: 'SJ'\n+            }, {\n+                name: 'Swaziland',\n+                code: 'SZ'\n+            }, {\n+                name: 'Sweden',\n+                code: 'SE'\n+            }, {\n+                name: 'Switzerland',\n+                code: 'CH'\n+            }, {\n+                name: 'Syrian Arab Republic',\n+                code: 'SY'\n+            }, {\n+                name: 'Taiwan, Province of China',\n+                code: 'TW'\n+            }, {\n+                name: 'Tajikistan',\n+                code: 'TJ'\n+            }, {\n+                name: 'Tanzania, United Republic of',\n+                code: 'TZ'\n+            }, {\n+                name: 'Thailand',\n+                code: 'TH'\n+            }, {\n+                name: 'Timor-Leste',\n+                code: 'TL'\n+            }, {\n+                name: 'Togo',\n+                code: 'TG'\n+            }, {\n+                name: 'Tokelau',\n+                code: 'TK'\n+            }, {\n+                name: 'Tonga',\n+                code: 'TO'\n+            }, {\n+                name: 'Trinidad and Tobago',\n+                code: 'TT'\n+            }, {\n+                name: 'Tunisia',\n+                code: 'TN'\n+            }, {\n+                name: 'Turkey',\n+                code: 'TR'\n+            }, {\n+                name: 'Turkmenistan',\n+                code: 'TM'\n+            }, {\n+                name: 'Turks and Caicos Islands',\n+                code: 'TC'\n+            }, {\n+                name: 'Tuvalu',\n+                code: 'TV'\n+            }, {\n+                name: 'Uganda',\n+                code: 'UG'\n+            }, {\n+                name: 'Ukraine',\n+                code: 'UA'\n+            }, {\n+                name: 'United Arab Emirates',\n+                code: 'AE'\n+            }, {\n+                name: 'United Kingdom',\n+                code: 'GB'\n+            }, {\n+                name: 'United States',\n+                code: 'US'\n+            }, {\n+                name: 'United States Minor Outlying Islands',\n+                code: 'UM'\n+            }, {\n+                name: 'Uruguay',\n+                code: 'UY'\n+            }, {\n+                name: 'Uzbekistan',\n+                code: 'UZ'\n+            }, {\n+                name: 'Vanuatu',\n+                code: 'VU'\n+            }, {\n+                name: 'Venezuela',\n+                code: 'VE'\n+            }, {\n+                name: 'Viet Nam',\n+                code: 'VN'\n+            }, {\n+                name: 'Virgin Islands, British',\n+                code: 'VG'\n+            }, {\n+                name: 'Virgin Islands, U.S.',\n+                code: 'VI'\n+            }, {\n+                name: 'Wallis and Futuna',\n+                code: 'WF'\n+            }, {\n+                name: 'Western Sahara',\n+                code: 'EH'\n+            }, {\n+                name: 'Yemen',\n+                code: 'YE'\n+            }, {\n+                name: 'Zambia',\n+                code: 'ZM'\n+            }, {\n+                name: 'Zimbabwe',\n+                code: 'ZW'\n+            }]\n+        ));\n+\n+    }\n+}"},{"sha":"f66634b4b678aadaac8ae2db4b2acba89836d128","filename":"dashboard/src/app/constants/che-jobs.constant.js","status":"added","additions":50,"deletions":0,"changes":50,"blob_url":"https://github.com/eclipse/che/blob/078cbb6820c1ffcf2518d0f5738e169d582835b1/dashboard/src/app/constants/che-jobs.constant.js","raw_url":"https://github.com/eclipse/che/raw/078cbb6820c1ffcf2518d0f5738e169d582835b1/dashboard/src/app/constants/che-jobs.constant.js","contents_url":"https://api.github.com/repos/eclipse/che/contents/dashboard/src/app/constants/che-jobs.constant.js?ref=078cbb6820c1ffcf2518d0f5738e169d582835b1","patch":"@@ -0,0 +1,50 @@\n+/*\n+ * Copyright (c) 2015-2016 Codenvy, S.A.\n+ * All rights reserved. This program and the accompanying materials\n+ * are made available under the terms of the Eclipse Public License v1.0\n+ * which accompanies this distribution, and is available at\n+ * http://www.eclipse.org/legal/epl-v10.html\n+ *\n+ * Contributors:\n+ *   Codenvy, S.A. - initial API and implementation\n+ */\n+'use strict';\n+\n+/**\n+ * This class contains popular job titles.\n+ */\n+export class CheJobsConfig {\n+\n+    constructor(register) {\n+        // Register this factory\n+        register.app.constant('jsonJobs', JSON.stringify([{\n+                name: 'Architect'\n+            }, {\n+                name: 'Team Lead'\n+            }, {\n+                name: 'DevOps'\n+            }, {\n+                name: 'Developer'\n+            }, {\n+                name: 'System Administrator'\n+            }, {\n+                name: 'Manager'\n+            }, {\n+                name: 'Director'\n+            }, {\n+                name: 'VP'\n+            }, {\n+                name: 'C-Level'\n+            }, {\n+                name: 'Freelance'\n+            }, {\n+                name: 'Educator'\n+            }, {\n+                name: 'Student'\n+            }, {\n+                name: 'Hobbyist'\n+            }]\n+        ));\n+\n+    }\n+}"},{"sha":"5df4341248260c47c685f1e0047e1e1875da9b50","filename":"dashboard/src/app/countries/che-countries.constant.js","status":"removed","additions":0,"deletions":752,"changes":752,"blob_url":"https://github.com/eclipse/che/blob/1ae0920eebf617a392c7942f51baa1221f3be55b/dashboard/src/app/countries/che-countries.constant.js","raw_url":"https://github.com/eclipse/che/raw/1ae0920eebf617a392c7942f51baa1221f3be55b/dashboard/src/app/countries/che-countries.constant.js","contents_url":"https://api.github.com/repos/eclipse/che/contents/dashboard/src/app/countries/che-countries.constant.js?ref=1ae0920eebf617a392c7942f51baa1221f3be55b","patch":"@@ -1,752 +0,0 @@\n-/*\n- * Copyright (c) 2015-2016 Codenvy, S.A.\n- * All rights reserved. This program and the accompanying materials\n- * are made available under the terms of the Eclipse Public License v1.0\n- * which accompanies this distribution, and is available at\n- * http://www.eclipse.org/legal/epl-v10.html\n- *\n- * Contributors:\n- *   Codenvy, S.A. - initial API and implementation\n- */\n-'use strict';\n-\n-export class CheCountriesConfig {\n-\n-  constructor(register) {\n-    // Register this factory\n-    register.app.constant('jsonCountries', JSON.stringify({\n-    'all': [{\n-      name: 'Afghanistan',\n-      code: 'AF'\n-    }, {\n-      name: 'Åland Islands',\n-      code: 'AX'\n-    }, {\n-      name: 'Albania',\n-      code: 'AL'\n-    }, {\n-      name: 'Algeria',\n-      code: 'DZ'\n-    }, {\n-      name: 'American Samoa',\n-      code: 'AS'\n-    }, {\n-      name: 'Andorra',\n-      code: 'AD'\n-    }, {\n-      name: 'Angola',\n-      code: 'AO'\n-    }, {\n-      name: 'Anguilla',\n-      code: 'AI'\n-    }, {\n-      name: 'Antarctica',\n-      code: 'AQ'\n-    }, {\n-      name: 'Antigua and Barbuda',\n-      code: 'AG'\n-    }, {\n-      name: 'Argentina',\n-      code: 'AR'\n-    }, {\n-      name: 'Armenia',\n-      code: 'AM'\n-    }, {\n-      name: 'Aruba',\n-      code: 'AW'\n-    }, {\n-      name: 'Australia',\n-      code: 'AU'\n-    }, {\n-      name: 'Austria',\n-      code: 'AT'\n-    }, {\n-      name: 'Azerbaijan',\n-      code: 'AZ'\n-    }, {\n-      name: 'Bahamas',\n-      code: 'BS'\n-    }, {\n-      name: 'Bahrain',\n-      code: 'BH'\n-    }, {\n-      name: 'Bangladesh',\n-      code: 'BD'\n-    }, {\n-      name: 'Barbados',\n-      code: 'BB'\n-    }, {\n-      name: 'Belarus',\n-      code: 'BY'\n-    }, {\n-      name: 'Belgium',\n-      code: 'BE'\n-    }, {\n-      name: 'Belize',\n-      code: 'BZ'\n-    }, {\n-      name: 'Benin',\n-      code: 'BJ'\n-    }, {\n-      name: 'Bermuda',\n-      code: 'BM'\n-    }, {\n-      name: 'Bhutan',\n-      code: 'BT'\n-    }, {\n-      name: 'Bolivia',\n-      code: 'BO'\n-    }, {\n-      name: 'Bosnia and Herzegovina',\n-      code: 'BA'\n-    }, {\n-      name: 'Botswana',\n-      code: 'BW'\n-    }, {\n-      name: 'Bouvet Island',\n-      code: 'BV'\n-    }, {\n-      name: 'Brazil',\n-      code: 'BR'\n-    }, {\n-      name: 'British Indian Ocean Territory',\n-      code: 'IO'\n-    }, {\n-      name: 'Brunei Darussalam',\n-      code: 'BN'\n-    }, {\n-      name: 'Bulgaria',\n-      code: 'BG'\n-    }, {\n-      name: 'Burkina Faso',\n-      code: 'BF'\n-    }, {\n-      name: 'Burundi',\n-      code: 'BI'\n-    }, {\n-      name: 'Cambodia',\n-      code: 'KH'\n-    }, {\n-      name: 'Cameroon',\n-      code: 'CM'\n-    }, {\n-      name: 'Canada',\n-      code: 'CA'\n-    }, {\n-      name: 'Cape Verde',\n-      code: 'CV'\n-    }, {\n-      name: 'Cayman Islands',\n-      code: 'KY'\n-    }, {\n-      name: 'Central African Republic',\n-      code: 'CF'\n-    }, {\n-      name: 'Chad',\n-      code: 'TD'\n-    }, {\n-      name: 'Chile',\n-      code: 'CL'\n-    }, {\n-      name: 'China',\n-      code: 'CN'\n-    }, {\n-      name: 'Christmas Island',\n-      code: 'CX'\n-    }, {\n-      name: 'Cocos (Keeling) Islands',\n-      code: 'CC'\n-    }, {\n-      name: 'Colombia',\n-      code: 'CO'\n-    }, {\n-      name: 'Comoros',\n-      code: 'KM'\n-    }, {\n-      name: 'Congo',\n-      code: 'CG'\n-    }, {\n-      name: 'Congo, The Democratic Republic of the',\n-      code: 'CD'\n-    }, {\n-      name: 'Cook Islands',\n-      code: 'CK'\n-    }, {\n-      name: 'Costa Rica',\n-      code: 'CR'\n-    }, {\n-      name: 'Cote D\\'Ivoire',\n-      code: 'CI'\n-    }, {\n-      name: 'Croatia',\n-      code: 'HR'\n-    }, {\n-      name: 'Cuba',\n-      code: 'CU'\n-    }, {\n-      name: 'Cyprus',\n-      code: 'CY'\n-    }, {\n-      name: 'Czech Republic',\n-      code: 'CZ'\n-    }, {\n-      name: 'Denmark',\n-      code: 'DK'\n-    }, {\n-      name: 'Djibouti',\n-      code: 'DJ'\n-    }, {\n-      name: 'Dominica',\n-      code: 'DM'\n-    }, {\n-      name: 'Dominican Republic',\n-      code: 'DO'\n-    }, {\n-      name: 'Ecuador',\n-      code: 'EC'\n-    }, {\n-      name: 'Egypt',\n-      code: 'EG'\n-    }, {\n-      name: 'El Salvador',\n-      code: 'SV'\n-    }, {\n-      name: 'Equatorial Guinea',\n-      code: 'GQ'\n-    }, {\n-      name: 'Eritrea',\n-      code: 'ER'\n-    }, {\n-      name: 'Estonia',\n-      code: 'EE'\n-    }, {\n-      name: 'Ethiopia',\n-      code: 'ET'\n-    }, {\n-      name: 'Falkland Islands (Malvinas)',\n-      code: 'FK'\n-    }, {\n-      name: 'Faroe Islands',\n-      code: 'FO'\n-    }, {\n-      name: 'Fiji',\n-      code: 'FJ'\n-    }, {\n-      name: 'Finland',\n-      code: 'FI'\n-    }, {\n-      name: 'France',\n-      code: 'FR'\n-    }, {\n-      name: 'French Guiana',\n-      code: 'GF'\n-    }, {\n-      name: 'French Polynesia',\n-      code: 'PF'\n-    }, {\n-      name: 'French Southern Territories',\n-      code: 'TF'\n-    }, {\n-      name: 'Gabon',\n-      code: 'GA'\n-    }, {\n-      name: 'Gambia',\n-      code: 'GM'\n-    }, {\n-      name: 'Georgia',\n-      code: 'GE'\n-    }, {\n-      name: 'Germany',\n-      code: 'DE'\n-    }, {\n-      name: 'Ghana',\n-      code: 'GH'\n-    }, {\n-      name: 'Gibraltar',\n-      code: 'GI'\n-    }, {\n-      name: 'Greece',\n-      code: 'GR'\n-    }, {\n-      name: 'Greenland',\n-      code: 'GL'\n-    }, {\n-      name: 'Grenada',\n-      code: 'GD'\n-    }, {\n-      name: 'Guadeloupe',\n-      code: 'GP'\n-    }, {\n-      name: 'Guam',\n-      code: 'GU'\n-    }, {\n-      name: 'Guatemala',\n-      code: 'GT'\n-    }, {\n-      name: 'Guernsey',\n-      code: 'GG'\n-    }, {\n-      name: 'Guinea',\n-      code: 'GN'\n-    }, {\n-      name: 'Guinea-Bissau',\n-      code: 'GW'\n-    }, {\n-      name: 'Guyana',\n-      code: 'GY'\n-    }, {\n-      name: 'Haiti',\n-      code: 'HT'\n-    }, {\n-      name: 'Heard Island and Mcdonald Islands',\n-      code: 'HM'\n-    }, {\n-      name: 'Holy See (Vatican City State)',\n-      code: 'VA'\n-    }, {\n-      name: 'Honduras',\n-      code: 'HN'\n-    }, {\n-      name: 'Hong Kong',\n-      code: 'HK'\n-    }, {\n-      name: 'Hungary',\n-      code: 'HU'\n-    }, {\n-      name: 'Iceland',\n-      code: 'IS'\n-    }, {\n-      name: 'India',\n-      code: 'IN'\n-    }, {\n-      name: 'Indonesia',\n-      code: 'ID'\n-    }, {\n-      name: 'Iran, Islamic Republic Of',\n-      code: 'IR'\n-    }, {\n-      name: 'Iraq',\n-      code: 'IQ'\n-    }, {\n-      name: 'Ireland',\n-      code: 'IE'\n-    }, {\n-      name: 'Isle of Man',\n-      code: 'IM'\n-    }, {\n-      name: 'Israel',\n-      code: 'IL'\n-    }, {\n-      name: 'Italy',\n-      code: 'IT'\n-    }, {\n-      name: 'Jamaica',\n-      code: 'JM'\n-    }, {\n-      name: 'Japan',\n-      code: 'JP'\n-    }, {\n-      name: 'Jersey',\n-      code: 'JE'\n-    }, {\n-      name: 'Jordan',\n-      code: 'JO'\n-    }, {\n-      name: 'Kazakhstan',\n-      code: 'KZ'\n-    }, {\n-      name: 'Kenya',\n-      code: 'KE'\n-    }, {\n-      name: 'Kiribati',\n-      code: 'KI'\n-    }, {\n-      name: 'Korea, Democratic People\\'S Republic of',\n-      code: 'KP'\n-    }, {\n-      name: 'Korea, Republic of',\n-      code: 'KR'\n-    }, {\n-      name: 'Kuwait',\n-      code: 'KW'\n-    }, {\n-      name: 'Kyrgyzstan',\n-      code: 'KG'\n-    }, {\n-      name: 'Lao People\\'S Democratic Republic',\n-      code: 'LA'\n-    }, {\n-      name: 'Latvia',\n-      code: 'LV'\n-    }, {\n-      name: 'Lebanon',\n-      code: 'LB'\n-    }, {\n-      name: 'Lesotho',\n-      code: 'LS'\n-    }, {\n-      name: 'Liberia',\n-      code: 'LR'\n-    }, {\n-      name: 'Libyan Arab Jamahiriya',\n-      code: 'LY'\n-    }, {\n-      name: 'Liechtenstein',\n-      code: 'LI'\n-    }, {\n-      name: 'Lithuania',\n-      code: 'LT'\n-    }, {\n-      name: 'Luxembourg',\n-      code: 'LU'\n-    }, {\n-      name: 'Macao',\n-      code: 'MO'\n-    }, {\n-      name: 'Macedonia, The Former Yugoslav Republic of',\n-      code: 'MK'\n-    }, {\n-      name: 'Madagascar',\n-      code: 'MG'\n-    }, {\n-      name: 'Malawi',\n-      code: 'MW'\n-    }, {\n-      name: 'Malaysia',\n-      code: 'MY'\n-    }, {\n-      name: 'Maldives',\n-      code: 'MV'\n-    }, {\n-      name: 'Mali',\n-      code: 'ML'\n-    }, {\n-      name: 'Malta',\n-      code: 'MT'\n-    }, {\n-      name: 'Marshall Islands',\n-      code: 'MH'\n-    }, {\n-      name: 'Martinique',\n-      code: 'MQ'\n-    }, {\n-      name: 'Mauritania',\n-      code: 'MR'\n-    }, {\n-      name: 'Mauritius',\n-      code: 'MU'\n-    }, {\n-      name: 'Mayotte',\n-      code: 'YT'\n-    }, {\n-      name: 'Mexico',\n-      code: 'MX'\n-    }, {\n-      name: 'Micronesia, Federated States of',\n-      code: 'FM'\n-    }, {\n-      name: 'Moldova, Republic of',\n-      code: 'MD'\n-    }, {\n-      name: 'Monaco',\n-      code: 'MC'\n-    }, {\n-      name: 'Mongolia',\n-      code: 'MN'\n-    }, {\n-      name: 'Montserrat',\n-      code: 'MS'\n-    }, {\n-      name: 'Morocco',\n-      code: 'MA'\n-    }, {\n-      name: 'Mozambique',\n-      code: 'MZ'\n-    }, {\n-      name: 'Myanmar',\n-      code: 'MM'\n-    }, {\n-      name: 'Namibia',\n-      code: 'NA'\n-    }, {\n-      name: 'Nauru',\n-      code: 'NR'\n-    }, {\n-      name: 'Nepal',\n-      code: 'NP'\n-    }, {\n-      name: 'Netherlands',\n-      code: 'NL'\n-    }, {\n-      name: 'Netherlands Antilles',\n-      code: 'AN'\n-    }, {\n-      name: 'New Caledonia',\n-      code: 'NC'\n-    }, {\n-      name: 'New Zealand',\n-      code: 'NZ'\n-    }, {\n-      name: 'Nicaragua',\n-      code: 'NI'\n-    }, {\n-      name: 'Niger',\n-      code: 'NE'\n-    }, {\n-      name: 'Nigeria',\n-      code: 'NG'\n-    }, {\n-      name: 'Niue',\n-      code: 'NU'\n-    }, {\n-      name: 'Norfolk Island',\n-      code: 'NF'\n-    }, {\n-      name: 'Northern Mariana Islands',\n-      code: 'MP'\n-    }, {\n-      name: 'Norway',\n-      code: 'NO'\n-    }, {\n-      name: 'Oman',\n-      code: 'OM'\n-    }, {\n-      name: 'Pakistan',\n-      code: 'PK'\n-    }, {\n-      name: 'Palau',\n-      code: 'PW'\n-    }, {\n-      name: 'Palestinian Territory, Occupied',\n-      code: 'PS'\n-    }, {\n-      name: 'Panama',\n-      code: 'PA'\n-    }, {\n-      name: 'Papua New Guinea',\n-      code: 'PG'\n-    }, {\n-      name: 'Paraguay',\n-      code: 'PY'\n-    }, {\n-      name: 'Peru',\n-      code: 'PE'\n-    }, {\n-      name: 'Philippines',\n-      code: 'PH'\n-    }, {\n-      name: 'Pitcairn',\n-      code: 'PN'\n-    }, {\n-      name: 'Poland',\n-      code: 'PL'\n-    }, {\n-      name: 'Portugal',\n-      code: 'PT'\n-    }, {\n-      name: 'Puerto Rico',\n-      code: 'PR'\n-    }, {\n-      name: 'Qatar',\n-      code: 'QA'\n-    }, {\n-      name: 'Reunion',\n-      code: 'RE'\n-    }, {\n-      name: 'Romania',\n-      code: 'RO'\n-    }, {\n-      name: 'Russian Federation',\n-      code: 'RU'\n-    }, {\n-      name: 'RWANDA',\n-      code: 'RW'\n-    }, {\n-      name: 'Saint Helena',\n-      code: 'SH'\n-    }, {\n-      name: 'Saint Kitts and Nevis',\n-      code: 'KN'\n-    }, {\n-      name: 'Saint Lucia',\n-      code: 'LC'\n-    }, {\n-      name: 'Saint Pierre and Miquelon',\n-      code: 'PM'\n-    }, {\n-      name: 'Saint Vincent and the Grenadines',\n-      code: 'VC'\n-    }, {\n-      name: 'Samoa',\n-      code: 'WS'\n-    }, {\n-      name: 'San Marino',\n-      code: 'SM'\n-    }, {\n-      name: 'Sao Tome and Principe',\n-      code: 'ST'\n-    }, {\n-      name: 'Saudi Arabia',\n-      code: 'SA'\n-    }, {\n-      name: 'Senegal',\n-      code: 'SN'\n-    }, {\n-      name: 'Serbia and Montenegro',\n-      code: 'CS'\n-    }, {\n-      name: 'Seychelles',\n-      code: 'SC'\n-    }, {\n-      name: 'Sierra Leone',\n-      code: 'SL'\n-    }, {\n-      name: 'Singapore',\n-      code: 'SG'\n-    }, {\n-      name: 'Slovakia',\n-      code: 'SK'\n-    }, {\n-      name: 'Slovenia',\n-      code: 'SI'\n-    }, {\n-      name: 'Solomon Islands',\n-      code: 'SB'\n-    }, {\n-      name: 'Somalia',\n-      code: 'SO'\n-    }, {\n-      name: 'South Africa',\n-      code: 'ZA'\n-    }, {\n-      name: 'South Georgia and the South Sandwich Islands',\n-      code: 'GS'\n-    }, {\n-      name: 'Spain',\n-      code: 'ES'\n-    }, {\n-      name: 'Sri Lanka',\n-      code: 'LK'\n-    }, {\n-      name: 'Sudan',\n-      code: 'SD'\n-    }, {\n-      name: 'Suriname',\n-      code: 'SR'\n-    }, {\n-      name: 'Svalbard and Jan Mayen',\n-      code: 'SJ'\n-    }, {\n-      name: 'Swaziland',\n-      code: 'SZ'\n-    }, {\n-      name: 'Sweden',\n-      code: 'SE'\n-    }, {\n-      name: 'Switzerland',\n-      code: 'CH'\n-    }, {\n-      name: 'Syrian Arab Republic',\n-      code: 'SY'\n-    }, {\n-      name: 'Taiwan, Province of China',\n-      code: 'TW'\n-    }, {\n-      name: 'Tajikistan',\n-      code: 'TJ'\n-    }, {\n-      name: 'Tanzania, United Republic of',\n-      code: 'TZ'\n-    }, {\n-      name: 'Thailand',\n-      code: 'TH'\n-    }, {\n-      name: 'Timor-Leste',\n-      code: 'TL'\n-    }, {\n-      name: 'Togo',\n-      code: 'TG'\n-    }, {\n-      name: 'Tokelau',\n-      code: 'TK'\n-    }, {\n-      name: 'Tonga',\n-      code: 'TO'\n-    }, {\n-      name: 'Trinidad and Tobago',\n-      code: 'TT'\n-    }, {\n-      name: 'Tunisia',\n-      code: 'TN'\n-    }, {\n-      name: 'Turkey',\n-      code: 'TR'\n-    }, {\n-      name: 'Turkmenistan',\n-      code: 'TM'\n-    }, {\n-      name: 'Turks and Caicos Islands',\n-      code: 'TC'\n-    }, {\n-      name: 'Tuvalu',\n-      code: 'TV'\n-    }, {\n-      name: 'Uganda',\n-      code: 'UG'\n-    }, {\n-      name: 'Ukraine',\n-      code: 'UA'\n-    }, {\n-      name: 'United Arab Emirates',\n-      code: 'AE'\n-    }, {\n-      name: 'United Kingdom',\n-      code: 'GB'\n-    }, {\n-      name: 'United States',\n-      code: 'US'\n-    }, {\n-      name: 'United States Minor Outlying Islands',\n-      code: 'UM'\n-    }, {\n-      name: 'Uruguay',\n-      code: 'UY'\n-    }, {\n-      name: 'Uzbekistan',\n-      code: 'UZ'\n-    }, {\n-      name: 'Vanuatu',\n-      code: 'VU'\n-    }, {\n-      name: 'Venezuela',\n-      code: 'VE'\n-    }, {\n-      name: 'Viet Nam',\n-      code: 'VN'\n-    }, {\n-      name: 'Virgin Islands, British',\n-      code: 'VG'\n-    }, {\n-      name: 'Virgin Islands, U.S.',\n-      code: 'VI'\n-    }, {\n-      name: 'Wallis and Futuna',\n-      code: 'WF'\n-    }, {\n-      name: 'Western Sahara',\n-      code: 'EH'\n-    }, {\n-      name: 'Yemen',\n-      code: 'YE'\n-    }, {\n-      name: 'Zambia',\n-      code: 'ZM'\n-    }, {\n-      name: 'Zimbabwe',\n-      code: 'ZW'\n-    }]\n-  }\n-));\n-\n-  }\n-}"},{"sha":"cd4f35504beb915015704f2cb5ae7e27c2018170","filename":"dashboard/src/app/index.module.js","status":"modified","additions":3,"deletions":1,"changes":4,"blob_url":"https://github.com/eclipse/che/blob/078cbb6820c1ffcf2518d0f5738e169d582835b1/dashboard/src/app/index.module.js","raw_url":"https://github.com/eclipse/che/raw/078cbb6820c1ffcf2518d0f5738e169d582835b1/dashboard/src/app/index.module.js","contents_url":"https://api.github.com/repos/eclipse/che/contents/dashboard/src/app/index.module.js?ref=078cbb6820c1ffcf2518d0f5738e169d582835b1","patch":"@@ -17,7 +17,8 @@ import {ComponentsConfig} from '../components/components-config';\n import {AdminsConfig} from './admin/admin-config';\n import {CheColorsConfig} from './colors/che-color.constant';\n import {CheOutputColorsConfig} from './colors/che-output-colors.constant';\n-import {CheCountriesConfig} from './countries/che-countries.constant';\n+import {CheCountriesConfig} from './constants/che-countries.constant';\n+import {CheJobsConfig} from './constants/che-jobs.constant';\n import {DashboardConfig} from './dashboard/dashboard-config';\n // switch to a config\n import {DemoComponentsCtrl} from './demo-components/demo-components.controller';\n@@ -349,6 +350,7 @@ new ProxySettingsConfig(instanceRegister);\n new CheColorsConfig(instanceRegister);\n new CheOutputColorsConfig(instanceRegister);\n new CheCountriesConfig(instanceRegister);\n+new CheJobsConfig(instanceRegister);\n new ComponentsConfig(instanceRegister);\n new AdminsConfig(instanceRegister);\n new IdeConfig(instanceRegister);"},{"sha":"bf11fe5cb73f89c5e233fbbb1e7defe663e06709","filename":"dashboard/src/components/widget/select/che-select.directive.js","status":"modified","additions":8,"deletions":87,"changes":95,"blob_url":"https://github.com/eclipse/che/blob/078cbb6820c1ffcf2518d0f5738e169d582835b1/dashboard/src/components/widget/select/che-select.directive.js","raw_url":"https://github.com/eclipse/che/raw/078cbb6820c1ffcf2518d0f5738e169d582835b1/dashboard/src/components/widget/select/che-select.directive.js","contents_url":"https://api.github.com/repos/eclipse/che/contents/dashboard/src/components/widget/select/che-select.directive.js?ref=078cbb6820c1ffcf2518d0f5738e169d582835b1","patch":"@@ -31,25 +31,19 @@ export class CheSelect {\n     // scope values\n     this.scope = {\n       value: '=cheValue',\n-      selectName: '@cheName',\n       labelName: '@cheLabelName',\n       placeHolder: '@chePlaceHolder',\n-      size: '@cheSize',\n       optionValues: '=cheOptionValues'\n     };\n-\n   }\n \n-\n   compile(element, attrs) {\n-\n-    var keys = Object.keys(attrs);\n+    let keys = Object.keys(attrs);\n \n     // search the select field\n-    var selectElements = element.find('select');\n+    let selectElements = element.find('md-select');\n \n     keys.forEach((key) => {\n-\n       // don't reapply internal properties\n       if (key.indexOf('$') === 0) {\n         return;\n@@ -58,92 +52,19 @@ export class CheSelect {\n       if (key.indexOf('che') === 0) {\n         return;\n       }\n-      // avoid model\n-      if (key === 'ngModel') {\n+      // don't reapply class\n+      if (key.indexOf('class') === 0) {\n         return;\n       }\n-      var value = attrs[key];\n-\n-      // handle empty values as boolean\n-      if (value === '') {\n-        value = 'true';\n+      // don't reapply model\n+      if (key.indexOf('ngModel') !== -1) {\n+        return;\n       }\n \n       // set the value of the attribute\n-      selectElements.attr(attrs.$attr[key], value);\n-\n+      selectElements.attr(attrs.$attr[key], attrs[key] !== '' ? attrs[key] : 'true');\n       element.removeAttr(attrs.$attr[key]);\n-\n     });\n-\n-\n-  }\n-\n-\n-  /**\n-   * Keep reference to the model controller\n-   */\n-  link($scope, element) {\n-    // search the select field\n-    var selectElements = element.find('select');\n-\n-    let optionValuesContent = '';\n-    $scope.optionValues.forEach((optionValue) => {\n-      optionValuesContent += '<option  value=\\'' + (optionValue.id ? optionValue.id : optionValue.name) + '\\'>' + optionValue.name + '</option>';\n-    });\n-    // Append the value elements in the select element. The operation is performed after rendering the page.\n-    // It is important for the speed of loading\n-    selectElements.append(optionValuesContent);\n-    //update current state when widget is ready\n-    if ($scope.value) {\n-      angular.forEach(selectElements, (selectElement) => {\n-        //Sets current value\n-        selectElement.value = $scope.value;\n-      });\n-    }\n-\n-    $scope.$watch('value', (newVal) => {\n-      if (newVal === '' || typeof newVal === 'undefined') {\n-        selectElements.addClass('disabled');\n-      } else {\n-        selectElements.removeClass('disabled');\n-      }\n-      if ($scope.valueModel !== newVal) {\n-        angular.forEach(selectElements, (selectElement) => {\n-          //Sets current value\n-          selectElement.value = $scope.value;\n-        });\n-      }\n-    });\n-\n-    $scope.$watch('valueModel', (newVal) => {\n-      if (typeof newVal !== 'undefined' && $scope.value !== newVal) {\n-        $scope.value = newVal;\n-        $scope.hideOptions();\n-      }\n-    });\n-\n-    $scope.showOptions = function () {\n-      let size = $scope.size;\n-      let valuesLength = $scope.optionValues.length;\n-\n-      if (!size || size < 2) {\n-        // set default value\n-        size = 10;\n-      }\n-      if(size >= valuesLength) {\n-        size = valuesLength;\n-        selectElements.addClass('che-select-overflow-hidden');\n-      }\n-      selectElements.attr('size', size);\n-      selectElements.addClass('che-select-border');\n-    };\n-\n-    $scope.hideOptions = function () {\n-      selectElements.attr('size', 0);\n-      selectElements.removeClass('che-select-border');\n-    };\n-\n   }\n \n }"},{"sha":"7ef6ca59be334433104be632183c9af5b2838fa0","filename":"dashboard/src/components/widget/select/che-select.html","status":"modified","additions":16,"deletions":14,"changes":30,"blob_url":"https://github.com/eclipse/che/blob/078cbb6820c1ffcf2518d0f5738e169d582835b1/dashboard/src/components/widget/select/che-select.html","raw_url":"https://github.com/eclipse/che/raw/078cbb6820c1ffcf2518d0f5738e169d582835b1/dashboard/src/components/widget/select/che-select.html","contents_url":"https://api.github.com/repos/eclipse/che/contents/dashboard/src/components/widget/select/che-select.html?ref=078cbb6820c1ffcf2518d0f5738e169d582835b1","patch":"@@ -1,12 +1,14 @@\n <div class=\"che-select\">\n   <!-- Mobile version -->\n-  <md-input-container hide-gt-md class=\"md-input-has-value\">\n-    <label>{{labelName}}</label>\n-    <select class=\"che-select-container\"\n-            ng-model=\"valueModel\"\n-            name=\"{{selectName}}\">\n-      <option value=\"\">{{placeHolder}}</option>\n-    </select>\n+  <md-input-container class=\"che-select-mobile\" hide-gt-md>\n+    <label>{{value ? labelName : placeHolder}}</label>\n+    <md-select ng-model=\"value\"\n+               md-container-class=\"che-custom-dropdown\"\n+               placeholder=\"{{placeHolder}}\">\n+      <md-option ng-value=\"optionValue.id ? optionValue.id : optionValue.name\"\n+                 ng-repeat=\"optionValue in optionValues\">{{ optionValue.name }}\n+      </md-option>\n+    </md-select>\n   </md-input-container>\n \n   <!-- Desktop version -->\n@@ -15,13 +17,13 @@\n       <label flex=\"15\">{{labelName}}: </label>\n \n       <div layout=\"column\" class=\"che-select-container\" flex=\"85\">\n-        <select ng-model=\"valueModel\"\n-                name=\"{{selectName}}\"\n-                ng-mousedown=\"showOptions()\"\n-                ng-change=\"hideOptions()\"\n-                ng-blur=\"hideOptions()\">\n-          <option value=\"\">{{placeHolder}}</option>\n-        </select>\n+        <md-select ng-model=\"value\"\n+                   md-container-class=\"che-custom-dropdown\"\n+                   placeholder=\"{{placeHolder}}\">\n+          <md-option ng-value=\"optionValue.id ? optionValue.id : optionValue.name\"\n+                     ng-repeat=\"optionValue in optionValues\">{{ optionValue.name }}\n+          </md-option>\n+        </md-select>\n       </div>\n     </div>\n   </div>"},{"sha":"05465ac7a3ef2e9b40bb8b9499018428a09cc1de","filename":"dashboard/src/components/widget/select/che-select.styl","status":"modified","additions":33,"deletions":44,"changes":77,"blob_url":"https://github.com/eclipse/che/blob/078cbb6820c1ffcf2518d0f5738e169d582835b1/dashboard/src/components/widget/select/che-select.styl","raw_url":"https://github.com/eclipse/che/raw/078cbb6820c1ffcf2518d0f5738e169d582835b1/dashboard/src/components/widget/select/che-select.styl","contents_url":"https://api.github.com/repos/eclipse/che/contents/dashboard/src/components/widget/select/che-select.styl?ref=078cbb6820c1ffcf2518d0f5738e169d582835b1","patch":"@@ -1,59 +1,48 @@\n .che-select .che-select-container\n-  outline none\n-  border none\n   border-bottom 1px solid $default-border-color\n+  outline none\n \n-.che-select md-input-container .che-select-container\n-  border-bottom 1px solid $default-border-color\n-  margin-left -4px\n-  width calc(100% + 4px)\n+.che-select .che-select-mobile,\n+.che-select .che-select-desktop\n+  width 100%\n+\n+.che-select .che-select-desktop\n+  height 21px\n \n .che-select .che-select-desktop .che-select-container\n   position relative\n-  min-height 20px\n-\n-.che-select md-input-container\n-  margin-top 30px\n-\n-.che-select md-input-container label\n-  margin-top -47px\n+  min-height 21px\n \n-.che-select select\n-  background inherit\n-  outline none\n-\n-.che-select .che-select-desktop select\n-  position absolute\n-  z-index 1000\n-\n-.che-select .che-select-desktop select:not(.che-select-border)\n-  margin-left -4px\n-  width calc(100% + 4px)\n-  border none\n+.che-select .che-select-desktop md-select\n+  margin 0\n \n-.che-select .che-select-desktop .che-select-border\n-  background $white-color\n-  border-style solid\n-  border-width 1.5px\n-  border-color $primary-color\n+.che-select .che-select-desktop md-select > *\n+  border none !important\n \n-.che-select .che-select-desktop select.che-select-border\n-  width 100%\n+.che-select .che-select-desktop md-select-value\n+  margin 0\n+  padding 0\n+  min-height 18px\n \n-.che-select select.disabled\n-  color $disabled-color\n+.che-select .che-select-desktop md-select-value .md-select-icon\n+  text-align center\n+  margin -12px 0 0 0\n+  height 15px\n+  width 15px\n \n-.che-select select option:first-child\n-  display none\n+.che-select .che-select-desktop label\n+  line-height 21px\n \n-.che-select select.disabled option:not(:first-child)\n-  color $label-primary-color\n+.che-custom-dropdown\n+  margin-left 2px\n+  border 1px solid $frame-subscription-color\n \n-.che-select-desktop select:focus\n-  border-color $primary-color\n+.che-custom-dropdown md-select-menu\n+  max-height 180px\n \n-.che-select-desktop\n-  margin 0\n+.che-custom-dropdown md-option\n+  height 18px\n+  padding 0 0 0 3px\n \n-.che-select-overflow-hidden\n-  overflow hidden\n+.che-custom-dropdown .md-text\n+  font-size inherit !important"}]}
