{"sha":"078edc31aa77876a41c9fd01fb3b5666aeaba8ec","commit":{"author":{"name":"Florent BENOIT","email":"fbenoit@codenvy.com","date":"2017-01-25T14:49:09Z"},"committer":{"name":"Florent BENOIT","email":"fbenoit@codenvy.com","date":"2017-01-25T15:21:58Z"},"message":"Remove duplicated line\n\nChange-Id: I8a3006a58ac10fba63da2d3e33154983b3d1fae5\nSigned-off-by: Florent BENOIT <fbenoit@codenvy.com>","tree":{"sha":"d10bb758157da283d4508266ee409f668bd94de1","url":"https://api.github.com/repos/eclipse/che/git/trees/d10bb758157da283d4508266ee409f668bd94de1"},"url":"https://api.github.com/repos/eclipse/che/git/commits/078edc31aa77876a41c9fd01fb3b5666aeaba8ec","comment_count":0,"verification":{"verified":false,"reason":"unsigned","signature":null,"payload":null}},"url":"https://api.github.com/repos/eclipse/che/commits/078edc31aa77876a41c9fd01fb3b5666aeaba8ec","html_url":"https://github.com/eclipse/che/commit/078edc31aa77876a41c9fd01fb3b5666aeaba8ec","comments_url":"https://api.github.com/repos/eclipse/che/commits/078edc31aa77876a41c9fd01fb3b5666aeaba8ec/comments","author":{"login":"benoitf","id":436777,"avatar_url":"https://avatars1.githubusercontent.com/u/436777?v=4","gravatar_id":"","url":"https://api.github.com/users/benoitf","html_url":"https://github.com/benoitf","followers_url":"https://api.github.com/users/benoitf/followers","following_url":"https://api.github.com/users/benoitf/following{/other_user}","gists_url":"https://api.github.com/users/benoitf/gists{/gist_id}","starred_url":"https://api.github.com/users/benoitf/starred{/owner}{/repo}","subscriptions_url":"https://api.github.com/users/benoitf/subscriptions","organizations_url":"https://api.github.com/users/benoitf/orgs","repos_url":"https://api.github.com/users/benoitf/repos","events_url":"https://api.github.com/users/benoitf/events{/privacy}","received_events_url":"https://api.github.com/users/benoitf/received_events","type":"User","site_admin":false},"committer":{"login":"benoitf","id":436777,"avatar_url":"https://avatars1.githubusercontent.com/u/436777?v=4","gravatar_id":"","url":"https://api.github.com/users/benoitf","html_url":"https://github.com/benoitf","followers_url":"https://api.github.com/users/benoitf/followers","following_url":"https://api.github.com/users/benoitf/following{/other_user}","gists_url":"https://api.github.com/users/benoitf/gists{/gist_id}","starred_url":"https://api.github.com/users/benoitf/starred{/owner}{/repo}","subscriptions_url":"https://api.github.com/users/benoitf/subscriptions","organizations_url":"https://api.github.com/users/benoitf/orgs","repos_url":"https://api.github.com/users/benoitf/repos","events_url":"https://api.github.com/users/benoitf/events{/privacy}","received_events_url":"https://api.github.com/users/benoitf/received_events","type":"User","site_admin":false},"parents":[{"sha":"d18be4765da78786bf39f04ad6f00c12f02a3426","url":"https://api.github.com/repos/eclipse/che/commits/d18be4765da78786bf39f04ad6f00c12f02a3426","html_url":"https://github.com/eclipse/che/commit/d18be4765da78786bf39f04ad6f00c12f02a3426"}],"stats":{"total":2,"additions":0,"deletions":2},"files":[{"sha":"397d3cb750368b048003fe5aecf2dbfc03ad0b9e","filename":"dockerfiles/base/scripts/base/commands/cmd_sync.sh","status":"modified","additions":0,"deletions":2,"changes":2,"blob_url":"https://github.com/eclipse/che/blob/078edc31aa77876a41c9fd01fb3b5666aeaba8ec/dockerfiles/base/scripts/base/commands/cmd_sync.sh","raw_url":"https://github.com/eclipse/che/raw/078edc31aa77876a41c9fd01fb3b5666aeaba8ec/dockerfiles/base/scripts/base/commands/cmd_sync.sh","contents_url":"https://api.github.com/repos/eclipse/che/contents/dockerfiles/base/scripts/base/commands/cmd_sync.sh?ref=078edc31aa77876a41c9fd01fb3b5666aeaba8ec","patch":"@@ -24,8 +24,6 @@ cmd_sync() {\n \n   # Not loaded as part of the init process to save on download time\n   load_utilities_images_if_not_done\n-  docker_run -it ${UTILITY_IMAGE_CHEMOUNT} \"$@\"\n-\n   # Determine the mount path to do the mount\n   info \"mount\" \"Starting sync process to ${SYNC_MOUNT}\"\n "}]}
