{"sha":"07f238dee4e9c1094479156302dcac21b88041ea","commit":{"author":{"name":"Sergii Kabashniuk","email":"skabashniuk@redhat.com","date":"2017-09-27T08:38:16Z"},"committer":{"name":"Sergii Kabashniuk","email":"skabashniuk@redhat.com","date":"2017-09-27T08:38:16Z"},"message":"Code cleanup","tree":{"sha":"b27c1e1e6f0dc1d39fef4f92c7a65891a42295f7","url":"https://api.github.com/repos/eclipse/che/git/trees/b27c1e1e6f0dc1d39fef4f92c7a65891a42295f7"},"url":"https://api.github.com/repos/eclipse/che/git/commits/07f238dee4e9c1094479156302dcac21b88041ea","comment_count":0,"verification":{"verified":false,"reason":"unsigned","signature":null,"payload":null}},"url":"https://api.github.com/repos/eclipse/che/commits/07f238dee4e9c1094479156302dcac21b88041ea","html_url":"https://github.com/eclipse/che/commit/07f238dee4e9c1094479156302dcac21b88041ea","comments_url":"https://api.github.com/repos/eclipse/che/commits/07f238dee4e9c1094479156302dcac21b88041ea/comments","author":{"login":"skabashnyuk","id":1614429,"avatar_url":"https://avatars0.githubusercontent.com/u/1614429?v=4","gravatar_id":"","url":"https://api.github.com/users/skabashnyuk","html_url":"https://github.com/skabashnyuk","followers_url":"https://api.github.com/users/skabashnyuk/followers","following_url":"https://api.github.com/users/skabashnyuk/following{/other_user}","gists_url":"https://api.github.com/users/skabashnyuk/gists{/gist_id}","starred_url":"https://api.github.com/users/skabashnyuk/starred{/owner}{/repo}","subscriptions_url":"https://api.github.com/users/skabashnyuk/subscriptions","organizations_url":"https://api.github.com/users/skabashnyuk/orgs","repos_url":"https://api.github.com/users/skabashnyuk/repos","events_url":"https://api.github.com/users/skabashnyuk/events{/privacy}","received_events_url":"https://api.github.com/users/skabashnyuk/received_events","type":"User","site_admin":false},"committer":{"login":"skabashnyuk","id":1614429,"avatar_url":"https://avatars0.githubusercontent.com/u/1614429?v=4","gravatar_id":"","url":"https://api.github.com/users/skabashnyuk","html_url":"https://github.com/skabashnyuk","followers_url":"https://api.github.com/users/skabashnyuk/followers","following_url":"https://api.github.com/users/skabashnyuk/following{/other_user}","gists_url":"https://api.github.com/users/skabashnyuk/gists{/gist_id}","starred_url":"https://api.github.com/users/skabashnyuk/starred{/owner}{/repo}","subscriptions_url":"https://api.github.com/users/skabashnyuk/subscriptions","organizations_url":"https://api.github.com/users/skabashnyuk/orgs","repos_url":"https://api.github.com/users/skabashnyuk/repos","events_url":"https://api.github.com/users/skabashnyuk/events{/privacy}","received_events_url":"https://api.github.com/users/skabashnyuk/received_events","type":"User","site_admin":false},"parents":[{"sha":"de52d5f04bee7b42fdd8b2be60349ab137e50a09","url":"https://api.github.com/repos/eclipse/che/commits/de52d5f04bee7b42fdd8b2be60349ab137e50a09","html_url":"https://github.com/eclipse/che/commit/de52d5f04bee7b42fdd8b2be60349ab137e50a09"}],"stats":{"total":12,"additions":0,"deletions":12},"files":[{"sha":"8d36afaed0189093beb3f5311eb34e1ea90db033","filename":"assembly-multiuser/Readme-multiuser.md","status":"removed","additions":0,"deletions":12,"changes":12,"blob_url":"https://github.com/eclipse/che/blob/de52d5f04bee7b42fdd8b2be60349ab137e50a09/assembly-multiuser/Readme-multiuser.md","raw_url":"https://github.com/eclipse/che/raw/de52d5f04bee7b42fdd8b2be60349ab137e50a09/assembly-multiuser/Readme-multiuser.md","contents_url":"https://api.github.com/repos/eclipse/che/contents/assembly-multiuser/Readme-multiuser.md?ref=de52d5f04bee7b42fdd8b2be60349ab137e50a09","patch":"@@ -1,12 +0,0 @@\n-### Getting Started with multiuser Che\n-To run an multiuser Che version, the following steps are required after building the branch:\n- - Rebuild init, cli and che images (in the given sequence). To do that, proceed to folder _dockerfiles/<image_name>_ and run _build.sh_\n- - Run Che in a  usual way using cli, with additional parameters:  `-e CHE_MULTIUSER=true` and `--skip:pull --skip:nightly`  \n-   Full command example:\n-   `docker run -it --rm -v /var/run/docker.sock:/var/run/docker.sock -v /home/user/.che:/data -e CHE_MULTIUSER=true eclipse/che-cli:nightly start --skip:pull --skip:nightly`\n- - MacOS users may need to edit _che.env_ file in the data folder, changing `CHE_HOST` and `CHE_KEYCLOAK_AUTH-SERVER-URL` values to their specific IP.\n- \n-When start is succeeded, the following docker containers should be created:  \n- - che, exposing 8080 port;\n- - che_keycloak, exposing 5050 port;  \n- - che_postgres, exposing 5432 port;  "}]}
