{"sha":"07fe70de59546dc1cc15c677d982935ff9dcac37","commit":{"author":{"name":"Artem Zatsarynnyi","email":"azatsarynnyy@codenvy.com","date":"2016-09-02T14:46:52Z"},"committer":{"name":"Artem Zatsarynnyi","email":"azatsarynnyy@codenvy.com","date":"2016-09-02T14:46:52Z"},"message":"Avoid using deprecated 'keyIdentifier' property of 'KeyboardEvent'","tree":{"sha":"73dcdad782b9be58f97955ca7f7962d92b928692","url":"https://api.github.com/repos/eclipse/che/git/trees/73dcdad782b9be58f97955ca7f7962d92b928692"},"url":"https://api.github.com/repos/eclipse/che/git/commits/07fe70de59546dc1cc15c677d982935ff9dcac37","comment_count":0,"verification":{"verified":false,"reason":"unsigned","signature":null,"payload":null}},"url":"https://api.github.com/repos/eclipse/che/commits/07fe70de59546dc1cc15c677d982935ff9dcac37","html_url":"https://github.com/eclipse/che/commit/07fe70de59546dc1cc15c677d982935ff9dcac37","comments_url":"https://api.github.com/repos/eclipse/che/commits/07fe70de59546dc1cc15c677d982935ff9dcac37/comments","author":{"login":"azatsarynnyy","id":1636395,"avatar_url":"https://avatars3.githubusercontent.com/u/1636395?v=4","gravatar_id":"","url":"https://api.github.com/users/azatsarynnyy","html_url":"https://github.com/azatsarynnyy","followers_url":"https://api.github.com/users/azatsarynnyy/followers","following_url":"https://api.github.com/users/azatsarynnyy/following{/other_user}","gists_url":"https://api.github.com/users/azatsarynnyy/gists{/gist_id}","starred_url":"https://api.github.com/users/azatsarynnyy/starred{/owner}{/repo}","subscriptions_url":"https://api.github.com/users/azatsarynnyy/subscriptions","organizations_url":"https://api.github.com/users/azatsarynnyy/orgs","repos_url":"https://api.github.com/users/azatsarynnyy/repos","events_url":"https://api.github.com/users/azatsarynnyy/events{/privacy}","received_events_url":"https://api.github.com/users/azatsarynnyy/received_events","type":"User","site_admin":false},"committer":{"login":"azatsarynnyy","id":1636395,"avatar_url":"https://avatars3.githubusercontent.com/u/1636395?v=4","gravatar_id":"","url":"https://api.github.com/users/azatsarynnyy","html_url":"https://github.com/azatsarynnyy","followers_url":"https://api.github.com/users/azatsarynnyy/followers","following_url":"https://api.github.com/users/azatsarynnyy/following{/other_user}","gists_url":"https://api.github.com/users/azatsarynnyy/gists{/gist_id}","starred_url":"https://api.github.com/users/azatsarynnyy/starred{/owner}{/repo}","subscriptions_url":"https://api.github.com/users/azatsarynnyy/subscriptions","organizations_url":"https://api.github.com/users/azatsarynnyy/orgs","repos_url":"https://api.github.com/users/azatsarynnyy/repos","events_url":"https://api.github.com/users/azatsarynnyy/events{/privacy}","received_events_url":"https://api.github.com/users/azatsarynnyy/received_events","type":"User","site_admin":false},"parents":[{"sha":"f583799b7c6901d6057d3dec74179b57b6fc16ac","url":"https://api.github.com/repos/eclipse/che/commits/f583799b7c6901d6057d3dec74179b57b6fc16ac","html_url":"https://github.com/eclipse/che/commit/f583799b7c6901d6057d3dec74179b57b6fc16ac"}],"stats":{"total":2,"additions":1,"deletions":1},"files":[{"sha":"e9a7f18e9149ece3019e40cc9c7cfdd12338c105","filename":"ide/commons-gwt/src/main/java/org/eclipse/che/ide/util/input/SignalEventImpl.java","status":"modified","additions":1,"deletions":1,"changes":2,"blob_url":"https://github.com/eclipse/che/blob/07fe70de59546dc1cc15c677d982935ff9dcac37/ide/commons-gwt/src/main/java/org/eclipse/che/ide/util/input/SignalEventImpl.java","raw_url":"https://github.com/eclipse/che/raw/07fe70de59546dc1cc15c677d982935ff9dcac37/ide/commons-gwt/src/main/java/org/eclipse/che/ide/util/input/SignalEventImpl.java","contents_url":"https://api.github.com/repos/eclipse/che/contents/ide/commons-gwt/src/main/java/org/eclipse/che/ide/util/input/SignalEventImpl.java?ref=07fe70de59546dc1cc15c677d982935ff9dcac37","patch":"@@ -337,7 +337,7 @@ public static native int getWhich(Event event) /*-{\n     }-*/;\n \n     public static native String getKeyIdentifier(Event event) /*-{\n-        return event.keyIdentifier\n+        return event.key\n     }-*/;\n \n     /** @return Event type as a string, e.g. \"keypress\" */"}]}
