{"sha":"0821f5c5add807503d98ded0bc94ae081c3656ac","commit":{"author":{"name":"Roman Iuvshin","email":"riuvshin@codenvy.com","date":"2016-06-04T19:30:54Z"},"committer":{"name":"Roman Iuvshin","email":"riuvshin@codenvy.com","date":"2016-06-04T19:30:54Z"},"message":"RELEASE:Set tag of parent pom","tree":{"sha":"152c764c5f8e24b1559cf0f29535f4eb31b297a6","url":"https://api.github.com/repos/eclipse/che/git/trees/152c764c5f8e24b1559cf0f29535f4eb31b297a6"},"url":"https://api.github.com/repos/eclipse/che/git/commits/0821f5c5add807503d98ded0bc94ae081c3656ac","comment_count":0,"verification":{"verified":false,"reason":"unsigned","signature":null,"payload":null}},"url":"https://api.github.com/repos/eclipse/che/commits/0821f5c5add807503d98ded0bc94ae081c3656ac","html_url":"https://github.com/eclipse/che/commit/0821f5c5add807503d98ded0bc94ae081c3656ac","comments_url":"https://api.github.com/repos/eclipse/che/commits/0821f5c5add807503d98ded0bc94ae081c3656ac/comments","author":{"login":"riuvshin","id":1636732,"avatar_url":"https://avatars2.githubusercontent.com/u/1636732?v=4","gravatar_id":"","url":"https://api.github.com/users/riuvshin","html_url":"https://github.com/riuvshin","followers_url":"https://api.github.com/users/riuvshin/followers","following_url":"https://api.github.com/users/riuvshin/following{/other_user}","gists_url":"https://api.github.com/users/riuvshin/gists{/gist_id}","starred_url":"https://api.github.com/users/riuvshin/starred{/owner}{/repo}","subscriptions_url":"https://api.github.com/users/riuvshin/subscriptions","organizations_url":"https://api.github.com/users/riuvshin/orgs","repos_url":"https://api.github.com/users/riuvshin/repos","events_url":"https://api.github.com/users/riuvshin/events{/privacy}","received_events_url":"https://api.github.com/users/riuvshin/received_events","type":"User","site_admin":false},"committer":{"login":"riuvshin","id":1636732,"avatar_url":"https://avatars2.githubusercontent.com/u/1636732?v=4","gravatar_id":"","url":"https://api.github.com/users/riuvshin","html_url":"https://github.com/riuvshin","followers_url":"https://api.github.com/users/riuvshin/followers","following_url":"https://api.github.com/users/riuvshin/following{/other_user}","gists_url":"https://api.github.com/users/riuvshin/gists{/gist_id}","starred_url":"https://api.github.com/users/riuvshin/starred{/owner}{/repo}","subscriptions_url":"https://api.github.com/users/riuvshin/subscriptions","organizations_url":"https://api.github.com/users/riuvshin/orgs","repos_url":"https://api.github.com/users/riuvshin/repos","events_url":"https://api.github.com/users/riuvshin/events{/privacy}","received_events_url":"https://api.github.com/users/riuvshin/received_events","type":"User","site_admin":false},"parents":[{"sha":"cd256585718e21a816b4fcbbc7c84a84993cf560","url":"https://api.github.com/repos/eclipse/che/commits/cd256585718e21a816b4fcbbc7c84a84993cf560","html_url":"https://github.com/eclipse/che/commit/cd256585718e21a816b4fcbbc7c84a84993cf560"}],"stats":{"total":2,"additions":1,"deletions":1},"files":[{"sha":"a46e94615c94f5992c0125b2742e824afe84b320","filename":"pom.xml","status":"modified","additions":1,"deletions":1,"changes":2,"blob_url":"https://github.com/eclipse/che/blob/0821f5c5add807503d98ded0bc94ae081c3656ac/pom.xml","raw_url":"https://github.com/eclipse/che/raw/0821f5c5add807503d98ded0bc94ae081c3656ac/pom.xml","contents_url":"https://api.github.com/repos/eclipse/che/contents/pom.xml?ref=0821f5c5add807503d98ded0bc94ae081c3656ac","patch":"@@ -16,7 +16,7 @@\n     <parent>\n         <artifactId>maven-depmgt-pom</artifactId>\n         <groupId>org.eclipse.che.depmgt</groupId>\n-        <version>4.3.0-RC1-SNAPSHOT</version>\n+        <version>4.3.0-RC1</version>\n     </parent>\n     <groupId>org.eclipse.che</groupId>\n     <artifactId>che-parent</artifactId>"}]}
