{"sha":"082cb51fadfd3e06ec606bdc4659c4bbb0cd1172","commit":{"author":{"name":"Sergey Skorik","email":"sskorik@codenvy.com","date":"2018-03-23T08:27:48Z"},"committer":{"name":"GitHub","email":"noreply@github.com","date":"2018-03-23T08:27:48Z"},"message":"Selenium: test SSH and Volumes tab on workspace details page (#9189)","tree":{"sha":"315d13b5edeae1f8be60df5785ac0766fe24db74","url":"https://api.github.com/repos/eclipse/che/git/trees/315d13b5edeae1f8be60df5785ac0766fe24db74"},"url":"https://api.github.com/repos/eclipse/che/git/commits/082cb51fadfd3e06ec606bdc4659c4bbb0cd1172","comment_count":0,"verification":{"verified":true,"reason":"valid","signature":"-----BEGIN PGP SIGNATURE-----\n\nwsBcBAABCAAQBQJatLqECRBK7hj4Ov3rIwAAdHIIAJ1h+LC/jyUE7Pkbp9uVDMRk\n1nAGZPp3h4Tg/mCF+fVwEImzqKlEbxx5O2Mx7Jv2axYQYujWLmQHF4/lWUjAz6cL\nZFfEIuOXvXAArGrZ9GsnizgnTyw5dFdeDWJvTkjn9PBcc9lN/pULlHB2gykcYnqm\nNK0HI+ANmAHgFRNywhpXaHwkwy/8vndH914Tygt0yMlmmPFwK53NYGpmxBiYp2L8\nGRPwZ69p1ljcfa3Tf24NF1cJl+2OVxkIDe8Bc2B4SJLZLGGW2rK0lAZGL/dmyREM\nKCqy4W4xusfqkYuea6eTkIbVai3A88nhXv57MPAwTwYBMdqoRLI/1kK3N6sv4s8=\n=YC5R\n-----END PGP SIGNATURE-----\n","payload":"tree 315d13b5edeae1f8be60df5785ac0766fe24db74\nparent 8c40c878302d7d0d88c34d96e4ae041e284230ff\nauthor Sergey Skorik <sskorik@codenvy.com> 1521793668 +0200\ncommitter GitHub <noreply@github.com> 1521793668 +0200\n\nSelenium: test SSH and Volumes tab on workspace details page (#9189)\n\n"}},"url":"https://api.github.com/repos/eclipse/che/commits/082cb51fadfd3e06ec606bdc4659c4bbb0cd1172","html_url":"https://github.com/eclipse/che/commit/082cb51fadfd3e06ec606bdc4659c4bbb0cd1172","comments_url":"https://api.github.com/repos/eclipse/che/commits/082cb51fadfd3e06ec606bdc4659c4bbb0cd1172/comments","author":{"login":"SkorikSergey","id":7760565,"avatar_url":"https://avatars1.githubusercontent.com/u/7760565?v=4","gravatar_id":"","url":"https://api.github.com/users/SkorikSergey","html_url":"https://github.com/SkorikSergey","followers_url":"https://api.github.com/users/SkorikSergey/followers","following_url":"https://api.github.com/users/SkorikSergey/following{/other_user}","gists_url":"https://api.github.com/users/SkorikSergey/gists{/gist_id}","starred_url":"https://api.github.com/users/SkorikSergey/starred{/owner}{/repo}","subscriptions_url":"https://api.github.com/users/SkorikSergey/subscriptions","organizations_url":"https://api.github.com/users/SkorikSergey/orgs","repos_url":"https://api.github.com/users/SkorikSergey/repos","events_url":"https://api.github.com/users/SkorikSergey/events{/privacy}","received_events_url":"https://api.github.com/users/SkorikSergey/received_events","type":"User","site_admin":false},"committer":{"login":"web-flow","id":19864447,"avatar_url":"https://avatars3.githubusercontent.com/u/19864447?v=4","gravatar_id":"","url":"https://api.github.com/users/web-flow","html_url":"https://github.com/web-flow","followers_url":"https://api.github.com/users/web-flow/followers","following_url":"https://api.github.com/users/web-flow/following{/other_user}","gists_url":"https://api.github.com/users/web-flow/gists{/gist_id}","starred_url":"https://api.github.com/users/web-flow/starred{/owner}{/repo}","subscriptions_url":"https://api.github.com/users/web-flow/subscriptions","organizations_url":"https://api.github.com/users/web-flow/orgs","repos_url":"https://api.github.com/users/web-flow/repos","events_url":"https://api.github.com/users/web-flow/events{/privacy}","received_events_url":"https://api.github.com/users/web-flow/received_events","type":"User","site_admin":false},"parents":[{"sha":"8c40c878302d7d0d88c34d96e4ae041e284230ff","url":"https://api.github.com/repos/eclipse/che/commits/8c40c878302d7d0d88c34d96e4ae041e284230ff","html_url":"https://github.com/eclipse/che/commit/8c40c878302d7d0d88c34d96e4ae041e284230ff"}],"stats":{"total":200,"additions":195,"deletions":5},"files":[{"sha":"a9055804557424fdbe1b06f45ea27836232b6ebf","filename":"dashboard/src/app/workspaces/workspace-details/workspace-ssh/workspace-details-ssh.html","status":"modified","additions":6,"deletions":1,"changes":7,"blob_url":"https://github.com/eclipse/che/blob/082cb51fadfd3e06ec606bdc4659c4bbb0cd1172/dashboard/src/app/workspaces/workspace-details/workspace-ssh/workspace-details-ssh.html","raw_url":"https://github.com/eclipse/che/raw/082cb51fadfd3e06ec606bdc4659c4bbb0cd1172/dashboard/src/app/workspaces/workspace-details/workspace-ssh/workspace-details-ssh.html","contents_url":"https://api.github.com/repos/eclipse/che/contents/dashboard/src/app/workspaces/workspace-details/workspace-ssh/workspace-details-ssh.html?ref=082cb51fadfd3e06ec606bdc4659c4bbb0cd1172","patch":"@@ -30,22 +30,27 @@\n     <div layout=\"column\" ng-if=\"workspaceDetailsSshCtrl.sshKeyPair\">\n       <che-text-info che-label-name=\"Private key\" che-text=\"workspaceDetailsSshCtrl.sshKeyPair.privateKey\"\n                      che-copy-clipboard=\"true\"\n+                     id=\"private-key-text\"\n                      class=\"workspace-ssh-content-private\"></che-text-info>\n \n       <che-text-info che-label-name=\"Public key\" che-text=\"workspaceDetailsSshCtrl.sshKeyPair.publicKey\"\n                      che-copy-clipboard=\"true\"\n+                     id=\"public-key-text\"\n                      class=\"\"></che-text-info>\n \n       <che-button-danger che-button-title=\"Remove default SSH key\"\n+                         id=\"remove-default-ssh-key-button\"\n                          ng-disabled=\"workspaceDetailsSshCtrl.isLoading\"\n                          ng-click=\"workspaceDetailsSshCtrl.removeDefaultKey()\"></che-button-danger>\n     </div>\n \n     <div layout=\"column\" ng-if=\"!workspaceDetailsSshCtrl.sshKeyPair\">\n       <che-button-primary che-button-title=\"Generate\"\n+                          id=\"generate-ssh-key-button\"\n                           ng-disabled=\"workspaceDetailsSshCtrl.isLoading\"\n                           ng-click=\"workspaceDetailsSshCtrl.generateDefaultKey()\"></che-button-primary>\n-      <span class=\"workspace-ssh-content-notice\">This workspace does not have a generated SSH key. We can generate a new one here or you can add your own in the IDE.</span>\n+      <span class=\"workspace-ssh-content-notice\"\n+            id=\"ssh-key-not-generated-message\">This workspace does not have a generated SSH key. We can generate a new one here or you can add your own in the IDE.</span>\n       <span ng-if=\"workspaceDetailsSshCtrl.workspace.status === 'RUNNING'\">Note: Workspace is currently in RUNNING state. It will require a restart of the workspace in order to be taken into account.</span>\n     </div>\n "},{"sha":"322711545d50841a1fee75f69a8ff0704ed0ccca","filename":"selenium/che-selenium-test/src/main/java/org/eclipse/che/selenium/pageobject/dashboard/workspaces/WorkspaceDetails.java","status":"modified","additions":2,"deletions":1,"changes":3,"blob_url":"https://github.com/eclipse/che/blob/082cb51fadfd3e06ec606bdc4659c4bbb0cd1172/selenium/che-selenium-test/src/main/java/org/eclipse/che/selenium/pageobject/dashboard/workspaces/WorkspaceDetails.java","raw_url":"https://github.com/eclipse/che/raw/082cb51fadfd3e06ec606bdc4659c4bbb0cd1172/selenium/che-selenium-test/src/main/java/org/eclipse/che/selenium/pageobject/dashboard/workspaces/WorkspaceDetails.java","contents_url":"https://api.github.com/repos/eclipse/che/contents/selenium/che-selenium-test/src/main/java/org/eclipse/che/selenium/pageobject/dashboard/workspaces/WorkspaceDetails.java?ref=082cb51fadfd3e06ec606bdc4659c4bbb0cd1172","patch":"@@ -51,8 +51,9 @@\n     String INSTALLERS = \"Installers\";\n     String ENV_VARIABLES = \"Env Variables\";\n     String CONFIG = \"Config\";\n-    String SSH = \"Ssh\";\n+    String SSH = \"SSH\";\n     String SHARE = \"Share\";\n+    String VOLUMES = \"Volumes\";\n   }\n \n   private interface Locators {"},{"sha":"9dc30e75ca83c52c3fa71a2741e710259107d400","filename":"selenium/che-selenium-test/src/main/java/org/eclipse/che/selenium/pageobject/dashboard/workspaces/WorkspaceSsh.java","status":"modified","additions":41,"deletions":3,"changes":44,"blob_url":"https://github.com/eclipse/che/blob/082cb51fadfd3e06ec606bdc4659c4bbb0cd1172/selenium/che-selenium-test/src/main/java/org/eclipse/che/selenium/pageobject/dashboard/workspaces/WorkspaceSsh.java","raw_url":"https://github.com/eclipse/che/raw/082cb51fadfd3e06ec606bdc4659c4bbb0cd1172/selenium/che-selenium-test/src/main/java/org/eclipse/che/selenium/pageobject/dashboard/workspaces/WorkspaceSsh.java","contents_url":"https://api.github.com/repos/eclipse/che/contents/selenium/che-selenium-test/src/main/java/org/eclipse/che/selenium/pageobject/dashboard/workspaces/WorkspaceSsh.java?ref=082cb51fadfd3e06ec606bdc4659c4bbb0cd1172","patch":"@@ -10,16 +10,54 @@\n  */\n package org.eclipse.che.selenium.pageobject.dashboard.workspaces;\n \n+import static org.eclipse.che.selenium.core.constant.TestTimeoutsConstants.ELEMENT_TIMEOUT_SEC;\n+\n import com.google.inject.Inject;\n import org.eclipse.che.selenium.core.SeleniumWebDriver;\n+import org.eclipse.che.selenium.pageobject.SeleniumWebDriverHelper;\n+import org.openqa.selenium.By;\n import org.openqa.selenium.support.PageFactory;\n \n public class WorkspaceSsh {\n-  private final SeleniumWebDriver seleniumWebDriver;\n+  private final SeleniumWebDriverHelper seleniumWebDriverHelper;\n \n   @Inject\n-  public WorkspaceSsh(SeleniumWebDriver seleniumWebDriver) {\n-    this.seleniumWebDriver = seleniumWebDriver;\n+  public WorkspaceSsh(\n+      SeleniumWebDriver seleniumWebDriver, SeleniumWebDriverHelper seleniumWebDriverHelper) {\n+    this.seleniumWebDriverHelper = seleniumWebDriverHelper;\n     PageFactory.initElements(seleniumWebDriver, this);\n   }\n+\n+  private interface Locators {\n+    String GENERATE_BUTTON_ID = \"generate-ssh-key-button\";\n+    String REMOVE_DEFAULT_SSH_KEY_ID = \"remove-default-ssh-key-button\";\n+    String PRIVATE_KEY_ID = \"private-key-text\";\n+    String PUBLIC_KEY_ID = \"public-key-text\";\n+    String SSH_KEY_NOT_GENERATED_ID = \"ssh-key-not-generated-message\";\n+  }\n+\n+  public void clickOnGenerateButton() {\n+    seleniumWebDriverHelper.waitAndClick(By.id(Locators.GENERATE_BUTTON_ID), ELEMENT_TIMEOUT_SEC);\n+  }\n+\n+  public void clickOnRemoveDefaultSshKeyButton() {\n+    seleniumWebDriverHelper.waitAndClick(\n+        By.id(Locators.REMOVE_DEFAULT_SSH_KEY_ID), ELEMENT_TIMEOUT_SEC);\n+  }\n+\n+  public Boolean isPrivateKeyExists() {\n+    return seleniumWebDriverHelper\n+        .waitVisibilityAndGetText(By.id(Locators.PRIVATE_KEY_ID))\n+        .contains(\"-----BEGIN RSA PRIVATE KEY-----\");\n+  }\n+\n+  public Boolean isPublicKeyExists() {\n+    return seleniumWebDriverHelper\n+        .waitVisibilityAndGetText(By.id(Locators.PUBLIC_KEY_ID))\n+        .contains(\"ssh-rsa\");\n+  }\n+\n+  public void waitSshKeyNotExists() {\n+    seleniumWebDriverHelper.waitVisibility(By.id(Locators.SSH_KEY_NOT_GENERATED_ID));\n+  }\n }"},{"sha":"4421aa12b661844290c80cbb1727944d75623fb3","filename":"selenium/che-selenium-test/src/main/java/org/eclipse/che/selenium/pageobject/dashboard/workspaces/WorkspacesVolumes.java","status":"added","additions":89,"deletions":0,"changes":89,"blob_url":"https://github.com/eclipse/che/blob/082cb51fadfd3e06ec606bdc4659c4bbb0cd1172/selenium/che-selenium-test/src/main/java/org/eclipse/che/selenium/pageobject/dashboard/workspaces/WorkspacesVolumes.java","raw_url":"https://github.com/eclipse/che/raw/082cb51fadfd3e06ec606bdc4659c4bbb0cd1172/selenium/che-selenium-test/src/main/java/org/eclipse/che/selenium/pageobject/dashboard/workspaces/WorkspacesVolumes.java","contents_url":"https://api.github.com/repos/eclipse/che/contents/selenium/che-selenium-test/src/main/java/org/eclipse/che/selenium/pageobject/dashboard/workspaces/WorkspacesVolumes.java?ref=082cb51fadfd3e06ec606bdc4659c4bbb0cd1172","patch":"@@ -0,0 +1,89 @@\n+/*\n+ * Copyright (c) 2012-2018 Red Hat, Inc.\n+ * All rights reserved. This program and the accompanying materials\n+ * are made available under the terms of the Eclipse Public License v1.0\n+ * which accompanies this distribution, and is available at\n+ * http://www.eclipse.org/legal/epl-v10.html\n+ *\n+ * Contributors:\n+ *   Red Hat, Inc. - initial API and implementation\n+ */\n+package org.eclipse.che.selenium.pageobject.dashboard.workspaces;\n+\n+import static java.lang.String.format;\n+\n+import com.google.inject.Inject;\n+import org.eclipse.che.selenium.core.SeleniumWebDriver;\n+import org.eclipse.che.selenium.pageobject.SeleniumWebDriverHelper;\n+import org.openqa.selenium.By;\n+import org.openqa.selenium.WebElement;\n+import org.openqa.selenium.support.FindBy;\n+import org.openqa.selenium.support.PageFactory;\n+\n+public class WorkspacesVolumes {\n+  private final SeleniumWebDriverHelper seleniumWebDriverHelper;\n+\n+  @Inject\n+  public WorkspacesVolumes(\n+      SeleniumWebDriver seleniumWebDriver, SeleniumWebDriverHelper seleniumWebDriverHelper) {\n+    this.seleniumWebDriverHelper = seleniumWebDriverHelper;\n+    PageFactory.initElements(seleniumWebDriver, this);\n+  }\n+\n+  private interface Locators {\n+    String ADD_VOLUME_BUTTON = \"//che-button-primary[@che-button-title='Add Volume']\";\n+    String VOLUME_ITEM_XPATH_PATTERN = \"//div[@id='machine-volume-name-%s']\";\n+    String VOLUME_NAME_XPATH_PATTERN = VOLUME_ITEM_XPATH_PATTERN + \"//span[@variable-name]\";\n+    String VOLUME_PATH_XPATH_PATTERN = VOLUME_ITEM_XPATH_PATTERN + \"//span[@variable-value]\";\n+    String EDIT_VOLUME_BUTTON_XPATH_PATTERN = VOLUME_ITEM_XPATH_PATTERN + \"//div[@edit-variable]\";\n+    String REMOVE_VOLUME_BUTTON_XPATH_PATTERN =\n+        VOLUME_ITEM_XPATH_PATTERN + \"//div[@delete-variable]\";\n+    String NEW_VOLUME_NAME_ID = \"volume-name-input\";\n+    String NEW_VOLUME_PATH_XPATH = \"//textarea[@name='deskpath']\";\n+  }\n+\n+  @FindBy(id = Locators.NEW_VOLUME_NAME_ID)\n+  WebElement newVolumeNameElement;\n+\n+  @FindBy(xpath = Locators.NEW_VOLUME_PATH_XPATH)\n+  WebElement newVolumePathElement;\n+\n+  public void clickOnAddVolumeButton() {\n+    seleniumWebDriverHelper.waitAndClick(By.xpath(Locators.ADD_VOLUME_BUTTON));\n+  }\n+\n+  public Boolean checkVolumeExists(String name) {\n+    return seleniumWebDriverHelper\n+        .waitVisibilityAndGetText(By.xpath(format(Locators.VOLUME_NAME_XPATH_PATTERN, name)))\n+        .equals(name);\n+  }\n+\n+  public Boolean checkVolumeExists(String name, String path) {\n+    return seleniumWebDriverHelper\n+        .waitVisibilityAndGetText(By.xpath(format(Locators.VOLUME_PATH_XPATH_PATTERN, name)))\n+        .equals(path);\n+  }\n+\n+  public void waitVolumeNotExists(String name) {\n+    seleniumWebDriverHelper.waitInvisibility(\n+        By.xpath(format(Locators.VOLUME_NAME_XPATH_PATTERN, name)));\n+  }\n+\n+  public void clickOnEditVolumeButton(String name) {\n+    seleniumWebDriverHelper.waitAndClick(\n+        By.xpath(format(Locators.EDIT_VOLUME_BUTTON_XPATH_PATTERN, name)));\n+  }\n+\n+  public void clickOnRemoveVolumeButton(String name) {\n+    seleniumWebDriverHelper.waitAndClick(\n+        By.xpath(format(Locators.REMOVE_VOLUME_BUTTON_XPATH_PATTERN, name)));\n+  }\n+\n+  public void enterVolumeName(String name) {\n+    seleniumWebDriverHelper.setValue(newVolumeNameElement, name);\n+  }\n+\n+  public void enterVolumePath(String path) {\n+    seleniumWebDriverHelper.setValue(newVolumePathElement, path);\n+  }\n+}"},{"sha":"6e8a602dd61b9ff16acde5ea646d119d62175b98","filename":"selenium/che-selenium-test/src/test/java/org/eclipse/che/selenium/dashboard/WorkspaceDetailsSingleMachineTest.java","status":"modified","additions":57,"deletions":0,"changes":57,"blob_url":"https://github.com/eclipse/che/blob/082cb51fadfd3e06ec606bdc4659c4bbb0cd1172/selenium/che-selenium-test/src/test/java/org/eclipse/che/selenium/dashboard/WorkspaceDetailsSingleMachineTest.java","raw_url":"https://github.com/eclipse/che/raw/082cb51fadfd3e06ec606bdc4659c4bbb0cd1172/selenium/che-selenium-test/src/test/java/org/eclipse/che/selenium/dashboard/WorkspaceDetailsSingleMachineTest.java","contents_url":"https://api.github.com/repos/eclipse/che/contents/selenium/che-selenium-test/src/test/java/org/eclipse/che/selenium/dashboard/WorkspaceDetailsSingleMachineTest.java?ref=082cb51fadfd3e06ec606bdc4659c4bbb0cd1172","patch":"@@ -19,6 +19,8 @@\n import static org.eclipse.che.selenium.pageobject.dashboard.workspaces.WorkspaceDetails.TabNames.OVERVIEW;\n import static org.eclipse.che.selenium.pageobject.dashboard.workspaces.WorkspaceDetails.TabNames.PROJECTS;\n import static org.eclipse.che.selenium.pageobject.dashboard.workspaces.WorkspaceDetails.TabNames.SERVERS;\n+import static org.eclipse.che.selenium.pageobject.dashboard.workspaces.WorkspaceDetails.TabNames.SSH;\n+import static org.eclipse.che.selenium.pageobject.dashboard.workspaces.WorkspaceDetails.TabNames.VOLUMES;\n import static org.testng.Assert.assertEquals;\n import static org.testng.Assert.assertTrue;\n \n@@ -41,7 +43,10 @@\n import org.eclipse.che.selenium.pageobject.dashboard.workspaces.WorkspaceOverview;\n import org.eclipse.che.selenium.pageobject.dashboard.workspaces.WorkspaceProjects;\n import org.eclipse.che.selenium.pageobject.dashboard.workspaces.WorkspaceServers;\n+import org.eclipse.che.selenium.pageobject.dashboard.workspaces.WorkspaceSsh;\n import org.eclipse.che.selenium.pageobject.dashboard.workspaces.Workspaces;\n+import org.eclipse.che.selenium.pageobject.dashboard.workspaces.WorkspacesVolumes;\n+import org.testng.Assert;\n import org.testng.annotations.AfterClass;\n import org.testng.annotations.BeforeClass;\n import org.testng.annotations.Test;\n@@ -82,6 +87,8 @@\n   @Inject private WorkspaceOverview workspaceOverview;\n   @Inject private TestWorkspace testWorkspace;\n   @Inject private TestProjectServiceClient testProjectServiceClient;\n+  @Inject private WorkspaceSsh workspaceSsh;\n+  @Inject private WorkspacesVolumes workspacesVolumes;\n \n   @BeforeClass\n   public void setUp() throws Exception {\n@@ -200,6 +207,56 @@ public void checkWorkingWithProjects() {\n     workspaceProjects.waitProjectIsPresent(CONSOLE_JAVA_SIMPLE);\n   }\n \n+  @Test\n+  public void checkSshTab() {\n+    workspaceDetails.selectTabInWorkspaceMenu(SSH);\n+\n+    // check ssh key exist\n+    Assert.assertTrue(workspaceSsh.isPrivateKeyExists());\n+    Assert.assertTrue(workspaceSsh.isPublicKeyExists());\n+\n+    // remove ssh key\n+    workspaceSsh.clickOnRemoveDefaultSshKeyButton();\n+    workspaceSsh.waitSshKeyNotExists();\n+\n+    // generate ssh key\n+    workspaceSsh.clickOnGenerateButton();\n+    Assert.assertTrue(workspaceSsh.isPrivateKeyExists());\n+    Assert.assertTrue(workspaceSsh.isPublicKeyExists());\n+  }\n+\n+  @Test\n+  public void checkVolumesTab() {\n+    String volumeName = \"prj\";\n+    String volumePath = \"/\" + volumeName;\n+    String renamedVolumeName = \"project\";\n+    String renamedVolumePath = \"/\" + renamedVolumeName;\n+\n+    workspaceDetails.selectTabInWorkspaceMenu(VOLUMES);\n+\n+    // create volume\n+    workspacesVolumes.clickOnAddVolumeButton();\n+    workspacesVolumes.enterVolumeName(volumeName);\n+    workspacesVolumes.enterVolumePath(volumePath);\n+    workspaceDetails.clickOnAddButtonInDialogWindow();\n+    assertTrue(workspacesVolumes.checkVolumeExists(volumeName, volumePath));\n+    clickOnSaveButton();\n+\n+    // edit volume\n+    workspacesVolumes.clickOnEditVolumeButton(volumeName);\n+    workspacesVolumes.enterVolumeName(renamedVolumeName);\n+    workspacesVolumes.enterVolumePath(renamedVolumePath);\n+    workspaceDetails.clickOnUpdateButtonInDialogWindow();\n+    assertTrue(workspacesVolumes.checkVolumeExists(renamedVolumeName, renamedVolumePath));\n+    clickOnSaveButton();\n+\n+    // remove volume\n+    workspacesVolumes.clickOnRemoveVolumeButton(renamedVolumeName);\n+    workspaceDetails.clickOnDeleteButtonInDialogWindow();\n+    workspacesVolumes.waitVolumeNotExists(renamedVolumeName);\n+    clickOnSaveButton();\n+  }\n+\n   private void addNewProject(String projectName) {\n     workspaceProjects.clickOnAddNewProjectButton();\n     projectSourcePage.selectSample(projectName);"}]}
