{"sha":"082d7594b2177914e099b87e0f324b9f753b0be0","commit":{"author":{"name":"Roman Iuvshin","email":"riuvshin@codenvy.com","date":"2017-01-24T13:46:12Z"},"committer":{"name":"GitHub","email":"noreply@github.com","date":"2017-01-24T13:46:12Z"},"message":"change AGENT_EXTERNAL_PORT to real ephemeral port (#3867)","tree":{"sha":"a796d40b2e278354e992a1ae75beefce80018553","url":"https://api.github.com/repos/eclipse/che/git/trees/a796d40b2e278354e992a1ae75beefce80018553"},"url":"https://api.github.com/repos/eclipse/che/git/commits/082d7594b2177914e099b87e0f324b9f753b0be0","comment_count":0,"verification":{"verified":false,"reason":"unsigned","signature":null,"payload":null}},"url":"https://api.github.com/repos/eclipse/che/commits/082d7594b2177914e099b87e0f324b9f753b0be0","html_url":"https://github.com/eclipse/che/commit/082d7594b2177914e099b87e0f324b9f753b0be0","comments_url":"https://api.github.com/repos/eclipse/che/commits/082d7594b2177914e099b87e0f324b9f753b0be0/comments","author":{"login":"riuvshin","id":1636732,"avatar_url":"https://avatars2.githubusercontent.com/u/1636732?v=4","gravatar_id":"","url":"https://api.github.com/users/riuvshin","html_url":"https://github.com/riuvshin","followers_url":"https://api.github.com/users/riuvshin/followers","following_url":"https://api.github.com/users/riuvshin/following{/other_user}","gists_url":"https://api.github.com/users/riuvshin/gists{/gist_id}","starred_url":"https://api.github.com/users/riuvshin/starred{/owner}{/repo}","subscriptions_url":"https://api.github.com/users/riuvshin/subscriptions","organizations_url":"https://api.github.com/users/riuvshin/orgs","repos_url":"https://api.github.com/users/riuvshin/repos","events_url":"https://api.github.com/users/riuvshin/events{/privacy}","received_events_url":"https://api.github.com/users/riuvshin/received_events","type":"User","site_admin":false},"committer":{"login":"web-flow","id":19864447,"avatar_url":"https://avatars3.githubusercontent.com/u/19864447?v=4","gravatar_id":"","url":"https://api.github.com/users/web-flow","html_url":"https://github.com/web-flow","followers_url":"https://api.github.com/users/web-flow/followers","following_url":"https://api.github.com/users/web-flow/following{/other_user}","gists_url":"https://api.github.com/users/web-flow/gists{/gist_id}","starred_url":"https://api.github.com/users/web-flow/starred{/owner}{/repo}","subscriptions_url":"https://api.github.com/users/web-flow/subscriptions","organizations_url":"https://api.github.com/users/web-flow/orgs","repos_url":"https://api.github.com/users/web-flow/repos","events_url":"https://api.github.com/users/web-flow/events{/privacy}","received_events_url":"https://api.github.com/users/web-flow/received_events","type":"User","site_admin":false},"parents":[{"sha":"c74923171ace884bdd2a6cc0980e278603540559","url":"https://api.github.com/repos/eclipse/che/commits/c74923171ace884bdd2a6cc0980e278603540559","html_url":"https://github.com/eclipse/che/commit/c74923171ace884bdd2a6cc0980e278603540559"}],"stats":{"total":4,"additions":2,"deletions":2},"files":[{"sha":"9d4ce2a3ae83d82e81961841a2b2533a2eaf3407","filename":"cli.sh","status":"modified","additions":1,"deletions":1,"changes":2,"blob_url":"https://github.com/eclipse/che/blob/082d7594b2177914e099b87e0f324b9f753b0be0/cli.sh","raw_url":"https://github.com/eclipse/che/raw/082d7594b2177914e099b87e0f324b9f753b0be0/cli.sh","contents_url":"https://api.github.com/repos/eclipse/che/contents/cli.sh?ref=082d7594b2177914e099b87e0f324b9f753b0be0","patch":"@@ -904,7 +904,7 @@ run_connectivity_tests() {\n   AGENT_INTERNAL_IP=$(docker inspect --format='{{.NetworkSettings.IPAddress}}' fakeagent)\n   AGENT_INTERNAL_PORT=80\n   AGENT_EXTERNAL_IP=$GLOBAL_GET_DOCKER_HOST_IP\n-  AGENT_EXTERNAL_PORT=12345\n+  AGENT_EXTERNAL_PORT=32768\n \n \n   ### TEST 1: Simulate browser ==> workspace agent HTTP connectivity"},{"sha":"61994fd537fd8cfb529498c55076d2e2cca2f5eb","filename":"dockerfiles/base/scripts/base/commands/cmd_network.sh","status":"modified","additions":1,"deletions":1,"changes":2,"blob_url":"https://github.com/eclipse/che/blob/082d7594b2177914e099b87e0f324b9f753b0be0/dockerfiles/base/scripts/base/commands/cmd_network.sh","raw_url":"https://github.com/eclipse/che/raw/082d7594b2177914e099b87e0f324b9f753b0be0/dockerfiles/base/scripts/base/commands/cmd_network.sh","contents_url":"https://api.github.com/repos/eclipse/che/contents/dockerfiles/base/scripts/base/commands/cmd_network.sh?ref=082d7594b2177914e099b87e0f324b9f753b0be0","patch":"@@ -29,7 +29,7 @@ cmd_network() {\n \n start_test_server() {\n   export AGENT_INTERNAL_PORT=80\n-  export AGENT_EXTERNAL_PORT=12345\n+  export AGENT_EXTERNAL_PORT=32768\n \n   # Start mini httpd server to run simulated tests\n   docker run -d -p $AGENT_EXTERNAL_PORT:$AGENT_INTERNAL_PORT --name fakeagent \\"}]}
