{"sha":"08392ec9fbadad5ba09e99e1a0ad1fbfb216afb2","commit":{"author":{"name":"Roman Nikitenko","email":"rnikitenko@codenvy.com","date":"2016-05-11T10:30:59Z"},"committer":{"name":"Roman Nikitenko","email":"rnikitenko@codenvy.com","date":"2016-05-11T10:30:59Z"},"message":"CHE-1118. Correct handling of search results when the occurrences more 1000\n\nSigned-off-by: Roman Nikitenko <rnikitenko@codenvy.com>","tree":{"sha":"445c5ef34516b1d5fbc85a379ebf687210338fe3","url":"https://api.github.com/repos/eclipse/che/git/trees/445c5ef34516b1d5fbc85a379ebf687210338fe3"},"url":"https://api.github.com/repos/eclipse/che/git/commits/08392ec9fbadad5ba09e99e1a0ad1fbfb216afb2","comment_count":0,"verification":{"verified":false,"reason":"unsigned","signature":null,"payload":null}},"url":"https://api.github.com/repos/eclipse/che/commits/08392ec9fbadad5ba09e99e1a0ad1fbfb216afb2","html_url":"https://github.com/eclipse/che/commit/08392ec9fbadad5ba09e99e1a0ad1fbfb216afb2","comments_url":"https://api.github.com/repos/eclipse/che/commits/08392ec9fbadad5ba09e99e1a0ad1fbfb216afb2/comments","author":{"login":"RomanNikitenko","id":5676062,"avatar_url":"https://avatars1.githubusercontent.com/u/5676062?v=4","gravatar_id":"","url":"https://api.github.com/users/RomanNikitenko","html_url":"https://github.com/RomanNikitenko","followers_url":"https://api.github.com/users/RomanNikitenko/followers","following_url":"https://api.github.com/users/RomanNikitenko/following{/other_user}","gists_url":"https://api.github.com/users/RomanNikitenko/gists{/gist_id}","starred_url":"https://api.github.com/users/RomanNikitenko/starred{/owner}{/repo}","subscriptions_url":"https://api.github.com/users/RomanNikitenko/subscriptions","organizations_url":"https://api.github.com/users/RomanNikitenko/orgs","repos_url":"https://api.github.com/users/RomanNikitenko/repos","events_url":"https://api.github.com/users/RomanNikitenko/events{/privacy}","received_events_url":"https://api.github.com/users/RomanNikitenko/received_events","type":"User","site_admin":false},"committer":{"login":"RomanNikitenko","id":5676062,"avatar_url":"https://avatars1.githubusercontent.com/u/5676062?v=4","gravatar_id":"","url":"https://api.github.com/users/RomanNikitenko","html_url":"https://github.com/RomanNikitenko","followers_url":"https://api.github.com/users/RomanNikitenko/followers","following_url":"https://api.github.com/users/RomanNikitenko/following{/other_user}","gists_url":"https://api.github.com/users/RomanNikitenko/gists{/gist_id}","starred_url":"https://api.github.com/users/RomanNikitenko/starred{/owner}{/repo}","subscriptions_url":"https://api.github.com/users/RomanNikitenko/subscriptions","organizations_url":"https://api.github.com/users/RomanNikitenko/orgs","repos_url":"https://api.github.com/users/RomanNikitenko/repos","events_url":"https://api.github.com/users/RomanNikitenko/events{/privacy}","received_events_url":"https://api.github.com/users/RomanNikitenko/received_events","type":"User","site_admin":false},"parents":[{"sha":"e54d137aa07746acd2897ee349bd9196d08fceae","url":"https://api.github.com/repos/eclipse/che/commits/e54d137aa07746acd2897ee349bd9196d08fceae","html_url":"https://github.com/eclipse/che/commit/e54d137aa07746acd2897ee349bd9196d08fceae"}],"stats":{"total":22,"additions":7,"deletions":15},"files":[{"sha":"b55a3aa7912a5fd37134a1076ed8a0367c7722b0","filename":"wsagent/che-core-api-project/src/main/java/org/eclipse/che/api/project/server/ProjectService.java","status":"modified","additions":7,"deletions":15,"changes":22,"blob_url":"https://github.com/eclipse/che/blob/08392ec9fbadad5ba09e99e1a0ad1fbfb216afb2/wsagent/che-core-api-project/src/main/java/org/eclipse/che/api/project/server/ProjectService.java","raw_url":"https://github.com/eclipse/che/raw/08392ec9fbadad5ba09e99e1a0ad1fbfb216afb2/wsagent/che-core-api-project/src/main/java/org/eclipse/che/api/project/server/ProjectService.java","contents_url":"https://api.github.com/repos/eclipse/che/contents/wsagent/che-core-api-project/src/main/java/org/eclipse/che/api/project/server/ProjectService.java?ref=08392ec9fbadad5ba09e99e1a0ad1fbfb216afb2","patch":"@@ -887,25 +887,17 @@ public ItemReference getItem(@ApiParam(value = \"Workspace ID\", required = true)\n         final QueryExpression expr = new QueryExpression()\n                 .setPath(path.startsWith(\"/\") ? path : ('/' + path))\n                 .setName(name)\n-                .setText(text);\n+                .setText(text)\n+                .setMaxItems(maxItems)\n+                .setSkipCount(skipCount);\n \n         final SearchResult result = searcher.search(expr);\n-\n-        if (skipCount > 0) {\n-            if (skipCount > result.getTotalHits()) {\n-                throw new ConflictException(\n-                        String.format(\"'skipCount' parameter: %d is greater then total number of items in result: %d.\",\n-                                      skipCount, result.getTotalHits()));\n-            }\n-        }\n-\n-        final int length = maxItems > 0 ? Math.min(result.getTotalHits(), maxItems) : result.getTotalHits();\n-        final List<ItemReference> items = new ArrayList<>(length);\n+        final List<SearchResultEntry> searchResultEntries = result.getResults();\n+        final List<ItemReference> items = new ArrayList<>(searchResultEntries.size());\n         final FolderEntry root = projectManager.getProjectsRoot();\n \n-        List<SearchResultEntry> entries = result.getResults();\n-        for (int i = skipCount; i < length; i++) {\n-            final VirtualFileEntry child = root.getChild(entries.get(i).getFilePath());\n+        for (SearchResultEntry searchResultEntry : searchResultEntries) {\n+            final VirtualFileEntry child = root.getChild(searchResultEntry.getFilePath());\n \n             if (child != null && child.isFile()) {\n                 items.add(injectFileLinks(asDto((FileEntry)child), workspace));"}]}
