{"sha":"084c66c4e4fc1b235d880bc4ae1e3490a5332c4c","commit":{"author":{"name":"Mykola Morhun","email":"mmorhun@redhat.com","date":"2017-07-20T07:01:52Z"},"committer":{"name":"GitHub","email":"noreply@github.com","date":"2017-07-20T07:01:52Z"},"message":"CHE-5152: Apply pagination in Git Reset window (#5726)\n\n* CHE-5152: Apply pagination in Git Reset window\r\n* CHE-5152: Apply max scroll fix for Git History window\r\n* CHE-5152: Fix selection bug in GIt Reset window","tree":{"sha":"27a712e442888d6a97c24a232cb48605d39a5f98","url":"https://api.github.com/repos/eclipse/che/git/trees/27a712e442888d6a97c24a232cb48605d39a5f98"},"url":"https://api.github.com/repos/eclipse/che/git/commits/084c66c4e4fc1b235d880bc4ae1e3490a5332c4c","comment_count":0,"verification":{"verified":false,"reason":"unsigned","signature":null,"payload":null}},"url":"https://api.github.com/repos/eclipse/che/commits/084c66c4e4fc1b235d880bc4ae1e3490a5332c4c","html_url":"https://github.com/eclipse/che/commit/084c66c4e4fc1b235d880bc4ae1e3490a5332c4c","comments_url":"https://api.github.com/repos/eclipse/che/commits/084c66c4e4fc1b235d880bc4ae1e3490a5332c4c/comments","author":{"login":"mmorhun","id":15607393,"avatar_url":"https://avatars2.githubusercontent.com/u/15607393?v=4","gravatar_id":"","url":"https://api.github.com/users/mmorhun","html_url":"https://github.com/mmorhun","followers_url":"https://api.github.com/users/mmorhun/followers","following_url":"https://api.github.com/users/mmorhun/following{/other_user}","gists_url":"https://api.github.com/users/mmorhun/gists{/gist_id}","starred_url":"https://api.github.com/users/mmorhun/starred{/owner}{/repo}","subscriptions_url":"https://api.github.com/users/mmorhun/subscriptions","organizations_url":"https://api.github.com/users/mmorhun/orgs","repos_url":"https://api.github.com/users/mmorhun/repos","events_url":"https://api.github.com/users/mmorhun/events{/privacy}","received_events_url":"https://api.github.com/users/mmorhun/received_events","type":"User","site_admin":false},"committer":{"login":"web-flow","id":19864447,"avatar_url":"https://avatars3.githubusercontent.com/u/19864447?v=4","gravatar_id":"","url":"https://api.github.com/users/web-flow","html_url":"https://github.com/web-flow","followers_url":"https://api.github.com/users/web-flow/followers","following_url":"https://api.github.com/users/web-flow/following{/other_user}","gists_url":"https://api.github.com/users/web-flow/gists{/gist_id}","starred_url":"https://api.github.com/users/web-flow/starred{/owner}{/repo}","subscriptions_url":"https://api.github.com/users/web-flow/subscriptions","organizations_url":"https://api.github.com/users/web-flow/orgs","repos_url":"https://api.github.com/users/web-flow/repos","events_url":"https://api.github.com/users/web-flow/events{/privacy}","received_events_url":"https://api.github.com/users/web-flow/received_events","type":"User","site_admin":false},"parents":[{"sha":"6c6e00e2bd211ce66a54d8bf01fa1257851c889d","url":"https://api.github.com/repos/eclipse/che/commits/6c6e00e2bd211ce66a54d8bf01fa1257851c889d","html_url":"https://github.com/eclipse/che/commit/6c6e00e2bd211ce66a54d8bf01fa1257851c889d"}],"stats":{"total":175,"additions":85,"deletions":90},"files":[{"sha":"60261d5bba6c726af8881172015f938b581ed284","filename":"plugins/plugin-git/che-plugin-git-ext-git/src/main/java/org/eclipse/che/ide/ext/git/client/history/HistoryViewImpl.java","status":"modified","additions":3,"deletions":1,"changes":4,"blob_url":"https://github.com/eclipse/che/blob/084c66c4e4fc1b235d880bc4ae1e3490a5332c4c/plugins/plugin-git/che-plugin-git-ext-git/src/main/java/org/eclipse/che/ide/ext/git/client/history/HistoryViewImpl.java","raw_url":"https://github.com/eclipse/che/raw/084c66c4e4fc1b235d880bc4ae1e3490a5332c4c/plugins/plugin-git/che-plugin-git-ext-git/src/main/java/org/eclipse/che/ide/ext/git/client/history/HistoryViewImpl.java","contents_url":"https://api.github.com/repos/eclipse/che/contents/plugins/plugin-git/che-plugin-git-ext-git/src/main/java/org/eclipse/che/ide/ext/git/client/history/HistoryViewImpl.java?ref=084c66c4e4fc1b235d880bc4ae1e3490a5332c4c","patch":"@@ -208,7 +208,9 @@ public void onClick(ClickEvent event) {\n \n     @UiHandler(\"revisionsPanel\")\n     public void onPanelScrolled(ScrollEvent ignored) {\n-        if (revisionsPanel.getVerticalScrollPosition() == revisionsPanel.getMaximumVerticalScrollPosition()) {\n+        // We cannot rely on exact equality of scroll positions because GWT sometimes round such values\n+        // and it is possible that the actual max scroll position is a pixel less then declared.\n+        if (revisionsPanel.getMaximumVerticalScrollPosition() - revisionsPanel.getVerticalScrollPosition() <= 1) {\n             // to avoid autoscrolling to selected item\n             revisionsPanel.getElement().focus();\n "},{"sha":"327255e279bf84277fe7950f4142a0a714904e36","filename":"plugins/plugin-git/che-plugin-git-ext-git/src/main/java/org/eclipse/che/ide/ext/git/client/reset/commit/ResetToCommitPresenter.java","status":"modified","additions":48,"deletions":24,"changes":72,"blob_url":"https://github.com/eclipse/che/blob/084c66c4e4fc1b235d880bc4ae1e3490a5332c4c/plugins/plugin-git/che-plugin-git-ext-git/src/main/java/org/eclipse/che/ide/ext/git/client/reset/commit/ResetToCommitPresenter.java","raw_url":"https://github.com/eclipse/che/raw/084c66c4e4fc1b235d880bc4ae1e3490a5332c4c/plugins/plugin-git/che-plugin-git-ext-git/src/main/java/org/eclipse/che/ide/ext/git/client/reset/commit/ResetToCommitPresenter.java","contents_url":"https://api.github.com/repos/eclipse/che/contents/plugins/plugin-git/che-plugin-git-ext-git/src/main/java/org/eclipse/che/ide/ext/git/client/reset/commit/ResetToCommitPresenter.java?ref=084c66c4e4fc1b235d880bc4ae1e3490a5332c4c","patch":"@@ -28,6 +28,10 @@\n \n import javax.validation.constraints.NotNull;\n \n+import java.util.ArrayList;\n+import java.util.List;\n+\n+import static org.eclipse.che.api.git.shared.Constants.DEFAULT_PAGE_SIZE;\n import static org.eclipse.che.ide.api.notification.StatusNotification.DisplayMode.FLOAT_MODE;\n import static org.eclipse.che.ide.api.notification.StatusNotification.Status.FAIL;\n import static org.eclipse.che.ide.util.ExceptionUtils.getErrorCode;\n@@ -52,8 +56,10 @@\n     private final GitLocalizationConstant constant;\n     private final NotificationManager     notificationManager;\n \n-    private Revision selectedRevision;\n-    private Project  project;\n+    private Revision       selectedRevision;\n+    private List<Revision> revisions;\n+    private Project        project;\n+    private int            skip;\n \n     @Inject\n     public ResetToCommitPresenter(ResetToCommitView view,\n@@ -77,29 +83,12 @@ public ResetToCommitPresenter(ResetToCommitView view,\n \n     public void showDialog(final Project project) {\n         this.project = project;\n+        this.skip = 0;\n+        this.revisions = new ArrayList<>();\n+        this.selectedRevision = null;\n+        this.view.resetRevisionSelection();\n \n-        service.log(project.getLocation(), null, -1, -1, false)\n-               .then(log -> {\n-                   view.setRevisions(log.getCommits());\n-                   view.setMixMode(true);\n-                   view.setEnableResetButton(selectedRevision != null);\n-                   view.showDialog();\n-\n-                   project.synchronize();\n-               })\n-               .catchError(error -> {\n-                   if (getErrorCode(error.getCause()) == ErrorCodes.INIT_COMMIT_WAS_NOT_PERFORMED) {\n-                       dialogFactory.createMessageDialog(constant.resetCommitViewTitle(),\n-                                                         constant.initCommitWasNotPerformed(),\n-                                                         null).show();\n-                       return;\n-                   }\n-                   String errorMessage = (error.getMessage() != null) ? error.getMessage() : constant.logFailed();\n-                   GitOutputConsole console = gitOutputConsoleFactory.create(LOG_COMMAND_NAME);\n-                   console.printError(errorMessage);\n-                   consolesPanelPresenter.addCommandOutput(appContext.getDevMachine().getId(), console);\n-                   notificationManager.notify(constant.logFailed(), FAIL, FLOAT_MODE);\n-               });\n+        fetchAndAddNextRevisions();\n     }\n \n     /**\n@@ -128,6 +117,41 @@ public void onRevisionSelected(@NotNull Revision revision) {\n         view.setEnableResetButton(selectedRevision != null);\n     }\n \n+    @Override\n+    public void onScrolledToBottom() {\n+        fetchAndAddNextRevisions();\n+    }\n+\n+    private void fetchAndAddNextRevisions() {\n+        service.log(project.getLocation(), null, skip, DEFAULT_PAGE_SIZE, false)\n+               .then(log -> {\n+                   List<Revision> commits = log.getCommits();\n+                   if (!commits.isEmpty()) {\n+                       skip += commits.size();\n+                       revisions.addAll(commits);\n+                       view.setEnableResetButton(selectedRevision != null);\n+                       view.setRevisions(revisions);\n+                       view.setMixMode(true);\n+                       view.showDialog();\n+\n+                       project.synchronize();\n+                   }\n+               })\n+               .catchError(error -> {\n+                   if (getErrorCode(error.getCause()) == ErrorCodes.INIT_COMMIT_WAS_NOT_PERFORMED) {\n+                       dialogFactory.createMessageDialog(constant.resetCommitViewTitle(),\n+                               constant.initCommitWasNotPerformed(),\n+                               null).show();\n+                       return;\n+                   }\n+                   String errorMessage = (error.getMessage() != null) ? error.getMessage() : constant.logFailed();\n+                   GitOutputConsole console = gitOutputConsoleFactory.create(LOG_COMMAND_NAME);\n+                   console.printError(errorMessage);\n+                   consolesPanelPresenter.addCommandOutput(appContext.getDevMachine().getId(), console);\n+                   notificationManager.notify(constant.logFailed(), FAIL, FLOAT_MODE);\n+               });\n+    }\n+\n     /**\n      * Reset current HEAD to the specified state and refresh project in the success case.\n      */"},{"sha":"f3042cb5a88a8a1b8aa72fdb4209cade111567f0","filename":"plugins/plugin-git/che-plugin-git-ext-git/src/main/java/org/eclipse/che/ide/ext/git/client/reset/commit/ResetToCommitView.java","status":"modified","additions":10,"deletions":22,"changes":32,"blob_url":"https://github.com/eclipse/che/blob/084c66c4e4fc1b235d880bc4ae1e3490a5332c4c/plugins/plugin-git/che-plugin-git-ext-git/src/main/java/org/eclipse/che/ide/ext/git/client/reset/commit/ResetToCommitView.java","raw_url":"https://github.com/eclipse/che/raw/084c66c4e4fc1b235d880bc4ae1e3490a5332c4c/plugins/plugin-git/che-plugin-git-ext-git/src/main/java/org/eclipse/che/ide/ext/git/client/reset/commit/ResetToCommitView.java","contents_url":"https://api.github.com/repos/eclipse/che/contents/plugins/plugin-git/che-plugin-git-ext-git/src/main/java/org/eclipse/che/ide/ext/git/client/reset/commit/ResetToCommitView.java?ref=084c66c4e4fc1b235d880bc4ae1e3490a5332c4c","patch":"@@ -37,6 +37,11 @@\n          *         selected revision\n          */\n         void onRevisionSelected(@NotNull Revision revision);\n+\n+        /**\n+         * Occurs when the last entry in the list has been displayed.\n+         */\n+        void onScrolledToBottom();\n     }\n \n     /**\n@@ -47,6 +52,11 @@\n      */\n     void setRevisions(@NotNull List<Revision> revisions);\n \n+    /**\n+     * Deselect active revision in the table of available revisions.\n+     */\n+    void resetRevisionSelection();\n+\n     /** @return <code>true</code> if soft mode is chosen, and <code>false</code> otherwise */\n     boolean isSoftMode();\n \n@@ -80,28 +90,6 @@\n      */\n     void setHardMode(boolean isHard);\n \n-//    /** @return <code>true</code> if keep mode is chosen, and <code>false</code> otherwise */\n-//    boolean isKeepMode();\n-//\n-//    /**\n-//     * Select keep mode.\n-//     *\n-//     * @param isKeep\n-//     *         <code>true</code> to select keep mode, <code>false</code> not to select\n-//     */\n-//    void setKeepMode(boolean isKeep);\n-//\n-//    /** @return <code>true</code> if merge mode is chosen, and <code>false</code> otherwise */\n-//    boolean isMergeMode();\n-//\n-//    /**\n-//     * Select merge mode.\n-//     *\n-//     * @param isMerge\n-//     *         <code>true</code> to select merge mode, <code>false</code> not to select\n-//     */\n-//    void setMergeMode(boolean isMerge);\n-\n     /**IDEUI-166 No cursor in terminal\n \n "},{"sha":"3611ed9ceffc3b9c03e89554604b4d14851547fd","filename":"plugins/plugin-git/che-plugin-git-ext-git/src/main/java/org/eclipse/che/ide/ext/git/client/reset/commit/ResetToCommitViewImpl.java","status":"modified","additions":23,"deletions":34,"changes":57,"blob_url":"https://github.com/eclipse/che/blob/084c66c4e4fc1b235d880bc4ae1e3490a5332c4c/plugins/plugin-git/che-plugin-git-ext-git/src/main/java/org/eclipse/che/ide/ext/git/client/reset/commit/ResetToCommitViewImpl.java","raw_url":"https://github.com/eclipse/che/raw/084c66c4e4fc1b235d880bc4ae1e3490a5332c4c/plugins/plugin-git/che-plugin-git-ext-git/src/main/java/org/eclipse/che/ide/ext/git/client/reset/commit/ResetToCommitViewImpl.java","contents_url":"https://api.github.com/repos/eclipse/che/contents/plugins/plugin-git/che-plugin-git-ext-git/src/main/java/org/eclipse/che/ide/ext/git/client/reset/commit/ResetToCommitViewImpl.java?ref=084c66c4e4fc1b235d880bc4ae1e3490a5332c4c","patch":"@@ -10,6 +10,7 @@\n  *******************************************************************************/\n package org.eclipse.che.ide.ext.git.client.reset.commit;\n \n+import com.google.gwt.view.client.SelectionModel;\n import org.eclipse.che.ide.ext.git.client.GitLocalizationConstant;\n import org.eclipse.che.api.git.shared.Revision;\n import org.eclipse.che.ide.ext.git.client.GitResources;\n@@ -22,10 +23,12 @@\n import com.google.gwt.dom.client.Element;\n import com.google.gwt.event.dom.client.ClickEvent;\n import com.google.gwt.event.dom.client.ClickHandler;\n+import com.google.gwt.event.dom.client.ScrollEvent;\n import com.google.gwt.i18n.client.DateTimeFormat;\n import com.google.gwt.safehtml.shared.SafeHtmlBuilder;\n import com.google.gwt.uibinder.client.UiBinder;\n import com.google.gwt.uibinder.client.UiField;\n+import com.google.gwt.uibinder.client.UiHandler;\n import com.google.gwt.user.cellview.client.CellTable;\n import com.google.gwt.user.cellview.client.Column;\n import com.google.gwt.user.client.DOM;\n@@ -59,12 +62,10 @@\n     RadioButton mixed;\n     @UiField\n     RadioButton hard;\n-    //    @UiField\n-//    RadioButton         keep;\n-//    @UiField\n-//    RadioButton         merge;\n     Button btnReset;\n     Button btnCancel;\n+    @UiField\n+    ScrollPanel revisionsPanel;\n     @UiField(provided = true)\n     CellTable<Revision> commits;\n     @UiField(provided = true)\n@@ -130,8 +131,6 @@ private void prepareRadioButtons() {\n         addDescription(soft, locale.resetSoftTypeDescription());\n         addDescription(mixed, locale.resetMixedTypeDescription());\n         addDescription(hard, locale.resetHardTypeDescription());\n-//        addDescription(keep, locale.resetKeepTypeDescription());\n-//        addDescription(merge, locale.resetMergeTypeDescription());\n     }\n \n     /**\n@@ -214,14 +213,17 @@ public void onSelectionChange(SelectionChangeEvent event) {\n     @Override\n     public void setRevisions(@NotNull List<Revision> revisions) {\n         // Wraps Array in java.util.List\n-        List<Revision> list = new ArrayList<Revision>();\n-        for (int i = 0; i < revisions.size(); i++) {\n-            list.add(revisions.get(i));\n-        }\n+        List<Revision> list = new ArrayList<>();\n+        list.addAll(revisions);\n \n         this.commits.setRowData(list);\n     }\n \n+    @Override\n+    public void resetRevisionSelection() {\n+        ((SingleSelectionModel) commits.getSelectionModel()).clear();\n+    }\n+\n     /** {@inheritDoc} */\n     @Override\n     public boolean isSoftMode() {\n@@ -258,30 +260,6 @@ public void setHardMode(boolean isHard) {\n         hard.setValue(isHard);\n     }\n \n-//    /** {@inheritDoc} */\n-//    @Override\n-//    public boolean isKeepMode() {\n-//        return keep.getValue();\n-//    }\n-//\n-//    /** {@inheritDoc} */\n-//    @Override\n-//    public void setKeepMode(boolean isKeep) {\n-//        keep.setValue(isKeep);\n-//    }\n-//\n-//    /** {@inheritDoc} */\n-//    @Override\n-//    public boolean isMergeMode() {\n-//        return merge.getValue();\n-//    }\n-//\n-//    /** {@inheritDoc} */\n-//    @Override\n-//    public void setMergeMode(boolean isMerge) {\n-//        merge.setValue(isMerge);\n-//    }\n-\n     /** {@inheritDoc} */\n     @Override\n     public void setEnableResetButton(final boolean enabled) {\n@@ -312,4 +290,15 @@ public void setDelegate(ActionDelegate delegate) {\n         this.delegate = delegate;\n     }\n \n+    @UiHandler(\"revisionsPanel\")\n+    public void onPanelScrolled(ScrollEvent ignored) {\n+        // We cannot rely on exact equality of scroll positions because GWT sometimes round such values\n+        // and it is possible that the actual max scroll position is a pixel less then declared.\n+        if (revisionsPanel.getMaximumVerticalScrollPosition() - revisionsPanel.getVerticalScrollPosition() <= 1) {\n+            // to avoid autoscrolling to selected item\n+            revisionsPanel.getElement().focus();\n+\n+            delegate.onScrolledToBottom();\n+        }\n+    }\n }"},{"sha":"a72e753ca6b9d25b33f8c97ed6abeb3d8a02db51","filename":"plugins/plugin-git/che-plugin-git-ext-git/src/main/java/org/eclipse/che/ide/ext/git/client/reset/commit/ResetToCommitViewImpl.ui.xml","status":"modified","additions":1,"deletions":9,"changes":10,"blob_url":"https://github.com/eclipse/che/blob/084c66c4e4fc1b235d880bc4ae1e3490a5332c4c/plugins/plugin-git/che-plugin-git-ext-git/src/main/java/org/eclipse/che/ide/ext/git/client/reset/commit/ResetToCommitViewImpl.ui.xml","raw_url":"https://github.com/eclipse/che/raw/084c66c4e4fc1b235d880bc4ae1e3490a5332c4c/plugins/plugin-git/che-plugin-git-ext-git/src/main/java/org/eclipse/che/ide/ext/git/client/reset/commit/ResetToCommitViewImpl.ui.xml","contents_url":"https://api.github.com/repos/eclipse/che/contents/plugins/plugin-git/che-plugin-git-ext-git/src/main/java/org/eclipse/che/ide/ext/git/client/reset/commit/ResetToCommitViewImpl.ui.xml?ref=084c66c4e4fc1b235d880bc4ae1e3490a5332c4c","patch":"@@ -47,18 +47,10 @@\n                     <g:RadioButton ui:field=\"hard\" name=\"type\" addStyleNames=\"{res.gitCSS.textFont}\" text=\"{locale.resetHardTypeTitle}\"\n                                    debugId=\"git-reset-hard\"/>\n                 </g:north>\n-                <!--<g:north size=\"20\">-->\n-                    <!--<g:RadioButton ui:field=\"keep\" name=\"type\" visible=\"false\" addStyleNames=\"{res.gitCSS.textFont}\"-->\n-                                   <!--text=\"{locale.resetKeepTypeTitle}\" debugId=\"git-reset-keep\"/>-->\n-                <!--</g:north>-->\n-                <!--<g:north size=\"20\">-->\n-                    <!--<g:RadioButton ui:field=\"merge\" name=\"type\" visible=\"false\" addStyleNames=\"{res.gitCSS.textFont}\"-->\n-                                   <!--text=\"{locale.resetMergeTypeTitle}\" debugId=\"git-reset-merge\"/>-->\n-                <!--</g:north>-->\n             </g:DockLayoutPanel>\n         </g:south>\n         <g:center>\n-            <g:ScrollPanel addStyleNames=\"{style.commits}\">\n+            <g:ScrollPanel ui:field=\"revisionsPanel\" addStyleNames=\"{style.commits}\">\n                 <p1:CellTable width=\"100%\" ui:field=\"commits\" focus=\"false\"/>\n             </g:ScrollPanel>\n         </g:center>"}]}
