{"sha":"085a4473e81aa97b004a1264511b16a4fddfb572","commit":{"author":{"name":"Yevhenii Voevodin","email":"evoevodin@codenvy.com","date":"2017-02-21T10:24:15Z"},"committer":{"name":"Yevhenii Voevodin","email":"evoevodin@codenvy.com","date":"2017-03-10T08:42:40Z"},"message":"Use persist module generator for ssh","tree":{"sha":"544f0a84d822b50c9e69f9c5af38ee49c35a8c17","url":"https://api.github.com/repos/eclipse/che/git/trees/544f0a84d822b50c9e69f9c5af38ee49c35a8c17"},"url":"https://api.github.com/repos/eclipse/che/git/commits/085a4473e81aa97b004a1264511b16a4fddfb572","comment_count":0,"verification":{"verified":false,"reason":"unsigned","signature":null,"payload":null}},"url":"https://api.github.com/repos/eclipse/che/commits/085a4473e81aa97b004a1264511b16a4fddfb572","html_url":"https://github.com/eclipse/che/commit/085a4473e81aa97b004a1264511b16a4fddfb572","comments_url":"https://api.github.com/repos/eclipse/che/commits/085a4473e81aa97b004a1264511b16a4fddfb572/comments","author":null,"committer":null,"parents":[{"sha":"a7d3b79c25a81a5e865b0e58fca37d0dcf6e076b","url":"https://api.github.com/repos/eclipse/che/commits/a7d3b79c25a81a5e865b0e58fca37d0dcf6e076b","html_url":"https://github.com/eclipse/che/commit/a7d3b79c25a81a5e865b0e58fca37d0dcf6e076b"}],"stats":{"total":89,"additions":20,"deletions":69},"files":[{"sha":"2af4b0e6d951df99a182fd646bd85172d1649706","filename":"wsmaster/che-core-api-ssh/pom.xml","status":"modified","additions":5,"deletions":27,"changes":32,"blob_url":"https://github.com/eclipse/che/blob/085a4473e81aa97b004a1264511b16a4fddfb572/wsmaster/che-core-api-ssh/pom.xml","raw_url":"https://github.com/eclipse/che/raw/085a4473e81aa97b004a1264511b16a4fddfb572/wsmaster/che-core-api-ssh/pom.xml","contents_url":"https://api.github.com/repos/eclipse/che/contents/wsmaster/che-core-api-ssh/pom.xml?ref=085a4473e81aa97b004a1264511b16a4fddfb572","patch":"@@ -82,10 +82,6 @@\n             <groupId>org.eclipse.che.core</groupId>\n             <artifactId>che-core-commons-annotations</artifactId>\n         </dependency>\n-        <dependency>\n-            <groupId>org.eclipse.che.core</groupId>\n-            <artifactId>che-core-commons-test</artifactId>\n-        </dependency>\n         <dependency>\n             <groupId>org.eclipse.che.core</groupId>\n             <artifactId>che-core-db</artifactId>\n@@ -94,11 +90,6 @@\n             <groupId>org.eclipse.persistence</groupId>\n             <artifactId>javax.persistence</artifactId>\n         </dependency>\n-        <dependency>\n-            <groupId>com.google.gwt</groupId>\n-            <artifactId>gwt-dev</artifactId>\n-            <scope>test</scope>\n-        </dependency>\n         <dependency>\n             <groupId>com.google.gwt.gwtmockito</groupId>\n             <artifactId>gwtmockito</artifactId>\n@@ -119,6 +110,11 @@\n             <artifactId>che-core-commons-lang</artifactId>\n             <scope>test</scope>\n         </dependency>\n+        <dependency>\n+            <groupId>org.eclipse.che.core</groupId>\n+            <artifactId>che-core-commons-test</artifactId>\n+            <scope>test</scope>\n+        </dependency>\n         <dependency>\n             <groupId>org.eclipse.che.core</groupId>\n             <artifactId>che-core-db-vendor-h2</artifactId>\n@@ -272,24 +268,6 @@\n                     </execution>\n                 </executions>\n             </plugin>\n-            <plugin>\n-                <groupId>org.apache.maven.plugins</groupId>\n-                <artifactId>maven-dependency-plugin</artifactId>\n-                <executions>\n-                    <execution>\n-                        <id>resource-dependencies</id>\n-                        <phase>process-test-resources</phase>\n-                        <goals>\n-                            <goal>unpack-dependencies</goal>\n-                        </goals>\n-                        <configuration>\n-                            <includeArtifactIds>che-core-sql-schema</includeArtifactIds>\n-                            <includes>che-schema/</includes>\n-                            <outputDirectory>${project.build.directory}</outputDirectory>\n-                        </configuration>\n-                    </execution>\n-                </executions>\n-            </plugin>\n         </plugins>\n     </build>\n </project>"},{"sha":"5cad1923bfa3b5d4635fae22e8d46c9a73a0a10f","filename":"wsmaster/che-core-api-ssh/src/test/java/org/eclipse/che/api/ssh/server/jpa/SshTckModule.java","status":"modified","additions":15,"deletions":7,"changes":22,"blob_url":"https://github.com/eclipse/che/blob/085a4473e81aa97b004a1264511b16a4fddfb572/wsmaster/che-core-api-ssh/src/test/java/org/eclipse/che/api/ssh/server/jpa/SshTckModule.java","raw_url":"https://github.com/eclipse/che/raw/085a4473e81aa97b004a1264511b16a4fddfb572/wsmaster/che-core-api-ssh/src/test/java/org/eclipse/che/api/ssh/server/jpa/SshTckModule.java","contents_url":"https://api.github.com/repos/eclipse/che/contents/wsmaster/che-core-api-ssh/src/test/java/org/eclipse/che/api/ssh/server/jpa/SshTckModule.java?ref=085a4473e81aa97b004a1264511b16a4fddfb572","patch":"@@ -11,20 +11,23 @@\n package org.eclipse.che.api.ssh.server.jpa;\n \n import com.google.inject.TypeLiteral;\n-import com.google.inject.persist.jpa.JpaPersistModule;\n \n+import org.eclipse.che.account.spi.AccountImpl;\n import org.eclipse.che.api.ssh.server.model.impl.SshPairImpl;\n import org.eclipse.che.api.ssh.server.spi.SshDao;\n import org.eclipse.che.api.user.server.model.impl.UserImpl;\n+import org.eclipse.che.commons.test.db.H2DBTestServer;\n import org.eclipse.che.commons.test.db.H2JpaCleaner;\n-import org.eclipse.che.commons.test.db.H2TestHelper;\n+import org.eclipse.che.commons.test.db.PersistTestModuleBuilder;\n import org.eclipse.che.commons.test.tck.TckModule;\n import org.eclipse.che.commons.test.tck.TckResourcesCleaner;\n import org.eclipse.che.commons.test.tck.repository.JpaTckRepository;\n import org.eclipse.che.commons.test.tck.repository.TckRepository;\n import org.eclipse.che.core.db.DBInitializer;\n+import org.eclipse.che.core.db.h2.jpa.eclipselink.H2ExceptionHandler;\n import org.eclipse.che.core.db.schema.SchemaInitializer;\n import org.eclipse.che.core.db.schema.impl.flyway.FlywaySchemaInitializer;\n+import org.h2.Driver;\n \n /**\n  * @author Mihail Kuznyetsov\n@@ -34,13 +37,18 @@\n \n     @Override\n     protected void configure() {\n-        install(new JpaPersistModule(\"main\"));\n+        H2DBTestServer server = H2DBTestServer.startDefault();\n+        install(new PersistTestModuleBuilder().setDriver(Driver.class)\n+                                              .runningOn(server)\n+                                              .addEntityClasses(SshPairImpl.class, UserImpl.class, AccountImpl.class)\n+                                              .setExceptionHandler(H2ExceptionHandler.class)\n+                                              .build());\n         bind(DBInitializer.class).asEagerSingleton();\n-        bind(SchemaInitializer.class).toInstance(new FlywaySchemaInitializer(H2TestHelper.inMemoryDefault(), \"che-schema\"));\n-        bind(TckResourcesCleaner.class).to(H2JpaCleaner.class);\n+        bind(SchemaInitializer.class).toInstance(new FlywaySchemaInitializer(server.getDataSource(), \"che-schema\"));\n+        bind(TckResourcesCleaner.class).toInstance(new H2JpaCleaner(server));\n \n         bind(SshDao.class).to(JpaSshDao.class);\n-        bind(new TypeLiteral<TckRepository<SshPairImpl>>(){}).toInstance(new JpaTckRepository<>(SshPairImpl.class));\n-        bind(new TypeLiteral<TckRepository<UserImpl>>(){}).toInstance(new JpaTckRepository<>(UserImpl.class));\n+        bind(new TypeLiteral<TckRepository<SshPairImpl>>() {}).toInstance(new JpaTckRepository<>(SshPairImpl.class));\n+        bind(new TypeLiteral<TckRepository<UserImpl>>() {}).toInstance(new JpaTckRepository<>(UserImpl.class));\n     }\n }"},{"sha":"95bf069d40b35926ddc4e10cdf5464c0b5707e65","filename":"wsmaster/che-core-api-ssh/src/test/resources/META-INF/persistence.xml","status":"removed","additions":0,"deletions":35,"changes":35,"blob_url":"https://github.com/eclipse/che/blob/a7d3b79c25a81a5e865b0e58fca37d0dcf6e076b/wsmaster/che-core-api-ssh/src/test/resources/META-INF/persistence.xml","raw_url":"https://github.com/eclipse/che/raw/a7d3b79c25a81a5e865b0e58fca37d0dcf6e076b/wsmaster/che-core-api-ssh/src/test/resources/META-INF/persistence.xml","contents_url":"https://api.github.com/repos/eclipse/che/contents/wsmaster/che-core-api-ssh/src/test/resources/META-INF/persistence.xml?ref=a7d3b79c25a81a5e865b0e58fca37d0dcf6e076b","patch":"@@ -1,35 +0,0 @@\n-<!--\n-\n-    Copyright (c) 2012-2017 Codenvy, S.A.\n-    All rights reserved. This program and the accompanying materials\n-    are made available under the terms of the Eclipse Public License v1.0\n-    which accompanies this distribution, and is available at\n-    http://www.eclipse.org/legal/epl-v10.html\n-\n-    Contributors:\n-      Codenvy, S.A. - initial API and implementation\n-\n--->\n-<persistence xmlns=\"http://java.sun.com/xml/ns/persistence\"\n-             xmlns:xsi=\"http://www.w3.org/2001/XMLSchema-instance\"\n-             xsi:schemaLocation=\"http://java.sun.com/xml/ns/persistence persistence_1_0.xsd\" version=\"1.0\">\n-    <persistence-unit name=\"main\" transaction-type=\"RESOURCE_LOCAL\">\n-        <provider>org.eclipse.persistence.jpa.PersistenceProvider</provider>\n-        <class>org.eclipse.che.api.ssh.server.model.impl.SshPairImpl</class>\n-        <class>org.eclipse.che.api.user.server.model.impl.UserImpl</class>\n-        <class>org.eclipse.che.account.spi.AccountImpl</class>\n-        <exclude-unlisted-classes>true</exclude-unlisted-classes>\n-        <properties>\n-            <property name=\"javax.persistence.jdbc.driver\" value=\"org.h2.Driver\"/>\n-            <property name=\"javax.persistence.jdbc.url\" value=\"jdbc:h2:mem:test\"/>\n-            <property name=\"javax.persistence.jdbc.user\" value=\"\"/>\n-            <property name=\"javax.persistence.jdbc.password\" value=\"\"/>\n-\n-            <property name=\"eclipselink.exception-handler\" value=\"org.eclipse.che.core.db.h2.jpa.eclipselink.H2ExceptionHandler\"/>\n-            <property name=\"eclipselink.target-server\" value=\"None\"/>\n-            <property name=\"eclipselink.ddl-generation.output-mode\" value=\"database\"/>\n-            <property name=\"eclipselink.logging.logger\" value=\"DefaultLogger\"/>\n-            <property name=\"eclipselink.logging.level\" value=\"SEVERE\"/>\n-        </properties>\n-    </persistence-unit>\n-</persistence>"}]}
