{"sha":"087cea8c2e15f7b72ebfc2d380bdcdedcccc74a4","commit":{"author":{"name":"Oleksii Orel","email":"oorel@redhat.com","date":"2017-09-29T15:49:37Z"},"committer":{"name":"Oleksii Orel","email":"oorel@redhat.com","date":"2017-10-02T07:55:04Z"},"message":"CHE-6469 fix style for remove and duplicate buttons\n\nSigned-off-by: Oleksii Orel <oorel@redhat.com>","tree":{"sha":"860df209ac2463b1f1a544709fab4359a84ebec6","url":"https://api.github.com/repos/eclipse/che/git/trees/860df209ac2463b1f1a544709fab4359a84ebec6"},"url":"https://api.github.com/repos/eclipse/che/git/commits/087cea8c2e15f7b72ebfc2d380bdcdedcccc74a4","comment_count":0,"verification":{"verified":false,"reason":"unsigned","signature":null,"payload":null}},"url":"https://api.github.com/repos/eclipse/che/commits/087cea8c2e15f7b72ebfc2d380bdcdedcccc74a4","html_url":"https://github.com/eclipse/che/commit/087cea8c2e15f7b72ebfc2d380bdcdedcccc74a4","comments_url":"https://api.github.com/repos/eclipse/che/commits/087cea8c2e15f7b72ebfc2d380bdcdedcccc74a4/comments","author":{"login":"olexii4","id":6310786,"avatar_url":"https://avatars3.githubusercontent.com/u/6310786?v=4","gravatar_id":"","url":"https://api.github.com/users/olexii4","html_url":"https://github.com/olexii4","followers_url":"https://api.github.com/users/olexii4/followers","following_url":"https://api.github.com/users/olexii4/following{/other_user}","gists_url":"https://api.github.com/users/olexii4/gists{/gist_id}","starred_url":"https://api.github.com/users/olexii4/starred{/owner}{/repo}","subscriptions_url":"https://api.github.com/users/olexii4/subscriptions","organizations_url":"https://api.github.com/users/olexii4/orgs","repos_url":"https://api.github.com/users/olexii4/repos","events_url":"https://api.github.com/users/olexii4/events{/privacy}","received_events_url":"https://api.github.com/users/olexii4/received_events","type":"User","site_admin":false},"committer":{"login":"olexii4","id":6310786,"avatar_url":"https://avatars3.githubusercontent.com/u/6310786?v=4","gravatar_id":"","url":"https://api.github.com/users/olexii4","html_url":"https://github.com/olexii4","followers_url":"https://api.github.com/users/olexii4/followers","following_url":"https://api.github.com/users/olexii4/following{/other_user}","gists_url":"https://api.github.com/users/olexii4/gists{/gist_id}","starred_url":"https://api.github.com/users/olexii4/starred{/owner}{/repo}","subscriptions_url":"https://api.github.com/users/olexii4/subscriptions","organizations_url":"https://api.github.com/users/olexii4/orgs","repos_url":"https://api.github.com/users/olexii4/repos","events_url":"https://api.github.com/users/olexii4/events{/privacy}","received_events_url":"https://api.github.com/users/olexii4/received_events","type":"User","site_admin":false},"parents":[{"sha":"03decf4602e04aaffadd7dbe1760416ee19f33ff","url":"https://api.github.com/repos/eclipse/che/commits/03decf4602e04aaffadd7dbe1760416ee19f33ff","html_url":"https://github.com/eclipse/che/commit/03decf4602e04aaffadd7dbe1760416ee19f33ff"}],"stats":{"total":13,"additions":9,"deletions":4},"files":[{"sha":"03410002f7a08a321ecbc945266bb56c444b6924","filename":"ide/che-core-ide-app/src/main/resources/org/eclipse/che/ide/command/explorer/styles.css","status":"modified","additions":8,"deletions":4,"changes":12,"blob_url":"https://github.com/eclipse/che/blob/087cea8c2e15f7b72ebfc2d380bdcdedcccc74a4/ide/che-core-ide-app/src/main/resources/org/eclipse/che/ide/command/explorer/styles.css","raw_url":"https://github.com/eclipse/che/raw/087cea8c2e15f7b72ebfc2d380bdcdedcccc74a4/ide/che-core-ide-app/src/main/resources/org/eclipse/che/ide/command/explorer/styles.css","contents_url":"https://api.github.com/repos/eclipse/che/contents/ide/che-core-ide-app/src/main/resources/org/eclipse/che/ide/command/explorer/styles.css?ref=087cea8c2e15f7b72ebfc2d380bdcdedcccc74a4","patch":"@@ -50,22 +50,26 @@\n     overflow: hidden;\n }\n \n-div.commandNode[selected] {\n+div.commandNode[selected],\n+div.commandNode[class~=selected] {\n     background: categorySelectElementBackgroundColor;\n     color: categorySelectElementColor;\n }\n \n-div.commandNode[selected] .commandNodeButtonsPanel {\n+div.commandNode[selected] .commandNodeButtonsPanel,\n+div.commandNode[class~=selected] .commandNodeButtonsPanel {\n     display: inline;\n }\n \n-div.commandNode[selected] .commandNodeButtonsPanel svg {\n+div.commandNode[selected] .commandNodeButtonsPanel svg,\n+div.commandNode[class~=selected] .commandNodeButtonsPanel svg {\n     opacity: 1;\n     fill: categoryElementButtonColor;\n     stroke: categoryElementButtonColor;\n }\n \n-div.commandNode[selected] .commandNodeButtonsPanel span:hover > svg {\n+div.commandNode[selected] .commandNodeButtonsPanel span:hover > svg,\n+div.commandNode[class~=selected] .commandNodeButtonsPanel span:hover > svg {\n     fill: categoryElementButtonHoverColor;\n     stroke: categoryElementButtonHoverColor;\n }"},{"sha":"5ef516dd1e7666b1d90b8a37692db43d88816852","filename":"ide/che-core-ide-ui/src/main/resources/org/eclipse/che/ide/ui/smartTree/TreeStyles.css","status":"modified","additions":1,"deletions":0,"changes":1,"blob_url":"https://github.com/eclipse/che/blob/087cea8c2e15f7b72ebfc2d380bdcdedcccc74a4/ide/che-core-ide-ui/src/main/resources/org/eclipse/che/ide/ui/smartTree/TreeStyles.css","raw_url":"https://github.com/eclipse/che/raw/087cea8c2e15f7b72ebfc2d380bdcdedcccc74a4/ide/che-core-ide-ui/src/main/resources/org/eclipse/che/ide/ui/smartTree/TreeStyles.css","contents_url":"https://api.github.com/repos/eclipse/che/contents/ide/che-core-ide-ui/src/main/resources/org/eclipse/che/ide/ui/smartTree/TreeStyles.css?ref=087cea8c2e15f7b72ebfc2d380bdcdedcccc74a4","patch":"@@ -8,6 +8,7 @@\n  * Contributors:\n  *   Red Hat, Inc. - initial API and implementation\n  */\n+@external .selected;\n @eval projectExplorerJointContainerFill org.eclipse.che.ide.api.theme.Style.theme.projectExplorerJointContainerFill();\n @eval projectExplorerJointContainerShadow org.eclipse.che.ide.api.theme.Style.theme.projectExplorerJointContainerShadow();\n @eval projectExplorerPresentableTextShadow org.eclipse.che.ide.api.theme.Style.theme.projectExplorerPresentableTextShadow();"}]}
