{"sha":"08bb4cb3e552fb2f7077485364a77ebf84082112","commit":{"author":{"name":"Vladyslav Zhukovskyi","email":"vzhukovskii@codenvy.com","date":"2017-01-17T10:52:00Z"},"committer":{"name":"GitHub","email":"noreply@github.com","date":"2017-01-17T10:52:00Z"},"message":"Avoid tree jump during file selection (#3763)","tree":{"sha":"5cd42767fcc966b4d80bd90c8fb396b752ad55a5","url":"https://api.github.com/repos/eclipse/che/git/trees/5cd42767fcc966b4d80bd90c8fb396b752ad55a5"},"url":"https://api.github.com/repos/eclipse/che/git/commits/08bb4cb3e552fb2f7077485364a77ebf84082112","comment_count":0,"verification":{"verified":false,"reason":"unsigned","signature":null,"payload":null}},"url":"https://api.github.com/repos/eclipse/che/commits/08bb4cb3e552fb2f7077485364a77ebf84082112","html_url":"https://github.com/eclipse/che/commit/08bb4cb3e552fb2f7077485364a77ebf84082112","comments_url":"https://api.github.com/repos/eclipse/che/commits/08bb4cb3e552fb2f7077485364a77ebf84082112/comments","author":{"login":"vzhukovskii","id":1968177,"avatar_url":"https://avatars2.githubusercontent.com/u/1968177?v=4","gravatar_id":"","url":"https://api.github.com/users/vzhukovskii","html_url":"https://github.com/vzhukovskii","followers_url":"https://api.github.com/users/vzhukovskii/followers","following_url":"https://api.github.com/users/vzhukovskii/following{/other_user}","gists_url":"https://api.github.com/users/vzhukovskii/gists{/gist_id}","starred_url":"https://api.github.com/users/vzhukovskii/starred{/owner}{/repo}","subscriptions_url":"https://api.github.com/users/vzhukovskii/subscriptions","organizations_url":"https://api.github.com/users/vzhukovskii/orgs","repos_url":"https://api.github.com/users/vzhukovskii/repos","events_url":"https://api.github.com/users/vzhukovskii/events{/privacy}","received_events_url":"https://api.github.com/users/vzhukovskii/received_events","type":"User","site_admin":false},"committer":{"login":"web-flow","id":19864447,"avatar_url":"https://avatars3.githubusercontent.com/u/19864447?v=4","gravatar_id":"","url":"https://api.github.com/users/web-flow","html_url":"https://github.com/web-flow","followers_url":"https://api.github.com/users/web-flow/followers","following_url":"https://api.github.com/users/web-flow/following{/other_user}","gists_url":"https://api.github.com/users/web-flow/gists{/gist_id}","starred_url":"https://api.github.com/users/web-flow/starred{/owner}{/repo}","subscriptions_url":"https://api.github.com/users/web-flow/subscriptions","organizations_url":"https://api.github.com/users/web-flow/orgs","repos_url":"https://api.github.com/users/web-flow/repos","events_url":"https://api.github.com/users/web-flow/events{/privacy}","received_events_url":"https://api.github.com/users/web-flow/received_events","type":"User","site_admin":false},"parents":[{"sha":"dbdb0bc04783e2e7cbf94c665752b4ddfe99e08d","url":"https://api.github.com/repos/eclipse/che/commits/dbdb0bc04783e2e7cbf94c665752b4ddfe99e08d","html_url":"https://github.com/eclipse/che/commit/dbdb0bc04783e2e7cbf94c665752b4ddfe99e08d"}],"stats":{"total":1,"additions":0,"deletions":1},"files":[{"sha":"0395a99bb6dcec3dae674bb008df262f951cce3c","filename":"ide/che-core-ide-ui/src/main/java/org/eclipse/che/ide/ui/smartTree/TreeView.java","status":"modified","additions":0,"deletions":1,"changes":1,"blob_url":"https://github.com/eclipse/che/blob/08bb4cb3e552fb2f7077485364a77ebf84082112/ide/che-core-ide-ui/src/main/java/org/eclipse/che/ide/ui/smartTree/TreeView.java","raw_url":"https://github.com/eclipse/che/raw/08bb4cb3e552fb2f7077485364a77ebf84082112/ide/che-core-ide-ui/src/main/java/org/eclipse/che/ide/ui/smartTree/TreeView.java","contents_url":"https://api.github.com/repos/eclipse/che/contents/ide/che-core-ide-ui/src/main/java/org/eclipse/che/ide/ui/smartTree/TreeView.java?ref=08bb4cb3e552fb2f7077485364a77ebf84082112","patch":"@@ -238,7 +238,6 @@ public void onSelectChange(Node node, boolean select) {\n             if (e != null) {\n                 setClassName(e, tree.getTreeStyles().styles().selected(), select);\n             }\n-            tree.moveFocus(nodeDescriptor.getRootContainer());\n         }\n     }\n "}]}
