{"sha":"08ce4e7ccdc69b7021e3a51d68630276dea3a081","commit":{"author":{"name":"Mykola Morhun","email":"mmorhun@redhat.com","date":"2017-09-19T12:06:32Z"},"committer":{"name":"GitHub","email":"noreply@github.com","date":"2017-09-19T12:06:32Z"},"message":"Add hotkeys into expected list (#6340)","tree":{"sha":"9fd9fe8eb0f0192a75b375f93321364b94e10cf7","url":"https://api.github.com/repos/eclipse/che/git/trees/9fd9fe8eb0f0192a75b375f93321364b94e10cf7"},"url":"https://api.github.com/repos/eclipse/che/git/commits/08ce4e7ccdc69b7021e3a51d68630276dea3a081","comment_count":0,"verification":{"verified":false,"reason":"unsigned","signature":null,"payload":null}},"url":"https://api.github.com/repos/eclipse/che/commits/08ce4e7ccdc69b7021e3a51d68630276dea3a081","html_url":"https://github.com/eclipse/che/commit/08ce4e7ccdc69b7021e3a51d68630276dea3a081","comments_url":"https://api.github.com/repos/eclipse/che/commits/08ce4e7ccdc69b7021e3a51d68630276dea3a081/comments","author":{"login":"mmorhun","id":15607393,"avatar_url":"https://avatars2.githubusercontent.com/u/15607393?v=4","gravatar_id":"","url":"https://api.github.com/users/mmorhun","html_url":"https://github.com/mmorhun","followers_url":"https://api.github.com/users/mmorhun/followers","following_url":"https://api.github.com/users/mmorhun/following{/other_user}","gists_url":"https://api.github.com/users/mmorhun/gists{/gist_id}","starred_url":"https://api.github.com/users/mmorhun/starred{/owner}{/repo}","subscriptions_url":"https://api.github.com/users/mmorhun/subscriptions","organizations_url":"https://api.github.com/users/mmorhun/orgs","repos_url":"https://api.github.com/users/mmorhun/repos","events_url":"https://api.github.com/users/mmorhun/events{/privacy}","received_events_url":"https://api.github.com/users/mmorhun/received_events","type":"User","site_admin":false},"committer":{"login":"web-flow","id":19864447,"avatar_url":"https://avatars3.githubusercontent.com/u/19864447?v=4","gravatar_id":"","url":"https://api.github.com/users/web-flow","html_url":"https://github.com/web-flow","followers_url":"https://api.github.com/users/web-flow/followers","following_url":"https://api.github.com/users/web-flow/following{/other_user}","gists_url":"https://api.github.com/users/web-flow/gists{/gist_id}","starred_url":"https://api.github.com/users/web-flow/starred{/owner}{/repo}","subscriptions_url":"https://api.github.com/users/web-flow/subscriptions","organizations_url":"https://api.github.com/users/web-flow/orgs","repos_url":"https://api.github.com/users/web-flow/repos","events_url":"https://api.github.com/users/web-flow/events{/privacy}","received_events_url":"https://api.github.com/users/web-flow/received_events","type":"User","site_admin":false},"parents":[{"sha":"8e03d56bfbb62168072c38a0a0ce3ba8a26322d4","url":"https://api.github.com/repos/eclipse/che/commits/8e03d56bfbb62168072c38a0a0ce3ba8a26322d4","html_url":"https://github.com/eclipse/che/commit/8e03d56bfbb62168072c38a0a0ce3ba8a26322d4"}],"stats":{"total":8,"additions":4,"deletions":4},"files":[{"sha":"f381cf1c8a55b45a7e9c315d8290b0bfecb3b3a3","filename":"selenium/che-selenium-test/src/test/java/org/eclipse/che/selenium/assistant/CheckFindActionFeatureInCheTest.java","status":"modified","additions":4,"deletions":4,"changes":8,"blob_url":"https://github.com/eclipse/che/blob/08ce4e7ccdc69b7021e3a51d68630276dea3a081/selenium/che-selenium-test/src/test/java/org/eclipse/che/selenium/assistant/CheckFindActionFeatureInCheTest.java","raw_url":"https://github.com/eclipse/che/raw/08ce4e7ccdc69b7021e3a51d68630276dea3a081/selenium/che-selenium-test/src/test/java/org/eclipse/che/selenium/assistant/CheckFindActionFeatureInCheTest.java","contents_url":"https://api.github.com/repos/eclipse/che/contents/selenium/che-selenium-test/src/test/java/org/eclipse/che/selenium/assistant/CheckFindActionFeatureInCheTest.java?ref=08ce4e7ccdc69b7021e3a51d68630276dea3a081","patch":"@@ -41,13 +41,13 @@\n \n   private static final String SECOND_ACTION_NAME_EXPECTED_ARRAY_LOCAL_MODE =\n       \"Commands Palette [Shift+F10]  Run\\n\"\n-          + \"Commit ...  GitCommandGroup\\n\"\n+          + \"Commit ... [Alt+C]  GitCommandGroup\\n\"\n           + \"Commit...  SvnFileCommandGroup\\n\"\n           + \"Community  Help\\n\"\n           + \"SvnCredentialsCommandGroup  Subversion\";\n \n   private static final String THIRD_ACTION_NAME_EXPECTED_ARRAY_LOCAL_MODE =\n-      \"Branches...  GitCommandGroup\\n\" + \"Checkout Reference...  GitCommandGroup\";\n+      \"Branches... [Ctrl+B]  GitCommandGroup\\n\" + \"Checkout Reference...  GitCommandGroup\";\n \n   private static final String FIRST_ACTION_NAME_EXPECTED_ARRAY_WITH_FLAG_LOCAL_MODE =\n       \"Update Project Configuration...  Project\\n\"\n@@ -66,7 +66,7 @@\n   private static final String SECOND_ACTION_NAME_EXPECTED_ARRAY_WITH_FLAG_LOCAL_MODE =\n       \"Commands \\n\"\n           + \"Commands Palette [Shift+F10]  Run\\n\"\n-          + \"Commit ...  GitCommandGroup\\n\"\n+          + \"Commit ... [Alt+C]  GitCommandGroup\\n\"\n           + \"Commit...  SvnFileCommandGroup\\n\"\n           + \"Community  Help\\n\"\n           + \"Execute default command of Debug goal [Alt+D] \\n\"\n@@ -80,7 +80,7 @@\n           + \"SvnRepositoryCommandGroup \";\n \n   private static final String THIRD_ACTION_NAME_EXPECTED_ARRAY_WITH_FLAG_LOCAL_MODE =\n-      \"Branches...  GitCommandGroup\\n\" + \"Checkout Reference...  GitCommandGroup\";\n+      \"Branches... [Ctrl+B]  GitCommandGroup\\n\" + \"Checkout Reference...  GitCommandGroup\";\n \n   private static final String PROJECT_NAME =\n       NameGenerator.generate(CheckFindActionFeatureInCheTest.class.getSimpleName(), 4);"}]}
