{"sha":"09149b296fcade490ea381eaeec132c654b2dd40","commit":{"author":{"name":"Sergii Leshchenko","email":"sleshche@redhat.com","date":"2018-04-17T14:30:52Z"},"committer":{"name":"GitHub","email":"noreply@github.com","date":"2018-04-17T14:30:52Z"},"message":"Fix command for launching minikube with RBAC in helm chart readme (#9468)","tree":{"sha":"101a04fb42c8e920c0a3264cd41b19cf15394b89","url":"https://api.github.com/repos/eclipse/che/git/trees/101a04fb42c8e920c0a3264cd41b19cf15394b89"},"url":"https://api.github.com/repos/eclipse/che/git/commits/09149b296fcade490ea381eaeec132c654b2dd40","comment_count":0,"verification":{"verified":true,"reason":"valid","signature":"-----BEGIN PGP SIGNATURE-----\n\nwsBcBAABCAAQBQJa1gUdCRBK7hj4Ov3rIwAAdHIIACeS6sUwB5amkyFN9NBlcf2H\nId1BKwdAxkZHaWIKqOzIIUn5rZ9/tvw8tP3kVUMwVY7AZ+K1QzvuxylnykEH/SyS\nvwy7IS5yISqiGmrOg8SFMrgg/3AzFWQJcFLrwi7Eu6ArAPCSmZ78yZZWmRIDPhzg\n4AChxK23hGOnwASerhVQvl5GvVEsVkkHiUbtWIqCm8epHAbthSFhZl/nU6STuabA\nfhQV44TQozl0PdD+KQYq5FKS7ZelvS29y5TgVlFhOnI/gI5nSsUr80S7QxZ20G7h\nOnLGeXgYZoFUR2cOGnQ4yt7G+mDhe+VQJJ7U0VfjLI2CPm8ELNj/hl0dF8s4524=\n=38rB\n-----END PGP SIGNATURE-----\n","payload":"tree 101a04fb42c8e920c0a3264cd41b19cf15394b89\nparent 233ac4047dedcae47fd1de9fa67c82e68e2f7e24\nauthor Sergii Leshchenko <sleshche@redhat.com> 1523975452 +0300\ncommitter GitHub <noreply@github.com> 1523975452 +0300\n\nFix command for launching minikube with RBAC in helm chart readme (#9468)\n\n"}},"url":"https://api.github.com/repos/eclipse/che/commits/09149b296fcade490ea381eaeec132c654b2dd40","html_url":"https://github.com/eclipse/che/commit/09149b296fcade490ea381eaeec132c654b2dd40","comments_url":"https://api.github.com/repos/eclipse/che/commits/09149b296fcade490ea381eaeec132c654b2dd40/comments","author":{"login":"sleshchenko","id":5887312,"avatar_url":"https://avatars0.githubusercontent.com/u/5887312?v=4","gravatar_id":"","url":"https://api.github.com/users/sleshchenko","html_url":"https://github.com/sleshchenko","followers_url":"https://api.github.com/users/sleshchenko/followers","following_url":"https://api.github.com/users/sleshchenko/following{/other_user}","gists_url":"https://api.github.com/users/sleshchenko/gists{/gist_id}","starred_url":"https://api.github.com/users/sleshchenko/starred{/owner}{/repo}","subscriptions_url":"https://api.github.com/users/sleshchenko/subscriptions","organizations_url":"https://api.github.com/users/sleshchenko/orgs","repos_url":"https://api.github.com/users/sleshchenko/repos","events_url":"https://api.github.com/users/sleshchenko/events{/privacy}","received_events_url":"https://api.github.com/users/sleshchenko/received_events","type":"User","site_admin":false},"committer":{"login":"web-flow","id":19864447,"avatar_url":"https://avatars3.githubusercontent.com/u/19864447?v=4","gravatar_id":"","url":"https://api.github.com/users/web-flow","html_url":"https://github.com/web-flow","followers_url":"https://api.github.com/users/web-flow/followers","following_url":"https://api.github.com/users/web-flow/following{/other_user}","gists_url":"https://api.github.com/users/web-flow/gists{/gist_id}","starred_url":"https://api.github.com/users/web-flow/starred{/owner}{/repo}","subscriptions_url":"https://api.github.com/users/web-flow/subscriptions","organizations_url":"https://api.github.com/users/web-flow/orgs","repos_url":"https://api.github.com/users/web-flow/repos","events_url":"https://api.github.com/users/web-flow/events{/privacy}","received_events_url":"https://api.github.com/users/web-flow/received_events","type":"User","site_admin":false},"parents":[{"sha":"233ac4047dedcae47fd1de9fa67c82e68e2f7e24","url":"https://api.github.com/repos/eclipse/che/commits/233ac4047dedcae47fd1de9fa67c82e68e2f7e24","html_url":"https://github.com/eclipse/che/commit/233ac4047dedcae47fd1de9fa67c82e68e2f7e24"}],"stats":{"total":6,"additions":4,"deletions":2},"files":[{"sha":"27bc9efa8dabe963b4458074919ba83d42bee7ef","filename":"deploy/kubernetes/helm/che/readme.md","status":"modified","additions":4,"deletions":2,"changes":6,"blob_url":"https://github.com/eclipse/che/blob/09149b296fcade490ea381eaeec132c654b2dd40/deploy/kubernetes/helm/che/readme.md","raw_url":"https://github.com/eclipse/che/raw/09149b296fcade490ea381eaeec132c654b2dd40/deploy/kubernetes/helm/che/readme.md","contents_url":"https://api.github.com/repos/eclipse/che/contents/deploy/kubernetes/helm/che/readme.md?ref=09149b296fcade490ea381eaeec132c654b2dd40","patch":"@@ -1,8 +1,10 @@\n # Deploy single user Che to Kubernetes using Helm\n \n ## Prerequisites\n-- Start minikube with sufficient resources and RBAC \n-  - `minikube start --cpus 2 --memory 4096 --extra-config=apiserver.Authorization.Mode=RBAC`\n+- Start minikube with sufficient resources and RBAC enabled\n+  - for minikube 0.26.0 and greater `minikube start --cpus 2 --memory 4096 --extra-config=apiserver.authorization-mode=RBAC`\n+  - for minikube 0.25.2 and lower `minikube start --cpus 2 --memory 4096 --extra-config=apiserver.Authorization.Mode=RBAC`\n+- Add cluster-admin role for `kube-system:default` account\n   - `kubectl create clusterrolebinding add-on-cluster-admin --clusterrole=cluster-admin --serviceaccount=kube-system:default`\n - Install the [Helm](https://github.com/kubernetes/helm/blob/master/docs/install.md) CLI\n - Set your default Kubernetes context (this is required to use helm):"}]}
