{"sha":"092dd2342b4da7c4f1b231b493c5567924a2f8c1","commit":{"author":{"name":"Igor Ohrimenko","email":"iokhrime@redhat.com","date":"2018-02-06T16:17:06Z"},"committer":{"name":"Dmytro Nochevnov","email":"dnochevn@redhat.com","date":"2018-02-06T16:17:06Z"},"message":"add logs with catched libraries, project type and language (#8642)","tree":{"sha":"4c2d693f88f9d45006990e6f8dccc03799826a29","url":"https://api.github.com/repos/eclipse/che/git/trees/4c2d693f88f9d45006990e6f8dccc03799826a29"},"url":"https://api.github.com/repos/eclipse/che/git/commits/092dd2342b4da7c4f1b231b493c5567924a2f8c1","comment_count":0,"verification":{"verified":false,"reason":"unsigned","signature":null,"payload":null}},"url":"https://api.github.com/repos/eclipse/che/commits/092dd2342b4da7c4f1b231b493c5567924a2f8c1","html_url":"https://github.com/eclipse/che/commit/092dd2342b4da7c4f1b231b493c5567924a2f8c1","comments_url":"https://api.github.com/repos/eclipse/che/commits/092dd2342b4da7c4f1b231b493c5567924a2f8c1/comments","author":{"login":"Ohrimenko1988","id":22724619,"avatar_url":"https://avatars1.githubusercontent.com/u/22724619?v=4","gravatar_id":"","url":"https://api.github.com/users/Ohrimenko1988","html_url":"https://github.com/Ohrimenko1988","followers_url":"https://api.github.com/users/Ohrimenko1988/followers","following_url":"https://api.github.com/users/Ohrimenko1988/following{/other_user}","gists_url":"https://api.github.com/users/Ohrimenko1988/gists{/gist_id}","starred_url":"https://api.github.com/users/Ohrimenko1988/starred{/owner}{/repo}","subscriptions_url":"https://api.github.com/users/Ohrimenko1988/subscriptions","organizations_url":"https://api.github.com/users/Ohrimenko1988/orgs","repos_url":"https://api.github.com/users/Ohrimenko1988/repos","events_url":"https://api.github.com/users/Ohrimenko1988/events{/privacy}","received_events_url":"https://api.github.com/users/Ohrimenko1988/received_events","type":"User","site_admin":false},"committer":{"login":"dmytro-ndp","id":1197777,"avatar_url":"https://avatars1.githubusercontent.com/u/1197777?v=4","gravatar_id":"","url":"https://api.github.com/users/dmytro-ndp","html_url":"https://github.com/dmytro-ndp","followers_url":"https://api.github.com/users/dmytro-ndp/followers","following_url":"https://api.github.com/users/dmytro-ndp/following{/other_user}","gists_url":"https://api.github.com/users/dmytro-ndp/gists{/gist_id}","starred_url":"https://api.github.com/users/dmytro-ndp/starred{/owner}{/repo}","subscriptions_url":"https://api.github.com/users/dmytro-ndp/subscriptions","organizations_url":"https://api.github.com/users/dmytro-ndp/orgs","repos_url":"https://api.github.com/users/dmytro-ndp/repos","events_url":"https://api.github.com/users/dmytro-ndp/events{/privacy}","received_events_url":"https://api.github.com/users/dmytro-ndp/received_events","type":"User","site_admin":false},"parents":[{"sha":"fe30c9af759eb69cd0562bfba287204b8d8e32a7","url":"https://api.github.com/repos/eclipse/che/commits/fe30c9af759eb69cd0562bfba287204b8d8e32a7","html_url":"https://github.com/eclipse/che/commit/fe30c9af759eb69cd0562bfba287204b8d8e32a7"}],"stats":{"total":121,"additions":97,"deletions":24},"files":[{"sha":"20b4d1cc2c4dc0223a2b7de87c6b402dc3115e33","filename":"selenium/che-selenium-test/src/test/java/org/eclipse/che/selenium/editor/autocomplete/AutocompleteWithInheritTest.java","status":"modified","additions":32,"deletions":17,"changes":49,"blob_url":"https://github.com/eclipse/che/blob/092dd2342b4da7c4f1b231b493c5567924a2f8c1/selenium/che-selenium-test/src/test/java/org/eclipse/che/selenium/editor/autocomplete/AutocompleteWithInheritTest.java","raw_url":"https://github.com/eclipse/che/raw/092dd2342b4da7c4f1b231b493c5567924a2f8c1/selenium/che-selenium-test/src/test/java/org/eclipse/che/selenium/editor/autocomplete/AutocompleteWithInheritTest.java","contents_url":"https://api.github.com/repos/eclipse/che/contents/selenium/che-selenium-test/src/test/java/org/eclipse/che/selenium/editor/autocomplete/AutocompleteWithInheritTest.java?ref=092dd2342b4da7c4f1b231b493c5567924a2f8c1","patch":"@@ -12,6 +12,7 @@\n \n import static org.eclipse.che.selenium.pageobject.CodenvyEditor.MarkersType.ERROR_MARKER;\n import static org.eclipse.che.selenium.pageobject.CodenvyEditor.MarkersType.TASK_MARKER_OVERVIEW;\n+import static org.testng.Assert.fail;\n \n import com.google.inject.Inject;\n import java.net.URL;\n@@ -28,6 +29,8 @@\n import org.eclipse.che.selenium.pageobject.ProjectExplorer;\n import org.openqa.selenium.Keys;\n import org.openqa.selenium.TimeoutException;\n+import org.slf4j.Logger;\n+import org.slf4j.LoggerFactory;\n import org.testng.annotations.BeforeClass;\n import org.testng.annotations.Test;\n \n@@ -37,6 +40,7 @@\n       NameGenerator.generate(AutocompleteWithInheritTest.class.getSimpleName(), 4);\n   private static final String BASE_CLASS = \"AppController\";\n   private static final String EXTENDED_CLASS = \"InheritClass\";\n+  private static final Logger LOG = LoggerFactory.getLogger(AutocompleteWithInheritTest.class);\n \n   private static final String contentAfterFix =\n       \"public class InheritClass extends AppController {\\n\"\n@@ -69,7 +73,7 @@ public void prepare() throws Exception {\n   }\n \n   @Test\n-  public void updateDependencyWithInheritTest() {\n+  public void updateDependencyWithInheritTest() throws Exception {\n     projectExplorer.waitProjectExplorer();\n     projectExplorer.waitItem(PROJECT_NAME);\n     mavenPluginStatusBar.waitClosingInfoPanel();\n@@ -113,25 +117,36 @@ public void updateDependencyWithInheritTest() {\n     editor.waitAllMarkersDisappear(ERROR_MARKER);\n   }\n \n-  private void waitErrorMarkerInPosition() {\n+  private void waitErrorMarkerInPosition() throws Exception {\n     try {\n       editor.waitMarkerInPosition(MarkersType.ERROR_MARKER, 13);\n     } catch (TimeoutException ex) {\n-      editor.setCursorToLine(13);\n-      editor.waitCursorPosition(13, 1);\n-      editor.typeTextIntoEditor(Keys.ENTER.toString());\n-      editor.waitCursorPosition(14, 1);\n-      editor.typeTextIntoEditor(Keys.ENTER.toString());\n-      editor.waitCursorPosition(15, 1);\n-      editor.typeTextIntoEditor(Keys.ENTER.toString());\n-      editor.waitCursorPosition(16, 1);\n-      editor.typeTextIntoEditor(Keys.BACK_SPACE.toString());\n-      editor.waitCursorPosition(15, 1);\n-      editor.typeTextIntoEditor(Keys.BACK_SPACE.toString());\n-      editor.waitCursorPosition(14, 1);\n-      editor.typeTextIntoEditor(Keys.BACK_SPACE.toString());\n-      editor.waitCursorPosition(13, 1);\n-      editor.waitMarkerInPosition(MarkersType.ERROR_MARKER, 13);\n+      logExternalLibraries();\n+      logProjectTypeChecking();\n+      logProjectLanguageChecking();\n+\n+      // remove try-catch block after issue has been resolved\n+      fail(\"Known issue https://github.com/eclipse/che/issues/7161\", ex);\n     }\n   }\n+\n+  private void logExternalLibraries() throws Exception {\n+    testProjectServiceClient\n+        .getExternalLibraries(workspace.getId(), PROJECT_NAME)\n+        .forEach(library -> LOG.info(\"project external library:  {}\", library));\n+  }\n+\n+  private void logProjectTypeChecking() throws Exception {\n+    LOG.info(\n+        \"Project type of the {} project is \\\"maven\\\" - {}\",\n+        PROJECT_NAME,\n+        testProjectServiceClient.checkProjectType(workspace.getId(), PROJECT_NAME, \"maven\"));\n+  }\n+\n+  private void logProjectLanguageChecking() throws Exception {\n+    LOG.info(\n+        \"Project language of the {} project is \\\"java\\\" - {}\",\n+        PROJECT_NAME,\n+        testProjectServiceClient.checkProjectLanguage(workspace.getId(), PROJECT_NAME, \"java\"));\n+  }\n }"},{"sha":"9ed367c35eede0cb91c115a10a608d7f5383cf44","filename":"selenium/che-selenium-test/src/test/java/org/eclipse/che/selenium/opendeclaration/Eclipse0093Test.java","status":"modified","additions":33,"deletions":4,"changes":37,"blob_url":"https://github.com/eclipse/che/blob/092dd2342b4da7c4f1b231b493c5567924a2f8c1/selenium/che-selenium-test/src/test/java/org/eclipse/che/selenium/opendeclaration/Eclipse0093Test.java","raw_url":"https://github.com/eclipse/che/raw/092dd2342b4da7c4f1b231b493c5567924a2f8c1/selenium/che-selenium-test/src/test/java/org/eclipse/che/selenium/opendeclaration/Eclipse0093Test.java","contents_url":"https://api.github.com/repos/eclipse/che/contents/selenium/che-selenium-test/src/test/java/org/eclipse/che/selenium/opendeclaration/Eclipse0093Test.java?ref=092dd2342b4da7c4f1b231b493c5567924a2f8c1","patch":"@@ -25,6 +25,8 @@\n import org.eclipse.che.selenium.pageobject.ProjectExplorer;\n import org.openqa.selenium.Keys;\n import org.openqa.selenium.TimeoutException;\n+import org.slf4j.Logger;\n+import org.slf4j.LoggerFactory;\n import org.testng.annotations.BeforeClass;\n import org.testng.annotations.Test;\n \n@@ -35,6 +37,7 @@\n public class Eclipse0093Test {\n \n   private static final String PATH_TO_PACKAGE_PREFIX = \"/src/main/java/org/eclipse/qa/examples/\";\n+  private static final Logger LOG = LoggerFactory.getLogger(Eclipse0093Test.class);\n   private static final String PROJECT_NAME =\n       NameGenerator.generate(Eclipse0093Test.class.getSimpleName(), 4);\n \n@@ -59,17 +62,43 @@ public void test0093() throws Exception {\n     projectExplorer.quickExpandWithJavaScript();\n     projectExplorer.openItemByPath(PROJECT_NAME + PATH_TO_PACKAGE_PREFIX + \"Test.java\");\n     editor.waitActive();\n+    waitMarkerInPosition();\n+    editor.goToCursorPositionVisible(17, 26);\n+    editor.typeTextIntoEditor(Keys.F4.toString());\n+    editor.waitTabIsPresent(\"MyEnum\");\n+    editor.waitSpecifiedValueForLineAndChar(14, 3);\n+  }\n \n+  private void waitMarkerInPosition() throws Exception {\n     try {\n       editor.waitMarkerInPosition(WARNING_MARKER, 12);\n     } catch (TimeoutException ex) {\n+      logExternalLibraries();\n+      logProjectTypeChecking();\n+      logProjectLanguageChecking();\n+\n       // remove try-catch block after issue has been resolved\n       fail(\"Known issue https://github.com/eclipse/che/issues/7161\", ex);\n     }\n+  }\n \n-    editor.goToCursorPositionVisible(17, 26);\n-    editor.typeTextIntoEditor(Keys.F4.toString());\n-    editor.waitTabIsPresent(\"MyEnum\");\n-    editor.waitSpecifiedValueForLineAndChar(14, 3);\n+  private void logExternalLibraries() throws Exception {\n+    testProjectServiceClient\n+        .getExternalLibraries(ws.getId(), PROJECT_NAME)\n+        .forEach(library -> LOG.info(\"project external library:  {}\", library));\n+  }\n+\n+  private void logProjectTypeChecking() throws Exception {\n+    LOG.info(\n+        \"Project type of the {} project is \\\"maven\\\" - {}\",\n+        PROJECT_NAME,\n+        testProjectServiceClient.checkProjectType(ws.getId(), PROJECT_NAME, \"maven\"));\n+  }\n+\n+  private void logProjectLanguageChecking() throws Exception {\n+    LOG.info(\n+        \"Project language of the {} project is \\\"java\\\" - {}\",\n+        PROJECT_NAME,\n+        testProjectServiceClient.checkProjectLanguage(ws.getId(), PROJECT_NAME, \"java\"));\n   }\n }"},{"sha":"00e64287e5c1e86e14119d420a155d604fe3f7d0","filename":"selenium/che-selenium-test/src/test/java/org/eclipse/che/selenium/opendeclaration/Eclipse0115Test.java","status":"modified","additions":32,"deletions":3,"changes":35,"blob_url":"https://github.com/eclipse/che/blob/092dd2342b4da7c4f1b231b493c5567924a2f8c1/selenium/che-selenium-test/src/test/java/org/eclipse/che/selenium/opendeclaration/Eclipse0115Test.java","raw_url":"https://github.com/eclipse/che/raw/092dd2342b4da7c4f1b231b493c5567924a2f8c1/selenium/che-selenium-test/src/test/java/org/eclipse/che/selenium/opendeclaration/Eclipse0115Test.java","contents_url":"https://api.github.com/repos/eclipse/che/contents/selenium/che-selenium-test/src/test/java/org/eclipse/che/selenium/opendeclaration/Eclipse0115Test.java?ref=092dd2342b4da7c4f1b231b493c5567924a2f8c1","patch":"@@ -25,6 +25,8 @@\n import org.eclipse.che.selenium.pageobject.ProjectExplorer;\n import org.openqa.selenium.Keys;\n import org.openqa.selenium.TimeoutException;\n+import org.slf4j.Logger;\n+import org.slf4j.LoggerFactory;\n import org.testng.annotations.BeforeClass;\n import org.testng.annotations.Test;\n \n@@ -35,6 +37,7 @@\n public class Eclipse0115Test {\n \n   private static final String PATH_TO_PACKAGE_PREFIX = \"/src/main/java/org/eclipse/qa/examples/\";\n+  private static final Logger LOG = LoggerFactory.getLogger(Eclipse0115Test.class);\n   private static final String PROJECT_NAME =\n       NameGenerator.generate(Eclipse0115Test.class.getSimpleName(), 4);\n \n@@ -59,16 +62,42 @@ public void test0115() throws Exception {\n     projectExplorer.quickExpandWithJavaScript();\n     projectExplorer.openItemByPath(PROJECT_NAME + PATH_TO_PACKAGE_PREFIX + \"X.java\");\n     editor.waitActive();\n+    waitMarkerInPosition();\n+    editor.goToCursorPositionVisible(32, 14);\n+    editor.typeTextIntoEditor(Keys.F4.toString());\n+    editor.waitSpecifiedValueForLineAndChar(35, 24);\n+  }\n \n+  private void waitMarkerInPosition() throws Exception {\n     try {\n       editor.waitMarkerInPosition(WARNING_MARKER, 14);\n     } catch (TimeoutException ex) {\n+      logExternalLibraries();\n+      logProjectTypeChecking();\n+      logProjectLanguageChecking();\n+\n       // remove try-catch block after issue has been resolved\n       fail(\"Known issue https://github.com/eclipse/che/issues/7161\", ex);\n     }\n+  }\n \n-    editor.goToCursorPositionVisible(32, 14);\n-    editor.typeTextIntoEditor(Keys.F4.toString());\n-    editor.waitSpecifiedValueForLineAndChar(35, 24);\n+  private void logExternalLibraries() throws Exception {\n+    testProjectServiceClient\n+        .getExternalLibraries(ws.getId(), PROJECT_NAME)\n+        .forEach(library -> LOG.info(\"project external library:  {}\", library));\n+  }\n+\n+  private void logProjectTypeChecking() throws Exception {\n+    LOG.info(\n+        \"Project type of the {} project is \\\"maven\\\" - {}\",\n+        PROJECT_NAME,\n+        testProjectServiceClient.checkProjectType(ws.getId(), PROJECT_NAME, \"maven\"));\n+  }\n+\n+  private void logProjectLanguageChecking() throws Exception {\n+    LOG.info(\n+        \"Project language of the {} project is \\\"java\\\" - {}\",\n+        PROJECT_NAME,\n+        testProjectServiceClient.checkProjectLanguage(ws.getId(), PROJECT_NAME, \"java\"));\n   }\n }"}]}
