{"sha":"0955413b55c85c070238f6650e114b14f8f8dc05","node_id":"MDY6Q29tbWl0MzI5MzU3NDU6MDk1NTQxM2I1NWM4NWMwNzAyMzhmNjY1MGUxMTRiMTRmOGY4ZGMwNQ==","commit":{"author":{"name":"Vitalii Parfonov","email":"vparfono@redhat.com","date":"2018-05-23T12:08:13Z"},"committer":{"name":"GitHub","email":"noreply@github.com","date":"2018-05-23T12:08:13Z"},"message":"Send initialized event, after initialization (#9776)\n\n* Send initialized event, after initialization\r\n\r\nSigned-off-by: Vitalii Parfonov <vparfonov@redhat.com>","tree":{"sha":"9e165a57d966b3e8fbcb323d005ed8b18cbc3115","url":"https://api.github.com/repos/eclipse/che/git/trees/9e165a57d966b3e8fbcb323d005ed8b18cbc3115"},"url":"https://api.github.com/repos/eclipse/che/git/commits/0955413b55c85c070238f6650e114b14f8f8dc05","comment_count":0,"verification":{"verified":true,"reason":"valid","signature":"-----BEGIN PGP SIGNATURE-----\n\nwsBcBAABCAAQBQJbBVmtCRBK7hj4Ov3rIwAAdHIIAA/EMt5P+t3vIspNej6Qnfoc\nwoliWC5X72LYaygm3JEIzpe6yNSLaEYI94pNLjuvpDcaPQRGwYliDenqx09uf2V6\nyjbmuR3x0bDzjMdvBilZLDoHF6w1ODn03SJt8WTyvzERWwSHm3gPtPobbW1lLh9p\nvycj5PYA0fBJrmp6Vg0a/7nhrRZDUOXJjXDYGp/FsSTHwmDLT0CSZ1r7j9mnKIru\nAOcZ88rY9zXZqykd6GtAU8m084AMT7a1umTsFxstjI18pcq0Bnfy69IQi0xb/Jfp\n3Y2VsPutRoIo/93O8LCtxsn4viv0hfiEdT9AIVFUMGtJ621sMAYef11JbfM6/oQ=\n=kBEm\n-----END PGP SIGNATURE-----\n","payload":"tree 9e165a57d966b3e8fbcb323d005ed8b18cbc3115\nparent 963234af5ddfca779eea76680440a689864e1d32\nauthor Vitalii Parfonov <vparfono@redhat.com> 1527077293 +0300\ncommitter GitHub <noreply@github.com> 1527077293 +0300\n\nSend initialized event, after initialization (#9776)\n\n* Send initialized event, after initialization\r\n\r\nSigned-off-by: Vitalii Parfonov <vparfonov@redhat.com>\r\n"}},"url":"https://api.github.com/repos/eclipse/che/commits/0955413b55c85c070238f6650e114b14f8f8dc05","html_url":"https://github.com/eclipse/che/commit/0955413b55c85c070238f6650e114b14f8f8dc05","comments_url":"https://api.github.com/repos/eclipse/che/commits/0955413b55c85c070238f6650e114b14f8f8dc05/comments","author":{"login":"vparfonov","id":1636592,"node_id":"MDQ6VXNlcjE2MzY1OTI=","avatar_url":"https://avatars1.githubusercontent.com/u/1636592?v=4","gravatar_id":"","url":"https://api.github.com/users/vparfonov","html_url":"https://github.com/vparfonov","followers_url":"https://api.github.com/users/vparfonov/followers","following_url":"https://api.github.com/users/vparfonov/following{/other_user}","gists_url":"https://api.github.com/users/vparfonov/gists{/gist_id}","starred_url":"https://api.github.com/users/vparfonov/starred{/owner}{/repo}","subscriptions_url":"https://api.github.com/users/vparfonov/subscriptions","organizations_url":"https://api.github.com/users/vparfonov/orgs","repos_url":"https://api.github.com/users/vparfonov/repos","events_url":"https://api.github.com/users/vparfonov/events{/privacy}","received_events_url":"https://api.github.com/users/vparfonov/received_events","type":"User","site_admin":false},"committer":{"login":"web-flow","id":19864447,"node_id":"MDQ6VXNlcjE5ODY0NDQ3","avatar_url":"https://avatars3.githubusercontent.com/u/19864447?v=4","gravatar_id":"","url":"https://api.github.com/users/web-flow","html_url":"https://github.com/web-flow","followers_url":"https://api.github.com/users/web-flow/followers","following_url":"https://api.github.com/users/web-flow/following{/other_user}","gists_url":"https://api.github.com/users/web-flow/gists{/gist_id}","starred_url":"https://api.github.com/users/web-flow/starred{/owner}{/repo}","subscriptions_url":"https://api.github.com/users/web-flow/subscriptions","organizations_url":"https://api.github.com/users/web-flow/orgs","repos_url":"https://api.github.com/users/web-flow/repos","events_url":"https://api.github.com/users/web-flow/events{/privacy}","received_events_url":"https://api.github.com/users/web-flow/received_events","type":"User","site_admin":false},"parents":[{"sha":"963234af5ddfca779eea76680440a689864e1d32","url":"https://api.github.com/repos/eclipse/che/commits/963234af5ddfca779eea76680440a689864e1d32","html_url":"https://github.com/eclipse/che/commit/963234af5ddfca779eea76680440a689864e1d32"}],"stats":{"total":3,"additions":3,"deletions":0},"files":[{"sha":"b7bf1320b45be91a954336e89de29c5087983a13","filename":"wsagent/che-core-api-languageserver/src/main/java/org/eclipse/che/api/languageserver/LanguageServerInitializer.java","status":"modified","additions":3,"deletions":0,"changes":3,"blob_url":"https://github.com/eclipse/che/blob/0955413b55c85c070238f6650e114b14f8f8dc05/wsagent/che-core-api-languageserver/src/main/java/org/eclipse/che/api/languageserver/LanguageServerInitializer.java","raw_url":"https://github.com/eclipse/che/raw/0955413b55c85c070238f6650e114b14f8f8dc05/wsagent/che-core-api-languageserver/src/main/java/org/eclipse/che/api/languageserver/LanguageServerInitializer.java","contents_url":"https://api.github.com/repos/eclipse/che/contents/wsagent/che-core-api-languageserver/src/main/java/org/eclipse/che/api/languageserver/LanguageServerInitializer.java?ref=0955413b55c85c070238f6650e114b14f8f8dc05","patch":"@@ -32,6 +32,7 @@\n import org.eclipse.che.commons.lang.concurrent.LoggingUncaughtExceptionHandler;\n import org.eclipse.lsp4j.InitializeParams;\n import org.eclipse.lsp4j.InitializeResult;\n+import org.eclipse.lsp4j.InitializedParams;\n import org.eclipse.lsp4j.ServerCapabilities;\n import org.eclipse.lsp4j.services.LanguageServer;\n import org.slf4j.Logger;\n@@ -141,6 +142,7 @@ private static ThreadFactory getFactory() {\n         executor);\n   }\n \n+\n   private String initializeIOStreams(String id) {\n     try {\n       LOG.debug(\"Initializing of IO streams for server '{}': started\", id);\n@@ -216,6 +218,7 @@ private String initializeServerInstance(String id) {\n         LOG.debug(\"Initializing of a language server instance for server '{}': finished\", id);\n \n         LOG.info(\"Initialized language server '{}'\", id);\n+        languageServer.initialized(new InitializedParams());//send initialized message, some LS required it\n         return serverCapabilitiesRegistry.add(id, initializeResult.getCapabilities());\n       }\n     } catch (LanguageServerException"}]}
