{"sha":"095be7c049b9e316921795903f66bc89f2b007b9","commit":{"author":{"name":"Sergey Skorik","email":"sskorik@codenvy.com","date":"2017-12-27T10:02:41Z"},"committer":{"name":"GitHub","email":"noreply@github.com","date":"2017-12-27T10:02:41Z"},"message":"added Assert.fail() to place where restoring of project is checked (#8062)","tree":{"sha":"cbe581e4730754b8820e15a76e362ddbc5ebe477","url":"https://api.github.com/repos/eclipse/che/git/trees/cbe581e4730754b8820e15a76e362ddbc5ebe477"},"url":"https://api.github.com/repos/eclipse/che/git/commits/095be7c049b9e316921795903f66bc89f2b007b9","comment_count":0,"verification":{"verified":true,"reason":"valid","signature":"-----BEGIN PGP SIGNATURE-----\n\nwsBcBAABCAAQBQJaQ2/BCRBK7hj4Ov3rIwAAdHIIABJ3q4qPoIoyyGGQgQskOQUD\nEtKi/uwTOyRVfwm/dSTBcsIQrcDN81xDZ7J/BQ1Hc3kGW4m2kvM/fmfzGTtrwm1s\n+Ja+bwnvkRLlR1q+rixVXs/Pvr+Tk8hQWEcRmmNOJdLlojcHQcO8qGu2yoLeFKf0\nu4m784n/kC/Ro67pm86Ol7M3+wD4XzPxRFA7MbjM5aN1Ej1wtATbX3yfr7si4cWe\nK3z/bFN2qdmlSpGa8WDNd8kRpJtONSJT46ryl3WzXCQIS/wxTrmoiZrq3ZYWvatb\nHXsWRXnF3qzdsQsUy6+G0xWATkP+sYsLqCQJR7vqRfmXmYOCa2OuMuZxkw1GVQw=\n=VDZM\n-----END PGP SIGNATURE-----\n","payload":"tree cbe581e4730754b8820e15a76e362ddbc5ebe477\nparent 467e45b07352e97fd6ca8c5639dc924200a16a3b\nauthor Sergey Skorik <sskorik@codenvy.com> 1514368961 +0200\ncommitter GitHub <noreply@github.com> 1514368961 +0200\n\nadded Assert.fail() to place where restoring of project is checked (#8062)\n\n"}},"url":"https://api.github.com/repos/eclipse/che/commits/095be7c049b9e316921795903f66bc89f2b007b9","html_url":"https://github.com/eclipse/che/commit/095be7c049b9e316921795903f66bc89f2b007b9","comments_url":"https://api.github.com/repos/eclipse/che/commits/095be7c049b9e316921795903f66bc89f2b007b9/comments","author":{"login":"SkorikSergey","id":7760565,"avatar_url":"https://avatars1.githubusercontent.com/u/7760565?v=4","gravatar_id":"","url":"https://api.github.com/users/SkorikSergey","html_url":"https://github.com/SkorikSergey","followers_url":"https://api.github.com/users/SkorikSergey/followers","following_url":"https://api.github.com/users/SkorikSergey/following{/other_user}","gists_url":"https://api.github.com/users/SkorikSergey/gists{/gist_id}","starred_url":"https://api.github.com/users/SkorikSergey/starred{/owner}{/repo}","subscriptions_url":"https://api.github.com/users/SkorikSergey/subscriptions","organizations_url":"https://api.github.com/users/SkorikSergey/orgs","repos_url":"https://api.github.com/users/SkorikSergey/repos","events_url":"https://api.github.com/users/SkorikSergey/events{/privacy}","received_events_url":"https://api.github.com/users/SkorikSergey/received_events","type":"User","site_admin":false},"committer":{"login":"web-flow","id":19864447,"avatar_url":"https://avatars3.githubusercontent.com/u/19864447?v=4","gravatar_id":"","url":"https://api.github.com/users/web-flow","html_url":"https://github.com/web-flow","followers_url":"https://api.github.com/users/web-flow/followers","following_url":"https://api.github.com/users/web-flow/following{/other_user}","gists_url":"https://api.github.com/users/web-flow/gists{/gist_id}","starred_url":"https://api.github.com/users/web-flow/starred{/owner}{/repo}","subscriptions_url":"https://api.github.com/users/web-flow/subscriptions","organizations_url":"https://api.github.com/users/web-flow/orgs","repos_url":"https://api.github.com/users/web-flow/repos","events_url":"https://api.github.com/users/web-flow/events{/privacy}","received_events_url":"https://api.github.com/users/web-flow/received_events","type":"User","site_admin":false},"parents":[{"sha":"467e45b07352e97fd6ca8c5639dc924200a16a3b","url":"https://api.github.com/repos/eclipse/che/commits/467e45b07352e97fd6ca8c5639dc924200a16a3b","html_url":"https://github.com/eclipse/che/commit/467e45b07352e97fd6ca8c5639dc924200a16a3b"}],"stats":{"total":11,"additions":10,"deletions":1},"files":[{"sha":"6a718ef7b51d4946632f0cff257e07aa9bfd09b6","filename":"selenium/che-selenium-test/src/test/java/org/eclipse/che/selenium/workspaces/ProjectStateAfterRenameWorkspaceTest.java","status":"modified","additions":10,"deletions":1,"changes":11,"blob_url":"https://github.com/eclipse/che/blob/095be7c049b9e316921795903f66bc89f2b007b9/selenium/che-selenium-test/src/test/java/org/eclipse/che/selenium/workspaces/ProjectStateAfterRenameWorkspaceTest.java","raw_url":"https://github.com/eclipse/che/raw/095be7c049b9e316921795903f66bc89f2b007b9/selenium/che-selenium-test/src/test/java/org/eclipse/che/selenium/workspaces/ProjectStateAfterRenameWorkspaceTest.java","contents_url":"https://api.github.com/repos/eclipse/che/contents/selenium/che-selenium-test/src/test/java/org/eclipse/che/selenium/workspaces/ProjectStateAfterRenameWorkspaceTest.java?ref=095be7c049b9e316921795903f66bc89f2b007b9","patch":"@@ -12,6 +12,7 @@\n \n import static org.eclipse.che.selenium.pageobject.dashboard.workspaces.WorkspaceDetails.StateWorkspace.RUNNING;\n import static org.eclipse.che.selenium.pageobject.dashboard.workspaces.WorkspaceDetails.StateWorkspace.STOPPING;\n+import static org.testng.Assert.fail;\n \n import com.google.inject.Inject;\n import java.net.URL;\n@@ -31,6 +32,7 @@\n import org.eclipse.che.selenium.pageobject.dashboard.workspaces.WorkspaceDetails;\n import org.eclipse.che.selenium.pageobject.dashboard.workspaces.WorkspaceOverview;\n import org.eclipse.che.selenium.pageobject.dashboard.workspaces.Workspaces;\n+import org.openqa.selenium.TimeoutException;\n import org.testng.annotations.AfterClass;\n import org.testng.annotations.BeforeClass;\n import org.testng.annotations.Test;\n@@ -105,7 +107,14 @@ public void checkProjectAfterRenameWs() throws Exception {\n \n     projectExplorer.waitProjectExplorer();\n     projectExplorer.waitItem(PROJECT_NAME);\n-    projectExplorer.waitItem(PROJECT_NAME + \"/src/main/webapp/index.jsp\");\n+\n+    try {\n+      projectExplorer.waitItem(PROJECT_NAME + \"/src/main/webapp/index.jsp\");\n+    } catch (TimeoutException ex) {\n+      // Remove try-catch block after issue has been resolved\n+      fail(\"Known issue https://github.com/eclipse/che/issues/7551\");\n+    }\n+\n     projectExplorer.waitItem(\n         PROJECT_NAME + \"/src/main/java/org/eclipse/qa/examples/AppController.java\");\n     editor.waitTabIsPresent(\"index.jsp\");"}]}
