{"sha":"09837c32be1563142eb93626c2e4eafac1bc355d","commit":{"author":{"name":"Max Shaposhnik","email":"mshaposh@redhat.com","date":"2017-07-13T08:56:10Z"},"committer":{"name":"Max Shaposhnik","email":"mshaposh@redhat.com","date":"2017-07-13T08:56:10Z"},"message":"Revert \"Revert \"Fix patch with master\"\"\n\nThis reverts commit 5fb9d0bb4227388638520b16069032d1cf07cea4.","tree":{"sha":"c8b8920ba7a7e2096629bcdaba07ace4b8e37127","url":"https://api.github.com/repos/eclipse/che/git/trees/c8b8920ba7a7e2096629bcdaba07ace4b8e37127"},"url":"https://api.github.com/repos/eclipse/che/git/commits/09837c32be1563142eb93626c2e4eafac1bc355d","comment_count":0,"verification":{"verified":false,"reason":"unsigned","signature":null,"payload":null}},"url":"https://api.github.com/repos/eclipse/che/commits/09837c32be1563142eb93626c2e4eafac1bc355d","html_url":"https://github.com/eclipse/che/commit/09837c32be1563142eb93626c2e4eafac1bc355d","comments_url":"https://api.github.com/repos/eclipse/che/commits/09837c32be1563142eb93626c2e4eafac1bc355d/comments","author":{"login":"mshaposhnik","id":1651062,"avatar_url":"https://avatars0.githubusercontent.com/u/1651062?v=4","gravatar_id":"","url":"https://api.github.com/users/mshaposhnik","html_url":"https://github.com/mshaposhnik","followers_url":"https://api.github.com/users/mshaposhnik/followers","following_url":"https://api.github.com/users/mshaposhnik/following{/other_user}","gists_url":"https://api.github.com/users/mshaposhnik/gists{/gist_id}","starred_url":"https://api.github.com/users/mshaposhnik/starred{/owner}{/repo}","subscriptions_url":"https://api.github.com/users/mshaposhnik/subscriptions","organizations_url":"https://api.github.com/users/mshaposhnik/orgs","repos_url":"https://api.github.com/users/mshaposhnik/repos","events_url":"https://api.github.com/users/mshaposhnik/events{/privacy}","received_events_url":"https://api.github.com/users/mshaposhnik/received_events","type":"User","site_admin":false},"committer":{"login":"mshaposhnik","id":1651062,"avatar_url":"https://avatars0.githubusercontent.com/u/1651062?v=4","gravatar_id":"","url":"https://api.github.com/users/mshaposhnik","html_url":"https://github.com/mshaposhnik","followers_url":"https://api.github.com/users/mshaposhnik/followers","following_url":"https://api.github.com/users/mshaposhnik/following{/other_user}","gists_url":"https://api.github.com/users/mshaposhnik/gists{/gist_id}","starred_url":"https://api.github.com/users/mshaposhnik/starred{/owner}{/repo}","subscriptions_url":"https://api.github.com/users/mshaposhnik/subscriptions","organizations_url":"https://api.github.com/users/mshaposhnik/orgs","repos_url":"https://api.github.com/users/mshaposhnik/repos","events_url":"https://api.github.com/users/mshaposhnik/events{/privacy}","received_events_url":"https://api.github.com/users/mshaposhnik/received_events","type":"User","site_admin":false},"parents":[{"sha":"5fb9d0bb4227388638520b16069032d1cf07cea4","url":"https://api.github.com/repos/eclipse/che/commits/5fb9d0bb4227388638520b16069032d1cf07cea4","html_url":"https://github.com/eclipse/che/commit/5fb9d0bb4227388638520b16069032d1cf07cea4"}],"stats":{"total":130,"additions":89,"deletions":41},"files":[{"sha":"bcd65309023c5d0adfb2d1ad6a20845194c5db3d","filename":"assembly/assembly-main/pom.xml","status":"modified","additions":1,"deletions":1,"changes":2,"blob_url":"https://github.com/eclipse/che/blob/09837c32be1563142eb93626c2e4eafac1bc355d/assembly/assembly-main/pom.xml","raw_url":"https://github.com/eclipse/che/raw/09837c32be1563142eb93626c2e4eafac1bc355d/assembly/assembly-main/pom.xml","contents_url":"https://api.github.com/repos/eclipse/che/contents/assembly/assembly-main/pom.xml?ref=09837c32be1563142eb93626c2e4eafac1bc355d","patch":"@@ -104,7 +104,7 @@\n                     <appendAssemblyId>false</appendAssemblyId>\n                     <updateOnly>false</updateOnly>\n                     <descriptors>\n-                      <descriptor>${project.basedir}/src/assembly/assembly.xml</descriptor>\n+                        <descriptor>${project.basedir}/src/assembly/assembly.xml</descriptor>\n                     </descriptors>\n                     <finalName>eclipse-che-${project.version}</finalName>\n                     <tarLongFileMode>posix</tarLongFileMode>"},{"sha":"08a0d7ebb8a200fa8756c55d0551eb2406de68c9","filename":"assembly2/assembly-wsmaster-war/pom.xml","status":"modified","additions":12,"deletions":0,"changes":12,"blob_url":"https://github.com/eclipse/che/blob/09837c32be1563142eb93626c2e4eafac1bc355d/assembly2/assembly-wsmaster-war/pom.xml","raw_url":"https://github.com/eclipse/che/raw/09837c32be1563142eb93626c2e4eafac1bc355d/assembly2/assembly-wsmaster-war/pom.xml","contents_url":"https://api.github.com/repos/eclipse/che/contents/assembly2/assembly-wsmaster-war/pom.xml?ref=09837c32be1563142eb93626c2e4eafac1bc355d","patch":"@@ -32,6 +32,18 @@\n             <artifactId>assembly-wsmaster-war</artifactId>\n             <type>war</type>\n         </dependency>\n+        <dependency>\n+            <groupId>org.eclipse.che.core</groupId>\n+            <artifactId>che-core-api-workspace</artifactId>\n+        </dependency>\n+        <dependency>\n+            <groupId>org.eclipse.che.core</groupId>\n+            <artifactId>che-core-api-workspace</artifactId>\n+        </dependency>\n+        <dependency>\n+            <groupId>org.eclipse.che.core</groupId>\n+            <artifactId>che-machine-authentication</artifactId>\n+        </dependency>\n         <dependency>\n             <groupId>org.eclipse.che.plugin</groupId>\n             <artifactId>che-plugin-keycloak-server</artifactId>"},{"sha":"d803c8a92e78439efb2a7875e73ac504d508250e","filename":"assembly2/dashboard/src/main/patches/src/app/index.module.ts.patch","status":"modified","additions":3,"deletions":3,"changes":6,"blob_url":"https://github.com/eclipse/che/blob/09837c32be1563142eb93626c2e4eafac1bc355d/assembly2/dashboard/src/main/patches/src/app/index.module.ts.patch","raw_url":"https://github.com/eclipse/che/raw/09837c32be1563142eb93626c2e4eafac1bc355d/assembly2/dashboard/src/main/patches/src/app/index.module.ts.patch","contents_url":"https://api.github.com/repos/eclipse/che/contents/assembly2/dashboard/src/main/patches/src/app/index.module.ts.patch?ref=09837c32be1563142eb93626c2e4eafac1bc355d","patch":"@@ -1,8 +1,8 @@\n --- src/app/index.module.ts\n +++ src/app/index.module.ts\n-@@ -32,12 +32,36 @@\n- import {StacksConfig} from './stacks/stacks-config';\n- import {DemoComponentsCtrl} from './demo-components/demo-components.controller';\n+@@ -36,12 +36,36 @@\n+ import {CheBranding} from '../components/branding/che-branding.factory';\n+ import {ChePreferences} from '../components/api/che-preferences.factory';\n -\n +import * as Keycloak from '../components/keycloak/keycloak';\n +"},{"sha":"eb12010b9acab9bb9cd317dc34a83806da3c8a85","filename":"plugins/plugin-docker/che-plugin-docker-machine/pom.xml","status":"modified","additions":4,"deletions":0,"changes":4,"blob_url":"https://github.com/eclipse/che/blob/09837c32be1563142eb93626c2e4eafac1bc355d/plugins/plugin-docker/che-plugin-docker-machine/pom.xml","raw_url":"https://github.com/eclipse/che/raw/09837c32be1563142eb93626c2e4eafac1bc355d/plugins/plugin-docker/che-plugin-docker-machine/pom.xml","contents_url":"https://api.github.com/repos/eclipse/che/contents/plugins/plugin-docker/che-plugin-docker-machine/pom.xml?ref=09837c32be1563142eb93626c2e4eafac1bc355d","patch":"@@ -93,6 +93,10 @@\n             <groupId>org.eclipse.che.core</groupId>\n             <artifactId>che-core-commons-schedule</artifactId>\n         </dependency>\n+        <dependency>\n+            <groupId>org.eclipse.che.core</groupId>\n+            <artifactId>che-machine-authentication</artifactId>\n+        </dependency>\n         <dependency>\n             <groupId>org.eclipse.che.plugin</groupId>\n             <artifactId>che-plugin-docker-client</artifactId>"},{"sha":"99feaf6e42965cd53222b8a5d29ae0c404a95777","filename":"plugins/plugin-docker/che-plugin-docker-machine/src/main/java/org/eclipse/che/plugin/docker/machine/DockerInstanceRuntimeInfo.java","status":"modified","additions":2,"deletions":0,"changes":2,"blob_url":"https://github.com/eclipse/che/blob/09837c32be1563142eb93626c2e4eafac1bc355d/plugins/plugin-docker/che-plugin-docker-machine/src/main/java/org/eclipse/che/plugin/docker/machine/DockerInstanceRuntimeInfo.java","raw_url":"https://github.com/eclipse/che/raw/09837c32be1563142eb93626c2e4eafac1bc355d/plugins/plugin-docker/che-plugin-docker-machine/src/main/java/org/eclipse/che/plugin/docker/machine/DockerInstanceRuntimeInfo.java","contents_url":"https://api.github.com/repos/eclipse/che/contents/plugins/plugin-docker/che-plugin-docker-machine/src/main/java/org/eclipse/che/plugin/docker/machine/DockerInstanceRuntimeInfo.java?ref=09837c32be1563142eb93626c2e4eafac1bc355d","patch":"@@ -84,6 +84,8 @@\n      */\n     public static final String USER_TOKEN = \"USER_TOKEN\";\n \n+    public static final String MACHINE_TOKEN = \"MACHINE_TOKEN\";\n+\n     private final ContainerInfo                    info;\n     private final Map<String, ServerConfImpl>      serversConf;\n     private final String                           internalHost;"},{"sha":"9fdd1252c97129a0ab3eeb5322227a77a82ed623","filename":"plugins/plugin-docker/che-plugin-docker-machine/src/main/java/org/eclipse/che/plugin/docker/machine/MachineProviderImpl.java","status":"modified","additions":14,"deletions":0,"changes":14,"blob_url":"https://github.com/eclipse/che/blob/09837c32be1563142eb93626c2e4eafac1bc355d/plugins/plugin-docker/che-plugin-docker-machine/src/main/java/org/eclipse/che/plugin/docker/machine/MachineProviderImpl.java","raw_url":"https://github.com/eclipse/che/raw/09837c32be1563142eb93626c2e4eafac1bc355d/plugins/plugin-docker/che-plugin-docker-machine/src/main/java/org/eclipse/che/plugin/docker/machine/MachineProviderImpl.java","contents_url":"https://api.github.com/repos/eclipse/che/contents/plugins/plugin-docker/che-plugin-docker-machine/src/main/java/org/eclipse/che/plugin/docker/machine/MachineProviderImpl.java?ref=09837c32be1563142eb93626c2e4eafac1bc355d","patch":"@@ -76,6 +76,7 @@\n import org.eclipse.che.plugin.docker.client.params.network.CreateNetworkParams;\n import org.eclipse.che.plugin.docker.client.params.network.RemoveNetworkParams;\n import org.eclipse.che.plugin.docker.machine.node.DockerNode;\n+import org.eclipse.che.machine.authentication.server.MachineTokenRegistry;\n import org.slf4j.Logger;\n \n import javax.inject.Inject;\n@@ -149,6 +150,7 @@\n     private final DockerInstanceStopDetector                    dockerInstanceStopDetector;\n     private final RequestTransmitter                            transmitter;\n     private final JsonRpcEndpointToMachineNameHolder            jsonRpcEndpointToMachineNameHolder;\n+    private final MachineTokenRegistry                          machineTokenRegistry;\n     private final boolean                                       doForcePullImage;\n     private final boolean                                       privilegedMode;\n     private final int                                           pidsLimit;\n@@ -179,6 +181,7 @@ public MachineProviderImpl(DockerConnectorProvider dockerProvider,\n                                DockerInstanceStopDetector dockerInstanceStopDetector,\n                                RequestTransmitter transmitter,\n                                JsonRpcEndpointToMachineNameHolder jsonRpcEndpointToMachineNameHolder,\n+                               MachineTokenRegistry machineTokenRegistry,\n                                @Named(\"machine.docker.dev_machine.machine_servers\") Set<ServerConf> devMachineServers,\n                                @Named(\"machine.docker.machine_servers\") Set<ServerConf> allMachinesServers,\n                                @Named(\"machine.docker.dev_machine.machine_volumes\") Set<String> devMachineSystemVolumes,\n@@ -204,6 +207,7 @@ public MachineProviderImpl(DockerConnectorProvider dockerProvider,\n         this.docker = dockerProvider.get();\n         this.dockerCredentials = dockerCredentials;\n         this.dockerMachineFactory = dockerMachineFactory;\n+        this.machineTokenRegistry = machineTokenRegistry;\n         this.dockerInstanceStopDetector = dockerInstanceStopDetector;\n         this.transmitter = transmitter;\n         this.doForcePullImage = doForcePullImage;\n@@ -658,6 +662,7 @@ private void addSystemWideContainerSettings(String workspaceId,\n \n             env = new HashMap<>(devMachineEnvVariables);\n             env.put(DockerInstanceRuntimeInfo.USER_TOKEN, getUserToken(workspaceId));\n+            env.put(DockerInstanceRuntimeInfo.MACHINE_TOKEN, getMachineToken(workspaceId));\n         } else {\n             portsToExpose = commonMachinePortsToExpose;\n             env = new HashMap<>(commonMachineEnvVariables);\n@@ -788,6 +793,15 @@ protected String getUserToken(String wsId) {\n         return EnvironmentContext.getCurrent().getSubject().getToken();\n     }\n \n+    protected String getMachineToken(String wsId) {\n+        String userToken = null;\n+        try {\n+            userToken = machineTokenRegistry.getOrCreateToken(EnvironmentContext.getCurrent().getSubject().getUserId(), wsId);\n+        } catch (NotFoundException ignore) {\n+        }\n+        return MoreObjects.firstNonNull(userToken, \"\");\n+    }\n+\n     /**\n      * Returns set that contains all non empty and non nullable values from specified set\n      */"},{"sha":"34ccfbf9c40c8c9f6987db68cfaea734d862876f","filename":"plugins/plugin-docker/che-plugin-docker-machine/src/test/java/org/eclipse/che/plugin/docker/machine/MachineProviderImplTest.java","status":"modified","additions":5,"deletions":1,"changes":6,"blob_url":"https://github.com/eclipse/che/blob/09837c32be1563142eb93626c2e4eafac1bc355d/plugins/plugin-docker/che-plugin-docker-machine/src/test/java/org/eclipse/che/plugin/docker/machine/MachineProviderImplTest.java","raw_url":"https://github.com/eclipse/che/raw/09837c32be1563142eb93626c2e4eafac1bc355d/plugins/plugin-docker/che-plugin-docker-machine/src/test/java/org/eclipse/che/plugin/docker/machine/MachineProviderImplTest.java","contents_url":"https://api.github.com/repos/eclipse/che/contents/plugins/plugin-docker/che-plugin-docker-machine/src/test/java/org/eclipse/che/plugin/docker/machine/MachineProviderImplTest.java?ref=09837c32be1563142eb93626c2e4eafac1bc355d","patch":"@@ -44,6 +44,7 @@\n import org.eclipse.che.plugin.docker.client.params.StartContainerParams;\n import org.eclipse.che.plugin.docker.client.params.TagParams;\n import org.eclipse.che.plugin.docker.machine.node.DockerNode;\n+import org.eclipse.che.machine.authentication.server.MachineTokenRegistry;\n import org.mockito.ArgumentCaptor;\n import org.mockito.Mock;\n import org.mockito.testng.MockitoTestNGListener;\n@@ -143,6 +144,9 @@\n     @Mock\n     private RecipeRetriever recipeRetriever;\n \n+    @Mock\n+    private MachineTokenRegistry tokenRegistry;\n+\n     @Mock\n     private WindowsPathEscaper pathEscaper;\n \n@@ -1784,6 +1788,7 @@ MachineProviderImpl build() throws IOException {\n                                                                           dockerInstanceStopDetector,\n                                                                           transmitter,\n                                                                           jsonRpcEndpointToMachineNameHolder,\n+                                                                          tokenRegistry,\n                                                                           devMachineServers,\n                                                                           allMachineServers,\n                                                                           devMachineVolumes,\n@@ -1807,7 +1812,6 @@ MachineProviderImpl build() throws IOException {\n                                                                           emptyMap()));\n             doNothing().when(provider).readContainerLogsInSeparateThread(anyString(), anyString(),\n                                                                          anyString(), any(LineConsumer.class));\n-\n             return provider;\n         }\n     }"},{"sha":"5c15b8dff7efcf09ddeef7d5f17d069ea3f26ce0","filename":"plugins/plugin-maven/maven-server/maven-server-impl/pom.xml","status":"modified","additions":26,"deletions":26,"changes":52,"blob_url":"https://github.com/eclipse/che/blob/09837c32be1563142eb93626c2e4eafac1bc355d/plugins/plugin-maven/maven-server/maven-server-impl/pom.xml","raw_url":"https://github.com/eclipse/che/raw/09837c32be1563142eb93626c2e4eafac1bc355d/plugins/plugin-maven/maven-server/maven-server-impl/pom.xml","contents_url":"https://api.github.com/repos/eclipse/che/contents/plugins/plugin-maven/maven-server/maven-server-impl/pom.xml?ref=09837c32be1563142eb93626c2e4eafac1bc355d","patch":"@@ -246,31 +246,31 @@\n     </build>\n     <profiles>\n         <profile>\n-                <id>integration</id>\n-                <activation>\n-                    <activeByDefault>false</activeByDefault>\n-                </activation>\n-                <build>\n-                    <plugins>\n-                        <plugin>\n-                            <groupId>org.apache.maven.plugins</groupId>\n-                            <artifactId>maven-failsafe-plugin</artifactId>\n-                            <executions>\n-                                <execution>\n-                                    <goals>\n-                                        <goal>integration-test</goal>\n-                                        <goal>verify</goal>\n-                                    </goals>\n-                                </execution>\n-                            </executions>\n-                            <configuration>\n-                                <includes>\n-                                    <include>**/maven/server/**</include>\n-                                </includes>\n-                            </configuration>\n-                        </plugin>\n-                    </plugins>\n-                </build>\n-            </profile>\n+            <id>integration</id>\n+            <activation>\n+                <activeByDefault>false</activeByDefault>\n+            </activation>\n+            <build>\n+                <plugins>\n+                    <plugin>\n+                        <groupId>org.apache.maven.plugins</groupId>\n+                        <artifactId>maven-failsafe-plugin</artifactId>\n+                        <executions>\n+                            <execution>\n+                                <goals>\n+                                    <goal>integration-test</goal>\n+                                    <goal>verify</goal>\n+                                </goals>\n+                            </execution>\n+                        </executions>\n+                        <configuration>\n+                            <includes>\n+                                <include>**/maven/server/**</include>\n+                            </includes>\n+                        </configuration>\n+                    </plugin>\n+                </plugins>\n+            </build>\n+        </profile>\n     </profiles>\n </project>"},{"sha":"2ecb509306901717658d7a9d3909147ee75ab6ff","filename":"pom.xml","status":"modified","additions":10,"deletions":0,"changes":10,"blob_url":"https://github.com/eclipse/che/blob/09837c32be1563142eb93626c2e4eafac1bc355d/pom.xml","raw_url":"https://github.com/eclipse/che/raw/09837c32be1563142eb93626c2e4eafac1bc355d/pom.xml","contents_url":"https://api.github.com/repos/eclipse/che/contents/pom.xml?ref=09837c32be1563142eb93626c2e4eafac1bc355d","patch":"@@ -528,6 +528,16 @@\n                 <artifactId>che-ide-core</artifactId>\n                 <version>${che.version}</version>\n             </dependency>\n+            <dependency>\n+                <groupId>org.eclipse.che.core</groupId>\n+                <artifactId>che-machine-authentication</artifactId>\n+                <version>${che.version}</version>\n+            </dependency>\n+            <dependency>\n+                <groupId>org.eclipse.che.core</groupId>\n+                <artifactId>che-machine-authentication-shared</artifactId>\n+                <version>${che.version}</version>\n+            </dependency>\n             <dependency>\n                 <groupId>org.eclipse.che.core</groupId>\n                 <artifactId>che-wsagent-core</artifactId>"},{"sha":"1e6d7000b9711e5f939ed7f075445a6dca892b31","filename":"wsagent/che-core-api-languageserver/pom.xml","status":"modified","additions":10,"deletions":10,"changes":20,"blob_url":"https://github.com/eclipse/che/blob/09837c32be1563142eb93626c2e4eafac1bc355d/wsagent/che-core-api-languageserver/pom.xml","raw_url":"https://github.com/eclipse/che/raw/09837c32be1563142eb93626c2e4eafac1bc355d/wsagent/che-core-api-languageserver/pom.xml","contents_url":"https://api.github.com/repos/eclipse/che/contents/wsagent/che-core-api-languageserver/pom.xml?ref=09837c32be1563142eb93626c2e4eafac1bc355d","patch":"@@ -29,10 +29,10 @@\n             <groupId>com.google.code.gson</groupId>\n             <artifactId>gson</artifactId>\n         </dependency>\n-\t\t<dependency>\n-\t\t  <groupId>com.google.guava</groupId>\n-\t\t  <artifactId>guava</artifactId>\n-\t\t</dependency>\n+        <dependency>\n+            <groupId>com.google.guava</groupId>\n+            <artifactId>guava</artifactId>\n+        </dependency>\n         <dependency>\n             <groupId>com.google.inject</groupId>\n             <artifactId>guice</artifactId>\n@@ -137,12 +137,12 @@\n                         <exclude>**/JsonUtil.java</exclude>\n                         <exclude>**/DtoConversionTest.java</exclude>\n                         <exclude>**/LanguageDescription.java</exclude>\n-                       \t<exclude>**/ServerCapabilitiesOverlay.java</exclude>\n-                       \t<exclude>**/DocumentFilter.java</exclude>\n-                       \t<exclude>**/CheLanguageClient.java</exclude>\n-                       \t<exclude>**/LanguageServerDescription.java</exclude>\n-                       \t<exclude>**/LSOperation.java</exclude>\n-                       \t<exclude>**/OperationUtil.java</exclude>\n+                        <exclude>**/ServerCapabilitiesOverlay.java</exclude>\n+                        <exclude>**/DocumentFilter.java</exclude>\n+                        <exclude>**/CheLanguageClient.java</exclude>\n+                        <exclude>**/LanguageServerDescription.java</exclude>\n+                        <exclude>**/LSOperation.java</exclude>\n+                        <exclude>**/OperationUtil.java</exclude>\n                     </excludes>\n                 </configuration>\n             </plugin>"},{"sha":"d90d17dbedf049da5060ac224c7aeab17f7929ef","filename":"wsmaster/pom.xml","status":"modified","additions":2,"deletions":0,"changes":2,"blob_url":"https://github.com/eclipse/che/blob/09837c32be1563142eb93626c2e4eafac1bc355d/wsmaster/pom.xml","raw_url":"https://github.com/eclipse/che/raw/09837c32be1563142eb93626c2e4eafac1bc355d/wsmaster/pom.xml","contents_url":"https://api.github.com/repos/eclipse/che/contents/wsmaster/pom.xml?ref=09837c32be1563142eb93626c2e4eafac1bc355d","patch":"@@ -44,5 +44,7 @@\n         <module>integration-tests</module>\n         <module>che-core-api-system</module>\n         <module>che-core-api-system-shared</module>\n+        <module>che-machine-authentication-shared</module>\n+        <module>che-machine-authentication</module>\n     </modules>\n </project>"}]}
