{"sha":"099273b1e81916cd74365cf03478e63724683b3e","commit":{"author":{"name":"Tyler Jewell","email":"tjewell@codenvy.com","date":"2016-07-02T13:29:02Z"},"committer":{"name":"GitHub","email":"noreply@github.com","date":"2016-07-02T13:29:02Z"},"message":"Update CUSTOMIZING.md","tree":{"sha":"4495706bfd11dc1751340bcb71fd7fccb51955c6","url":"https://api.github.com/repos/eclipse/che/git/trees/4495706bfd11dc1751340bcb71fd7fccb51955c6"},"url":"https://api.github.com/repos/eclipse/che/git/commits/099273b1e81916cd74365cf03478e63724683b3e","comment_count":0,"verification":{"verified":false,"reason":"unsigned","signature":null,"payload":null}},"url":"https://api.github.com/repos/eclipse/che/commits/099273b1e81916cd74365cf03478e63724683b3e","html_url":"https://github.com/eclipse/che/commit/099273b1e81916cd74365cf03478e63724683b3e","comments_url":"https://api.github.com/repos/eclipse/che/commits/099273b1e81916cd74365cf03478e63724683b3e/comments","author":{"login":"TylerJewell","id":392458,"avatar_url":"https://avatars3.githubusercontent.com/u/392458?v=4","gravatar_id":"","url":"https://api.github.com/users/TylerJewell","html_url":"https://github.com/TylerJewell","followers_url":"https://api.github.com/users/TylerJewell/followers","following_url":"https://api.github.com/users/TylerJewell/following{/other_user}","gists_url":"https://api.github.com/users/TylerJewell/gists{/gist_id}","starred_url":"https://api.github.com/users/TylerJewell/starred{/owner}{/repo}","subscriptions_url":"https://api.github.com/users/TylerJewell/subscriptions","organizations_url":"https://api.github.com/users/TylerJewell/orgs","repos_url":"https://api.github.com/users/TylerJewell/repos","events_url":"https://api.github.com/users/TylerJewell/events{/privacy}","received_events_url":"https://api.github.com/users/TylerJewell/received_events","type":"User","site_admin":false},"committer":{"login":"web-flow","id":19864447,"avatar_url":"https://avatars3.githubusercontent.com/u/19864447?v=4","gravatar_id":"","url":"https://api.github.com/users/web-flow","html_url":"https://github.com/web-flow","followers_url":"https://api.github.com/users/web-flow/followers","following_url":"https://api.github.com/users/web-flow/following{/other_user}","gists_url":"https://api.github.com/users/web-flow/gists{/gist_id}","starred_url":"https://api.github.com/users/web-flow/starred{/owner}{/repo}","subscriptions_url":"https://api.github.com/users/web-flow/subscriptions","organizations_url":"https://api.github.com/users/web-flow/orgs","repos_url":"https://api.github.com/users/web-flow/repos","events_url":"https://api.github.com/users/web-flow/events{/privacy}","received_events_url":"https://api.github.com/users/web-flow/received_events","type":"User","site_admin":false},"parents":[{"sha":"e8759326ae7a4e34bb1c79ff034347b1294e6937","url":"https://api.github.com/repos/eclipse/che/commits/e8759326ae7a4e34bb1c79ff034347b1294e6937","html_url":"https://github.com/eclipse/che/commit/e8759326ae7a4e34bb1c79ff034347b1294e6937"}],"stats":{"total":5,"additions":2,"deletions":3},"files":[{"sha":"c08e00b2c3f49d926bc4aedc693da15c6a2a5add","filename":"CUSTOMIZING.md","status":"modified","additions":2,"deletions":3,"changes":5,"blob_url":"https://github.com/eclipse/che/blob/099273b1e81916cd74365cf03478e63724683b3e/CUSTOMIZING.md","raw_url":"https://github.com/eclipse/che/raw/099273b1e81916cd74365cf03478e63724683b3e/CUSTOMIZING.md","contents_url":"https://api.github.com/repos/eclipse/che/contents/CUSTOMIZING.md?ref=099273b1e81916cd74365cf03478e63724683b3e","patch":"@@ -2,9 +2,8 @@ Eclipse Che is a platform for creating distributed developer tooling. There are\n \n #### Stacks\n A stack is the configuration of a runtime that can be used to power a workspace. Users choose the stack that powers a workspace within the user dashboard. Stacks have a recipe that defines how the container should be created and also meta data that defines the tags associated with the stack. \n-* [Add Stacks](https://eclipse-che.readme.io/docs/stacks#custom-stacks-for-che)\n-* [Stack JSON Object](https://eclipse-che.readme.io/docs/stack)\n-* [Che Stacks](https://eclipse-che.readme.io/docs/stacks)\n+* [Add Your Stacks to Che](https://eclipse-che.readme.io/docs/stacks#custom-stacks-for-che)\n+* [Stack Data Model](https://eclipse-che.readme.io/docs/stack)\n * [Che Included Stacks](https://eclipse-che.readme.io/docs/stacks#section-ready-to-go-stacks)\n * [Add Your Stack to Default Che Assembly](https://eclipse-che.readme.io/v4.0/docs/stacks#adding-stacks-to-the-che-default-assembly)\n * * TODO: Update this link to point to wiki page that can be updated by community"}]}
