{"sha":"09b5523784ef217a48f76a5b107c44676c932cb0","commit":{"author":{"name":"Dmitry Shnurenko","email":"dshnurenko@codenvy.com","date":"2016-02-15T11:11:01Z"},"committer":{"name":"Dmitry Shnurenko","email":"dshnurenko@codenvy.com","date":"2016-02-15T11:14:39Z"},"message":"IDEX-3849: Add information about project to git output panel.\n\nSigned-off-by: Dmitry Shnurenko <dshnurenko@codenvy.com>","tree":{"sha":"f98223c8a37404fc75afce83c7857720b9194f30","url":"https://api.github.com/repos/eclipse/che/git/trees/f98223c8a37404fc75afce83c7857720b9194f30"},"url":"https://api.github.com/repos/eclipse/che/git/commits/09b5523784ef217a48f76a5b107c44676c932cb0","comment_count":0,"verification":{"verified":false,"reason":"unsigned","signature":null,"payload":null}},"url":"https://api.github.com/repos/eclipse/che/commits/09b5523784ef217a48f76a5b107c44676c932cb0","html_url":"https://github.com/eclipse/che/commit/09b5523784ef217a48f76a5b107c44676c932cb0","comments_url":"https://api.github.com/repos/eclipse/che/commits/09b5523784ef217a48f76a5b107c44676c932cb0/comments","author":null,"committer":null,"parents":[{"sha":"6bb0aa775eb2b579ef21a75edf04a103d231744e","url":"https://api.github.com/repos/eclipse/che/commits/6bb0aa775eb2b579ef21a75edf04a103d231744e","html_url":"https://github.com/eclipse/che/commit/6bb0aa775eb2b579ef21a75edf04a103d231744e"}],"stats":{"total":21,"additions":14,"deletions":7},"files":[{"sha":"1ae0b718d8581a55f6a213462ee6f06cf28153b2","filename":"plugins/plugin-git/che-plugin-git-ext-git/src/main/java/org/eclipse/che/ide/ext/git/client/GitLocalizationConstant.java","status":"modified","additions":3,"deletions":0,"changes":3,"blob_url":"https://github.com/eclipse/che/blob/09b5523784ef217a48f76a5b107c44676c932cb0/plugins/plugin-git/che-plugin-git-ext-git/src/main/java/org/eclipse/che/ide/ext/git/client/GitLocalizationConstant.java","raw_url":"https://github.com/eclipse/che/raw/09b5523784ef217a48f76a5b107c44676c932cb0/plugins/plugin-git/che-plugin-git-ext-git/src/main/java/org/eclipse/che/ide/ext/git/client/GitLocalizationConstant.java","contents_url":"https://api.github.com/repos/eclipse/che/contents/plugins/plugin-git/che-plugin-git-ext-git/src/main/java/org/eclipse/che/ide/ext/git/client/GitLocalizationConstant.java?ref=09b5523784ef217a48f76a5b107c44676c932cb0","patch":"@@ -661,4 +661,7 @@\n \n     @Key(\"merge.failed\")\n     String mergeFailed();\n+\n+    @Key(\"console.project.name\")\n+    String consoleProjectName(String projectName);\n }\n\\ No newline at end of file"},{"sha":"15755f146bdc88a3a0d43d05d48f3775d45b8d2b","filename":"plugins/plugin-git/che-plugin-git-ext-git/src/main/java/org/eclipse/che/ide/ext/git/client/outputconsole/GitOutputConsolePresenter.java","status":"modified","additions":10,"deletions":5,"changes":15,"blob_url":"https://github.com/eclipse/che/blob/09b5523784ef217a48f76a5b107c44676c932cb0/plugins/plugin-git/che-plugin-git-ext-git/src/main/java/org/eclipse/che/ide/ext/git/client/outputconsole/GitOutputConsolePresenter.java","raw_url":"https://github.com/eclipse/che/raw/09b5523784ef217a48f76a5b107c44676c932cb0/plugins/plugin-git/che-plugin-git-ext-git/src/main/java/org/eclipse/che/ide/ext/git/client/outputconsole/GitOutputConsolePresenter.java","contents_url":"https://api.github.com/repos/eclipse/che/contents/plugins/plugin-git/che-plugin-git-ext-git/src/main/java/org/eclipse/che/ide/ext/git/client/outputconsole/GitOutputConsolePresenter.java?ref=09b5523784ef217a48f76a5b107c44676c932cb0","patch":"@@ -13,8 +13,9 @@\n import com.google.gwt.user.client.ui.AcceptsOneWidget;\n import com.google.inject.Inject;\n import com.google.inject.assistedinject.Assisted;\n-import com.google.web.bindery.event.shared.EventBus;\n \n+import org.eclipse.che.ide.api.app.AppContext;\n+import org.eclipse.che.ide.ext.git.client.GitLocalizationConstant;\n import org.eclipse.che.ide.ext.git.client.GitResources;\n import org.vectomatic.dom.svg.ui.SVGResource;\n \n@@ -25,22 +26,26 @@\n  */\n \n public class GitOutputConsolePresenter implements GitOutputPartView.ActionDelegate, GitOutputConsole {\n-    private String title;\n-\n     private final GitOutputPartView view;\n     private final GitResources      resources;\n+    private final String            title;\n \n     /** Construct empty Part */\n     @Inject\n     public GitOutputConsolePresenter(GitOutputPartView view,\n                                      GitResources resources,\n-                                     final EventBus eventBus,\n+                                     AppContext appContext,\n+                                     GitLocalizationConstant locale,\n                                      @Assisted String title) {\n         this.view = view;\n+        this.view.setDelegate(this);\n+\n         this.title = title;\n         this.resources = resources;\n-        this.view.setDelegate(this);\n \n+        String projectName = appContext.getCurrentProject().getRootProject().getName();\n+\n+        view.print(locale.consoleProjectName(projectName) + \"\\n\");\n     }\n \n     /** {@inheritDoc} */"},{"sha":"395c3bd2a8f087e45850c35e6f54f86c5d335c50","filename":"plugins/plugin-git/che-plugin-git-ext-git/src/main/resources/org/eclipse/che/ide/ext/git/client/GitLocalizationConstant.properties","status":"modified","additions":1,"deletions":2,"changes":3,"blob_url":"https://github.com/eclipse/che/blob/09b5523784ef217a48f76a5b107c44676c932cb0/plugins/plugin-git/che-plugin-git-ext-git/src/main/resources/org/eclipse/che/ide/ext/git/client/GitLocalizationConstant.properties","raw_url":"https://github.com/eclipse/che/raw/09b5523784ef217a48f76a5b107c44676c932cb0/plugins/plugin-git/che-plugin-git-ext-git/src/main/resources/org/eclipse/che/ide/ext/git/client/GitLocalizationConstant.properties","contents_url":"https://api.github.com/repos/eclipse/che/contents/plugins/plugin-git/che-plugin-git-ext-git/src/main/resources/org/eclipse/che/ide/ext/git/client/GitLocalizationConstant.properties?ref=09b5523784ef217a48f76a5b107c44676c932cb0","patch":"@@ -148,8 +148,6 @@ view.create.title=Initialize local repository\n view.compare.with.latest.title=Compare with latest repository version\n view.compare.with.branch.title=Compare with branch\n view.compare.with.revision.title=Compare with revision\n-view.compare.branch.list.title=Select branch to compare\n-view.compare.revision.list.title=Select revision to compare\n view.compare.revision.table.id.title=Id\n view.compare.revision.table.time.title=Time\n view.compare.revision.table.author.title=Author\n@@ -255,6 +253,7 @@ committer.title = Committer\n ################ Git console ################\n console.tooltip.scroll=Click this button to navigate to the bottom of the console.\n console.tooltip.clear=Click this button to remove all text from the console.\n+console.project.name=Project name: {0}\n \n commited=Commited\n failed.to.delete.repository=Failed to delete repository"}]}
