{"sha":"09bbd38f0dd68d329efbd1d240e97f81445884d4","commit":{"author":{"name":"Anna Shumilova","email":"ashumilo@redhat.com","date":"2018-02-04T19:08:46Z"},"committer":{"name":"Anna Shumilova","email":"ashumilo@redhat.com","date":"2018-02-05T08:50:54Z"},"message":"che-8371: fix button width\n\nSigned-off-by: Anna Shumilova <ashumilo@redhat.com>","tree":{"sha":"6dd04fd21e2c13fb1e7739fd62518f8d3630c625","url":"https://api.github.com/repos/eclipse/che/git/trees/6dd04fd21e2c13fb1e7739fd62518f8d3630c625"},"url":"https://api.github.com/repos/eclipse/che/git/commits/09bbd38f0dd68d329efbd1d240e97f81445884d4","comment_count":0,"verification":{"verified":false,"reason":"unsigned","signature":null,"payload":null}},"url":"https://api.github.com/repos/eclipse/che/commits/09bbd38f0dd68d329efbd1d240e97f81445884d4","html_url":"https://github.com/eclipse/che/commit/09bbd38f0dd68d329efbd1d240e97f81445884d4","comments_url":"https://api.github.com/repos/eclipse/che/commits/09bbd38f0dd68d329efbd1d240e97f81445884d4/comments","author":{"login":"ashumilova","id":1611939,"avatar_url":"https://avatars1.githubusercontent.com/u/1611939?v=4","gravatar_id":"","url":"https://api.github.com/users/ashumilova","html_url":"https://github.com/ashumilova","followers_url":"https://api.github.com/users/ashumilova/followers","following_url":"https://api.github.com/users/ashumilova/following{/other_user}","gists_url":"https://api.github.com/users/ashumilova/gists{/gist_id}","starred_url":"https://api.github.com/users/ashumilova/starred{/owner}{/repo}","subscriptions_url":"https://api.github.com/users/ashumilova/subscriptions","organizations_url":"https://api.github.com/users/ashumilova/orgs","repos_url":"https://api.github.com/users/ashumilova/repos","events_url":"https://api.github.com/users/ashumilova/events{/privacy}","received_events_url":"https://api.github.com/users/ashumilova/received_events","type":"User","site_admin":false},"committer":{"login":"ashumilova","id":1611939,"avatar_url":"https://avatars1.githubusercontent.com/u/1611939?v=4","gravatar_id":"","url":"https://api.github.com/users/ashumilova","html_url":"https://github.com/ashumilova","followers_url":"https://api.github.com/users/ashumilova/followers","following_url":"https://api.github.com/users/ashumilova/following{/other_user}","gists_url":"https://api.github.com/users/ashumilova/gists{/gist_id}","starred_url":"https://api.github.com/users/ashumilova/starred{/owner}{/repo}","subscriptions_url":"https://api.github.com/users/ashumilova/subscriptions","organizations_url":"https://api.github.com/users/ashumilova/orgs","repos_url":"https://api.github.com/users/ashumilova/repos","events_url":"https://api.github.com/users/ashumilova/events{/privacy}","received_events_url":"https://api.github.com/users/ashumilova/received_events","type":"User","site_admin":false},"parents":[{"sha":"e4eab0e1655a5cd17b51c76e6846855e84935cd4","url":"https://api.github.com/repos/eclipse/che/commits/e4eab0e1655a5cd17b51c76e6846855e84935cd4","html_url":"https://github.com/eclipse/che/commit/e4eab0e1655a5cd17b51c76e6846855e84935cd4"}],"stats":{"total":3,"additions":3,"deletions":0},"files":[{"sha":"9c41690409fce54ef70d3a25160dcc500f4193d0","filename":"dashboard/src/components/widget/button/che-button.styl","status":"modified","additions":3,"deletions":0,"changes":3,"blob_url":"https://github.com/eclipse/che/blob/09bbd38f0dd68d329efbd1d240e97f81445884d4/dashboard/src/components/widget/button/che-button.styl","raw_url":"https://github.com/eclipse/che/raw/09bbd38f0dd68d329efbd1d240e97f81445884d4/dashboard/src/components/widget/button/che-button.styl","contents_url":"https://api.github.com/repos/eclipse/che/contents/dashboard/src/components/widget/button/che-button.styl?ref=09bbd38f0dd68d329efbd1d240e97f81445884d4","patch":"@@ -12,6 +12,9 @@ che-button-style()\n   che-flat-button-style()\n   box-shadow-simple()\n \n+che-button-danger, che-button-warning, che-button-primary, che-button-default\n+  width fit-content\n+\n che-button-danger .md-button.md-danger-theme.md-hue-3.md-accent.md-raised, che-button-danger .md-button.md-danger-theme.md-hue-3.md-accent.md-raised\n   che-button-style()\n "}]}
