{"sha":"09c1200a66778895531c6f209c344c95dfb897c3","commit":{"author":{"name":"Florent BENOIT","email":"fbenoit@codenvy.com","date":"2016-12-26T14:47:56Z"},"committer":{"name":"Stévan Le Meur","email":"stevan.lemeur@gmail.com","date":"2016-12-26T14:47:56Z"},"message":"Use of Chefile in new cli : new 'dir' command (#3413)\n\n* Use of Chefile in new cli : new 'dir' command\r\n\r\nChange-Id: Iec4f40cfb503fe60c51d81ef06e07043e102db6a\r\nSigned-off-by: Florent BENOIT <fbenoit@codenvy.com>\r\n\r\n* Add documentation for che dir in cli\r\n(also update ssh, action and test)\r\n\r\nChange-Id: I56198634cb99d301e4f49d69f1eb357787b55af6\r\nSigned-off-by: Florent BENOIT <fbenoit@codenvy.com>","tree":{"sha":"b7c07788fddf8ad351e1727141a9a91f20c57287","url":"https://api.github.com/repos/eclipse/che/git/trees/b7c07788fddf8ad351e1727141a9a91f20c57287"},"url":"https://api.github.com/repos/eclipse/che/git/commits/09c1200a66778895531c6f209c344c95dfb897c3","comment_count":0,"verification":{"verified":false,"reason":"unsigned","signature":null,"payload":null}},"url":"https://api.github.com/repos/eclipse/che/commits/09c1200a66778895531c6f209c344c95dfb897c3","html_url":"https://github.com/eclipse/che/commit/09c1200a66778895531c6f209c344c95dfb897c3","comments_url":"https://api.github.com/repos/eclipse/che/commits/09c1200a66778895531c6f209c344c95dfb897c3/comments","author":{"login":"benoitf","id":436777,"avatar_url":"https://avatars1.githubusercontent.com/u/436777?v=4","gravatar_id":"","url":"https://api.github.com/users/benoitf","html_url":"https://github.com/benoitf","followers_url":"https://api.github.com/users/benoitf/followers","following_url":"https://api.github.com/users/benoitf/following{/other_user}","gists_url":"https://api.github.com/users/benoitf/gists{/gist_id}","starred_url":"https://api.github.com/users/benoitf/starred{/owner}{/repo}","subscriptions_url":"https://api.github.com/users/benoitf/subscriptions","organizations_url":"https://api.github.com/users/benoitf/orgs","repos_url":"https://api.github.com/users/benoitf/repos","events_url":"https://api.github.com/users/benoitf/events{/privacy}","received_events_url":"https://api.github.com/users/benoitf/received_events","type":"User","site_admin":false},"committer":{"login":"slemeur","id":1636769,"avatar_url":"https://avatars0.githubusercontent.com/u/1636769?v=4","gravatar_id":"","url":"https://api.github.com/users/slemeur","html_url":"https://github.com/slemeur","followers_url":"https://api.github.com/users/slemeur/followers","following_url":"https://api.github.com/users/slemeur/following{/other_user}","gists_url":"https://api.github.com/users/slemeur/gists{/gist_id}","starred_url":"https://api.github.com/users/slemeur/starred{/owner}{/repo}","subscriptions_url":"https://api.github.com/users/slemeur/subscriptions","organizations_url":"https://api.github.com/users/slemeur/orgs","repos_url":"https://api.github.com/users/slemeur/repos","events_url":"https://api.github.com/users/slemeur/events{/privacy}","received_events_url":"https://api.github.com/users/slemeur/received_events","type":"User","site_admin":false},"parents":[{"sha":"31941b60b51ec33eb0eb7a83f7e92e0be5f14300","url":"https://api.github.com/repos/eclipse/che/commits/31941b60b51ec33eb0eb7a83f7e92e0be5f14300","html_url":"https://github.com/eclipse/che/commit/31941b60b51ec33eb0eb7a83f7e92e0be5f14300"}],"stats":{"total":141,"additions":102,"deletions":39},"files":[{"sha":"4561486f6098df7ccd0c22ce8c0bf3169311eb13","filename":"dockerfiles/base/scripts/base/cli/cli-functions.sh","status":"modified","additions":1,"deletions":1,"changes":2,"blob_url":"https://github.com/eclipse/che/blob/09c1200a66778895531c6f209c344c95dfb897c3/dockerfiles/base/scripts/base/cli/cli-functions.sh","raw_url":"https://github.com/eclipse/che/raw/09c1200a66778895531c6f209c344c95dfb897c3/dockerfiles/base/scripts/base/cli/cli-functions.sh","contents_url":"https://api.github.com/repos/eclipse/che/contents/dockerfiles/base/scripts/base/cli/cli-functions.sh?ref=09c1200a66778895531c6f209c344c95dfb897c3","patch":"@@ -24,7 +24,7 @@ cli_parse () {\n   COMMAND=\"cmd_$1\"\n \n   case $1 in\n-      init|config|start|stop|restart|backup|restore|info|offline|destroy|download|rmi|upgrade|version|ssh|sync|action|test|compile|help)\n+      init|config|start|stop|restart|backup|restore|info|offline|destroy|download|rmi|upgrade|version|ssh|sync|action|test|compile|dir|help)\n       ;;\n       *)\n          error \"You passed an unknown command.\""},{"sha":"f91438a22da9bd728e406811403ff0ee39ea4d79","filename":"dockerfiles/base/scripts/base/commands/cmd_dir.sh","status":"added","additions":21,"deletions":0,"changes":21,"blob_url":"https://github.com/eclipse/che/blob/09c1200a66778895531c6f209c344c95dfb897c3/dockerfiles/base/scripts/base/commands/cmd_dir.sh","raw_url":"https://github.com/eclipse/che/raw/09c1200a66778895531c6f209c344c95dfb897c3/dockerfiles/base/scripts/base/commands/cmd_dir.sh","contents_url":"https://api.github.com/repos/eclipse/che/contents/dockerfiles/base/scripts/base/commands/cmd_dir.sh?ref=09c1200a66778895531c6f209c344c95dfb897c3","patch":"@@ -0,0 +1,21 @@\n+#!/bin/bash\n+# Copyright (c) 2012-2016 Codenvy, S.A.\n+# All rights reserved. This program and the accompanying materials\n+# are made available under the terms of the Eclipse Public License v1.0\n+# which accompanies this distribution, and is available at\n+# http://www.eclipse.org/legal/epl-v10.html\n+#\n+\n+cmd_dir() {\n+\n+  if [[ $# -eq 0 ]] ; then\n+    error \"dir command is requiring a local folder to be given as argument\"\n+    return 2;\n+  fi\n+\n+  local HOST_FOLDER_TO_USE=${1}\n+\n+  # Not loaded as part of the init process to save on download time\n+  update_image_if_not_found eclipse/che-dir:nightly\n+  docker_run -it -v ${HOST_FOLDER_TO_USE}:${HOST_FOLDER_TO_USE} eclipse/che-dir:nightly \"$@\"\n+}"},{"sha":"914fa6eff388499387b6a950390406c97101ca5c","filename":"dockerfiles/cli/scripts/entrypoint.sh","status":"modified","additions":2,"deletions":1,"changes":3,"blob_url":"https://github.com/eclipse/che/blob/09c1200a66778895531c6f209c344c95dfb897c3/dockerfiles/cli/scripts/entrypoint.sh","raw_url":"https://github.com/eclipse/che/raw/09c1200a66778895531c6f209c344c95dfb897c3/dockerfiles/cli/scripts/entrypoint.sh","contents_url":"https://api.github.com/repos/eclipse/che/contents/dockerfiles/cli/scripts/entrypoint.sh?ref=09c1200a66778895531c6f209c344c95dfb897c3","patch":"@@ -21,13 +21,14 @@ OPTIONAL DOCKER PARAMETERS:\n   -v <LOCAL_PATH>:${CHE_CONTAINER_ROOT}/backup         Where backup files will be saved\n   -v <LOCAL_PATH>:/repo                ${CHE_MINI_PRODUCT_NAME} git repo to activate dev mode\n   -v <LOCAL_PATH>:/sync                Where remote ws files will be copied with sync command\n-  -v <LOCAL_PATH>:/unison              Where unison profile for optimzing sync command resides\n+  -v <LOCAL_PATH>:/unison              Where unison profile for optimizing sync command resides\n     \n COMMANDS:\n   action <action-name>                 Start action on ${CHE_MINI_PRODUCT_NAME} instance\n   backup                               Backups ${CHE_MINI_PRODUCT_NAME} configuration and data to ${CHE_CONTAINER_ROOT}/backup volume mount\n   config                               Generates a ${CHE_MINI_PRODUCT_NAME} config from vars; run on any start / restart\n   destroy                              Stops services, and deletes ${CHE_MINI_PRODUCT_NAME} instance data\n+  dir <path> <command>                 Use Chefile feature in the directory <path>\n   download                             Pulls Docker images for the current ${CHE_MINI_PRODUCT_NAME} version\n   help                                 This message\n   info                                 Displays info about ${CHE_MINI_PRODUCT_NAME} and the CLI"},{"sha":"f25d97cc97ec459591ff9198a0d236b5aa336164","filename":"dockerfiles/lib/Dockerfile.dev","status":"modified","additions":1,"deletions":0,"changes":1,"blob_url":"https://github.com/eclipse/che/blob/09c1200a66778895531c6f209c344c95dfb897c3/dockerfiles/lib/Dockerfile.dev","raw_url":"https://github.com/eclipse/che/raw/09c1200a66778895531c6f209c344c95dfb897c3/dockerfiles/lib/Dockerfile.dev","contents_url":"https://api.github.com/repos/eclipse/che/contents/dockerfiles/lib/Dockerfile.dev?ref=09c1200a66778895531c6f209c344c95dfb897c3","patch":"@@ -27,4 +27,5 @@ RUN set -x \\\n         && mkdir /lib-typescript && mv /compile/node_modules /lib-typescript/\n COPY . /lib-typescript/\n RUN /lib-typescript/node_modules/.bin/tsc --project /lib-typescript/ && mv /lib-typescript/lib /che-lib \\\n+    && cd /lib-typescript/src && find . -name \"*.properties\" -exec install -D {} /che-lib/{} \\;\\\n     && rm -rf /lib-typescript && mv /runtime/node_modules /che-lib && rm -rf /runtime && rm -rf /compile"},{"sha":"7fc5559a2ee5df08b612cf1dddba5a53d574a167","filename":"dockerfiles/lib/src/index.ts","status":"modified","additions":40,"deletions":33,"changes":73,"blob_url":"https://github.com/eclipse/che/blob/09c1200a66778895531c6f209c344c95dfb897c3/dockerfiles/lib/src/index.ts","raw_url":"https://github.com/eclipse/che/raw/09c1200a66778895531c6f209c344c95dfb897c3/dockerfiles/lib/src/index.ts","contents_url":"https://api.github.com/repos/eclipse/che/contents/dockerfiles/lib/src/index.ts?ref=09c1200a66778895531c6f209c344c95dfb897c3","patch":"@@ -56,44 +56,51 @@ export class EntryPoint {\n             Log.disablePrefix();\n         }\n \n+        try {\n+            var promise : Promise<any>;\n+            switch(this.commandName) {\n+                case 'che-test':\n+                    let cheTest: CheTest = new CheTest(this.args);\n+                    promise = cheTest.run();\n+                    break;\n+                case 'che-action':\n+                    let cheAction: CheAction = new CheAction(this.args);\n+                    promise = cheAction.run();\n+                    break;\n+                case 'che-dir':\n+                    let cheDir: CheDir = new CheDir(this.args);\n+                    promise = cheDir.run();\n+                    break;\n+                default:\n+                    Log.getLogger().error('Invalid choice of command-name');\n+                    process.exit(1);\n+            }\n \n-        var promise : Promise<any>;\n-\n-        switch(this.commandName) {\n-            case 'che-test':\n-                let cheTest: CheTest = new CheTest(this.args);\n-                promise = cheTest.run();\n-                break;\n-            case 'che-action':\n-                let cheAction: CheAction = new CheAction(this.args);\n-                promise = cheAction.run();\n-                break;\n-            case 'che-dir':\n-                let cheDir: CheDir = new CheDir(this.args);\n-                promise = cheDir.run();\n-                break;\n-            default:\n-                Log.getLogger().error('Invalid choice of command-name');\n-                process.exit(1);\n-        }\n \n-        // handle error of the promise\n-        promise.catch((error) => {\n-            try {\n-                let errorMessage = JSON.parse(error);\n-                if (errorMessage.message) {\n-                    Log.getLogger().error(errorMessage.message);\n-                } else {\n+            // handle error of the promise\n+            promise.catch((error) => {\n+                try {\n+                    let errorMessage = JSON.parse(error);\n+                    if (errorMessage.message) {\n+                        Log.getLogger().error(errorMessage.message);\n+                    } else {\n+                        Log.getLogger().error(error.toString());\n+                    }\n+                } catch (e) {\n                     Log.getLogger().error(error.toString());\n+                    if (error instanceof TypeError || error instanceof SyntaxError) {\n+                        console.log(error.stack);\n+                    }\n                 }\n-            } catch (e) {\n-                Log.getLogger().error(error.toString());\n-                if (error instanceof TypeError || error instanceof SyntaxError) {\n-                    console.log(error.stack);\n-                }\n+                process.exit(1);\n+            });\n+\n+        } catch (e) {\n+            Log.getLogger().error(e);\n+            if (e instanceof TypeError || e instanceof SyntaxError) {\n+                console.log(e.stack);\n             }\n-            process.exit(1);\n-        });\n+        }\n \n     }\n "},{"sha":"80ec7e2e50ba1b2cf7495e9a05b7f3dbe3cf9ec7","filename":"dockerfiles/lib/src/internal/dir/che-dir.ts","status":"modified","additions":8,"deletions":3,"changes":11,"blob_url":"https://github.com/eclipse/che/blob/09c1200a66778895531c6f209c344c95dfb897c3/dockerfiles/lib/src/internal/dir/che-dir.ts","raw_url":"https://github.com/eclipse/che/raw/09c1200a66778895531c6f209c344c95dfb897c3/dockerfiles/lib/src/internal/dir/che-dir.ts","contents_url":"https://api.github.com/repos/eclipse/che/contents/dockerfiles/lib/src/internal/dir/che-dir.ts?ref=09c1200a66778895531c6f209c344c95dfb897c3","patch":"@@ -93,6 +93,10 @@ export class CheDir {\n     this.args = ArgumentProcessor.inject(this, args);\n \n \n+    if (this.args.length == 0) {\n+      throw new Error(\"Missing folder for synchronization.\");\n+    }\n+\n     this.currentFolder = this.path.resolve(args[0]);\n     this.folderName = this.path.basename(this.currentFolder);\n     this.cheFile = this.path.resolve(this.currentFolder, 'Chefile');\n@@ -163,9 +167,10 @@ export class CheDir {\n \n   parseArgument() : Promise<string> {\n     return new Promise<string>( (resolve, reject) => {\n-      let invalidCommand : string = 'only init, up, down, ssh and status commands are supported.';\n-      if (this.args.length == 0) {\n-        reject(invalidCommand);\n+      let emptyCommand : string = 'You need to provide an argument to the command : init, up, down, ssh or status';\n+      let invalidCommand : string = 'Invalid command given: only init, up, down, ssh and status commands are supported.';\n+      if (this.args.length == 1) {\n+        reject(emptyCommand);\n       } else if ('init' === this.args[1]\n                  || 'up' === this.args[1]\n                  || 'destroy' === this.args[1]"},{"sha":"056749484352e87bfc22c021a27019b6e0ac588c","filename":"docs/_docs/setup/che-setup-cli.md","status":"modified","additions":29,"deletions":1,"changes":30,"blob_url":"https://github.com/eclipse/che/blob/09c1200a66778895531c6f209c344c95dfb897c3/docs/_docs/setup/che-setup-cli.md","raw_url":"https://github.com/eclipse/che/raw/09c1200a66778895531c6f209c344c95dfb897c3/docs/_docs/setup/che-setup-cli.md","contents_url":"https://api.github.com/repos/eclipse/che/contents/docs/_docs/setup/che-setup-cli.md?ref=09c1200a66778895531c6f209c344c95dfb897c3","patch":"@@ -29,6 +29,7 @@ COMMANDS:\n   backup                               Backups che configuration and data to /data/backup volume mount\n   config                               Generates a che config from vars; run on any start / restart\n   destroy                              Stops services, and deletes che instance data\n+  dir <path> <command>                 Use Chefile feature in the directory <path>\n   download                             Pulls Docker images for the current che version\n   help                                 This message\n   info                                 Displays info about che and the CLI\n@@ -138,7 +139,34 @@ Restores `/instance` to its previous state. You do not need to worry about havin\n \n This command will destroy your existing `/instance` folder, so use with caution, or set these values to different folders when performing a restore.\n \n-TODO: NEED SYNTAX FOR SSH, TEST, SYNC, DIR COMMANDS\n+## action\n+Executes some actions on the Eclipse Che instance or on a workspace running inside Che.\n+For example to list all workspaces on Che, the following command can be used\n+`action list-workspaces`.\n+To execute a command on a workspace `action execute-command <workspace-name> <action>` where action can be any bash command.\n+\n+## dir\n+Boots a new Eclipse Che instance with a workspace for the folder specified in parameter.\n+If for example `$HOME/my-project` is given as parameter in `dir $HOME/my-project up`, a new Che instance will be created, using `$HOME/my-project`as project in the IDE.\n+So inside the IDE, `/projects` folder will contain a `my-project`folder with your host folder.\n+Then, any changes inside the IDE will be reflected in your host folder. And the opposite is also true, updating a file on your local computer will update the content of the file inside the IDE.\n+\n+Other commands are `init`,`up`, `down`, `ssh` and `status`\n+\n+  - `init`  : Initialize the directory specified and add a default `Chefile` file if there is none\n+  - `up`    : Boot Eclipse Che with workspace on folder\n+  - `down`  : Stop Eclipse Che and any workspaces\n+  - `ssh`   : Connect to the running workspace by using ssh\n+  - `status`: Display if an instance of Eclipse Che is running or not for the specified folder.\n+\n+## ssh\n+Connects the current terminal where the command is started to the terminal of a machine of the workspace. If no machine is specified in the command, it will connect to the default machine which is the dev machine.\n+The syntax is `ssh <workspace-name> [machine-name]`\n+The ssh connection will work only if there is a workspace ssh key setup. A default ssh key is automatically generated when a workspace is created.\n+\n+## test\n+Performs some tests on your local instance of Che. It can for example check the ability to create a workspace, start the workspace by using a custom Workspace runtime and then use it.\n+The list of all the tests available can be obtained by providing only `test` command.\n \n # CLI Development\n You can customize the CLI using a variety of techniques. This section discusses how engineers develop and test the CLI on their local machines."}]}
