{"sha":"09c782577dcad29bb679b35c242e2c4a95a3eb19","commit":{"author":{"name":"Tyler Jewell","email":"tjewell@codenvy.com","date":"2016-07-17T15:19:39Z"},"committer":{"name":"GitHub","email":"noreply@github.com","date":"2016-07-17T15:19:39Z"},"message":"Typo","tree":{"sha":"816a47f8ba55a3c252b3211299c987f03250bd45","url":"https://api.github.com/repos/eclipse/che/git/trees/816a47f8ba55a3c252b3211299c987f03250bd45"},"url":"https://api.github.com/repos/eclipse/che/git/commits/09c782577dcad29bb679b35c242e2c4a95a3eb19","comment_count":0,"verification":{"verified":false,"reason":"unsigned","signature":null,"payload":null}},"url":"https://api.github.com/repos/eclipse/che/commits/09c782577dcad29bb679b35c242e2c4a95a3eb19","html_url":"https://github.com/eclipse/che/commit/09c782577dcad29bb679b35c242e2c4a95a3eb19","comments_url":"https://api.github.com/repos/eclipse/che/commits/09c782577dcad29bb679b35c242e2c4a95a3eb19/comments","author":{"login":"TylerJewell","id":392458,"avatar_url":"https://avatars3.githubusercontent.com/u/392458?v=4","gravatar_id":"","url":"https://api.github.com/users/TylerJewell","html_url":"https://github.com/TylerJewell","followers_url":"https://api.github.com/users/TylerJewell/followers","following_url":"https://api.github.com/users/TylerJewell/following{/other_user}","gists_url":"https://api.github.com/users/TylerJewell/gists{/gist_id}","starred_url":"https://api.github.com/users/TylerJewell/starred{/owner}{/repo}","subscriptions_url":"https://api.github.com/users/TylerJewell/subscriptions","organizations_url":"https://api.github.com/users/TylerJewell/orgs","repos_url":"https://api.github.com/users/TylerJewell/repos","events_url":"https://api.github.com/users/TylerJewell/events{/privacy}","received_events_url":"https://api.github.com/users/TylerJewell/received_events","type":"User","site_admin":false},"committer":{"login":"web-flow","id":19864447,"avatar_url":"https://avatars3.githubusercontent.com/u/19864447?v=4","gravatar_id":"","url":"https://api.github.com/users/web-flow","html_url":"https://github.com/web-flow","followers_url":"https://api.github.com/users/web-flow/followers","following_url":"https://api.github.com/users/web-flow/following{/other_user}","gists_url":"https://api.github.com/users/web-flow/gists{/gist_id}","starred_url":"https://api.github.com/users/web-flow/starred{/owner}{/repo}","subscriptions_url":"https://api.github.com/users/web-flow/subscriptions","organizations_url":"https://api.github.com/users/web-flow/orgs","repos_url":"https://api.github.com/users/web-flow/repos","events_url":"https://api.github.com/users/web-flow/events{/privacy}","received_events_url":"https://api.github.com/users/web-flow/received_events","type":"User","site_admin":false},"parents":[{"sha":"68607a4aca378e002be734454d792c5fe14c01f6","url":"https://api.github.com/repos/eclipse/che/commits/68607a4aca378e002be734454d792c5fe14c01f6","html_url":"https://github.com/eclipse/che/commit/68607a4aca378e002be734454d792c5fe14c01f6"}],"stats":{"total":2,"additions":1,"deletions":1},"files":[{"sha":"73a4607fc9cb64568769ad076c3d254e2370da52","filename":"CONTRIBUTING.md","status":"modified","additions":1,"deletions":1,"changes":2,"blob_url":"https://github.com/eclipse/che/blob/09c782577dcad29bb679b35c242e2c4a95a3eb19/CONTRIBUTING.md","raw_url":"https://github.com/eclipse/che/raw/09c782577dcad29bb679b35c242e2c4a95a3eb19/CONTRIBUTING.md","contents_url":"https://api.github.com/repos/eclipse/che/contents/CONTRIBUTING.md?ref=09c782577dcad29bb679b35c242e2c4a95a3eb19","patch":"@@ -11,7 +11,7 @@ only clutter the discussion, and don't help resolving it. However, if you\n have ways to reproduce the issue or have additional information that may help\n resolving the issue, please leave a comment.\n \n-Wirting Good Bug Reports and Feature Requests\n+Writing Good Bug Reports and Feature Requests\n ---------------------------------------------\n Please file a single issue per problem and feature request. Do not file combo issues.\n "}]}
