{"sha":"09cee9f05b12039ea7d3491464aa7ca5a0196d44","commit":{"author":{"name":"Oleksii Orel","email":"oorel@codenvy.com","date":"2016-03-07T14:12:56Z"},"committer":{"name":"Oleksii Orel","email":"oorel@codenvy.com","date":"2016-03-07T14:12:56Z"},"message":"Merge pull request #646 from eclipse/CHE-684\n\nChe 684 improve import from SSH error notification","tree":{"sha":"76f852ff4c1e8b411485d70347d9edb903c65d1a","url":"https://api.github.com/repos/eclipse/che/git/trees/76f852ff4c1e8b411485d70347d9edb903c65d1a"},"url":"https://api.github.com/repos/eclipse/che/git/commits/09cee9f05b12039ea7d3491464aa7ca5a0196d44","comment_count":0,"verification":{"verified":false,"reason":"unsigned","signature":null,"payload":null}},"url":"https://api.github.com/repos/eclipse/che/commits/09cee9f05b12039ea7d3491464aa7ca5a0196d44","html_url":"https://github.com/eclipse/che/commit/09cee9f05b12039ea7d3491464aa7ca5a0196d44","comments_url":"https://api.github.com/repos/eclipse/che/commits/09cee9f05b12039ea7d3491464aa7ca5a0196d44/comments","author":{"login":"olexii4","id":6310786,"avatar_url":"https://avatars3.githubusercontent.com/u/6310786?v=4","gravatar_id":"","url":"https://api.github.com/users/olexii4","html_url":"https://github.com/olexii4","followers_url":"https://api.github.com/users/olexii4/followers","following_url":"https://api.github.com/users/olexii4/following{/other_user}","gists_url":"https://api.github.com/users/olexii4/gists{/gist_id}","starred_url":"https://api.github.com/users/olexii4/starred{/owner}{/repo}","subscriptions_url":"https://api.github.com/users/olexii4/subscriptions","organizations_url":"https://api.github.com/users/olexii4/orgs","repos_url":"https://api.github.com/users/olexii4/repos","events_url":"https://api.github.com/users/olexii4/events{/privacy}","received_events_url":"https://api.github.com/users/olexii4/received_events","type":"User","site_admin":false},"committer":{"login":"olexii4","id":6310786,"avatar_url":"https://avatars3.githubusercontent.com/u/6310786?v=4","gravatar_id":"","url":"https://api.github.com/users/olexii4","html_url":"https://github.com/olexii4","followers_url":"https://api.github.com/users/olexii4/followers","following_url":"https://api.github.com/users/olexii4/following{/other_user}","gists_url":"https://api.github.com/users/olexii4/gists{/gist_id}","starred_url":"https://api.github.com/users/olexii4/starred{/owner}{/repo}","subscriptions_url":"https://api.github.com/users/olexii4/subscriptions","organizations_url":"https://api.github.com/users/olexii4/orgs","repos_url":"https://api.github.com/users/olexii4/repos","events_url":"https://api.github.com/users/olexii4/events{/privacy}","received_events_url":"https://api.github.com/users/olexii4/received_events","type":"User","site_admin":false},"parents":[{"sha":"98e06be2922095e1aed15026290cc0b904a3da1c","url":"https://api.github.com/repos/eclipse/che/commits/98e06be2922095e1aed15026290cc0b904a3da1c","html_url":"https://github.com/eclipse/che/commit/98e06be2922095e1aed15026290cc0b904a3da1c"},{"sha":"3db06d0c2342b520e88622e5000edc3dc27f2a31","url":"https://api.github.com/repos/eclipse/che/commits/3db06d0c2342b520e88622e5000edc3dc27f2a31","html_url":"https://github.com/eclipse/che/commit/3db06d0c2342b520e88622e5000edc3dc27f2a31"}],"stats":{"total":370,"additions":163,"deletions":207},"files":[{"sha":"15dd01beddb7dead6fbd1f8680055a356ccb4e33","filename":"dashboard/src/app/dashboard/dashboard-config.js","status":"modified","additions":0,"deletions":6,"changes":6,"blob_url":"https://github.com/eclipse/che/blob/09cee9f05b12039ea7d3491464aa7ca5a0196d44/dashboard/src/app/dashboard/dashboard-config.js","raw_url":"https://github.com/eclipse/che/raw/09cee9f05b12039ea7d3491464aa7ca5a0196d44/dashboard/src/app/dashboard/dashboard-config.js","contents_url":"https://api.github.com/repos/eclipse/che/contents/dashboard/src/app/dashboard/dashboard-config.js?ref=09cee9f05b12039ea7d3491464aa7ca5a0196d44","patch":"@@ -13,8 +13,6 @@\n import {DashboardCtrl} from './dashboard.controller';\n import {DashboardLastProjectsCtrl} from './last-projects/last-projects.controller';\n import {DashboardLastProjects} from './last-projects/last-projects.directive';\n-import {WelcomeBackCtrl} from './welcome-back/welcome-back.controller';\n-import {WelcomeBack} from './welcome-back/welcome-back.directive';\n \n export class DashboardConfig {\n \n@@ -24,10 +22,6 @@ export class DashboardConfig {\n     register.controller('DashboardLastProjectsCtrl', DashboardLastProjectsCtrl);\n     register.directive('dashboardLastProjects', DashboardLastProjects);\n \n-    // welcome back\n-    register.controller('WelcomeBackCtrl', WelcomeBackCtrl);\n-    register.directive('welcomeBack', WelcomeBack);\n-\n     // controller\n     register.controller('DashboardCtrl', DashboardCtrl);\n "},{"sha":"1a52f35bbc3c38b968a82b51074576bb5925545c","filename":"dashboard/src/app/dashboard/dashboard.html","status":"modified","additions":0,"deletions":1,"changes":1,"blob_url":"https://github.com/eclipse/che/blob/09cee9f05b12039ea7d3491464aa7ca5a0196d44/dashboard/src/app/dashboard/dashboard.html","raw_url":"https://github.com/eclipse/che/raw/09cee9f05b12039ea7d3491464aa7ca5a0196d44/dashboard/src/app/dashboard/dashboard.html","contents_url":"https://api.github.com/repos/eclipse/che/contents/dashboard/src/app/dashboard/dashboard.html?ref=09cee9f05b12039ea7d3491464aa7ca5a0196d44","patch":"@@ -12,6 +12,5 @@\n -->\n <che-toolbar che-title=\"Dashboard\"></che-toolbar>\n <md-content layout=\"column\" class=\"dashboard-content\" md-scroll-y flex>\n-  <welcome-back></welcome-back>\n   <dashboard-last-projects></dashboard-last-projects>\n </md-content>"},{"sha":"d80f107c7a7a122b1e787c171af336935a22eafa","filename":"dashboard/src/app/dashboard/welcome-back/welcome-back.controller.js","status":"removed","additions":0,"deletions":116,"changes":116,"blob_url":"https://github.com/eclipse/che/blob/98e06be2922095e1aed15026290cc0b904a3da1c/dashboard/src/app/dashboard/welcome-back/welcome-back.controller.js","raw_url":"https://github.com/eclipse/che/raw/98e06be2922095e1aed15026290cc0b904a3da1c/dashboard/src/app/dashboard/welcome-back/welcome-back.controller.js","contents_url":"https://api.github.com/repos/eclipse/che/contents/dashboard/src/app/dashboard/welcome-back/welcome-back.controller.js?ref=98e06be2922095e1aed15026290cc0b904a3da1c","patch":"@@ -1,116 +0,0 @@\n-/*\n- * Copyright (c) 2015-2016 Codenvy, S.A.\n- * All rights reserved. This program and the accompanying materials\n- * are made available under the terms of the Eclipse Public License v1.0\n- * which accompanies this distribution, and is available at\n- * http://www.eclipse.org/legal/epl-v10.html\n- *\n- * Contributors:\n- *   Codenvy, S.A. - initial API and implementation\n- */\n-'use strict';\n-\n-/**\n- * @ngdoc controller\n- * @name dashboard.controller:WelcomeBackCtrl\n- * @description This class is handling the controller of the 'welcome back' panel in dashboard\n- * @author Florent Benoit\n- */\n-export class WelcomeBackCtrl {\n-\n-\n-  /**\n-   * Default constructor\n-   * @ngInject for Dependency injection\n-   */\n-  constructor(cheProject, cheWorkspace, cheProfile, userDashboardConfig, $location, $rootScope, $window) {\n-    this.cheProject = cheProject;\n-    this.cheWorkspace = cheWorkspace;\n-    this.cheProfile = cheProfile;\n-    this.userDashboardConfig = userDashboardConfig;\n-    this.$location = $location;\n-    this.$rootScope = $rootScope;\n-    this.$window = $window;\n-\n-    // ask to keep loader until we've not performed the choice\n-    if (!$rootScope.waitingLoaded) {\n-      $rootScope.wantTokeepLoader = true;\n-    }\n-\n-    this.accessUrl = $window.location.href;\n-\n-    this.requireUserAction = false;\n-    this.welcomeChoice = 'Dashboard';\n-\n-    // fetch workspaces when initializing\n-    let promise = this.cheWorkspace.fetchWorkspaces();\n-\n-    promise.then(() => {\n-          this.checkIfWorkspaces();\n-          this.state = 'OK';\n-        },\n-        (error) => {\n-          if (error.status === 304) {\n-            // ok\n-            this.checkIfWorkspaces();\n-            this.state = 'OK';\n-            return;\n-          }\n-          this.state = 'error';\n-        });\n-  }\n-\n-\n-  checkIfWorkspaces() {\n-\n-    let preferences = this.cheProfile.getPreferences();\n-\n-    let workspaces = this.cheWorkspace.getWorkspaces();\n-    // there are workspaces\n-    if (workspaces.length > 0) {\n-      // select the last one\n-      this.lastWorkspace = workspaces[0].config.name;\n-\n-      // user has not make the choice\n-      if (!preferences.choiceUDtoIDE) {\n-        this.requireUserAction = true;\n-      } else if (preferences.choiceUDtoIDE === 'ide' && !this.$rootScope.waitingLoaded) {\n-        this.$location.path('/ide/' + this.lastWorkspace);\n-      }\n-    }\n-\n-    if (this.$rootScope.wantTokeepLoader) {\n-      this.$rootScope.wantTokeepLoader = false;\n-      if (this.$rootScope.waitingLoaded) {\n-        this.$rootScope.hideLoader = true;\n-      }\n-    }\n-\n-  }\n-\n-  selectChoice(value) {\n-    // save preferences by updating the choiceUDtoIDE property\n-    let properties = {'choiceUDtoIDE' : value};\n-    this.cheProfile.updatePreferences(properties);\n-    this.requireUserAction = false;\n-    if (value) {\n-      this.welcomeChoice = 'Last Opened Workspace in IDE';\n-    }\n-  }\n-\n-\n-  needUserAction() {\n-    return this.requireUserAction;\n-  }\n-\n-  isDevMode() {\n-    return this.userDashboardConfig.developmentMode;\n-  }\n-\n-  removeChoice() {\n-    let properties = ['choiceUDtoIDE'];\n-    this.cheProfile.removePreferences(properties);\n-  }\n-\n-\n-}"},{"sha":"6cb09af4cedc38bf009dd6eed474416008bca321","filename":"dashboard/src/app/dashboard/welcome-back/welcome-back.directive.js","status":"removed","additions":0,"deletions":35,"changes":35,"blob_url":"https://github.com/eclipse/che/blob/98e06be2922095e1aed15026290cc0b904a3da1c/dashboard/src/app/dashboard/welcome-back/welcome-back.directive.js","raw_url":"https://github.com/eclipse/che/raw/98e06be2922095e1aed15026290cc0b904a3da1c/dashboard/src/app/dashboard/welcome-back/welcome-back.directive.js","contents_url":"https://api.github.com/repos/eclipse/che/contents/dashboard/src/app/dashboard/welcome-back/welcome-back.directive.js?ref=98e06be2922095e1aed15026290cc0b904a3da1c","patch":"@@ -1,35 +0,0 @@\n-/*\n- * Copyright (c) 2015-2016 Codenvy, S.A.\n- * All rights reserved. This program and the accompanying materials\n- * are made available under the terms of the Eclipse Public License v1.0\n- * which accompanies this distribution, and is available at\n- * http://www.eclipse.org/legal/epl-v10.html\n- *\n- * Contributors:\n- *   Codenvy, S.A. - initial API and implementation\n- */\n-'use strict';\n-\n-/**\n- * @ngdoc directive\n- * @name dashboard.directive:WelcomeBack\n- * @description This class is handling the directive of the 'welcome back' panel in the dashboard\n- * @author Florent Benoit\n- */\n-export class WelcomeBack {\n-\n-\n-  /**\n-   * Default constructor that is using resource\n-   * @ngInject for Dependency injection\n-   */\n-  constructor() {\n-    this.restrict = 'E';\n-    this.templateUrl = 'app/dashboard/welcome-back/welcome-back.html';\n-\n-    this.controller = 'WelcomeBackCtrl';\n-    this.controllerAs = 'welcomeBackCtrl';\n-    this.bindToController = true;\n-  }\n-\n-}"},{"sha":"7a42f5310f1714cd77f84c8ae0b3b425f4276628","filename":"dashboard/src/app/dashboard/welcome-back/welcome-back.html","status":"removed","additions":0,"deletions":18,"changes":18,"blob_url":"https://github.com/eclipse/che/blob/98e06be2922095e1aed15026290cc0b904a3da1c/dashboard/src/app/dashboard/welcome-back/welcome-back.html","raw_url":"https://github.com/eclipse/che/raw/98e06be2922095e1aed15026290cc0b904a3da1c/dashboard/src/app/dashboard/welcome-back/welcome-back.html","contents_url":"https://api.github.com/repos/eclipse/che/contents/dashboard/src/app/dashboard/welcome-back/welcome-back.html?ref=98e06be2922095e1aed15026290cc0b904a3da1c","patch":"@@ -1,18 +0,0 @@\n-<div>\n-    <che-box che-title=\"What Should <span class='welcome-back-title-bold'>{{welcomeBackCtrl.accessUrl}}</span> Load?\" che-title-icon=\"fa fa-compass\" che-box-theme=\"primary\" ng-show=\"welcomeBackCtrl.needUserAction()\">\n-        <che-list>\n-            <che-list-item flex>\n-                <che-toggle ng-model=\"welcomeBackCtrl.welcomeChoice\">\n-                    <che-toggle-button ng-click=\"welcomeBackCtrl.selectChoice('dashboard')\" che-font-icon=\"fa fa-th-large\"\n-                                        che-title=\"Dashboard\"></che-toggle-button>\n-                    <che-toggle-button ng-click=\"welcomeBackCtrl.selectChoice('ide')\" che-font-icon=\"fa fa-chevron-circle-right\"\n-                                        che-title=\"Last Opened Workspace in IDE\"></che-toggle-button>\n-                </che-toggle>\n-            </che-list-item>\n-        </che-list>\n-    </che-box>\n-    <che-panel che-title=\"What Should '/' Load?\" ng-if=\"!welcomeBackCtrl.needUserAction() && welcomeBackCtrl.isDevMode()\">\n-        <p>Development mode: This panel is only shown in development</p>\n-        <che-button-primary che-button-title=\"reset choice of welcome back\" ng-click=\"welcomeBackCtrl.removeChoice()\"></che-button-primary>\n-    </che-panel>\n-</div>"},{"sha":"d456169adeb017abb919b7da64db9dab5a083622","filename":"dashboard/src/app/dashboard/welcome-back/welcome-back.styl","status":"removed","additions":0,"deletions":5,"changes":5,"blob_url":"https://github.com/eclipse/che/blob/98e06be2922095e1aed15026290cc0b904a3da1c/dashboard/src/app/dashboard/welcome-back/welcome-back.styl","raw_url":"https://github.com/eclipse/che/raw/98e06be2922095e1aed15026290cc0b904a3da1c/dashboard/src/app/dashboard/welcome-back/welcome-back.styl","contents_url":"https://api.github.com/repos/eclipse/che/contents/dashboard/src/app/dashboard/welcome-back/welcome-back.styl?ref=98e06be2922095e1aed15026290cc0b904a3da1c","patch":"@@ -1,5 +0,0 @@\n-.welcome-back-prompt\n-  font-size 1.2em\n-\n-.welcome-back-title-bold\n-  font-weight bold"},{"sha":"a89fc0e9b0566fbdf9d5840cafed3dc204d824f5","filename":"dashboard/src/app/projects/create-project/add-ssh-key-notification/add-ssh-key-notification.controller.js","status":"added","additions":69,"deletions":0,"changes":69,"blob_url":"https://github.com/eclipse/che/blob/09cee9f05b12039ea7d3491464aa7ca5a0196d44/dashboard/src/app/projects/create-project/add-ssh-key-notification/add-ssh-key-notification.controller.js","raw_url":"https://github.com/eclipse/che/raw/09cee9f05b12039ea7d3491464aa7ca5a0196d44/dashboard/src/app/projects/create-project/add-ssh-key-notification/add-ssh-key-notification.controller.js","contents_url":"https://api.github.com/repos/eclipse/che/contents/dashboard/src/app/projects/create-project/add-ssh-key-notification/add-ssh-key-notification.controller.js?ref=09cee9f05b12039ea7d3491464aa7ca5a0196d44","patch":"@@ -0,0 +1,69 @@\n+/*\n+ * Copyright (c) 2015-2016 Codenvy, S.A.\n+ * All rights reserved. This program and the accompanying materials\n+ * are made available under the terms of the Eclipse Public License v1.0\n+ * which accompanies this distribution, and is available at\n+ * http://www.eclipse.org/legal/epl-v10.html\n+ *\n+ * Contributors:\n+ *   Codenvy, S.A. - initial API and implementation\n+ */\n+'use strict';\n+\n+/**\n+ * This class is handling the controller for the add secret key\n+ * @author Oleksii Orel\n+ */\n+export class AddSecretKeyNotificationCtrl {\n+\n+  /**\n+   * Default constructor.\n+   * @ngInject for Dependency injection\n+   */\n+  constructor($mdDialog, cheAPI, lodash) {\n+    this.$mdDialog = $mdDialog;\n+    this.cheAPI = cheAPI;\n+    this.lodash = lodash;\n+\n+    this.configURL = '#/workspaces';\n+\n+    // fetch workspaces when initializing\n+    let promise = cheAPI.getWorkspace().fetchWorkspaces();\n+    promise.then(() => {\n+      this.updateConfigURL(this.workspaceId);\n+    }, (error) => {\n+      if (error.status === 304) {\n+        this.updateConfigURL(this.workspaceId);\n+      }\n+    });\n+\n+  }\n+\n+  /**\n+   * Update config url.\n+   * @param workspaceId - the ID of the current workspace\n+   */\n+  updateConfigURL(workspaceId) {\n+    let workspaces = this.cheAPI.getWorkspace().getWorkspaces();\n+\n+    let findWorkspace = this.lodash.find(workspaces, (workspace) => {\n+      return workspace.id === workspaceId;\n+    });\n+\n+    if (findWorkspace) {\n+      let findLink = this.lodash.find(findWorkspace.links, (link) => {\n+        return link.rel === 'ide url';\n+      });\n+      if (findLink) {\n+        this.configURL = findLink.href + '?action=showPreferences';\n+      }\n+    }\n+  }\n+\n+  /**\n+   * Callback of the cancel button of the dialog.\n+   */\n+  abort() {\n+    this.$mdDialog.hide();\n+  }\n+}"},{"sha":"0b9871ea8679f2cc63434bfaae5505d512268450","filename":"dashboard/src/app/projects/create-project/add-ssh-key-notification/add-ssh-key-notification.html","status":"added","additions":27,"deletions":0,"changes":27,"blob_url":"https://github.com/eclipse/che/blob/09cee9f05b12039ea7d3491464aa7ca5a0196d44/dashboard/src/app/projects/create-project/add-ssh-key-notification/add-ssh-key-notification.html","raw_url":"https://github.com/eclipse/che/raw/09cee9f05b12039ea7d3491464aa7ca5a0196d44/dashboard/src/app/projects/create-project/add-ssh-key-notification/add-ssh-key-notification.html","contents_url":"https://api.github.com/repos/eclipse/che/contents/dashboard/src/app/projects/create-project/add-ssh-key-notification/add-ssh-key-notification.html?ref=09cee9f05b12039ea7d3491464aa7ca5a0196d44","patch":"@@ -0,0 +1,27 @@\n+<!--\n+\n+    Copyright (c) 2015 Codenvy, S.A.\n+    All rights reserved. This program and the accompanying materials\n+    are made available under the terms of the Eclipse Public License v1.0\n+    which accompanies this distribution, and is available at\n+    http://www.eclipse.org/legal/epl-v10.html\n+\n+    Contributors:\n+      Codenvy, S.A. - initial API and implementation\n+\n+-->\n+<div class=\"add-ssh-key-notification\">\n+  <div class=\"dialog-content\">\n+    <h2>Impossible to import from SSH</h2>\n+\n+    <p>The private SSH key is not configured for the repository <b>{{addSecretKeyNotificationCtrl.repoURL}}</b>.</p>\n+\n+    <p>\n+      <che-link ng-href=\"{{addSecretKeyNotificationCtrl.configURL}}\" che-link-text=\"Configure\" che-new-window></che-link>\n+      &nbsp;or Cancel.\n+    </p>\n+  </div>\n+  <che-button-notice che-button-title=\"Cancel\"\n+                     ng-click=\"addSecretKeyNotificationCtrl.abort()\">\n+  </che-button-notice>\n+</div>"},{"sha":"bffcb5ccf76a679d9a21409bcea572d4571ee851","filename":"dashboard/src/app/projects/create-project/add-ssh-key-notification/add-ssh-key-notification.styl","status":"added","additions":15,"deletions":0,"changes":15,"blob_url":"https://github.com/eclipse/che/blob/09cee9f05b12039ea7d3491464aa7ca5a0196d44/dashboard/src/app/projects/create-project/add-ssh-key-notification/add-ssh-key-notification.styl","raw_url":"https://github.com/eclipse/che/raw/09cee9f05b12039ea7d3491464aa7ca5a0196d44/dashboard/src/app/projects/create-project/add-ssh-key-notification/add-ssh-key-notification.styl","contents_url":"https://api.github.com/repos/eclipse/che/contents/dashboard/src/app/projects/create-project/add-ssh-key-notification/add-ssh-key-notification.styl?ref=09cee9f05b12039ea7d3491464aa7ca5a0196d44","patch":"@@ -0,0 +1,15 @@\n+.add-ssh-key-notification\n+  margin 5px\n+\n+.add-ssh-key-notification h1, .add-ssh-key-notification h2, .add-ssh-key-notification h3\n+  margin 0 0 20px\n+\n+.add-ssh-key-notification p\n+  margin 0 0 5px\n+\n+.add-ssh-key-notification .dialog-content\n+  margin 24px 24px 12px 24px\n+\n+.add-ssh-key-notification che-button-primary,\n+.add-ssh-key-notification che-button-notice\n+  float right"},{"sha":"8860c0d67590981eff4ff7bc7d151e19cc2ef707","filename":"dashboard/src/app/projects/create-project/create-project.controller.js","status":"modified","additions":49,"deletions":26,"changes":75,"blob_url":"https://github.com/eclipse/che/blob/09cee9f05b12039ea7d3491464aa7ca5a0196d44/dashboard/src/app/projects/create-project/create-project.controller.js","raw_url":"https://github.com/eclipse/che/raw/09cee9f05b12039ea7d3491464aa7ca5a0196d44/dashboard/src/app/projects/create-project/create-project.controller.js","contents_url":"https://api.github.com/repos/eclipse/che/contents/dashboard/src/app/projects/create-project/create-project.controller.js?ref=09cee9f05b12039ea7d3491464aa7ca5a0196d44","patch":"@@ -21,7 +21,7 @@ export class CreateProjectCtrl {\n    * Default constructor that is using resource\n    * @ngInject for Dependency injection\n    */\n-  constructor(cheAPI, cheStack, $websocket, $routeParams, $filter, $timeout, $location, $mdDialog, $scope, $rootScope, createProjectSvc, lodash, $q, $log) {\n+  constructor(cheAPI, cheStack, $websocket, $routeParams, $filter, $timeout, $location, $mdDialog, $scope, $rootScope, createProjectSvc, lodash, $q, $log, $document) {\n     this.$log = $log;\n     this.cheAPI = cheAPI;\n     this.cheStack = cheStack;\n@@ -34,6 +34,7 @@ export class CreateProjectCtrl {\n     this.createProjectSvc = createProjectSvc;\n     this.lodash = lodash;\n     this.$q = $q;\n+    this.$document = $document;\n \n     // JSON used for import data\n     this.importProjectData = this.getDefaultProjectJson();\n@@ -206,7 +207,7 @@ export class CreateProjectCtrl {\n     //if create project in progress and workspace have started\n     if (this.createProjectSvc.isCreateProjectInProgress() && this.createProjectSvc.getCurrentProgressStep() > 0) {\n       let workspaceName = this.createProjectSvc.getWorkspaceOfProject();\n-      let findWorkspace = this.lodash.find(this.workspaces, function (workspace) {\n+      let findWorkspace = this.lodash.find(this.workspaces, (workspace) => {\n         return workspace.config.name === workspaceName;\n       });\n       //check current workspace\n@@ -319,16 +320,16 @@ export class CreateProjectCtrl {\n   }\n \n \n-  startWorkspace(bus, data) {\n+  startWorkspace(bus, workspace) {\n \n     // then we've to start workspace\n     this.createProjectSvc.setCurrentProgressStep(1);\n-    let startWorkspacePromise = this.cheAPI.getWorkspace().startWorkspace(data.id, data.config.defaultEnv);\n+    let startWorkspacePromise = this.cheAPI.getWorkspace().startWorkspace(workspace.id, workspace.config.defaultEnv);\n \n-    startWorkspacePromise.then((data) => {\n+    startWorkspacePromise.then((workspace) => {\n       // get channels\n-      let environments = data.config.environments;\n-      let envName = data.config.defaultEnv;\n+      let environments = workspace.config.environments;\n+      let envName = workspace.config.defaultEnv;\n       let defaultEnvironment = this.lodash.find(environments, (environment) => {\n         return environment.name === envName;\n       });\n@@ -343,9 +344,9 @@ export class CreateProjectCtrl {\n         return machineConfigsLink.rel === 'get machine logs channel';\n       });\n \n-      let workspaceId = data.id;\n+      let workspaceId = workspace.id;\n \n-      let agentChannel = 'workspace:' + data.id + ':ext-server:output';\n+      let agentChannel = 'workspace:' + workspace.id + ':ext-server:output';\n       let statusChannel = findStatusLink ? findStatusLink.parameters[0].defaultValue : null;\n       let outputChannel = findOutputLink ? findOutputLink.parameters[0].defaultValue : null;\n \n@@ -366,7 +367,7 @@ export class CreateProjectCtrl {\n         // for now, display log of status channel in case of errors\n         this.listeningChannels.push(statusChannel);\n         bus.subscribe(statusChannel, (message) => {\n-          if (message.eventType === 'DESTROYED' && message.workspaceId === data.id) {\n+          if (message.eventType === 'DESTROYED' && message.workspaceId === workspace.id) {\n             this.getCreationSteps()[this.getCurrentProgressStep()].hasError = true;\n \n             // need to show the error\n@@ -378,7 +379,7 @@ export class CreateProjectCtrl {\n                 .ok('OK')\n             );\n           }\n-          if (message.eventType === 'ERROR' && message.workspaceId === data.id) {\n+          if (message.eventType === 'ERROR' && message.workspaceId === workspace.id) {\n             this.getCreationSteps()[this.getCurrentProgressStep()].hasError = true;\n             // need to show the error\n             this.$mdDialog.show(\n@@ -539,8 +540,11 @@ export class CreateProjectCtrl {\n     }, (error) => {\n       this.cleanupChannels(websocketStream, workspaceBus, bus, channel);\n       this.getCreationSteps()[this.getCurrentProgressStep()].hasError = true;\n-\n-      // need to show the error\n+      //if we have a SSH error\n+      if (error.data.errorCode === 32068) {\n+        this.showAddSecretKeyDialog(projectData.source.location, workspaceId);\n+        return;\n+      }\n       this.$mdDialog.show(\n         this.$mdDialog.alert()\n           .title('Error while creating the project')\n@@ -552,6 +556,25 @@ export class CreateProjectCtrl {\n \n   }\n \n+  /**\n+   * Show the add ssh key dialog\n+   * @param repoURL  the repository URL\n+   * @param workspaceId  the workspace IDL\n+   */\n+  showAddSecretKeyDialog(repoURL, workspaceId) {\n+    let parentEl = angular.element(this.$document.body);\n+\n+    this.$mdDialog.show({\n+      bindToController: true,\n+      clickOutsideToClose: true,\n+      controller: 'AddSecretKeyNotificationCtrl',\n+      controllerAs: 'addSecretKeyNotificationCtrl',\n+      locals: {repoURL: repoURL, workspaceId: workspaceId},\n+      parent: parentEl,\n+      templateUrl: 'app/projects/create-project/add-ssh-key-notification/add-ssh-key-notification.html'\n+    });\n+  }\n+\n   /**\n    * Cleanup the websocket elements after actions are finished\n    */\n@@ -739,7 +762,7 @@ export class CreateProjectCtrl {\n         // needs to get recipe URL from stack\n         let promise = this.computeRecipeForStack(this.stack);\n         promise.then((recipe) => {\n-          let findLink = this.lodash.find(recipe.links, function (link) {\n+          let findLink = this.lodash.find(recipe.links, (link) => {\n             return link.rel === 'get recipe script';\n           });\n           if (findLink) {\n@@ -815,22 +838,22 @@ export class CreateProjectCtrl {\n \n     //TODO: no account in che ? it's null when testing on localhost\n     let creationPromise = this.cheAPI.getWorkspace().createWorkspace(null, this.workspaceName, this.recipeUrl, this.workspaceRam, attributes);\n-    creationPromise.then((data) => {\n+    creationPromise.then((workspace) => {\n \n       // init message bus if not there\n       if (this.workspaces.length === 0) {\n-        this.messageBus = this.cheAPI.getWebsocket().getBus(data.id);\n+        this.messageBus = this.cheAPI.getWebsocket().getBus(workspace.id);\n       }\n \n       // recipe url\n-      let bus = this.cheAPI.getWebsocket().getBus(data.id);\n+      let bus = this.cheAPI.getWebsocket().getBus(workspace.id);\n \n       // subscribe to workspace events\n-      let workspaceChannel = 'workspace:' + data.id;\n+      let workspaceChannel = 'workspace:' + workspace.id;\n       this.listeningChannels.push(workspaceChannel);\n       bus.subscribe(workspaceChannel, (message) => {\n \n-        if (message.eventType === 'ERROR' && message.workspaceId === data.id) {\n+        if (message.eventType === 'ERROR' && message.workspaceId === workspace.id) {\n           this.createProjectSvc.setCurrentProgressStep(2);\n           this.getCreationSteps()[this.getCurrentProgressStep()].hasError = true;\n           // need to show the error\n@@ -844,23 +867,23 @@ export class CreateProjectCtrl {\n         }\n \n \n-        if (message.eventType === 'RUNNING' && message.workspaceId === data.id) {\n+        if (message.eventType === 'RUNNING' && message.workspaceId === workspace.id) {\n           this.createProjectSvc.setCurrentProgressStep(2);\n \n           this.importProjectData.project.name = this.projectName;\n \n-          let promiseRuntime = this.cheAPI.getWorkspace().fetchRuntimeConfig(data.id);\n+          let promiseRuntime = this.cheAPI.getWorkspace().fetchRuntimeConfig(workspace.id);\n           promiseRuntime.then(() => {\n-            let websocketUrl = this.cheAPI.getWorkspace().getWebsocketUrl(data.id);\n+            let websocketUrl = this.cheAPI.getWorkspace().getWebsocketUrl(workspace.id);\n             // try to connect\n             this.websocketReconnect = 10;\n-            this.connectToExtensionServer(websocketUrl, data.id, this.importProjectData.project.name, this.importProjectData, bus);\n+            this.connectToExtensionServer(websocketUrl, workspace.id, this.importProjectData.project.name, this.importProjectData, bus);\n \n           });\n         }\n       });\n       this.$timeout(() => {\n-        this.startWorkspace(bus, data);\n+        this.startWorkspace(bus, workspace);\n       }, 1000);\n \n     }, (error) => {\n@@ -1106,7 +1129,7 @@ export class CreateProjectCtrl {\n     if (!name) {\n       return;\n     }\n-    if (!this.defaultProjectName || this.defaultProjectName === this.projectName) {\n+    if (!this.projectName || !this.defaultProjectName || this.defaultProjectName === this.projectName) {\n       this.defaultProjectName = name;\n       this.projectName = angular.copy(name);\n     }\n@@ -1121,7 +1144,7 @@ export class CreateProjectCtrl {\n     if (!description) {\n       return;\n     }\n-    if (!this.defaultProjectDescription || this.defaultProjectDescription === this.projectDescription) {\n+    if (!this.projectDescription || !this.defaultProjectDescription || this.defaultProjectDescription === this.projectDescription) {\n       this.defaultProjectDescription = description;\n       this.projectDescription = angular.copy(description);\n     }"},{"sha":"37f8fdca1503a66cb0cfeb7535f99b3735d787cd","filename":"dashboard/src/app/projects/projects-config.js","status":"modified","additions":3,"deletions":0,"changes":3,"blob_url":"https://github.com/eclipse/che/blob/09cee9f05b12039ea7d3491464aa7ca5a0196d44/dashboard/src/app/projects/projects-config.js","raw_url":"https://github.com/eclipse/che/raw/09cee9f05b12039ea7d3491464aa7ca5a0196d44/dashboard/src/app/projects/projects-config.js","contents_url":"https://api.github.com/repos/eclipse/che/contents/dashboard/src/app/projects/projects-config.js?ref=09cee9f05b12039ea7d3491464aa7ca5a0196d44","patch":"@@ -19,6 +19,7 @@ import {ListProjectsWorkspaceFilter} from './list-projects/list-projects-filter-\n import {CreateProjectGit} from './create-project/git/create-project-git.directive';\n import {CreateProjectGitCtrl} from './create-project/git/create-project-git.controller';\n import {CreateProjectGithub} from './create-project/github/create-project-github.directive';\n+import {AddSecretKeyNotificationCtrl} from './create-project/add-ssh-key-notification/add-ssh-key-notification.controller';\n import {CreateProjectSamplesCtrl} from './create-project/samples/create-project-samples.controller';\n import {CreateProjectSamples} from './create-project/samples/create-project-samples.directive';\n \n@@ -58,6 +59,8 @@ export class ProjectsConfig {\n     register.controller('CreateProjectGithubCtrl', CreateProjectGithubCtrl);\n     register.directive('createProjectGithub', CreateProjectGithub);\n \n+    register.controller('AddSecretKeyNotificationCtrl', AddSecretKeyNotificationCtrl);\n+\n     register.controller('CreateProjectSamplesCtrl', CreateProjectSamplesCtrl);\n     register.directive('createProjectSamples', CreateProjectSamples);\n "}]}
