{"sha":"09df5d5cb7f9d9ace33caf742aecf512a10b075b","commit":{"author":{"name":"Anton Korneta","email":"akorneta@redhat.com","date":"2017-11-30T16:27:43Z"},"committer":{"name":"GitHub","email":"noreply@github.com","date":"2017-11-30T16:27:43Z"},"message":"Merge pull request #7629 from eclipse/CHE-5902\n\nFixes various problems usage of OpenShift client","tree":{"sha":"baeed8ac2cc96fb76fc7a3c7725c09d50245a308","url":"https://api.github.com/repos/eclipse/che/git/trees/baeed8ac2cc96fb76fc7a3c7725c09d50245a308"},"url":"https://api.github.com/repos/eclipse/che/git/commits/09df5d5cb7f9d9ace33caf742aecf512a10b075b","comment_count":0,"verification":{"verified":true,"reason":"valid","signature":"-----BEGIN PGP SIGNATURE-----\n\nwsBcBAABCAAQBQJaIDF/CRBK7hj4Ov3rIwAAdHIIADWjrqwd43AtpTB12O3VJiV1\nawsU883dLGllYSu3two+qcJJlc+dakdY0bQW80/gO9WoDfRYvillX4r6SUzBtKVo\nZvgqcDxJ63aFZUEZb5D+GaIqDFRin7pu1HdG1jNv/kurafflnEa24PyxlP+3FnJl\nkwksGPHJ5Zfp82axw95AiWZ3aKfDVENHslkGMmF8Vig0WhN0y+mjm/YcNNK9uCqS\nlMkIfDNQZsoYVxp2FhThr9EKBCUVBeO9w/vxdlMGtVweEvHgTzMFLle5iaVkmEhm\nqvKeF1/0AhnuWlwEELbGmSV4NmLXqzlj5+d5bI2EcfBRkdHDR2XiLJnY5qg6GQw=\n=4r95\n-----END PGP SIGNATURE-----\n","payload":"tree baeed8ac2cc96fb76fc7a3c7725c09d50245a308\nparent 68545311c84b8905be849273605cd977c61993f4\nparent af16ab258e26d63ada21bbd128e696c72b499af6\nauthor Anton Korneta <akorneta@redhat.com> 1512059263 +0200\ncommitter GitHub <noreply@github.com> 1512059263 +0200\n\nMerge pull request #7629 from eclipse/CHE-5902\n\nFixes various problems usage of OpenShift client"}},"url":"https://api.github.com/repos/eclipse/che/commits/09df5d5cb7f9d9ace33caf742aecf512a10b075b","html_url":"https://github.com/eclipse/che/commit/09df5d5cb7f9d9ace33caf742aecf512a10b075b","comments_url":"https://api.github.com/repos/eclipse/che/commits/09df5d5cb7f9d9ace33caf742aecf512a10b075b/comments","author":{"login":"akorneta","id":12269156,"avatar_url":"https://avatars1.githubusercontent.com/u/12269156?v=4","gravatar_id":"","url":"https://api.github.com/users/akorneta","html_url":"https://github.com/akorneta","followers_url":"https://api.github.com/users/akorneta/followers","following_url":"https://api.github.com/users/akorneta/following{/other_user}","gists_url":"https://api.github.com/users/akorneta/gists{/gist_id}","starred_url":"https://api.github.com/users/akorneta/starred{/owner}{/repo}","subscriptions_url":"https://api.github.com/users/akorneta/subscriptions","organizations_url":"https://api.github.com/users/akorneta/orgs","repos_url":"https://api.github.com/users/akorneta/repos","events_url":"https://api.github.com/users/akorneta/events{/privacy}","received_events_url":"https://api.github.com/users/akorneta/received_events","type":"User","site_admin":false},"committer":{"login":"web-flow","id":19864447,"avatar_url":"https://avatars3.githubusercontent.com/u/19864447?v=4","gravatar_id":"","url":"https://api.github.com/users/web-flow","html_url":"https://github.com/web-flow","followers_url":"https://api.github.com/users/web-flow/followers","following_url":"https://api.github.com/users/web-flow/following{/other_user}","gists_url":"https://api.github.com/users/web-flow/gists{/gist_id}","starred_url":"https://api.github.com/users/web-flow/starred{/owner}{/repo}","subscriptions_url":"https://api.github.com/users/web-flow/subscriptions","organizations_url":"https://api.github.com/users/web-flow/orgs","repos_url":"https://api.github.com/users/web-flow/repos","events_url":"https://api.github.com/users/web-flow/events{/privacy}","received_events_url":"https://api.github.com/users/web-flow/received_events","type":"User","site_admin":false},"parents":[{"sha":"68545311c84b8905be849273605cd977c61993f4","url":"https://api.github.com/repos/eclipse/che/commits/68545311c84b8905be849273605cd977c61993f4","html_url":"https://github.com/eclipse/che/commit/68545311c84b8905be849273605cd977c61993f4"},{"sha":"af16ab258e26d63ada21bbd128e696c72b499af6","url":"https://api.github.com/repos/eclipse/che/commits/af16ab258e26d63ada21bbd128e696c72b499af6","html_url":"https://github.com/eclipse/che/commit/af16ab258e26d63ada21bbd128e696c72b499af6"}],"stats":{"total":222,"additions":136,"deletions":86},"files":[{"sha":"6b4360a84fa9bb7acefe461cceeb6ea9066faee7","filename":"infrastructures/openshift/src/main/java/org/eclipse/che/workspace/infrastructure/openshift/OpenShiftClientFactory.java","status":"modified","additions":39,"deletions":4,"changes":43,"blob_url":"https://github.com/eclipse/che/blob/09df5d5cb7f9d9ace33caf742aecf512a10b075b/infrastructures/openshift/src/main/java/org/eclipse/che/workspace/infrastructure/openshift/OpenShiftClientFactory.java","raw_url":"https://github.com/eclipse/che/raw/09df5d5cb7f9d9ace33caf742aecf512a10b075b/infrastructures/openshift/src/main/java/org/eclipse/che/workspace/infrastructure/openshift/OpenShiftClientFactory.java","contents_url":"https://api.github.com/repos/eclipse/che/contents/infrastructures/openshift/src/main/java/org/eclipse/che/workspace/infrastructure/openshift/OpenShiftClientFactory.java?ref=09df5d5cb7f9d9ace33caf742aecf512a10b075b","patch":"@@ -16,14 +16,25 @@\n import io.fabric8.openshift.client.OpenShiftClient;\n import io.fabric8.openshift.client.OpenShiftConfig;\n import io.fabric8.openshift.client.OpenShiftConfigBuilder;\n+import javax.annotation.PreDestroy;\n import javax.inject.Inject;\n import javax.inject.Named;\n+import javax.inject.Singleton;\n import org.eclipse.che.api.workspace.server.spi.InfrastructureException;\n import org.eclipse.che.commons.annotation.Nullable;\n+import org.slf4j.Logger;\n+import org.slf4j.LoggerFactory;\n \n-/** @author Sergii Leshchenko */\n+/**\n+ * @author Sergii Leshchenko\n+ * @author Anton Korneta\n+ */\n+@Singleton\n public class OpenShiftClientFactory {\n-  private final OpenShiftConfig config;\n+\n+  private static final Logger LOG = LoggerFactory.getLogger(OpenShiftClientFactory.class);\n+\n+  private final UnclosableOpenShiftClient client;\n \n   @Inject\n   public OpenShiftClientFactory(\n@@ -52,7 +63,7 @@ public OpenShiftClientFactory(\n     if (doTrustCerts != null) {\n       configBuilder.withTrustCerts(doTrustCerts);\n     }\n-    config = configBuilder.build();\n+    this.client = new UnclosableOpenShiftClient(configBuilder.build());\n   }\n \n   /**\n@@ -61,6 +72,30 @@ public OpenShiftClientFactory(\n    * @throws InfrastructureException if any error occurs on client instance creation.\n    */\n   public OpenShiftClient create() throws InfrastructureException {\n-    return new DefaultOpenShiftClient(config);\n+    return client;\n+  }\n+\n+  @PreDestroy\n+  private void cleanup() {\n+    try {\n+      client.doClose();\n+    } catch (RuntimeException ex) {\n+      LOG.error(ex.getMessage());\n+    }\n+  }\n+\n+  /** Decorates the {@link DefaultOpenShiftClient} so that it can not be closed from the outside. */\n+  private static class UnclosableOpenShiftClient extends DefaultOpenShiftClient {\n+\n+    public UnclosableOpenShiftClient(OpenShiftConfig config) {\n+      super(config);\n+    }\n+\n+    @Override\n+    public void close() {}\n+\n+    void doClose() {\n+      super.close();\n+    }\n   }\n }"},{"sha":"785c94a3e2a775611883ca1423257ba3f35f8b8e","filename":"infrastructures/openshift/src/main/java/org/eclipse/che/workspace/infrastructure/openshift/OpenShiftInternalRuntime.java","status":"modified","additions":3,"deletions":2,"changes":5,"blob_url":"https://github.com/eclipse/che/blob/09df5d5cb7f9d9ace33caf742aecf512a10b075b/infrastructures/openshift/src/main/java/org/eclipse/che/workspace/infrastructure/openshift/OpenShiftInternalRuntime.java","raw_url":"https://github.com/eclipse/che/raw/09df5d5cb7f9d9ace33caf742aecf512a10b075b/infrastructures/openshift/src/main/java/org/eclipse/che/workspace/infrastructure/openshift/OpenShiftInternalRuntime.java","contents_url":"https://api.github.com/repos/eclipse/che/contents/infrastructures/openshift/src/main/java/org/eclipse/che/workspace/infrastructure/openshift/OpenShiftInternalRuntime.java?ref=09df5d5cb7f9d9ace33caf742aecf512a10b075b","patch":"@@ -107,8 +107,9 @@ protected void internalStart(Map<String, String> startOptions) throws Infrastruc\n       for (Route route : osEnv.getRoutes().values()) {\n         createdRoutes.add(project.routes().create(route));\n       }\n-      project.pods().watch(new AbnormalStopHandler());\n-      project.pods().watchContainers(new MachineLogsPublisher());\n+      // TODO https://github.com/eclipse/che/issues/7653\n+      // project.pods().watch(new AbnormalStopHandler());\n+      // project.pods().watchContainers(new MachineLogsPublisher());\n \n       createPods(createdServices, createdRoutes);\n "},{"sha":"1a8b01fe0308617f48efeff2ce49719f752aaeb3","filename":"infrastructures/openshift/src/main/java/org/eclipse/che/workspace/infrastructure/openshift/bootstrapper/OpenShiftBootstrapper.java","status":"modified","additions":4,"deletions":1,"changes":5,"blob_url":"https://github.com/eclipse/che/blob/09df5d5cb7f9d9ace33caf742aecf512a10b075b/infrastructures/openshift/src/main/java/org/eclipse/che/workspace/infrastructure/openshift/bootstrapper/OpenShiftBootstrapper.java","raw_url":"https://github.com/eclipse/che/raw/09df5d5cb7f9d9ace33caf742aecf512a10b075b/infrastructures/openshift/src/main/java/org/eclipse/che/workspace/infrastructure/openshift/bootstrapper/OpenShiftBootstrapper.java","contents_url":"https://api.github.com/repos/eclipse/che/contents/infrastructures/openshift/src/main/java/org/eclipse/che/workspace/infrastructure/openshift/bootstrapper/OpenShiftBootstrapper.java?ref=09df5d5cb7f9d9ace33caf742aecf512a10b075b","patch":"@@ -103,7 +103,10 @@ protected void doBootstrapAsync(String installerWebsocketEndpoint, String output\n             + Integer.toString(installerTimeoutSeconds)\n             + \" -file \"\n             + BOOTSTRAPPER_DIR\n-            + CONFIG_FILE);\n+            + CONFIG_FILE\n+            // redirects command output and makes the bootstrapping process detached,\n+            // to avoid the holding of the socket connection for exec watcher.\n+            + \" &>/dev/null &\");\n   }\n \n   private void injectBootstrapper() throws InfrastructureException {"},{"sha":"6ac1368acabd81f34b74c322460fb1854c19dec5","filename":"infrastructures/openshift/src/main/java/org/eclipse/che/workspace/infrastructure/openshift/environment/OpenShiftEnvironmentFactory.java","status":"modified","additions":2,"deletions":5,"changes":7,"blob_url":"https://github.com/eclipse/che/blob/09df5d5cb7f9d9ace33caf742aecf512a10b075b/infrastructures/openshift/src/main/java/org/eclipse/che/workspace/infrastructure/openshift/environment/OpenShiftEnvironmentFactory.java","raw_url":"https://github.com/eclipse/che/raw/09df5d5cb7f9d9ace33caf742aecf512a10b075b/infrastructures/openshift/src/main/java/org/eclipse/che/workspace/infrastructure/openshift/environment/OpenShiftEnvironmentFactory.java","contents_url":"https://api.github.com/repos/eclipse/che/contents/infrastructures/openshift/src/main/java/org/eclipse/che/workspace/infrastructure/openshift/environment/OpenShiftEnvironmentFactory.java?ref=09df5d5cb7f9d9ace33caf742aecf512a10b075b","patch":"@@ -19,7 +19,6 @@\n import io.fabric8.kubernetes.api.model.Service;\n import io.fabric8.openshift.api.model.DeploymentConfig;\n import io.fabric8.openshift.api.model.Route;\n-import io.fabric8.openshift.client.OpenShiftClient;\n import java.io.ByteArrayInputStream;\n import java.util.ArrayList;\n import java.util.HashMap;\n@@ -97,10 +96,8 @@ protected OpenShiftEnvironment doCreate(\n                 + \"application/x-yaml, text/yaml, text/x-yaml\");\n     }\n \n-    KubernetesList list;\n-    try (OpenShiftClient client = clientFactory.create()) {\n-      list = client.lists().load(new ByteArrayInputStream(content.getBytes())).get();\n-    }\n+    final KubernetesList list =\n+        clientFactory.create().lists().load(new ByteArrayInputStream(content.getBytes())).get();\n \n     Map<String, Pod> pods = new HashMap<>();\n     Map<String, Service> services = new HashMap<>();"},{"sha":"dc177ed06ffdd4b735f795258de5c1a1e597dd4e","filename":"infrastructures/openshift/src/main/java/org/eclipse/che/workspace/infrastructure/openshift/project/OpenShiftPersistentVolumeClaims.java","status":"modified","additions":9,"deletions":5,"changes":14,"blob_url":"https://github.com/eclipse/che/blob/09df5d5cb7f9d9ace33caf742aecf512a10b075b/infrastructures/openshift/src/main/java/org/eclipse/che/workspace/infrastructure/openshift/project/OpenShiftPersistentVolumeClaims.java","raw_url":"https://github.com/eclipse/che/raw/09df5d5cb7f9d9ace33caf742aecf512a10b075b/infrastructures/openshift/src/main/java/org/eclipse/che/workspace/infrastructure/openshift/project/OpenShiftPersistentVolumeClaims.java","contents_url":"https://api.github.com/repos/eclipse/che/contents/infrastructures/openshift/src/main/java/org/eclipse/che/workspace/infrastructure/openshift/project/OpenShiftPersistentVolumeClaims.java?ref=09df5d5cb7f9d9ace33caf742aecf512a10b075b","patch":"@@ -14,7 +14,6 @@\n \n import io.fabric8.kubernetes.api.model.PersistentVolumeClaim;\n import io.fabric8.kubernetes.client.KubernetesClientException;\n-import io.fabric8.openshift.client.OpenShiftClient;\n import java.util.Collection;\n import java.util.List;\n import java.util.Set;\n@@ -44,8 +43,8 @@\n    * @throws InfrastructureException when any exception occurs\n    */\n   public PersistentVolumeClaim create(PersistentVolumeClaim pvc) throws InfrastructureException {\n-    try (OpenShiftClient client = clientFactory.create()) {\n-      return client.persistentVolumeClaims().inNamespace(namespace).create(pvc);\n+    try {\n+      return clientFactory.create().persistentVolumeClaims().inNamespace(namespace).create(pvc);\n     } catch (KubernetesClientException e) {\n       throw new InfrastructureException(e.getMessage(), e);\n     }\n@@ -57,8 +56,13 @@ public PersistentVolumeClaim create(PersistentVolumeClaim pvc) throws Infrastruc\n    * @throws InfrastructureException when any exception occurs\n    */\n   public List<PersistentVolumeClaim> get() throws InfrastructureException {\n-    try (OpenShiftClient client = clientFactory.create()) {\n-      return client.persistentVolumeClaims().inNamespace(namespace).list().getItems();\n+    try {\n+      return clientFactory\n+          .create()\n+          .persistentVolumeClaims()\n+          .inNamespace(namespace)\n+          .list()\n+          .getItems();\n     } catch (KubernetesClientException e) {\n       throw new InfrastructureException(e.getMessage(), e);\n     }"},{"sha":"98ad6b3e0cd23e1ceee9429874f86d18706284cf","filename":"infrastructures/openshift/src/main/java/org/eclipse/che/workspace/infrastructure/openshift/project/OpenShiftPods.java","status":"modified","additions":52,"deletions":31,"changes":83,"blob_url":"https://github.com/eclipse/che/blob/09df5d5cb7f9d9ace33caf742aecf512a10b075b/infrastructures/openshift/src/main/java/org/eclipse/che/workspace/infrastructure/openshift/project/OpenShiftPods.java","raw_url":"https://github.com/eclipse/che/raw/09df5d5cb7f9d9ace33caf742aecf512a10b075b/infrastructures/openshift/src/main/java/org/eclipse/che/workspace/infrastructure/openshift/project/OpenShiftPods.java","contents_url":"https://api.github.com/repos/eclipse/che/contents/infrastructures/openshift/src/main/java/org/eclipse/che/workspace/infrastructure/openshift/project/OpenShiftPods.java?ref=09df5d5cb7f9d9ace33caf742aecf512a10b075b","patch":"@@ -24,7 +24,6 @@\n import io.fabric8.kubernetes.client.dsl.ExecListener;\n import io.fabric8.kubernetes.client.dsl.ExecWatch;\n import io.fabric8.kubernetes.client.dsl.PodResource;\n-import io.fabric8.openshift.client.OpenShiftClient;\n import java.io.UnsupportedEncodingException;\n import java.net.URLEncoder;\n import java.util.ArrayList;\n@@ -65,6 +64,9 @@\n   private static final Pattern CONTAINER_FIELD_PATH_PATTERN =\n       Pattern.compile(\"spec.containers\\\\{(?<\" + CONTAINER_NAME_GROUP + \">.*)}\");\n \n+  // TODO https://github.com/eclipse/che/issues/7656\n+  public static final int POD_REMOVAL_TIMEOUT_MIN = 5;\n+\n   private static final String POD_OBJECT_KIND = \"Pod\";\n \n   private final String namespace;\n@@ -92,8 +94,8 @@\n    */\n   public Pod create(Pod pod) throws InfrastructureException {\n     putLabel(pod, CHE_WORKSPACE_ID_LABEL, workspaceId);\n-    try (OpenShiftClient client = clientFactory.create()) {\n-      return client.pods().inNamespace(namespace).create(pod);\n+    try {\n+      return clientFactory.create().pods().inNamespace(namespace).create(pod);\n     } catch (KubernetesClientException e) {\n       throw new InfrastructureException(e.getMessage(), e);\n     }\n@@ -105,8 +107,9 @@ public Pod create(Pod pod) throws InfrastructureException {\n    * @throws InfrastructureException when any exception occurs\n    */\n   public List<Pod> get() throws InfrastructureException {\n-    try (OpenShiftClient client = clientFactory.create()) {\n-      return client\n+    try {\n+      return clientFactory\n+          .create()\n           .pods()\n           .inNamespace(namespace)\n           .withLabel(CHE_WORKSPACE_ID_LABEL, workspaceId)\n@@ -123,8 +126,9 @@ public Pod create(Pod pod) throws InfrastructureException {\n    * @throws InfrastructureException when any exception occurs\n    */\n   public Optional<Pod> get(String name) throws InfrastructureException {\n-    try (OpenShiftClient client = clientFactory.create()) {\n-      return Optional.ofNullable(client.pods().inNamespace(namespace).withName(name).get());\n+    try {\n+      return Optional.ofNullable(\n+          clientFactory.create().pods().inNamespace(namespace).withName(name).get());\n     } catch (KubernetesClientException e) {\n       throw new InfrastructureException(e.getMessage(), e);\n     }\n@@ -145,9 +149,9 @@ public Pod wait(String name, int timeoutMin, Predicate<Pod> predicate)\n       throws InfrastructureException {\n     CompletableFuture<Pod> future = new CompletableFuture<>();\n     Watch watch = null;\n-    try (OpenShiftClient client = clientFactory.create()) {\n+    try {\n       PodResource<Pod, DoneablePod> podResource =\n-          client.pods().inNamespace(namespace).withName(name);\n+          clientFactory.create().pods().inNamespace(namespace).withName(name);\n \n       watch =\n           podResource.watch(\n@@ -213,9 +217,10 @@ public void eventReceived(Action action, Pod pod) {\n             @Override\n             public void onClose(KubernetesClientException ignored) {}\n           };\n-      try (OpenShiftClient client = clientFactory.create()) {\n+      try {\n         podWatch =\n-            client\n+            clientFactory\n+                .create()\n                 .pods()\n                 .inNamespace(namespace)\n                 .withLabel(CHE_WORKSPACE_ID_LABEL, workspaceId)\n@@ -264,8 +269,8 @@ public void eventReceived(Action action, Event event) {\n             @Override\n             public void onClose(KubernetesClientException ignored) {}\n           };\n-      try (OpenShiftClient client = clientFactory.create()) {\n-        containerWatch = client.events().inNamespace(namespace).watch(watcher);\n+      try {\n+        containerWatch = clientFactory.create().events().inNamespace(namespace).watch(watcher);\n       } catch (KubernetesClientException ex) {\n         throw new InfrastructureException(ex.getMessage());\n       }\n@@ -311,16 +316,16 @@ void stopWatch() {\n    */\n   public void exec(String podName, String containerName, int timeoutMin, String[] command)\n       throws InfrastructureException {\n-    ExecWatchdog watchdog = new ExecWatchdog();\n-    try (OpenShiftClient client = clientFactory.create();\n-        ExecWatch watch =\n-            client\n-                .pods()\n-                .inNamespace(namespace)\n-                .withName(podName)\n-                .inContainer(containerName)\n-                .usingListener(watchdog)\n-                .exec(encode(command))) {\n+    final ExecWatchdog watchdog = new ExecWatchdog();\n+    try (ExecWatch watch =\n+        clientFactory\n+            .create()\n+            .pods()\n+            .inNamespace(namespace)\n+            .withName(podName)\n+            .inContainer(containerName)\n+            .usingListener(watchdog)\n+            .exec(encode(command))) {\n       try {\n         watchdog.wait(timeoutMin, TimeUnit.MINUTES);\n       } catch (InterruptedException e) {\n@@ -340,18 +345,21 @@ public void exec(String podName, String containerName, int timeoutMin, String[]\n    *\n    * @param name name of pod to remove\n    * @throws InfrastructureException when {@link Thread} is interrupted while command executing\n+   * @throws InfrastructureException when pod removal timeout is reached\n    * @throws InfrastructureException when any other exception occurs\n    */\n   public void delete(String name) throws InfrastructureException {\n     try {\n-      doDelete(name).get();\n+      doDelete(name).get(POD_REMOVAL_TIMEOUT_MIN, TimeUnit.MINUTES);\n     } catch (InterruptedException ex) {\n       Thread.currentThread().interrupt();\n       throw new InfrastructureException(\n           \"Interrupted while waiting for pod removal. \" + ex.getMessage());\n     } catch (ExecutionException ex) {\n       throw new InfrastructureException(\n           \"Error occurred while waiting for pod removal. \" + ex.getMessage());\n+    } catch (TimeoutException ex) {\n+      throw new InfrastructureException(\"Pod removal timeout reached \" + ex.getMessage());\n     }\n   }\n \n@@ -362,13 +370,15 @@ public void delete(String name) throws InfrastructureException {\n    * pods will be killed.\n    *\n    * @throws InfrastructureException when {@link Thread} is interrupted while command executing\n+   * @throws InfrastructureException when pods removal timeout is reached\n    * @throws InfrastructureException when any other exception occurs\n    */\n   public void delete() throws InfrastructureException {\n-    try (OpenShiftClient client = clientFactory.create()) {\n+    try {\n       // pods are removed with some delay related to stopping of containers. It is need to wait them\n       List<Pod> pods =\n-          client\n+          clientFactory\n+              .create()\n               .pods()\n               .inNamespace(namespace)\n               .withLabel(CHE_WORKSPACE_ID_LABEL, workspaceId)\n@@ -381,28 +391,39 @@ public void delete() throws InfrastructureException {\n       final CompletableFuture<Void> removed =\n           allOf(deleteFutures.toArray(new CompletableFuture[deleteFutures.size()]));\n       try {\n-        removed.get();\n+        removed.get(POD_REMOVAL_TIMEOUT_MIN, TimeUnit.MINUTES);\n       } catch (InterruptedException e) {\n         Thread.currentThread().interrupt();\n         throw new InfrastructureException(\n             \"Interrupted while waiting for pod removal. \" + e.getMessage());\n       } catch (ExecutionException e) {\n         throw new InfrastructureException(\n             \"Error occurred while waiting for pod removing. \" + e.getMessage());\n+      } catch (TimeoutException ex) {\n+        throw new InfrastructureException(\"Pods removal timeout reached \" + ex.getMessage());\n       }\n     } catch (KubernetesClientException e) {\n       throw new InfrastructureException(e.getMessage(), e);\n     }\n   }\n \n   private CompletableFuture<Void> doDelete(String name) throws InfrastructureException {\n-    try (OpenShiftClient client = clientFactory.create()) {\n+    try {\n       final PodResource<Pod, DoneablePod> podResource =\n-          client.pods().inNamespace(namespace).withName(name);\n+          clientFactory.create().pods().inNamespace(namespace).withName(name);\n       final CompletableFuture<Void> deleteFuture = new CompletableFuture<>();\n-      podResource.watch(new DeleteWatcher(deleteFuture));\n+      final Watch watch = podResource.watch(new DeleteWatcher(deleteFuture));\n+\n       podResource.delete();\n-      return deleteFuture;\n+\n+      return deleteFuture.handle(\n+          (v, e) -> {\n+            if (e != null) {\n+              LOG.warn(\"Failed to remove pod {} cause {}\", name, e.getMessage());\n+            }\n+            watch.close();\n+            return null;\n+          });\n     } catch (KubernetesClientException ex) {\n       throw new InfrastructureException(ex.getMessage(), ex);\n     }"},{"sha":"f2af29b2f21b50bf7c5ab9200c58343759aa5338","filename":"infrastructures/openshift/src/main/java/org/eclipse/che/workspace/infrastructure/openshift/project/OpenShiftProject.java","status":"modified","additions":3,"deletions":5,"changes":8,"blob_url":"https://github.com/eclipse/che/blob/09df5d5cb7f9d9ace33caf742aecf512a10b075b/infrastructures/openshift/src/main/java/org/eclipse/che/workspace/infrastructure/openshift/project/OpenShiftProject.java","raw_url":"https://github.com/eclipse/che/raw/09df5d5cb7f9d9ace33caf742aecf512a10b075b/infrastructures/openshift/src/main/java/org/eclipse/che/workspace/infrastructure/openshift/project/OpenShiftProject.java","contents_url":"https://api.github.com/repos/eclipse/che/contents/infrastructures/openshift/src/main/java/org/eclipse/che/workspace/infrastructure/openshift/project/OpenShiftProject.java?ref=09df5d5cb7f9d9ace33caf742aecf512a10b075b","patch":"@@ -38,10 +38,9 @@ public OpenShiftProject(OpenShiftClientFactory clientFactory, String name, Strin\n     this.services = new OpenShiftServices(name, workspaceId, clientFactory);\n     this.routes = new OpenShiftRoutes(name, workspaceId, clientFactory);\n     this.pvcs = new OpenShiftPersistentVolumeClaims(name, clientFactory);\n-    try (OpenShiftClient client = clientFactory.create()) {\n-      if (get(name, client) == null) {\n-        create(name, client);\n-      }\n+    final OpenShiftClient client = clientFactory.create();\n+    if (get(name, client) == null) {\n+      create(name, client);\n     }\n   }\n \n@@ -67,7 +66,6 @@ public OpenShiftPersistentVolumeClaims persistentVolumeClaims() {\n \n   /** Removes all object except persistent volume claim inside project. */\n   public void cleanUp() throws InfrastructureException {\n-    pods.stopWatch();\n     pods.delete();\n     services.delete();\n     routes.delete();"},{"sha":"1172c430f21ff47921fdc9f43172586a3078c439","filename":"infrastructures/openshift/src/main/java/org/eclipse/che/workspace/infrastructure/openshift/project/OpenShiftRoutes.java","status":"modified","additions":8,"deletions":7,"changes":15,"blob_url":"https://github.com/eclipse/che/blob/09df5d5cb7f9d9ace33caf742aecf512a10b075b/infrastructures/openshift/src/main/java/org/eclipse/che/workspace/infrastructure/openshift/project/OpenShiftRoutes.java","raw_url":"https://github.com/eclipse/che/raw/09df5d5cb7f9d9ace33caf742aecf512a10b075b/infrastructures/openshift/src/main/java/org/eclipse/che/workspace/infrastructure/openshift/project/OpenShiftRoutes.java","contents_url":"https://api.github.com/repos/eclipse/che/contents/infrastructures/openshift/src/main/java/org/eclipse/che/workspace/infrastructure/openshift/project/OpenShiftRoutes.java?ref=09df5d5cb7f9d9ace33caf742aecf512a10b075b","patch":"@@ -15,7 +15,6 @@\n \n import io.fabric8.kubernetes.client.KubernetesClientException;\n import io.fabric8.openshift.api.model.Route;\n-import io.fabric8.openshift.client.OpenShiftClient;\n import java.util.List;\n import org.eclipse.che.api.workspace.server.spi.InfrastructureException;\n import org.eclipse.che.workspace.infrastructure.openshift.OpenShiftClientFactory;\n@@ -46,8 +45,8 @@\n    */\n   public Route create(Route route) throws InfrastructureException {\n     putLabel(route, CHE_WORKSPACE_ID_LABEL, workspaceId);\n-    try (OpenShiftClient client = clientFactory.create()) {\n-      return client.routes().inNamespace(namespace).create(route);\n+    try {\n+      return clientFactory.create().routes().inNamespace(namespace).create(route);\n     } catch (KubernetesClientException e) {\n       throw new InfrastructureException(e.getMessage(), e);\n     }\n@@ -59,8 +58,9 @@ public Route create(Route route) throws InfrastructureException {\n    * @throws InfrastructureException when any exception occurs\n    */\n   public List<Route> get() throws InfrastructureException {\n-    try (OpenShiftClient client = clientFactory.create()) {\n-      return client\n+    try {\n+      return clientFactory\n+          .create()\n           .routes()\n           .inNamespace(namespace)\n           .withLabel(CHE_WORKSPACE_ID_LABEL, workspaceId)\n@@ -77,8 +77,9 @@ public Route create(Route route) throws InfrastructureException {\n    * @throws InfrastructureException when any exception occurs\n    */\n   public void delete() throws InfrastructureException {\n-    try (OpenShiftClient client = clientFactory.create()) {\n-      client\n+    try {\n+      clientFactory\n+          .create()\n           .routes()\n           .inNamespace(namespace)\n           .withLabel(CHE_WORKSPACE_ID_LABEL, workspaceId)"},{"sha":"522cc482a755378ef72d193e3fe9d798c630a1c0","filename":"infrastructures/openshift/src/main/java/org/eclipse/che/workspace/infrastructure/openshift/project/OpenShiftServices.java","status":"modified","additions":8,"deletions":7,"changes":15,"blob_url":"https://github.com/eclipse/che/blob/09df5d5cb7f9d9ace33caf742aecf512a10b075b/infrastructures/openshift/src/main/java/org/eclipse/che/workspace/infrastructure/openshift/project/OpenShiftServices.java","raw_url":"https://github.com/eclipse/che/raw/09df5d5cb7f9d9ace33caf742aecf512a10b075b/infrastructures/openshift/src/main/java/org/eclipse/che/workspace/infrastructure/openshift/project/OpenShiftServices.java","contents_url":"https://api.github.com/repos/eclipse/che/contents/infrastructures/openshift/src/main/java/org/eclipse/che/workspace/infrastructure/openshift/project/OpenShiftServices.java?ref=09df5d5cb7f9d9ace33caf742aecf512a10b075b","patch":"@@ -16,7 +16,6 @@\n \n import io.fabric8.kubernetes.api.model.Service;\n import io.fabric8.kubernetes.client.KubernetesClientException;\n-import io.fabric8.openshift.client.OpenShiftClient;\n import java.util.List;\n import org.eclipse.che.api.workspace.server.spi.InfrastructureException;\n import org.eclipse.che.workspace.infrastructure.openshift.OpenShiftClientFactory;\n@@ -48,8 +47,8 @@\n   public Service create(Service service) throws InfrastructureException {\n     putLabel(service, CHE_WORKSPACE_ID_LABEL, workspaceId);\n     putSelector(service, CHE_WORKSPACE_ID_LABEL, workspaceId);\n-    try (OpenShiftClient client = clientFactory.create()) {\n-      return client.services().inNamespace(namespace).create(service);\n+    try {\n+      return clientFactory.create().services().inNamespace(namespace).create(service);\n     } catch (KubernetesClientException e) {\n       throw new InfrastructureException(e.getMessage(), e);\n     }\n@@ -61,8 +60,9 @@ public Service create(Service service) throws InfrastructureException {\n    * @throws InfrastructureException when any exception occurs\n    */\n   public List<Service> get() throws InfrastructureException {\n-    try (OpenShiftClient client = clientFactory.create()) {\n-      return client\n+    try {\n+      return clientFactory\n+          .create()\n           .services()\n           .inNamespace(namespace)\n           .withLabel(CHE_WORKSPACE_ID_LABEL, workspaceId)\n@@ -79,8 +79,9 @@ public Service create(Service service) throws InfrastructureException {\n    * @throws InfrastructureException when any exception occurs\n    */\n   public void delete() throws InfrastructureException {\n-    try (OpenShiftClient client = clientFactory.create()) {\n-      client\n+    try {\n+      clientFactory\n+          .create()\n           .services()\n           .inNamespace(namespace)\n           .withLabel(CHE_WORKSPACE_ID_LABEL, workspaceId)"},{"sha":"d0eb0c6609935ba888bf2f02e31ff9224d95595c","filename":"infrastructures/openshift/src/main/java/org/eclipse/che/workspace/infrastructure/openshift/project/RemoveProjectOnWorkspaceRemove.java","status":"modified","additions":1,"deletions":4,"changes":5,"blob_url":"https://github.com/eclipse/che/blob/09df5d5cb7f9d9ace33caf742aecf512a10b075b/infrastructures/openshift/src/main/java/org/eclipse/che/workspace/infrastructure/openshift/project/RemoveProjectOnWorkspaceRemove.java","raw_url":"https://github.com/eclipse/che/raw/09df5d5cb7f9d9ace33caf742aecf512a10b075b/infrastructures/openshift/src/main/java/org/eclipse/che/workspace/infrastructure/openshift/project/RemoveProjectOnWorkspaceRemove.java","contents_url":"https://api.github.com/repos/eclipse/che/contents/infrastructures/openshift/src/main/java/org/eclipse/che/workspace/infrastructure/openshift/project/RemoveProjectOnWorkspaceRemove.java?ref=09df5d5cb7f9d9ace33caf742aecf512a10b075b","patch":"@@ -15,7 +15,6 @@\n import com.google.common.annotations.VisibleForTesting;\n import com.google.inject.Inject;\n import com.google.inject.Singleton;\n-import io.fabric8.openshift.client.OpenShiftClient;\n import javax.inject.Named;\n import org.eclipse.che.api.core.notification.EventService;\n import org.eclipse.che.api.core.notification.EventSubscriber;\n@@ -67,8 +66,6 @@ public void onEvent(WorkspaceRemovedEvent event) {\n \n   @VisibleForTesting\n   void doRemoveProject(String projectName) throws InfrastructureException {\n-    try (OpenShiftClient client = clientFactory.create()) {\n-      client.projects().withName(projectName).delete();\n-    }\n+    clientFactory.create().projects().withName(projectName).delete();\n   }\n }"},{"sha":"de7b5f0bd7ae43373f5220f7c8c5d98bca39a741","filename":"infrastructures/openshift/src/main/java/org/eclipse/che/workspace/infrastructure/openshift/project/pvc/UniqueWorkspacePVCStrategy.java","status":"modified","additions":7,"deletions":5,"changes":12,"blob_url":"https://github.com/eclipse/che/blob/09df5d5cb7f9d9ace33caf742aecf512a10b075b/infrastructures/openshift/src/main/java/org/eclipse/che/workspace/infrastructure/openshift/project/pvc/UniqueWorkspacePVCStrategy.java","raw_url":"https://github.com/eclipse/che/raw/09df5d5cb7f9d9ace33caf742aecf512a10b075b/infrastructures/openshift/src/main/java/org/eclipse/che/workspace/infrastructure/openshift/project/pvc/UniqueWorkspacePVCStrategy.java","contents_url":"https://api.github.com/repos/eclipse/che/contents/infrastructures/openshift/src/main/java/org/eclipse/che/workspace/infrastructure/openshift/project/pvc/UniqueWorkspacePVCStrategy.java?ref=09df5d5cb7f9d9ace33caf742aecf512a10b075b","patch":"@@ -18,7 +18,6 @@\n import io.fabric8.kubernetes.api.model.PersistentVolumeClaim;\n import io.fabric8.kubernetes.api.model.Pod;\n import io.fabric8.kubernetes.api.model.PodSpec;\n-import io.fabric8.openshift.client.OpenShiftClient;\n import java.util.Map;\n import java.util.Map.Entry;\n import javax.inject.Inject;\n@@ -109,10 +108,13 @@ private void addMachineVolumes(\n \n   @Override\n   public void cleanup(String workspaceId) throws InfrastructureException {\n-    try (OpenShiftClient client = clientFactory.create()) {\n-      final String pvcUniqueName = pvcName + '-' + workspaceId;\n-      client.persistentVolumeClaims().inNamespace(projectName).withName(pvcUniqueName).delete();\n-    }\n+    final String pvcUniqueName = pvcName + '-' + workspaceId;\n+    clientFactory\n+        .create()\n+        .persistentVolumeClaims()\n+        .inNamespace(projectName)\n+        .withName(pvcUniqueName)\n+        .delete();\n   }\n \n   private void addVolumeIfNeeded(PodSpec podSpec, String pvcUniqueName) {"},{"sha":"da4ded188a3f4063e4864a9ede7e4a2eead3ebf1","filename":"infrastructures/openshift/src/test/java/org/eclipse/che/workspace/infrastructure/openshift/OpenShiftInternalRuntimeTest.java","status":"modified","additions":0,"deletions":10,"changes":10,"blob_url":"https://github.com/eclipse/che/blob/09df5d5cb7f9d9ace33caf742aecf512a10b075b/infrastructures/openshift/src/test/java/org/eclipse/che/workspace/infrastructure/openshift/OpenShiftInternalRuntimeTest.java","raw_url":"https://github.com/eclipse/che/raw/09df5d5cb7f9d9ace33caf742aecf512a10b075b/infrastructures/openshift/src/test/java/org/eclipse/che/workspace/infrastructure/openshift/OpenShiftInternalRuntimeTest.java","contents_url":"https://api.github.com/repos/eclipse/che/contents/infrastructures/openshift/src/test/java/org/eclipse/che/workspace/infrastructure/openshift/OpenShiftInternalRuntimeTest.java?ref=09df5d5cb7f9d9ace33caf742aecf512a10b075b","patch":"@@ -288,16 +288,6 @@ public void throwsInfrastructureExceptionWhenOpenShiftProjectCleanupFailed() thr\n     internalRuntime.internalStop(emptyMap());\n   }\n \n-  @Test(expectedExceptions = InfrastructureException.class)\n-  public void throwsInfrastructureExceptionWhenMachineAbnormallyStopped() throws Exception {\n-    doThrow(InfrastructureException.class).when(pods).watch(any());\n-\n-    internalRuntime.internalStart(emptyMap());\n-\n-    verify(project, times(2)).cleanUp();\n-    verify(project, never()).pods();\n-  }\n-\n   @Test\n   public void testRepublishContainerOutputAsMachineLogEvents() throws Exception {\n     final MachineLogsPublisher logsPublisher = internalRuntime.new MachineLogsPublisher();"}]}
