{"sha":"09e58f70cf4e71e6edb84f121f817efe7b97a300","commit":{"author":{"name":"SkorikSergey","email":"sskorik@codenvy.com","date":"2017-11-20T11:04:31Z"},"committer":{"name":"SkorikSergey","email":"sskorik@codenvy.com","date":"2017-11-20T11:04:31Z"},"message":"deleted checkIsNotExcludeOperationEventAboutIgnoreFile test method","tree":{"sha":"ac9b83fb4439a3b82ca753755d4b54d3dd0ee21a","url":"https://api.github.com/repos/eclipse/che/git/trees/ac9b83fb4439a3b82ca753755d4b54d3dd0ee21a"},"url":"https://api.github.com/repos/eclipse/che/git/commits/09e58f70cf4e71e6edb84f121f817efe7b97a300","comment_count":0,"verification":{"verified":false,"reason":"unsigned","signature":null,"payload":null}},"url":"https://api.github.com/repos/eclipse/che/commits/09e58f70cf4e71e6edb84f121f817efe7b97a300","html_url":"https://github.com/eclipse/che/commit/09e58f70cf4e71e6edb84f121f817efe7b97a300","comments_url":"https://api.github.com/repos/eclipse/che/commits/09e58f70cf4e71e6edb84f121f817efe7b97a300/comments","author":{"login":"SkorikSergey","id":7760565,"avatar_url":"https://avatars1.githubusercontent.com/u/7760565?v=4","gravatar_id":"","url":"https://api.github.com/users/SkorikSergey","html_url":"https://github.com/SkorikSergey","followers_url":"https://api.github.com/users/SkorikSergey/followers","following_url":"https://api.github.com/users/SkorikSergey/following{/other_user}","gists_url":"https://api.github.com/users/SkorikSergey/gists{/gist_id}","starred_url":"https://api.github.com/users/SkorikSergey/starred{/owner}{/repo}","subscriptions_url":"https://api.github.com/users/SkorikSergey/subscriptions","organizations_url":"https://api.github.com/users/SkorikSergey/orgs","repos_url":"https://api.github.com/users/SkorikSergey/repos","events_url":"https://api.github.com/users/SkorikSergey/events{/privacy}","received_events_url":"https://api.github.com/users/SkorikSergey/received_events","type":"User","site_admin":false},"committer":{"login":"SkorikSergey","id":7760565,"avatar_url":"https://avatars1.githubusercontent.com/u/7760565?v=4","gravatar_id":"","url":"https://api.github.com/users/SkorikSergey","html_url":"https://github.com/SkorikSergey","followers_url":"https://api.github.com/users/SkorikSergey/followers","following_url":"https://api.github.com/users/SkorikSergey/following{/other_user}","gists_url":"https://api.github.com/users/SkorikSergey/gists{/gist_id}","starred_url":"https://api.github.com/users/SkorikSergey/starred{/owner}{/repo}","subscriptions_url":"https://api.github.com/users/SkorikSergey/subscriptions","organizations_url":"https://api.github.com/users/SkorikSergey/orgs","repos_url":"https://api.github.com/users/SkorikSergey/repos","events_url":"https://api.github.com/users/SkorikSergey/events{/privacy}","received_events_url":"https://api.github.com/users/SkorikSergey/received_events","type":"User","site_admin":false},"parents":[{"sha":"940e84830b77a1a11adcab8733f223e727cfb576","url":"https://api.github.com/repos/eclipse/che/commits/940e84830b77a1a11adcab8733f223e727cfb576","html_url":"https://github.com/eclipse/che/commit/940e84830b77a1a11adcab8733f223e727cfb576"}],"stats":{"total":18,"additions":0,"deletions":18},"files":[{"sha":"8e5ccf6bb7c538703e282efca20f241f0802bcf0","filename":"selenium/che-selenium-test/src/test/java/org/eclipse/che/selenium/filewatcher/CheckFileWatcherExcludeFeatureTest.java","status":"modified","additions":0,"deletions":18,"changes":18,"blob_url":"https://github.com/eclipse/che/blob/09e58f70cf4e71e6edb84f121f817efe7b97a300/selenium/che-selenium-test/src/test/java/org/eclipse/che/selenium/filewatcher/CheckFileWatcherExcludeFeatureTest.java","raw_url":"https://github.com/eclipse/che/raw/09e58f70cf4e71e6edb84f121f817efe7b97a300/selenium/che-selenium-test/src/test/java/org/eclipse/che/selenium/filewatcher/CheckFileWatcherExcludeFeatureTest.java","contents_url":"https://api.github.com/repos/eclipse/che/contents/selenium/che-selenium-test/src/test/java/org/eclipse/che/selenium/filewatcher/CheckFileWatcherExcludeFeatureTest.java?ref=09e58f70cf4e71e6edb84f121f817efe7b97a300","patch":"@@ -171,24 +171,6 @@ public void checkFileWatcherExcludeFeatureAfterChangingIgnoreFile() {\n         ProjectExplorer.FileWatcherExcludeOperations.REMOVE_FROM_FILE_WATCHER_EXCLUDES);\n   }\n \n-  @Test(priority = 5)\n-  public void checkIsNotExcludeOperationEventAboutIgnoreFile() {\n-    events.clickProjectEventsTab();\n-    events.clearAllMessages();\n-\n-    doFileWatcherExcludeOperation(\n-        PATH_FOR_EXCLUDED_FILE,\n-        ProjectExplorer.FileWatcherExcludeOperations.ADD_TO_FILE_WATCHER_EXCLUDES);\n-    editor.selectTabByName(FILE_WATCHER_IGNORE_FILE_NAME);\n-    editor.waitTextIntoEditor(FILE_NAME_FOR_EXCLUDE);\n-    doFileWatcherExcludeOperation(\n-        PATH_FOR_EXCLUDED_FILE,\n-        ProjectExplorer.FileWatcherExcludeOperations.REMOVE_FROM_FILE_WATCHER_EXCLUDES);\n-    editor.waitTextNotPresentIntoEditor(FILE_NAME_FOR_EXCLUDE);\n-    // This test fails because of issue: https://github.com/eclipse/che/issues/5883.\n-    events.waitMessageIsNotPresent(\"File 'fileWatcherIgnore' is updated\");\n-  }\n-\n   private void doFileWatcherExcludeOperation(String itemName, String typeOfOperation) {\n     projectExplorer.selectItem(itemName);\n     projectExplorer.openContextMenuByPathSelectedItem(itemName);"}]}
