{"sha":"09f062370c5109319dddf2bd97e1103539b099ae","commit":{"author":{"name":"Anton Korneta","email":"akorneta@redhat.com","date":"2017-10-02T08:14:45Z"},"committer":{"name":"Anton Korneta","email":"akorneta@redhat.com","date":"2017-10-02T08:14:45Z"},"message":"Fix selenium-tests.sh add keycloak token endpoint to settings","tree":{"sha":"2d8bf673c34aab5ac4df2cdb31e97c53fdb47399","url":"https://api.github.com/repos/eclipse/che/git/trees/2d8bf673c34aab5ac4df2cdb31e97c53fdb47399"},"url":"https://api.github.com/repos/eclipse/che/git/commits/09f062370c5109319dddf2bd97e1103539b099ae","comment_count":0,"verification":{"verified":false,"reason":"unsigned","signature":null,"payload":null}},"url":"https://api.github.com/repos/eclipse/che/commits/09f062370c5109319dddf2bd97e1103539b099ae","html_url":"https://github.com/eclipse/che/commit/09f062370c5109319dddf2bd97e1103539b099ae","comments_url":"https://api.github.com/repos/eclipse/che/commits/09f062370c5109319dddf2bd97e1103539b099ae/comments","author":{"login":"akorneta","id":12269156,"avatar_url":"https://avatars1.githubusercontent.com/u/12269156?v=4","gravatar_id":"","url":"https://api.github.com/users/akorneta","html_url":"https://github.com/akorneta","followers_url":"https://api.github.com/users/akorneta/followers","following_url":"https://api.github.com/users/akorneta/following{/other_user}","gists_url":"https://api.github.com/users/akorneta/gists{/gist_id}","starred_url":"https://api.github.com/users/akorneta/starred{/owner}{/repo}","subscriptions_url":"https://api.github.com/users/akorneta/subscriptions","organizations_url":"https://api.github.com/users/akorneta/orgs","repos_url":"https://api.github.com/users/akorneta/repos","events_url":"https://api.github.com/users/akorneta/events{/privacy}","received_events_url":"https://api.github.com/users/akorneta/received_events","type":"User","site_admin":false},"committer":{"login":"akorneta","id":12269156,"avatar_url":"https://avatars1.githubusercontent.com/u/12269156?v=4","gravatar_id":"","url":"https://api.github.com/users/akorneta","html_url":"https://github.com/akorneta","followers_url":"https://api.github.com/users/akorneta/followers","following_url":"https://api.github.com/users/akorneta/following{/other_user}","gists_url":"https://api.github.com/users/akorneta/gists{/gist_id}","starred_url":"https://api.github.com/users/akorneta/starred{/owner}{/repo}","subscriptions_url":"https://api.github.com/users/akorneta/subscriptions","organizations_url":"https://api.github.com/users/akorneta/orgs","repos_url":"https://api.github.com/users/akorneta/repos","events_url":"https://api.github.com/users/akorneta/events{/privacy}","received_events_url":"https://api.github.com/users/akorneta/received_events","type":"User","site_admin":false},"parents":[{"sha":"5ee2914e9530dc4ed6400a1e88925546fdd71757","url":"https://api.github.com/repos/eclipse/che/commits/5ee2914e9530dc4ed6400a1e88925546fdd71757","html_url":"https://github.com/eclipse/che/commit/5ee2914e9530dc4ed6400a1e88925546fdd71757"}],"stats":{"total":32,"additions":19,"deletions":13},"files":[{"sha":"091cf9c28742b599eff95c0e450f758a34dd474b","filename":"multiuser/keycloak/che-multiuser-keycloak-server/src/main/java/org/eclipse/che/multiuser/keycloak/server/KeycloakSettings.java","status":"modified","additions":2,"deletions":0,"changes":2,"blob_url":"https://github.com/eclipse/che/blob/09f062370c5109319dddf2bd97e1103539b099ae/multiuser/keycloak/che-multiuser-keycloak-server/src/main/java/org/eclipse/che/multiuser/keycloak/server/KeycloakSettings.java","raw_url":"https://github.com/eclipse/che/raw/09f062370c5109319dddf2bd97e1103539b099ae/multiuser/keycloak/che-multiuser-keycloak-server/src/main/java/org/eclipse/che/multiuser/keycloak/server/KeycloakSettings.java","contents_url":"https://api.github.com/repos/eclipse/che/contents/multiuser/keycloak/che-multiuser-keycloak-server/src/main/java/org/eclipse/che/multiuser/keycloak/server/KeycloakSettings.java?ref=09f062370c5109319dddf2bd97e1103539b099ae","patch":"@@ -18,6 +18,7 @@\n import static org.eclipse.che.multiuser.keycloak.shared.KeycloakConstants.PASSWORD_ENDPOINT_SETTING;\n import static org.eclipse.che.multiuser.keycloak.shared.KeycloakConstants.PROFILE_ENDPOINT_SETTING;\n import static org.eclipse.che.multiuser.keycloak.shared.KeycloakConstants.REALM_SETTING;\n+import static org.eclipse.che.multiuser.keycloak.shared.KeycloakConstants.TOKEN_ENDPOINT_SETTING;\n \n import com.google.common.collect.Maps;\n import java.util.Collections;\n@@ -49,6 +50,7 @@ public KeycloakSettings(\n     settings.put(\n         LOGOUT_ENDPOINT_SETTING,\n         serverURL + \"/realms/\" + realm + \"/protocol/openid-connect/logout\");\n+    settings.put(TOKEN_ENDPOINT_SETTING,serverURL + \"/realms/\" + realm + \"/protocol/openid-connect/token\");\n     settings.put(OSO_ENDPOINT_SETTING, osoEndpoint);\n     settings.put(GITHUB_ENDPOINT_SETTING, gitHubEndpoint);\n "},{"sha":"637102fe6b3c8531d34cc6259078766644e34af3","filename":"selenium/che-selenium-test/selenium-tests.sh","status":"modified","additions":10,"deletions":10,"changes":20,"blob_url":"https://github.com/eclipse/che/blob/09f062370c5109319dddf2bd97e1103539b099ae/selenium/che-selenium-test/selenium-tests.sh","raw_url":"https://github.com/eclipse/che/raw/09f062370c5109319dddf2bd97e1103539b099ae/selenium/che-selenium-test/selenium-tests.sh","contents_url":"https://api.github.com/repos/eclipse/che/contents/selenium/che-selenium-test/selenium-tests.sh?ref=09f062370c5109319dddf2bd97e1103539b099ae","patch":"@@ -14,11 +14,8 @@ export CALLER=$(basename $0)\n \n cd $CUR_DIR\n \n-index=0\n-params=($*)\n-CLEAN_GOAL=\"clean\"\n TESTS_SCOPE=\"--suite=CheSuite.xml\"\n-cheMultiuserValue=${CHE_MULTIUSER:-false}\n+CLEAN_GOAL=\"clean\"\n for var in \"$@\"; do\n     if [[ \"$var\" =~ --test=.* ]] || [[ \"$var\" =~ --suite=.* ]]; then\n         TESTS_SCOPE=\n@@ -32,11 +29,16 @@ for var in \"$@\"; do\n         CLEAN_GOAL=\n         break\n     fi\n+done\n \n+index=0\n+params=($*)\n+cheMultiuserValue=${CHE_MULTIUSER:-false}\n+for var in \"$@\"; do\n     if [[ \"$var\" =~ --multiuser ]]; then\n-       cheMultiuserValue=true\n-       unset params[$index]                     # remove \"--multiuser\" from parameters\n-       break\n+        cheMultiuserValue=true\n+        unset params[$index]                     # remove \"--multiuser\" from parameters\n+        break\n     fi\n     let \"index+=1\"\n done\n@@ -45,13 +47,11 @@ export CHE_MULTIUSER=$cheMultiuserValue\n \n set -- \"${params[@]}\"\n \n-\n mvn $CLEAN_GOAL dependency:unpack-dependencies \\\n     -DincludeArtifactIds=che-selenium-core \\\n     -DincludeGroupIds=org.eclipse.che.selenium \\\n     -Dmdep.unpack.includes=webdriver.sh \\\n     -DoutputDirectory=${CUR_DIR}/target/bin\n chmod +x target/bin/webdriver.sh\n \n-\n-(target/bin/webdriver.sh \"$TESTS_SCOPE\" $@)\n+(target/bin/webdriver.sh \"$TESTS_SCOPE\" $@)\n\\ No newline at end of file"},{"sha":"a1b6447a140a28612403be826f8b9b51d7f7d479","filename":"selenium/che-selenium-test/src/main/java/org/eclipse/che/selenium/core/client/KeycloakTestAuthServiceClient.java","status":"modified","additions":7,"deletions":3,"changes":10,"blob_url":"https://github.com/eclipse/che/blob/09f062370c5109319dddf2bd97e1103539b099ae/selenium/che-selenium-test/src/main/java/org/eclipse/che/selenium/core/client/KeycloakTestAuthServiceClient.java","raw_url":"https://github.com/eclipse/che/raw/09f062370c5109319dddf2bd97e1103539b099ae/selenium/che-selenium-test/src/main/java/org/eclipse/che/selenium/core/client/KeycloakTestAuthServiceClient.java","contents_url":"https://api.github.com/repos/eclipse/che/contents/selenium/che-selenium-test/src/main/java/org/eclipse/che/selenium/core/client/KeycloakTestAuthServiceClient.java?ref=09f062370c5109319dddf2bd97e1103539b099ae","patch":"@@ -113,9 +113,13 @@ private KeycloakToken refreshRequest(KeycloakToken prevToken) {\n   private KeycloakToken requestToken(String grandType, List<Pair<String, ?>> params) {\n     KeycloakToken token = null;\n     HttpURLConnection http = null;\n-    final String keycloakApiEndpoint = keycloakSettings.getKeycloakTokenEndpoint();\n+    final String keycloakTokenEndpoint = keycloakSettings.getKeycloakTokenEndpoint();\n+    if (keycloakTokenEndpoint == null) {\n+      throw new RuntimeException(\"Keycloak token endpoint is not configured\");\n+    }\n     try {\n-      http = (HttpURLConnection) new URL(keycloakApiEndpoint).openConnection();\n+\n+      http = (HttpURLConnection) new URL(keycloakTokenEndpoint).openConnection();\n       http.setRequestMethod(POST);\n       http.setAllowUserInteraction(false);\n       http.setRequestProperty(CONTENT_TYPE, FORM_MIME_TYPE);\n@@ -137,7 +141,7 @@ private KeycloakToken requestToken(String grandType, List<Pair<String, ?>> param\n       if (http.getResponseCode() != 200) {\n         throw new RuntimeException(\n             \"Can not get access token using the KeyCloak REST API. Server response code: \"\n-                + keycloakApiEndpoint\n+                + keycloakTokenEndpoint\n                 + \" \"\n                 + http.getResponseCode()\n                 + IoUtil.readStream(http.getErrorStream()));"}]}
