{"sha":"0a09aaa0b5b025c9e62c05d52c36fbb1bc6ac559","commit":{"author":{"name":"Sergii Leshchenko","email":"sleshche@redhat.com","date":"2017-08-04T13:41:46Z"},"committer":{"name":"Sergii Leshchenko","email":"sleshche@redhat.com","date":"2017-08-07T11:02:38Z"},"message":"Fix restart of OpenShift workspace","tree":{"sha":"757f49eec1fcf65a4b3c922eb404b8c42dc4470a","url":"https://api.github.com/repos/eclipse/che/git/trees/757f49eec1fcf65a4b3c922eb404b8c42dc4470a"},"url":"https://api.github.com/repos/eclipse/che/git/commits/0a09aaa0b5b025c9e62c05d52c36fbb1bc6ac559","comment_count":0,"verification":{"verified":false,"reason":"unsigned","signature":null,"payload":null}},"url":"https://api.github.com/repos/eclipse/che/commits/0a09aaa0b5b025c9e62c05d52c36fbb1bc6ac559","html_url":"https://github.com/eclipse/che/commit/0a09aaa0b5b025c9e62c05d52c36fbb1bc6ac559","comments_url":"https://api.github.com/repos/eclipse/che/commits/0a09aaa0b5b025c9e62c05d52c36fbb1bc6ac559/comments","author":{"login":"sleshchenko","id":5887312,"avatar_url":"https://avatars0.githubusercontent.com/u/5887312?v=4","gravatar_id":"","url":"https://api.github.com/users/sleshchenko","html_url":"https://github.com/sleshchenko","followers_url":"https://api.github.com/users/sleshchenko/followers","following_url":"https://api.github.com/users/sleshchenko/following{/other_user}","gists_url":"https://api.github.com/users/sleshchenko/gists{/gist_id}","starred_url":"https://api.github.com/users/sleshchenko/starred{/owner}{/repo}","subscriptions_url":"https://api.github.com/users/sleshchenko/subscriptions","organizations_url":"https://api.github.com/users/sleshchenko/orgs","repos_url":"https://api.github.com/users/sleshchenko/repos","events_url":"https://api.github.com/users/sleshchenko/events{/privacy}","received_events_url":"https://api.github.com/users/sleshchenko/received_events","type":"User","site_admin":false},"committer":{"login":"sleshchenko","id":5887312,"avatar_url":"https://avatars0.githubusercontent.com/u/5887312?v=4","gravatar_id":"","url":"https://api.github.com/users/sleshchenko","html_url":"https://github.com/sleshchenko","followers_url":"https://api.github.com/users/sleshchenko/followers","following_url":"https://api.github.com/users/sleshchenko/following{/other_user}","gists_url":"https://api.github.com/users/sleshchenko/gists{/gist_id}","starred_url":"https://api.github.com/users/sleshchenko/starred{/owner}{/repo}","subscriptions_url":"https://api.github.com/users/sleshchenko/subscriptions","organizations_url":"https://api.github.com/users/sleshchenko/orgs","repos_url":"https://api.github.com/users/sleshchenko/repos","events_url":"https://api.github.com/users/sleshchenko/events{/privacy}","received_events_url":"https://api.github.com/users/sleshchenko/received_events","type":"User","site_admin":false},"parents":[{"sha":"2c85beea9dc9a884739d236f1c995eaf221b8769","url":"https://api.github.com/repos/eclipse/che/commits/2c85beea9dc9a884739d236f1c995eaf221b8769","html_url":"https://github.com/eclipse/che/commit/2c85beea9dc9a884739d236f1c995eaf221b8769"}],"stats":{"total":7,"additions":0,"deletions":7},"files":[{"sha":"d9c6ffa42069a0b24f550d27ab705a38d9574661","filename":"infrastructures/openshift/src/main/java/org/eclipse/che/workspace/infrastructure/openshift/OpenShiftInternalRuntime.java","status":"modified","additions":0,"deletions":7,"changes":7,"blob_url":"https://github.com/eclipse/che/blob/0a09aaa0b5b025c9e62c05d52c36fbb1bc6ac559/infrastructures/openshift/src/main/java/org/eclipse/che/workspace/infrastructure/openshift/OpenShiftInternalRuntime.java","raw_url":"https://github.com/eclipse/che/raw/0a09aaa0b5b025c9e62c05d52c36fbb1bc6ac559/infrastructures/openshift/src/main/java/org/eclipse/che/workspace/infrastructure/openshift/OpenShiftInternalRuntime.java","contents_url":"https://api.github.com/repos/eclipse/che/contents/infrastructures/openshift/src/main/java/org/eclipse/che/workspace/infrastructure/openshift/OpenShiftInternalRuntime.java?ref=0a09aaa0b5b025c9e62c05d52c36fbb1bc6ac559","patch":"@@ -156,13 +156,6 @@ private void prepareOpenshiftProject(String projectName) throws InfrastructureEx\n \n                 //TODO clean up project instead it recreation\n                 cleanUpOpenshiftProject(projectName);\n-                //Projects creation immediately after its removing doesn't work TODO Fix it\n-                client.projectrequests()\n-                      .createNew()\n-                      .withNewMetadata()\n-                      .withName(projectName)\n-                      .endMetadata()\n-                      .done();\n             } catch (KubernetesClientException e) {\n                 if (e.getCode() == 403) {\n                     // project is foreign or doesn't exist"}]}
