{"sha":"0a32ae6204a63ee84815028a5d9e52cf4596bc93","commit":{"author":{"name":"Vladyslav Zhukovskyi","email":"vzhukovskii@codenvy.com","date":"2016-06-24T09:29:46Z"},"committer":{"name":"GitHub","email":"noreply@github.com","date":"2016-06-24T09:29:46Z"},"message":"Merge pull request #1573 from eclipse/CHE-1387\n\nAdd key binding for the Quick Fix action","tree":{"sha":"58b713692de5115def9ad04e794b93e6baae10cf","url":"https://api.github.com/repos/eclipse/che/git/trees/58b713692de5115def9ad04e794b93e6baae10cf"},"url":"https://api.github.com/repos/eclipse/che/git/commits/0a32ae6204a63ee84815028a5d9e52cf4596bc93","comment_count":0,"verification":{"verified":false,"reason":"unsigned","signature":null,"payload":null}},"url":"https://api.github.com/repos/eclipse/che/commits/0a32ae6204a63ee84815028a5d9e52cf4596bc93","html_url":"https://github.com/eclipse/che/commit/0a32ae6204a63ee84815028a5d9e52cf4596bc93","comments_url":"https://api.github.com/repos/eclipse/che/commits/0a32ae6204a63ee84815028a5d9e52cf4596bc93/comments","author":{"login":"vzhukovskii","id":1968177,"avatar_url":"https://avatars2.githubusercontent.com/u/1968177?v=4","gravatar_id":"","url":"https://api.github.com/users/vzhukovskii","html_url":"https://github.com/vzhukovskii","followers_url":"https://api.github.com/users/vzhukovskii/followers","following_url":"https://api.github.com/users/vzhukovskii/following{/other_user}","gists_url":"https://api.github.com/users/vzhukovskii/gists{/gist_id}","starred_url":"https://api.github.com/users/vzhukovskii/starred{/owner}{/repo}","subscriptions_url":"https://api.github.com/users/vzhukovskii/subscriptions","organizations_url":"https://api.github.com/users/vzhukovskii/orgs","repos_url":"https://api.github.com/users/vzhukovskii/repos","events_url":"https://api.github.com/users/vzhukovskii/events{/privacy}","received_events_url":"https://api.github.com/users/vzhukovskii/received_events","type":"User","site_admin":false},"committer":{"login":"web-flow","id":19864447,"avatar_url":"https://avatars3.githubusercontent.com/u/19864447?v=4","gravatar_id":"","url":"https://api.github.com/users/web-flow","html_url":"https://github.com/web-flow","followers_url":"https://api.github.com/users/web-flow/followers","following_url":"https://api.github.com/users/web-flow/following{/other_user}","gists_url":"https://api.github.com/users/web-flow/gists{/gist_id}","starred_url":"https://api.github.com/users/web-flow/starred{/owner}{/repo}","subscriptions_url":"https://api.github.com/users/web-flow/subscriptions","organizations_url":"https://api.github.com/users/web-flow/orgs","repos_url":"https://api.github.com/users/web-flow/repos","events_url":"https://api.github.com/users/web-flow/events{/privacy}","received_events_url":"https://api.github.com/users/web-flow/received_events","type":"User","site_admin":false},"parents":[{"sha":"2ca0ac92d9c7124bc49e85bd2de412f97711d6f7","url":"https://api.github.com/repos/eclipse/che/commits/2ca0ac92d9c7124bc49e85bd2de412f97711d6f7","html_url":"https://github.com/eclipse/che/commit/2ca0ac92d9c7124bc49e85bd2de412f97711d6f7"},{"sha":"04ce41b4d21bf5c048a1f2e0848ae322f29f827c","url":"https://api.github.com/repos/eclipse/che/commits/04ce41b4d21bf5c048a1f2e0848ae322f29f827c","html_url":"https://github.com/eclipse/che/commit/04ce41b4d21bf5c048a1f2e0848ae322f29f827c"}],"stats":{"total":2,"additions":2,"deletions":0},"files":[{"sha":"aedc49849a7df6116e5cae5d22ee80c86c5f35da","filename":"plugins/plugin-java/che-plugin-java-ext-lang-client/src/main/java/org/eclipse/che/ide/ext/java/client/JavaExtension.java","status":"modified","additions":2,"deletions":0,"changes":2,"blob_url":"https://github.com/eclipse/che/blob/0a32ae6204a63ee84815028a5d9e52cf4596bc93/plugins/plugin-java/che-plugin-java-ext-lang-client/src/main/java/org/eclipse/che/ide/ext/java/client/JavaExtension.java","raw_url":"https://github.com/eclipse/che/raw/0a32ae6204a63ee84815028a5d9e52cf4596bc93/plugins/plugin-java/che-plugin-java-ext-lang-client/src/main/java/org/eclipse/che/ide/ext/java/client/JavaExtension.java","contents_url":"https://api.github.com/repos/eclipse/che/contents/plugins/plugin-java/che-plugin-java-ext-lang-client/src/main/java/org/eclipse/che/ide/ext/java/client/JavaExtension.java?ref=0a32ae6204a63ee84815028a5d9e52cf4596bc93","patch":"@@ -151,12 +151,14 @@ private void prepareActions(NewPackageAction newPackageAction,\n             keyBinding.getGlobal().addKey(new KeyBuilder().control().charCode(KeyCodeMap.F12).build(), \"javaClassStructure\");\n             keyBinding.getGlobal().addKey(new KeyBuilder().alt().control().charCode('o').build(), \"organizeImports\");\n             keyBinding.getGlobal().addKey(new KeyBuilder().control().charCode('p').build(), \"parametersInfo\");\n+            keyBinding.getGlobal().addKey(new KeyBuilder().action().charCode(KeyCodeMap.ENTER).build(), \"quickFix\");\n         } else {\n             keyBinding.getGlobal().addKey(new KeyBuilder().alt().action().charCode('b').build(), \"openImplementation\");\n             keyBinding.getGlobal().addKey(new KeyBuilder().action().charCode('q').build(), \"showQuickDoc\");\n             keyBinding.getGlobal().addKey(new KeyBuilder().action().charCode(KeyCodeMap.F12).build(), \"javaClassStructure\");\n             keyBinding.getGlobal().addKey(new KeyBuilder().alt().action().charCode('o').build(), \"organizeImports\");\n             keyBinding.getGlobal().addKey(new KeyBuilder().action().charCode('p').build(), \"parametersInfo\");\n+            keyBinding.getGlobal().addKey(new KeyBuilder().alt().charCode(KeyCodeMap.ENTER).build(), \"quickFix\");\n         }\n         keyBinding.getGlobal().addKey(new KeyBuilder().none().charCode(KeyCodeMap.F4).build(), \"openJavaDeclaration\");\n         keyBinding.getGlobal().addKey(new KeyBuilder().shift().charCode(KeyCodeMap.F6).build(), \"javaRenameRefactoring\");"}]}
