{"sha":"0a3ad3d184f9888a610839e838274b43ad9dd7c4","commit":{"author":{"name":"Sergii Kabashniuk","email":"skabashniuk@redhat.com","date":"2017-09-27T09:00:00Z"},"committer":{"name":"Sergii Kabashniuk","email":"skabashniuk@redhat.com","date":"2017-09-27T09:00:00Z"},"message":"Remved unused security-role config","tree":{"sha":"1807b9853def3544bcaddc2e4af38dccf1455dab","url":"https://api.github.com/repos/eclipse/che/git/trees/1807b9853def3544bcaddc2e4af38dccf1455dab"},"url":"https://api.github.com/repos/eclipse/che/git/commits/0a3ad3d184f9888a610839e838274b43ad9dd7c4","comment_count":0,"verification":{"verified":false,"reason":"unsigned","signature":null,"payload":null}},"url":"https://api.github.com/repos/eclipse/che/commits/0a3ad3d184f9888a610839e838274b43ad9dd7c4","html_url":"https://github.com/eclipse/che/commit/0a3ad3d184f9888a610839e838274b43ad9dd7c4","comments_url":"https://api.github.com/repos/eclipse/che/commits/0a3ad3d184f9888a610839e838274b43ad9dd7c4/comments","author":{"login":"skabashnyuk","id":1614429,"avatar_url":"https://avatars0.githubusercontent.com/u/1614429?v=4","gravatar_id":"","url":"https://api.github.com/users/skabashnyuk","html_url":"https://github.com/skabashnyuk","followers_url":"https://api.github.com/users/skabashnyuk/followers","following_url":"https://api.github.com/users/skabashnyuk/following{/other_user}","gists_url":"https://api.github.com/users/skabashnyuk/gists{/gist_id}","starred_url":"https://api.github.com/users/skabashnyuk/starred{/owner}{/repo}","subscriptions_url":"https://api.github.com/users/skabashnyuk/subscriptions","organizations_url":"https://api.github.com/users/skabashnyuk/orgs","repos_url":"https://api.github.com/users/skabashnyuk/repos","events_url":"https://api.github.com/users/skabashnyuk/events{/privacy}","received_events_url":"https://api.github.com/users/skabashnyuk/received_events","type":"User","site_admin":false},"committer":{"login":"skabashnyuk","id":1614429,"avatar_url":"https://avatars0.githubusercontent.com/u/1614429?v=4","gravatar_id":"","url":"https://api.github.com/users/skabashnyuk","html_url":"https://github.com/skabashnyuk","followers_url":"https://api.github.com/users/skabashnyuk/followers","following_url":"https://api.github.com/users/skabashnyuk/following{/other_user}","gists_url":"https://api.github.com/users/skabashnyuk/gists{/gist_id}","starred_url":"https://api.github.com/users/skabashnyuk/starred{/owner}{/repo}","subscriptions_url":"https://api.github.com/users/skabashnyuk/subscriptions","organizations_url":"https://api.github.com/users/skabashnyuk/orgs","repos_url":"https://api.github.com/users/skabashnyuk/repos","events_url":"https://api.github.com/users/skabashnyuk/events{/privacy}","received_events_url":"https://api.github.com/users/skabashnyuk/received_events","type":"User","site_admin":false},"parents":[{"sha":"c5871b5d7a2bdd3430d58893db6a3e74f9e164df","url":"https://api.github.com/repos/eclipse/che/commits/c5871b5d7a2bdd3430d58893db6a3e74f9e164df","html_url":"https://github.com/eclipse/che/commit/c5871b5d7a2bdd3430d58893db6a3e74f9e164df"}],"stats":{"total":5,"additions":0,"deletions":5},"files":[{"sha":"6038177f317d30b7048167e09f21d3e2dc43d490","filename":"assembly-multiuser/assembly-wsagent-war/src/main/webapp/WEB-INF/web.xml","status":"modified","additions":0,"deletions":5,"changes":5,"blob_url":"https://github.com/eclipse/che/blob/0a3ad3d184f9888a610839e838274b43ad9dd7c4/assembly-multiuser/assembly-wsagent-war/src/main/webapp/WEB-INF/web.xml","raw_url":"https://github.com/eclipse/che/raw/0a3ad3d184f9888a610839e838274b43ad9dd7c4/assembly-multiuser/assembly-wsagent-war/src/main/webapp/WEB-INF/web.xml","contents_url":"https://api.github.com/repos/eclipse/che/contents/assembly-multiuser/assembly-wsagent-war/src/main/webapp/WEB-INF/web.xml?ref=0a3ad3d184f9888a610839e838274b43ad9dd7c4","patch":"@@ -49,11 +49,6 @@\n         <url-pattern>/*</url-pattern>\n     </filter-mapping>\n \n-    <security-role>\n-        <description>the user role</description>\n-        <role-name>developer</role-name>\n-    </security-role>\n-\n     <session-config>\n         <session-timeout>180</session-timeout>\n     </session-config>"}]}
