{"sha":"0a3c2c4b35d68bad39c672809ffdab87083add0d","commit":{"author":{"name":"James Drummond","email":"jdrummond@codenvy.com","date":"2017-03-01T14:09:09Z"},"committer":{"name":"GitHub","email":"noreply@github.com","date":"2017-03-01T14:09:09Z"},"message":"Update CHANGELOG.md for 5.4.0 (#4277)\n\nSigned-off-by: James Drummond jdrummond@codenvy.com","tree":{"sha":"349525f81edc349cf947de9c6848b2e59401c3f4","url":"https://api.github.com/repos/eclipse/che/git/trees/349525f81edc349cf947de9c6848b2e59401c3f4"},"url":"https://api.github.com/repos/eclipse/che/git/commits/0a3c2c4b35d68bad39c672809ffdab87083add0d","comment_count":1,"verification":{"verified":false,"reason":"unsigned","signature":null,"payload":null}},"url":"https://api.github.com/repos/eclipse/che/commits/0a3c2c4b35d68bad39c672809ffdab87083add0d","html_url":"https://github.com/eclipse/che/commit/0a3c2c4b35d68bad39c672809ffdab87083add0d","comments_url":"https://api.github.com/repos/eclipse/che/commits/0a3c2c4b35d68bad39c672809ffdab87083add0d/comments","author":null,"committer":{"login":"web-flow","id":19864447,"avatar_url":"https://avatars3.githubusercontent.com/u/19864447?v=4","gravatar_id":"","url":"https://api.github.com/users/web-flow","html_url":"https://github.com/web-flow","followers_url":"https://api.github.com/users/web-flow/followers","following_url":"https://api.github.com/users/web-flow/following{/other_user}","gists_url":"https://api.github.com/users/web-flow/gists{/gist_id}","starred_url":"https://api.github.com/users/web-flow/starred{/owner}{/repo}","subscriptions_url":"https://api.github.com/users/web-flow/subscriptions","organizations_url":"https://api.github.com/users/web-flow/orgs","repos_url":"https://api.github.com/users/web-flow/repos","events_url":"https://api.github.com/users/web-flow/events{/privacy}","received_events_url":"https://api.github.com/users/web-flow/received_events","type":"User","site_admin":false},"parents":[{"sha":"445c24c03d41aaab327a0d37bb21b73e210cf036","url":"https://api.github.com/repos/eclipse/che/commits/445c24c03d41aaab327a0d37bb21b73e210cf036","html_url":"https://github.com/eclipse/che/commit/445c24c03d41aaab327a0d37bb21b73e210cf036"}],"stats":{"total":37,"additions":37,"deletions":0},"files":[{"sha":"bca5ec13900de6a8cceb2c2acb08c1bfa27703c2","filename":"CHANGELOG.md","status":"modified","additions":37,"deletions":0,"changes":37,"blob_url":"https://github.com/eclipse/che/blob/0a3c2c4b35d68bad39c672809ffdab87083add0d/CHANGELOG.md","raw_url":"https://github.com/eclipse/che/raw/0a3c2c4b35d68bad39c672809ffdab87083add0d/CHANGELOG.md","contents_url":"https://api.github.com/repos/eclipse/che/contents/CHANGELOG.md?ref=0a3c2c4b35d68bad39c672809ffdab87083add0d","patch":"@@ -1,5 +1,42 @@\n # Change Log\n \n+## [5.4.0](https://github.com/eclipse/che/tree/5.4.0) (2017-04-01)\n+[Full Changelog](https://github.com/eclipse/che/compare/5.3.1...5.4.0)\n+\n+**Pull requests merged:**\n+The follow are changelogs for eclipse/che:\n+- Use HTTPS instead of HTTP in web links for documentation and internal URLs. [4276](https://github.com/eclipse/che/pull/4276)\n+- Added fetch workspaces by namespace, read state of application notifications, section injection in workspace details. [4262](https://github.com/eclipse/che/pull/4262)\n+- [UD] added custom filter which will be used for \"Get more RAM\" widget on billing page.[4261](https://github.com/eclipse/che/pull/4261)\n+- chefile: Switch from WSMaster Machine API to Workspace Exec Agent [4253](https://github.com/eclipse/che/pull/4253)\n+- Add on dashboard possibility to stop workspace while it is being started. [4246](https://github.com/eclipse/che/pull/4246)\n+- Fix building the tree for packages in Move Refactoring window [4245](https://github.com/eclipse/che/pull/4245)\n+- [cli] Add `--skip:config` option to start, restart, and config commands [4244](https://github.com/eclipse/che/pull/4244)\n+- Enable to bootstrap Che on OpenShift without mounting the Docker Socket [4241](https://github.com/eclipse/che/pull/4241)\n+- UD add directives for custom input types for numbers and city names and UD add city name validation directive[4233](https://github.com/eclipse/che/pull/4233)\n+- Added new utility methods for handling pagination of objects. [4232](https://github.com/eclipse/che/pull/4232)\n+- Fix issue where it was lose track of running workspace in OpenShift. [4230](https://github.com/eclipse/che/pull/4230)\n+- Replace getNetworks() docker API call when running on OpenShift. [4219](https://github.com/eclipse/che/pull/4219)\n+- Bugfix: workspace attributes were ignored, when creating workspace. [4215](https://github.com/eclipse/che/pull/4215)\n+- Removed deprecated classes in the texteditor package. [4213](https://github.com/eclipse/che/pull/4213)\n+- Add search algorithm for host ip with fedora enp* network interfaces [4210](https://github.com/eclipse/che/pull/4210)\n+- OpenShift connector uses filesystem tokens to authenticate with OpenShift API server [4209](https://github.com/eclipse/che/pull/4209)\n+- Add a diagnostic page to the dashboard that can check workspace requirements. [4207](https://github.com/eclipse/che/pull/4207)\n+- Doesn't perform DeleteResourceAction into partStack which doesn't support resource selection. [4199](https://github.com/eclipse/che/pull/4199)\n+- Update currently selected resource in case if the last one was updated programmatically from the code [4194](https://github.com/eclipse/che/pull/4194)\n+- Fixed rendering of some stack icons on the Dashboard.[4193](https://github.com/eclipse/che/pull/4193)\n+- Fixed bug in`Git`->`Add To Index` menu command that was not adding deleted files to index. [4187](https://github.com/eclipse/che/pull/4187)\n+- [cli] Simplify execution of initialization methods [4175](https://github.com/eclipse/che/pull/4175)\n+- Upgrade Orion editor to latest version [4165](https://github.com/eclipse/che/pull/4165)\n+- Use HTTPS instead of HTTP in web links for documentation and internal URLs. [4086](https://github.com/eclipse/che/pull/4086)\n+- Trigger file saving operation on editor closing only when file has changes [4077](https://github.com/eclipse/che/pull/4077)\n+- Add `--user uid:gid` and `-e CHE_USER=uid:gid` option to CLI to override user identity of Che container [4050](https://github.com/eclipse/che/pull/4050)\n+- Internal refactoring: move account out of user entity [3823](https://github.com/eclipse/che/pull/3823)\n+\n+The follow are changelogs for eclipse/che-dockerfiles:\n+- Added php-xml and php-mbstring packages to get tutorial to work https://eclipse.org/che/docs/tutorials/php/index.html .  [66](https://github.com/eclipse/che-dockerfiles/pull/66)\n+\n+\n ## [5.3.1](https://github.com/eclipse/che/tree/5.3.1) (2017-02-21)\n [Full Changelog](https://github.com/eclipse/che/compare/5.3.0...5.3.1)\n "}]}
