{"sha":"0a5264603f727d7a82ec4ec279300dc080d9fb86","node_id":"MDY6Q29tbWl0MzI5MzU3NDU6MGE1MjY0NjAzZjcyN2Q3YTgyZWM0ZWMyNzkzMDBkYzA4MGQ5ZmI4Ng==","commit":{"author":{"name":"Ilya Buziuk","email":"ibuziuk@redhat.com","date":"2018-05-15T12:21:53Z"},"committer":{"name":"Ilya Buziuk","email":"ilyabuziuk@gmail.com","date":"2018-05-18T13:11:43Z"},"message":"#9452 Proper handling of unrecoverable events. Processing only events which are related to current workspace pods\n\nSigned-off-by: Ilya Buziuk <ibuziuk@redhat.com>","tree":{"sha":"2359c47f3940418bc526051bb893cba433a67bf4","url":"https://api.github.com/repos/eclipse/che/git/trees/2359c47f3940418bc526051bb893cba433a67bf4"},"url":"https://api.github.com/repos/eclipse/che/git/commits/0a5264603f727d7a82ec4ec279300dc080d9fb86","comment_count":0,"verification":{"verified":false,"reason":"unsigned","signature":null,"payload":null}},"url":"https://api.github.com/repos/eclipse/che/commits/0a5264603f727d7a82ec4ec279300dc080d9fb86","html_url":"https://github.com/eclipse/che/commit/0a5264603f727d7a82ec4ec279300dc080d9fb86","comments_url":"https://api.github.com/repos/eclipse/che/commits/0a5264603f727d7a82ec4ec279300dc080d9fb86/comments","author":{"login":"ibuziuk","id":1461122,"node_id":"MDQ6VXNlcjE0NjExMjI=","avatar_url":"https://avatars2.githubusercontent.com/u/1461122?v=4","gravatar_id":"","url":"https://api.github.com/users/ibuziuk","html_url":"https://github.com/ibuziuk","followers_url":"https://api.github.com/users/ibuziuk/followers","following_url":"https://api.github.com/users/ibuziuk/following{/other_user}","gists_url":"https://api.github.com/users/ibuziuk/gists{/gist_id}","starred_url":"https://api.github.com/users/ibuziuk/starred{/owner}{/repo}","subscriptions_url":"https://api.github.com/users/ibuziuk/subscriptions","organizations_url":"https://api.github.com/users/ibuziuk/orgs","repos_url":"https://api.github.com/users/ibuziuk/repos","events_url":"https://api.github.com/users/ibuziuk/events{/privacy}","received_events_url":"https://api.github.com/users/ibuziuk/received_events","type":"User","site_admin":false},"committer":{"login":"ibuziuk","id":1461122,"node_id":"MDQ6VXNlcjE0NjExMjI=","avatar_url":"https://avatars2.githubusercontent.com/u/1461122?v=4","gravatar_id":"","url":"https://api.github.com/users/ibuziuk","html_url":"https://github.com/ibuziuk","followers_url":"https://api.github.com/users/ibuziuk/followers","following_url":"https://api.github.com/users/ibuziuk/following{/other_user}","gists_url":"https://api.github.com/users/ibuziuk/gists{/gist_id}","starred_url":"https://api.github.com/users/ibuziuk/starred{/owner}{/repo}","subscriptions_url":"https://api.github.com/users/ibuziuk/subscriptions","organizations_url":"https://api.github.com/users/ibuziuk/orgs","repos_url":"https://api.github.com/users/ibuziuk/repos","events_url":"https://api.github.com/users/ibuziuk/events{/privacy}","received_events_url":"https://api.github.com/users/ibuziuk/received_events","type":"User","site_admin":false},"parents":[{"sha":"948859fad45aab44436e51a924dea01cb135b398","url":"https://api.github.com/repos/eclipse/che/commits/948859fad45aab44436e51a924dea01cb135b398","html_url":"https://github.com/eclipse/che/commit/948859fad45aab44436e51a924dea01cb135b398"}],"stats":{"total":330,"additions":282,"deletions":48},"files":[{"sha":"ccf60dc124eff09d62a0b61c76bb8f071d99fb6d","filename":"infrastructures/kubernetes/src/main/java/org/eclipse/che/workspace/infrastructure/kubernetes/KubernetesInternalRuntime.java","status":"modified","additions":51,"deletions":10,"changes":61,"blob_url":"https://github.com/eclipse/che/blob/0a5264603f727d7a82ec4ec279300dc080d9fb86/infrastructures/kubernetes/src/main/java/org/eclipse/che/workspace/infrastructure/kubernetes/KubernetesInternalRuntime.java","raw_url":"https://github.com/eclipse/che/raw/0a5264603f727d7a82ec4ec279300dc080d9fb86/infrastructures/kubernetes/src/main/java/org/eclipse/che/workspace/infrastructure/kubernetes/KubernetesInternalRuntime.java","contents_url":"https://api.github.com/repos/eclipse/che/contents/infrastructures/kubernetes/src/main/java/org/eclipse/che/workspace/infrastructure/kubernetes/KubernetesInternalRuntime.java?ref=0a5264603f727d7a82ec4ec279300dc080d9fb86","patch":"@@ -22,10 +22,12 @@\n import io.fabric8.kubernetes.api.model.Service;\n import io.fabric8.kubernetes.api.model.extensions.Ingress;\n import io.fabric8.kubernetes.client.Watcher.Action;\n+import java.text.ParseException;\n import java.util.ArrayList;\n import java.util.Arrays;\n import java.util.Collection;\n import java.util.Collections;\n+import java.util.Date;\n import java.util.List;\n import java.util.Map;\n import java.util.Map.Entry;\n@@ -72,6 +74,7 @@\n import org.eclipse.che.workspace.infrastructure.kubernetes.namespace.event.PodActionHandler;\n import org.eclipse.che.workspace.infrastructure.kubernetes.namespace.pvc.WorkspaceVolumesStrategy;\n import org.eclipse.che.workspace.infrastructure.kubernetes.server.KubernetesServerResolver;\n+import org.eclipse.che.workspace.infrastructure.kubernetes.util.ContainerEvents;\n import org.eclipse.che.workspace.infrastructure.kubernetes.util.KubernetesSharedPool;\n import org.eclipse.che.workspace.infrastructure.kubernetes.util.RuntimeEventsPublisher;\n import org.slf4j.Logger;\n@@ -432,10 +435,8 @@ protected void startMachines() throws InfrastructureException {\n     // namespace.pods().watch(new AbnormalStopHandler());\n     namespace.pods().watchContainers(new MachineLogsPublisher());\n     if (!Strings.isNullOrEmpty(unrecoverableEvents)) {\n-      // The handler for unrecoverable events is disabled because it has a bug that prevents start\n-      // of workspaces after previous workspace start failure.\n-      // See https://github.com/eclipse/che/issues/9542\n-      // namespace.pods().watchContainers(new UnrecoverableEventHanler());\n+      Map<String, Pod> pods = getContext().getEnvironment().getPods();\n+      namespace.pods().watchContainers(new UnrecoverableEventHanler(pods));\n     }\n \n     final KubernetesServerResolver serverResolver =\n@@ -654,39 +655,76 @@ public void accept(ProbeResult probeResult) {\n   /** Listens container's events and terminates workspace if unrecoverable event occurs. */\n   public class UnrecoverableEventHanler implements ContainerEventHandler {\n     private List<String> events;\n+    private Map<String, Pod> workspacePods;\n+    private Date handlerInitialization;\n \n-    public UnrecoverableEventHanler() {\n+    public UnrecoverableEventHanler(Map<String, Pod> workspacePods) {\n       this.events =\n           Strings.isNullOrEmpty(unrecoverableEvents)\n               ? Collections.EMPTY_LIST\n               : Arrays.asList(unrecoverableEvents.split(\",\"));\n+      this.workspacePods = workspacePods;\n+      this.handlerInitialization = new Date();\n     }\n \n+    /*\n+     * Event is considered to be unrecoverable if it belongs to one of the workspace pods\n+     * and 'lastTimestamp' of the event is *after* the time of handler initialization\n+     */\n     @Override\n     public void handle(ContainerEvent event) {\n-      if (isUnrecoverable(event)) {\n+      if (isWorkspaceEvent(event)\n+          && happenedAfterHandlerInitialization(event)\n+          && isUnrecoverable(event)) {\n         String reason = event.getReason();\n         String message = event.getMessage();\n-        String podName = event.getPodName();\n         String workspaceId = getContext().getIdentity().getWorkspaceId();\n         LOG.error(\n             \"Unrecoverable event occurred during workspace '{}' startup: {}, {}, {}\",\n             workspaceId,\n             reason,\n             message,\n-            podName);\n+            event.getPodName());\n         try {\n           internalStop(emptyMap());\n         } catch (InfrastructureException e) {\n           LOG.error(\"Error occurred during runtime '{}' stopping. {}\", workspaceId, e.getMessage());\n         } finally {\n           eventPublisher.sendRuntimeStoppedEvent(\n-              format(\"Unrecoverable event occurred: '%s', '%s', '%s'\", reason, message, podName),\n+              format(\n+                  \"Unrecoverable event occurred: '%s', '%s', '%s'\",\n+                  reason, message, event.getPodName()),\n               getContext().getIdentity());\n         }\n       }\n     }\n \n+    /** Returns true if event belongs to one of the workspace pods, false otherwise */\n+    private boolean isWorkspaceEvent(ContainerEvent event) {\n+      String podName = event.getPodName();\n+      return workspacePods.containsKey(podName);\n+    }\n+\n+    /**\n+     * Returns true if 'lastTimestamp' of the event is *after* the time of the handler\n+     * initialization\n+     */\n+    private boolean happenedAfterHandlerInitialization(ContainerEvent event) {\n+      String eventLastTimestamp = event.getLastTimestamp();\n+      Date eventLastTimestampDate = convertEventTimestampToDate(eventLastTimestamp);\n+      return eventLastTimestampDate != null && eventLastTimestampDate.after(handlerInitialization);\n+    }\n+\n+    private Date convertEventTimestampToDate(String timestamp) {\n+      Date date = null;\n+      try {\n+        date = ContainerEvents.convertEventTimestampToDate(timestamp);\n+      } catch (ParseException e) {\n+        LOG.error(\"Error occurred during parsing the event timestamp '{}'\", timestamp);\n+      }\n+      return date;\n+    }\n+\n     /**\n      * Returns true if event reason or message matches one of the comma separated values defined in\n      * 'che.infra.kubernetes.workspace_unrecoverable_events',false otherwise\n@@ -728,7 +766,10 @@ public void handle(ContainerEvent event) {\n           if (machine.getPodName().equals(podName)\n               && machine.getContainerName().equals(containerName)) {\n             eventPublisher.sendMachineLogEnvent(\n-                entry.getKey(), event.getMessage(), event.getTime(), getContext().getIdentity());\n+                entry.getKey(),\n+                event.getMessage(),\n+                event.getCreationTimeStamp(),\n+                getContext().getIdentity());\n             return;\n           }\n         }"},{"sha":"73f6e37e523dd38a94fc7bbbae628c3f0fe3965f","filename":"infrastructures/kubernetes/src/main/java/org/eclipse/che/workspace/infrastructure/kubernetes/namespace/KubernetesPods.java","status":"modified","additions":3,"deletions":1,"changes":4,"blob_url":"https://github.com/eclipse/che/blob/0a5264603f727d7a82ec4ec279300dc080d9fb86/infrastructures/kubernetes/src/main/java/org/eclipse/che/workspace/infrastructure/kubernetes/namespace/KubernetesPods.java","raw_url":"https://github.com/eclipse/che/raw/0a5264603f727d7a82ec4ec279300dc080d9fb86/infrastructures/kubernetes/src/main/java/org/eclipse/che/workspace/infrastructure/kubernetes/namespace/KubernetesPods.java","contents_url":"https://api.github.com/repos/eclipse/che/contents/infrastructures/kubernetes/src/main/java/org/eclipse/che/workspace/infrastructure/kubernetes/namespace/KubernetesPods.java?ref=0a5264603f727d7a82ec4ec279300dc080d9fb86","patch":"@@ -327,7 +327,9 @@ public void eventReceived(Action action, Event event) {\n                           containerName,\n                           event.getReason(),\n                           event.getMessage(),\n-                          event.getMetadata().getCreationTimestamp());\n+                          event.getMetadata().getCreationTimestamp(),\n+                          event.getLastTimestamp());\n+\n                   containerEventsHandlers.forEach(h -> h.handle(containerEvent));\n                 }\n               }"},{"sha":"1b0d2e8eaf52ae88d9242e59f0539df0472c45fd","filename":"infrastructures/kubernetes/src/main/java/org/eclipse/che/workspace/infrastructure/kubernetes/namespace/event/ContainerEvent.java","status":"modified","additions":26,"deletions":10,"changes":36,"blob_url":"https://github.com/eclipse/che/blob/0a5264603f727d7a82ec4ec279300dc080d9fb86/infrastructures/kubernetes/src/main/java/org/eclipse/che/workspace/infrastructure/kubernetes/namespace/event/ContainerEvent.java","raw_url":"https://github.com/eclipse/che/raw/0a5264603f727d7a82ec4ec279300dc080d9fb86/infrastructures/kubernetes/src/main/java/org/eclipse/che/workspace/infrastructure/kubernetes/namespace/event/ContainerEvent.java","contents_url":"https://api.github.com/repos/eclipse/che/contents/infrastructures/kubernetes/src/main/java/org/eclipse/che/workspace/infrastructure/kubernetes/namespace/event/ContainerEvent.java?ref=0a5264603f727d7a82ec4ec279300dc080d9fb86","patch":"@@ -23,15 +23,22 @@\n   private final String containerName;\n   private final String reason;\n   private final String message;\n-  private final String time;\n+  private final String creationTimestamp;\n+  private final String lastTimestamp;\n \n   public ContainerEvent(\n-      String podName, String containerName, String reason, String message, String time) {\n+      String podName,\n+      String containerName,\n+      String reason,\n+      String message,\n+      String creationTimestamp,\n+      String lastTimestamp) {\n     this.podName = podName;\n     this.containerName = containerName;\n     this.reason = reason;\n     this.message = message;\n-    this.time = time;\n+    this.creationTimestamp = creationTimestamp;\n+    this.lastTimestamp = lastTimestamp;\n   }\n \n   /** Returns name of pod related to container. */\n@@ -54,9 +61,14 @@ public String getMessage() {\n     return message;\n   }\n \n-  /** Returns time in format '2017-06-27T17:11:09.306+03:00' */\n-  public String getTime() {\n-    return time;\n+  /** Returns creation timestamp in format '2018-05-15T16:17:54Z' */\n+  public String getCreationTimeStamp() {\n+    return creationTimestamp;\n+  }\n+\n+  /** Returns last timestamp in format '2018-05-15T16:17:54Z' */\n+  public String getLastTimestamp() {\n+    return lastTimestamp;\n   }\n \n   @Override\n@@ -72,12 +84,13 @@ public boolean equals(Object o) {\n         && Objects.equals(containerName, that.containerName)\n         && Objects.equals(reason, that.reason)\n         && Objects.equals(message, that.message)\n-        && Objects.equals(time, that.time);\n+        && Objects.equals(creationTimestamp, that.creationTimestamp)\n+        && Objects.equals(lastTimestamp, that.lastTimestamp);\n   }\n \n   @Override\n   public int hashCode() {\n-    return Objects.hash(podName, containerName, reason, message, time);\n+    return Objects.hash(podName, containerName, reason, message, creationTimestamp, lastTimestamp);\n   }\n \n   @Override\n@@ -95,8 +108,11 @@ public String toString() {\n         + \", message='\"\n         + message\n         + '\\''\n-        + \", time='\"\n-        + time\n+        + \", creationTimestamp='\"\n+        + creationTimestamp\n+        + '\\''\n+        + \", lastTimestamp='\"\n+        + lastTimestamp\n         + '\\''\n         + '}';\n   }"},{"sha":"182f3b2d6c72602512c0a027ddc62dc1a9c07797","filename":"infrastructures/kubernetes/src/main/java/org/eclipse/che/workspace/infrastructure/kubernetes/util/ContainerEvents.java","status":"added","additions":44,"deletions":0,"changes":44,"blob_url":"https://github.com/eclipse/che/blob/0a5264603f727d7a82ec4ec279300dc080d9fb86/infrastructures/kubernetes/src/main/java/org/eclipse/che/workspace/infrastructure/kubernetes/util/ContainerEvents.java","raw_url":"https://github.com/eclipse/che/raw/0a5264603f727d7a82ec4ec279300dc080d9fb86/infrastructures/kubernetes/src/main/java/org/eclipse/che/workspace/infrastructure/kubernetes/util/ContainerEvents.java","contents_url":"https://api.github.com/repos/eclipse/che/contents/infrastructures/kubernetes/src/main/java/org/eclipse/che/workspace/infrastructure/kubernetes/util/ContainerEvents.java?ref=0a5264603f727d7a82ec4ec279300dc080d9fb86","patch":"@@ -0,0 +1,44 @@\n+/*\n+ * Copyright (c) 2012-2018 Red Hat, Inc.\n+ * All rights reserved. This program and the accompanying materials\n+ * are made available under the terms of the Eclipse Public License v1.0\n+ * which accompanies this distribution, and is available at\n+ * http://www.eclipse.org/legal/epl-v10.html\n+ *\n+ * Contributors:\n+ *   Red Hat, Inc. - initial API and implementation\n+ */\n+package org.eclipse.che.workspace.infrastructure.kubernetes.util;\n+\n+import java.text.DateFormat;\n+import java.text.ParseException;\n+import java.text.SimpleDateFormat;\n+import java.util.Date;\n+import org.eclipse.che.workspace.infrastructure.kubernetes.namespace.event.ContainerEvent;\n+\n+/**\n+ * Helps to simplify the interaction with the {@link ContainerEvent}.\n+ *\n+ * @author Ilya Buziuk\n+ */\n+public final class ContainerEvents {\n+  private static DateFormat dateFormat = new SimpleDateFormat(\"yyyy-MM-dd'T'HH:mm:ssX\");\n+\n+  private ContainerEvents() {}\n+\n+  /**\n+   * Converts the time of {@link ContainerEvent} e.g. '2018-05-15T16:17:54Z' to the {@link Date}\n+   * format\n+   */\n+  public static Date convertEventTimestampToDate(String timestamp) throws ParseException {\n+    return dateFormat.parse(timestamp);\n+  }\n+\n+  /**\n+   * Converts the {@link Date} to {@link ContainerEvent} timestamp format e.g.\n+   * '2018-05-15T16:17:54Z'\n+   */\n+  public static String convertDateToEventTimestamp(Date date) {\n+    return dateFormat.format(date);\n+  }\n+}"},{"sha":"54a70b43dbc9fa2b9e40b1a2746976f006a20acb","filename":"infrastructures/kubernetes/src/test/java/org/eclipse/che/workspace/infrastructure/kubernetes/KubernetesInternalRuntimeTest.java","status":"modified","additions":108,"deletions":26,"changes":134,"blob_url":"https://github.com/eclipse/che/blob/0a5264603f727d7a82ec4ec279300dc080d9fb86/infrastructures/kubernetes/src/test/java/org/eclipse/che/workspace/infrastructure/kubernetes/KubernetesInternalRuntimeTest.java","raw_url":"https://github.com/eclipse/che/raw/0a5264603f727d7a82ec4ec279300dc080d9fb86/infrastructures/kubernetes/src/test/java/org/eclipse/che/workspace/infrastructure/kubernetes/KubernetesInternalRuntimeTest.java","contents_url":"https://api.github.com/repos/eclipse/che/contents/infrastructures/kubernetes/src/test/java/org/eclipse/che/workspace/infrastructure/kubernetes/KubernetesInternalRuntimeTest.java?ref=0a5264603f727d7a82ec4ec279300dc080d9fb86","patch":"@@ -57,8 +57,10 @@\n import io.fabric8.kubernetes.api.model.extensions.IngressBackend;\n import io.fabric8.kubernetes.api.model.extensions.IngressRule;\n import io.fabric8.kubernetes.api.model.extensions.IngressSpec;\n+import java.text.ParseException;\n import java.util.ArrayList;\n import java.util.Arrays;\n+import java.util.Date;\n import java.util.HashMap;\n import java.util.HashSet;\n import java.util.LinkedList;\n@@ -111,6 +113,7 @@\n import org.eclipse.che.workspace.infrastructure.kubernetes.namespace.event.ContainerEvent;\n import org.eclipse.che.workspace.infrastructure.kubernetes.namespace.pvc.WorkspaceVolumesStrategy;\n import org.eclipse.che.workspace.infrastructure.kubernetes.server.KubernetesServerResolver;\n+import org.eclipse.che.workspace.infrastructure.kubernetes.util.ContainerEvents;\n import org.eclipse.che.workspace.infrastructure.kubernetes.util.KubernetesSharedPool;\n import org.eclipse.che.workspace.infrastructure.kubernetes.util.RuntimeEventsPublisher;\n import org.mockito.ArgumentCaptor;\n@@ -132,17 +135,19 @@\n   private static final int INTERNAL_PORT = 4411;\n \n   private static final String WORKSPACE_ID = \"workspace123\";\n-  private static final String POD_NAME = \"app\";\n+  private static final String WORKSPACE_POD_NAME = \"app\";\n   private static final String INGRESS_NAME = \"test-ingress\";\n   private static final String SERVICE_NAME = \"test-service\";\n   private static final String POD_SELECTOR = \"che.pod.name\";\n   private static final String CONTAINER_NAME_1 = \"test1\";\n   private static final String CONTAINER_NAME_2 = \"test2\";\n+  private static final String EVENT_CREATION_TIMESTAMP = \"2018-05-15T16:17:54Z\";\n+  private static final String EVENT_LAST_TIMESTAMP_IN_PAST = \"2018-05-15T16:18:54Z\";\n \n   private static final String INGRESS_HOST = \"localhost\";\n \n-  private static final String M1_NAME = POD_NAME + '/' + CONTAINER_NAME_1;\n-  private static final String M2_NAME = POD_NAME + '/' + CONTAINER_NAME_2;\n+  private static final String M1_NAME = WORKSPACE_POD_NAME + '/' + CONTAINER_NAME_1;\n+  private static final String M2_NAME = WORKSPACE_POD_NAME + '/' + CONTAINER_NAME_2;\n \n   private static final String EMPTY_UNRECOVERABLE_EVENTS = \"\";\n   private static final String UNRECOVERABLE_EVENTS =\n@@ -244,7 +249,7 @@ public void setup() throws Exception {\n     final Map<String, Ingress> allIngresses = ImmutableMap.of(INGRESS_NAME, ingress);\n     final Container container = mockContainer(CONTAINER_NAME_1, EXPOSED_PORT_1, INTERNAL_PORT);\n     final ImmutableMap<String, Pod> allPods =\n-        ImmutableMap.of(POD_NAME, mockPod(ImmutableList.of(container)));\n+        ImmutableMap.of(WORKSPACE_POD_NAME, mockPod(ImmutableList.of(container)));\n     when(services.create(any())).thenAnswer(a -> a.getArguments()[0]);\n     when(ingresses.create(any())).thenAnswer(a -> a.getArguments()[0]);\n     when(ingresses.wait(any(), anyInt(), any())).thenReturn(ingress);\n@@ -261,7 +266,7 @@ public void setup() throws Exception {\n   public void startsKubernetesEnvironment() throws Exception {\n     final ImmutableMap<String, Pod> podsMap =\n         ImmutableMap.of(\n-            POD_NAME,\n+            WORKSPACE_POD_NAME,\n             mockPod(\n                 ImmutableList.of(\n                     mockContainer(CONTAINER_NAME_1, EXPOSED_PORT_1),\n@@ -289,7 +294,7 @@ public void startsKubernetesEnvironment() throws Exception {\n   public void startsKubernetesEnvironmentWithoutUnrecoverableHandler() throws Exception {\n     final ImmutableMap<String, Pod> podsMap =\n         ImmutableMap.of(\n-            POD_NAME,\n+            WORKSPACE_POD_NAME,\n             mockPod(\n                 ImmutableList.of(\n                     mockContainer(CONTAINER_NAME_1, EXPOSED_PORT_1),\n@@ -335,7 +340,7 @@ public void stopsWaitingAllMachineStartWhenOneMachineStartFailed() throws Except\n     final Container container1 = mockContainer(CONTAINER_NAME_1, EXPOSED_PORT_1);\n     final Container container2 = mockContainer(CONTAINER_NAME_2, EXPOSED_PORT_2, INTERNAL_PORT);\n     final ImmutableMap<String, Pod> allPods =\n-        ImmutableMap.of(POD_NAME, mockPod(ImmutableList.of(container1, container2)));\n+        ImmutableMap.of(WORKSPACE_POD_NAME, mockPod(ImmutableList.of(container1, container2)));\n     when(k8sEnv.getPods()).thenReturn(allPods);\n     doThrow(InfrastructureException.class).when(bootstrapper).bootstrapAsync();\n \n@@ -380,7 +385,7 @@ public void throwsInfrastructureExceptionWhenMachinesWaitingIsInterrupted() thro\n     final Thread thread = Thread.currentThread();\n     final ImmutableMap<String, Pod> podsMap =\n         ImmutableMap.of(\n-            POD_NAME,\n+            WORKSPACE_POD_NAME,\n             mockPod(\n                 ImmutableList.of(\n                     mockContainer(CONTAINER_NAME_1, EXPOSED_PORT_1),\n@@ -414,8 +419,19 @@ public void throwsInfrastructureExceptionWhenKubernetesNamespaceCleanupFailed()\n   public void testRepublishContainerOutputAsMachineLogEvents() throws Exception {\n     final MachineLogsPublisher logsPublisher = internalRuntime.new MachineLogsPublisher();\n     final ContainerEvent out1 =\n-        mockContainerEvent(\"Pulling\", \"pulling image\", \"07/07/2007 19:01:22\");\n-    final ContainerEvent out2 = mockContainerEvent(\"Pulled\", \"image pulled\", \"07/07/2007 19:08:53\");\n+        mockContainerEvent(\n+            WORKSPACE_POD_NAME,\n+            \"Pulling\",\n+            \"pulling image\",\n+            EVENT_CREATION_TIMESTAMP,\n+            getCurrentTimestampWithOneHourShiftAhead());\n+    final ContainerEvent out2 =\n+        mockContainerEvent(\n+            WORKSPACE_POD_NAME,\n+            \"Pulled\",\n+            \"image pulled\",\n+            EVENT_CREATION_TIMESTAMP,\n+            getCurrentTimestampWithOneHourShiftAhead());\n     final ArgumentCaptor<MachineLogEvent> captor = ArgumentCaptor.forClass(MachineLogEvent.class);\n \n     internalRuntime.doStartMachine(kubernetesServerResolver);\n@@ -432,12 +448,14 @@ public void testRepublishContainerOutputAsMachineLogEvents() throws Exception {\n   public void testHandleUnrecoverableEventByReason() throws Exception {\n     final String unrecoverableEventReason = \"Failed Mount\";\n     final UnrecoverableEventHanler unrecoverableEventHanler =\n-        internalRuntime.new UnrecoverableEventHanler();\n+        internalRuntime.new UnrecoverableEventHanler(k8sEnv.getPods());\n     final ContainerEvent unrecoverableEvent =\n         mockContainerEvent(\n+            WORKSPACE_POD_NAME,\n             unrecoverableEventReason,\n             \"Failed to mount volume 'claim-che-workspace'\",\n-            \"07/07/2007 19:01:22\");\n+            EVENT_CREATION_TIMESTAMP,\n+            getCurrentTimestampWithOneHourShiftAhead());\n     unrecoverableEventHanler.handle(unrecoverableEvent);\n     // 'internalStop' expected to be called which triggers namespace cleanup\n     verify(namespace).cleanUp();\n@@ -448,30 +466,81 @@ public void testHandleUnrecoverableEventByMessage() throws Exception {\n     final String unrecoverableEventMessage =\n         \"Failed to pull image eclipse/che-server:nightly-centos\";\n     final UnrecoverableEventHanler unrecoverableEventHanler =\n-        internalRuntime.new UnrecoverableEventHanler();\n+        internalRuntime.new UnrecoverableEventHanler(k8sEnv.getPods());\n     final ContainerEvent unrecoverableEvent =\n-        mockContainerEvent(\"Pulling\", unrecoverableEventMessage, \"07/07/2007 19:01:22\");\n+        mockContainerEvent(\n+            WORKSPACE_POD_NAME,\n+            \"Pulling\",\n+            unrecoverableEventMessage,\n+            EVENT_CREATION_TIMESTAMP,\n+            getCurrentTimestampWithOneHourShiftAhead());\n     unrecoverableEventHanler.handle(unrecoverableEvent);\n     // 'internalStop' expected to be called which triggers namespace cleanup\n     verify(namespace).cleanUp();\n   }\n \n+  @Test\n+  public void testDoNotHandleUnrecoverableEventFromNonWorkspacePod() throws Exception {\n+    final String unrecoverableEventMessage =\n+        \"Failed to pull image eclipse/che-server:nightly-centos\";\n+    final UnrecoverableEventHanler unrecoverableEventHanler =\n+        internalRuntime.new UnrecoverableEventHanler(k8sEnv.getPods());\n+    final ContainerEvent unrecoverableEvent =\n+        mockContainerEvent(\n+            \"NonWorkspacePod\",\n+            \"Pulling\",\n+            unrecoverableEventMessage,\n+            EVENT_CREATION_TIMESTAMP,\n+            getCurrentTimestampWithOneHourShiftAhead());\n+    unrecoverableEventHanler.handle(unrecoverableEvent);\n+    // 'internalStop' is NOT expected to be called since event does not belong to the workspace\n+    // pod.Cleanup will not be triggered\n+    verify(namespace, never()).cleanUp();\n+  }\n+\n   @Test\n   public void testHandleRegularEvent() throws Exception {\n     final UnrecoverableEventHanler unrecoverableEventHanler =\n-        internalRuntime.new UnrecoverableEventHanler();\n+        internalRuntime.new UnrecoverableEventHanler(k8sEnv.getPods());\n     final ContainerEvent regularEvent =\n-        mockContainerEvent(\"Pulling\", \"pulling image\", \"07/07/2007 19:01:22\");\n+        mockContainerEvent(\n+            WORKSPACE_POD_NAME,\n+            \"Pulling\",\n+            \"pulling image\",\n+            EVENT_CREATION_TIMESTAMP,\n+            getCurrentTimestampWithOneHourShiftAhead());\n     unrecoverableEventHanler.handle(regularEvent);\n-    // 'internalStop' is NOT expected to be called, and namespace cleanup will not be triggered\n+    // 'internalStop' is NOT expected to be called and namespace cleanup will not be triggered\n     verify(namespace, never()).cleanUp();\n   }\n \n   @Test\n-  public void testDoNotPublishForeignMachineOutput() {\n+  public void testHandleUnrecoverableEventWhichHappenedInPast() throws Exception {\n+    final UnrecoverableEventHanler unrecoverableEventHanler =\n+        internalRuntime.new UnrecoverableEventHanler(k8sEnv.getPods());\n+    final ContainerEvent regularEvent =\n+        mockContainerEvent(\n+            WORKSPACE_POD_NAME,\n+            \"Pulling\",\n+            \"pulling image\",\n+            EVENT_CREATION_TIMESTAMP,\n+            EVENT_LAST_TIMESTAMP_IN_PAST);\n+    unrecoverableEventHanler.handle(regularEvent);\n+    // 'internalStop' is NOT expected to be called since unrecoverable event had happened in the\n+    // past. Namespace cleanup will not be triggered\n+    verify(namespace, never()).cleanUp();\n+  }\n+\n+  @Test\n+  public void testDoNotPublishForeignMachineOutput() throws ParseException {\n     final MachineLogsPublisher logsPublisher = internalRuntime.new MachineLogsPublisher();\n     final ContainerEvent out1 =\n-        mockContainerEvent(\"Created\", \"folder created\", \"33/03/2033 19:01:06\");\n+        mockContainerEvent(\n+            WORKSPACE_POD_NAME,\n+            \"Created\",\n+            \"folder created\",\n+            EVENT_CREATION_TIMESTAMP,\n+            getCurrentTimestampWithOneHourShiftAhead());\n \n     logsPublisher.handle(out1);\n \n@@ -700,11 +769,13 @@ private static Container mockContainer(String name, int... ports) {\n   private static Pod mockPod(List<Container> containers) {\n     final Pod pod = mock(Pod.class);\n     final PodSpec spec = mock(PodSpec.class);\n-    mockName(POD_NAME, pod);\n+    mockName(WORKSPACE_POD_NAME, pod);\n     when(spec.getContainers()).thenReturn(containers);\n     when(pod.getSpec()).thenReturn(spec);\n     when(pod.getMetadata().getLabels())\n-        .thenReturn(ImmutableMap.of(POD_SELECTOR, POD_NAME, CHE_ORIGINAL_NAME_LABEL, POD_NAME));\n+        .thenReturn(\n+            ImmutableMap.of(\n+                POD_SELECTOR, WORKSPACE_POD_NAME, CHE_ORIGINAL_NAME_LABEL, WORKSPACE_POD_NAME));\n     return pod;\n   }\n \n@@ -713,7 +784,7 @@ private static Service mockService() {\n     final ServiceSpec spec = mock(ServiceSpec.class);\n     mockName(SERVICE_NAME, service);\n     when(service.getSpec()).thenReturn(spec);\n-    when(spec.getSelector()).thenReturn(ImmutableMap.of(POD_SELECTOR, POD_NAME));\n+    when(spec.getSelector()).thenReturn(ImmutableMap.of(POD_SELECTOR, WORKSPACE_POD_NAME));\n     final ServicePort sp1 =\n         new ServicePortBuilder().withTargetPort(intOrString(EXPOSED_PORT_1)).build();\n     final ServicePort sp2 =\n@@ -761,24 +832,35 @@ private static ObjectMeta mockName(String name, HasMetadata mock) {\n     return metadata;\n   }\n \n-  private static ContainerEvent mockContainerEvent(String reason, String message, String time) {\n+  private static ContainerEvent mockContainerEvent(\n+      String podName,\n+      String reason,\n+      String message,\n+      String creationTimestamp,\n+      String lastTimestamp) {\n     final ContainerEvent event = mock(ContainerEvent.class);\n-    when(event.getPodName()).thenReturn(POD_NAME);\n+    when(event.getPodName()).thenReturn(podName);\n     when(event.getContainerName()).thenReturn(CONTAINER_NAME_1);\n     when(event.getReason()).thenReturn(reason);\n     when(event.getMessage()).thenReturn(message);\n-    when(event.getTime()).thenReturn(time);\n+    when(event.getCreationTimeStamp()).thenReturn(creationTimestamp);\n+    when(event.getLastTimestamp()).thenReturn(lastTimestamp);\n     return event;\n   }\n \n   private static MachineLogEvent asMachineLogEvent(ContainerEvent event) {\n     return newDto(MachineLogEvent.class)\n         .withRuntimeId(DtoConverter.asDto(IDENTITY))\n         .withText(event.getMessage())\n-        .withTime(event.getTime())\n+        .withTime(event.getCreationTimeStamp())\n         .withMachineName(event.getPodName() + '/' + event.getContainerName());\n   }\n \n+  private String getCurrentTimestampWithOneHourShiftAhead() throws ParseException {\n+    Date currentTimestampWithOneHourShiftAhead = new Date(new Date().getTime() + 3600 * 1000);\n+    return ContainerEvents.convertDateToEventTimestamp(currentTimestampWithOneHourShiftAhead);\n+  }\n+\n   private static IntOrString intOrString(int port) {\n     return new IntOrStringBuilder().withIntVal(port).withStrVal(String.valueOf(port)).build();\n   }"},{"sha":"dc6b40b0035a2bf9e8b515642b1bf9c8d07678c6","filename":"infrastructures/kubernetes/src/test/java/org/eclipse/che/workspace/infrastructure/kubernetes/util/ContainerEventsTest.java","status":"added","additions":46,"deletions":0,"changes":46,"blob_url":"https://github.com/eclipse/che/blob/0a5264603f727d7a82ec4ec279300dc080d9fb86/infrastructures/kubernetes/src/test/java/org/eclipse/che/workspace/infrastructure/kubernetes/util/ContainerEventsTest.java","raw_url":"https://github.com/eclipse/che/raw/0a5264603f727d7a82ec4ec279300dc080d9fb86/infrastructures/kubernetes/src/test/java/org/eclipse/che/workspace/infrastructure/kubernetes/util/ContainerEventsTest.java","contents_url":"https://api.github.com/repos/eclipse/che/contents/infrastructures/kubernetes/src/test/java/org/eclipse/che/workspace/infrastructure/kubernetes/util/ContainerEventsTest.java?ref=0a5264603f727d7a82ec4ec279300dc080d9fb86","patch":"@@ -0,0 +1,46 @@\n+/*\n+ * Copyright (c) 2012-2018 Red Hat, Inc.\n+ * All rights reserved. This program and the accompanying materials\n+ * are made available under the terms of the Eclipse Public License v1.0\n+ * which accompanies this distribution, and is available at\n+ * http://www.eclipse.org/legal/epl-v10.html\n+ *\n+ * Contributors:\n+ *   Red Hat, Inc. - initial API and implementation\n+ */\n+package org.eclipse.che.workspace.infrastructure.kubernetes.util;\n+\n+import java.text.ParseException;\n+import java.util.Date;\n+import org.testng.Assert;\n+import org.testng.annotations.Test;\n+\n+/**\n+ * Tests {@link ContainerEvents}.\n+ *\n+ * @author Ilya Buziuk\n+ */\n+public class ContainerEventsTest {\n+\n+  @Test\n+  public void eventDateShouldBeBeforeCurrentDate() throws ParseException {\n+    String eventTime = \"2018-05-15T16:17:54Z\";\n+    Date eventDate = ContainerEvents.convertEventTimestampToDate(eventTime);\n+    Assert.assertTrue(eventDate.before(new Date()));\n+  }\n+\n+  @Test(expectedExceptions = ParseException.class)\n+  public void throwsParseExceptionWhenDateFormatIsInvalid() throws ParseException {\n+    String eventTime = \"2018-05-15T16:143435Z\";\n+    ContainerEvents.convertEventTimestampToDate(eventTime);\n+  }\n+\n+  @Test\n+  public void getEventTimestampFromDate() throws ParseException {\n+    String timestamp = \"2018-05-15T16:17:54Z\";\n+    Date date = ContainerEvents.convertEventTimestampToDate(timestamp);\n+    String timestampFromDate = ContainerEvents.convertDateToEventTimestamp(date);\n+    Date dateAfterParsingTimestamp = ContainerEvents.convertEventTimestampToDate(timestampFromDate);\n+    Assert.assertEquals(date, dateAfterParsingTimestamp);\n+  }\n+}"},{"sha":"70df1e0858d981fd81437809d741fce485039c41","filename":"infrastructures/openshift/src/main/java/org/eclipse/che/workspace/infrastructure/openshift/OpenShiftInternalRuntime.java","status":"modified","additions":4,"deletions":1,"changes":5,"blob_url":"https://github.com/eclipse/che/blob/0a5264603f727d7a82ec4ec279300dc080d9fb86/infrastructures/openshift/src/main/java/org/eclipse/che/workspace/infrastructure/openshift/OpenShiftInternalRuntime.java","raw_url":"https://github.com/eclipse/che/raw/0a5264603f727d7a82ec4ec279300dc080d9fb86/infrastructures/openshift/src/main/java/org/eclipse/che/workspace/infrastructure/openshift/OpenShiftInternalRuntime.java","contents_url":"https://api.github.com/repos/eclipse/che/contents/infrastructures/openshift/src/main/java/org/eclipse/che/workspace/infrastructure/openshift/OpenShiftInternalRuntime.java?ref=0a5264603f727d7a82ec4ec279300dc080d9fb86","patch":"@@ -12,10 +12,12 @@\n \n import com.google.common.base.Strings;\n import com.google.inject.assistedinject.Assisted;\n+import io.fabric8.kubernetes.api.model.Pod;\n import io.fabric8.kubernetes.api.model.Service;\n import io.fabric8.openshift.api.model.Route;\n import java.util.ArrayList;\n import java.util.List;\n+import java.util.Map;\n import javax.inject.Inject;\n import javax.inject.Named;\n import org.eclipse.che.api.core.model.workspace.Warning;\n@@ -100,7 +102,8 @@ protected void startMachines() throws InfrastructureException {\n \n     project.pods().watchContainers(new MachineLogsPublisher());\n     if (!Strings.isNullOrEmpty(unrecoverableEvents)) {\n-      project.pods().watchContainers(new UnrecoverableEventHanler());\n+      Map<String, Pod> pods = getContext().getEnvironment().getPods();\n+      project.pods().watchContainers(new UnrecoverableEventHanler(pods));\n     }\n \n     doStartMachine(new OpenShiftServerResolver(createdServices, createdRoutes));"}]}
