{"sha":"0a61c86d069906d3d210b7ad15851cd57050d878","commit":{"author":{"name":"Oleksii Orel","email":"oorel@codenvy.com","date":"2016-10-21T09:39:32Z"},"committer":{"name":"Oleksii Orel","email":"oorel@codenvy.com","date":"2016-10-28T16:41:04Z"},"message":"improve configuration flow for runtimes\n\nSigned-off-by: Oleksii Orel <oorel@codenvy.com>","tree":{"sha":"10e942b9dc439c8d841dfdb430bd22142a9b27b9","url":"https://api.github.com/repos/eclipse/che/git/trees/10e942b9dc439c8d841dfdb430bd22142a9b27b9"},"url":"https://api.github.com/repos/eclipse/che/git/commits/0a61c86d069906d3d210b7ad15851cd57050d878","comment_count":0,"verification":{"verified":false,"reason":"unsigned","signature":null,"payload":null}},"url":"https://api.github.com/repos/eclipse/che/commits/0a61c86d069906d3d210b7ad15851cd57050d878","html_url":"https://github.com/eclipse/che/commit/0a61c86d069906d3d210b7ad15851cd57050d878","comments_url":"https://api.github.com/repos/eclipse/che/commits/0a61c86d069906d3d210b7ad15851cd57050d878/comments","author":{"login":"olexii4","id":6310786,"avatar_url":"https://avatars3.githubusercontent.com/u/6310786?v=4","gravatar_id":"","url":"https://api.github.com/users/olexii4","html_url":"https://github.com/olexii4","followers_url":"https://api.github.com/users/olexii4/followers","following_url":"https://api.github.com/users/olexii4/following{/other_user}","gists_url":"https://api.github.com/users/olexii4/gists{/gist_id}","starred_url":"https://api.github.com/users/olexii4/starred{/owner}{/repo}","subscriptions_url":"https://api.github.com/users/olexii4/subscriptions","organizations_url":"https://api.github.com/users/olexii4/orgs","repos_url":"https://api.github.com/users/olexii4/repos","events_url":"https://api.github.com/users/olexii4/events{/privacy}","received_events_url":"https://api.github.com/users/olexii4/received_events","type":"User","site_admin":false},"committer":{"login":"olexii4","id":6310786,"avatar_url":"https://avatars3.githubusercontent.com/u/6310786?v=4","gravatar_id":"","url":"https://api.github.com/users/olexii4","html_url":"https://github.com/olexii4","followers_url":"https://api.github.com/users/olexii4/followers","following_url":"https://api.github.com/users/olexii4/following{/other_user}","gists_url":"https://api.github.com/users/olexii4/gists{/gist_id}","starred_url":"https://api.github.com/users/olexii4/starred{/owner}{/repo}","subscriptions_url":"https://api.github.com/users/olexii4/subscriptions","organizations_url":"https://api.github.com/users/olexii4/orgs","repos_url":"https://api.github.com/users/olexii4/repos","events_url":"https://api.github.com/users/olexii4/events{/privacy}","received_events_url":"https://api.github.com/users/olexii4/received_events","type":"User","site_admin":false},"parents":[{"sha":"25f916760c62e07d610c6697996deba3f7f89bda","url":"https://api.github.com/repos/eclipse/che/commits/25f916760c62e07d610c6697996deba3f7f89bda","html_url":"https://github.com/eclipse/che/commit/25f916760c62e07d610c6697996deba3f7f89bda"}],"stats":{"total":1294,"additions":966,"deletions":328},"files":[{"sha":"0f94c46a68d6139b3ce6f558b431f50608c0bf03","filename":"dashboard/src/app/colors/che-colors.styl","status":"modified","additions":3,"deletions":1,"changes":4,"blob_url":"https://github.com/eclipse/che/blob/0a61c86d069906d3d210b7ad15851cd57050d878/dashboard/src/app/colors/che-colors.styl","raw_url":"https://github.com/eclipse/che/raw/0a61c86d069906d3d210b7ad15851cd57050d878/dashboard/src/app/colors/che-colors.styl","contents_url":"https://api.github.com/repos/eclipse/che/contents/dashboard/src/app/colors/che-colors.styl?ref=0a61c86d069906d3d210b7ad15851cd57050d878","patch":"@@ -27,9 +27,11 @@ $auth-ok-color = $che-green-color\n \n $box-border-color = $very-light-grey-color\n \n+$button-primary-hover-color = rgba(67, 130, 203, 1)\n+\n $list-header-blue-color = $che-medium-blue-color\n $list-header-button-color = alpha($che-white-color, 0.87)\n-$list-header-button-hover-color = rgba(67, 130, 203, 1)\n+$list-header-button-hover-color = $button-primary-hover-color\n $list-action-color = $stroke-color\n $list-action-hover-color = $che-medium-blue-color\n $list-checkbox-background-color = $cat-gray-color"},{"sha":"bbe00bd8204d6cffb5b16ff5d9c8b6efd10d21ef","filename":"dashboard/src/app/stacks/stack-details/stack.controller.ts","status":"modified","additions":127,"deletions":77,"changes":204,"blob_url":"https://github.com/eclipse/che/blob/0a61c86d069906d3d210b7ad15851cd57050d878/dashboard/src/app/stacks/stack-details/stack.controller.ts","raw_url":"https://github.com/eclipse/che/raw/0a61c86d069906d3d210b7ad15851cd57050d878/dashboard/src/app/stacks/stack-details/stack.controller.ts","contents_url":"https://api.github.com/repos/eclipse/che/contents/dashboard/src/app/stacks/stack-details/stack.controller.ts?ref=0a61c86d069906d3d210b7ad15851cd57050d878","patch":"@@ -19,32 +19,29 @@ import {CheNotification} from \"../../../components/notification/che-notification\n  * @author Oleksii Orel\n  */\n export class StackController {\n-  GENERAL_SCOPE: string = \"general\";\n-  ADVANCED_SCOPE: string = \"advanced\";\n-\n+  GENERAL_SCOPE: string = 'general';\n+  ADVANCED_SCOPE: string = 'advanced';\n   $log: ng.ILogService;\n   $filter: ng.IFilterService;\n   $timeout: ng.ITimeoutService;\n   $location: ng.ILocationService;\n   $mdDialog: ng.material.IDialogService;\n-\n+  cheStack: CheStack;\n+  cheNotification: CheNotification;\n   loading: boolean;\n   isLoading: boolean;\n   isCreation: boolean;\n-\n+  isStackChange: boolean;\n   stackId: string;\n   stackName: string;\n   stackJson: string;\n   invalidStack: string;\n-\n+  stackTags: Array<string>;\n   stack: any;\n+  copyStack: any;\n   editorOptions: any;\n-  changesPromise: ng.IPromise;\n   machinesViewStatus: any;\n \n-  cheStack: CheStack;\n-  cheNotification: CheNotification;\n-\n   /**\n    * Default constructor that is using resource injection\n    * @ngInject for Dependency injection\n@@ -71,9 +68,11 @@ export class StackController {\n     };\n \n     this.machinesViewStatus = {};\n-\n     //Checking creation mode:\n     this.isCreation = $route.current.params.stackId === 'create';\n+    this.copyStack = {};\n+    this.stackTags = [];\n+\n     if (this.isCreation) {\n       this.stack = this.getNewStackTemplate();\n     } else {\n@@ -82,23 +81,76 @@ export class StackController {\n     }\n   }\n \n+  /**\n+   * Cancels stack's changes\n+   */\n+  cancelStackChanges() {\n+    if (!this.copyStack) {\n+      return;\n+    }\n+    if (this.isCreation) {\n+      this.$location.path('/stacks');\n+    }\n+    this.stack = angular.copy(this.copyStack);\n+    this.stackName = angular.copy(this.stack.name);\n+\n+    if (this.stack.tags && this.stack.tags.isArray) {\n+      this.stackTags = angular.copy(this.stack.tags);\n+    } else {\n+      this.stackTags = [];\n+    }\n+\n+    this.stackTags = this.stack.tags ? angular.copy(this.stack.tags) : [];\n+    this.updateJsonFromStack();\n+  }\n+\n   /**\n    * Returns template for the new stack.\n    *\n    * @returns {{stack}} new stack template\n    */\n   getNewStackTemplate(): any {\n     this.stackName = 'New Stack';\n-    let stack: any = {};\n-    stack.name = this.stackName;\n-    stack.description = '';\n-    stack.source = {};\n-    stack.source.origin = '';\n-    stack.source.type = '';\n-    stack.components = [];\n-    stack.tags = [];\n-    stack.workspaceConfig = {};\n-    stack.scope = 'advanced';\n+    let stack: any = {\n+      'name': this.stackName,\n+      'description': 'New Java Stack',\n+      'scope': 'general',\n+      'tags': [\n+        'Java 1.8'\n+      ],\n+      'components': [],\n+      'source': {\n+        'type': 'image',\n+        'origin': 'codenvy/ubuntu_jdk8'\n+      },\n+      'workspaceConfig': {\n+        'environments': {\n+          'default': {\n+            'machines': {\n+              'dev-machine': {\n+                'agents': [\n+                  'org.eclipse.che.terminal', 'org.eclipse.che.ws-agent', 'org.eclipse.che.ssh'\n+                ],\n+                'servers': {},\n+                'attributes': {\n+                  'memoryLimitBytes': '2147483648'\n+                }\n+              }\n+            },\n+            'recipe': {\n+              'content': 'services:\\n dev-machine:\\n  image: codenvy/ubuntu_jdk8\\n',\n+              'contentType': 'application/x-yaml',\n+              'type': 'compose'\n+            }\n+          }\n+        },\n+        'name': 'default',\n+        'defaultEnv': 'default',\n+        'description': null,\n+        'commands': []\n+      }\n+    };\n+\n     return stack;\n   }\n \n@@ -132,20 +184,6 @@ export class StackController {\n     });\n   }\n \n-  /**\n-   * Sets scope for current stack\n-   *\n-   * @param scope {string} stack's scope\n-   */\n-  setStackScope(scope: string): void {\n-    if (this.stack.scope === scope) {\n-      return;\n-    }\n-\n-    this.stack.scope = scope;\n-    this.saveStack();\n-  }\n-\n   /**\n    * Handle stack's tag adding.\n    *\n@@ -154,7 +192,7 @@ export class StackController {\n    */\n   handleTagAdding(tag: string): string {\n     //Prevents mentioning same tags twice:\n-    if (this.stack.tags.includes(tag)) {\n+    if (this.stackTags.indexOf(tag) > -1) {\n       return null;\n     }\n \n@@ -172,19 +210,54 @@ export class StackController {\n     this.updateJsonFromStack();\n   }\n \n+  /**\n+   * Updates stack name info.\n+   * @param isFormValid {Boolean} true if form is valid\n+   */\n+  updateStackName(isFormValid: boolean) {\n+    if (isFormValid === false) {\n+      return;\n+    }\n+    this.stack.name = this.stackName;\n+    this.updateJsonFromStack();\n+  }\n+\n+  /**\n+   * Updates stack tags info.\n+   */\n+  updateStackTags() {\n+    if (!this.stack.tags) {\n+      this.stack.tags = [];\n+    }\n+    this.stack.tags = angular.copy(this.stackTags);\n+    this.updateJsonFromStack();\n+  }\n+\n   /**\n    * Update stack's editor json from stack.\n    */\n   updateJsonFromStack(): void {\n+    this.isStackChange = !angular.equals(this.stack, this.copyStack);\n     this.stackJson = angular.toJson(this.stack, true);\n   }\n \n   /**\n    * Update stack from stack's editor json.\n    */\n   updateStackFromJson(): void {\n-    this.stack = angular.fromJson(this.stackJson);\n-    this.stackName = angular.copy(this.stack.name);\n+    let stack: any;\n+    try {\n+      stack = angular.fromJson(this.stackJson);\n+    } catch (e) {\n+      this.isStackChange = false;\n+      return;\n+    }\n+    this.isStackChange = !angular.equals(stack, this.copyStack);\n+    if (this.isStackChange) {\n+      this.stack = stack;\n+      this.stackTags = !stack.tags ? [] : angular.copy(stack.tags);\n+      this.stackName = !stack.name ? '' : angular.copy(stack.name);\n+    }\n   }\n \n   /**\n@@ -194,34 +267,14 @@ export class StackController {\n     if (!this.stack.tags) {\n       this.stack.tags = [];\n     }\n+    this.stackTags = angular.copy(this.stack.tags);\n \n     delete this.stack.links;\n     this.stackName = angular.copy(this.stack.name);\n+    this.copyStack = angular.copy(this.stack);\n     this.updateJsonFromStack();\n   }\n \n-  /**\n-   * Updates stack info.\n-   * @param isFormValid {Boolean} true if form is valid\n-   */\n-  updateStack(isFormValid: boolean) {\n-    if (this.isCreation) {\n-      this.stack.name = this.stackName;\n-      this.updateJsonFromStack();\n-      return;\n-    }\n-\n-    if (isFormValid === false || this.stack.name === this.stackName) {\n-      this.updateJsonFromStack();\n-      if (this.changesPromise) {\n-        this.$timeout.cancel(this.changesPromise);\n-      }\n-    } else {\n-      this.stack.name = this.stackName;\n-      this.saveStack();\n-    }\n-  }\n-\n   /**\n    * Saves stack configuration - creates new one or updates existing.\n    */\n@@ -231,22 +284,18 @@ export class StackController {\n       this.createStack();\n       return;\n     }\n-    if (this.changesPromise) {\n-      this.$timeout.cancel(this.changesPromise);\n-    }\n-    this.changesPromise = this.$timeout(() => {\n-      this.cheStack.updateStack(this.stack.id, this.stackJson).then(() => {\n-        this.cheNotification.showInfo('Stack is successfully updated.');\n-        this.isLoading = false;\n-        this.cheStack.fetchStacks();\n-      }, (error) => {\n-        this.isLoading = false;\n-        this.cheNotification.showError(error.data.message !== null ? error.data.message : 'Update stack failed.');\n-        this.$log.error(error);\n-        this.stack = this.cheStack.getStackById(this.stackId);\n-        this.prepareStackData();\n-      });\n-    }, 1000);\n+    this.cheStack.updateStack(this.stack.id, this.stackJson).then((stack) => {\n+      this.cheNotification.showInfo('Stack is successfully updated.');\n+      this.isLoading = false;\n+      this.stack = stack;\n+      this.prepareStackData();\n+    }, (error) => {\n+      this.isLoading = false;\n+      this.cheNotification.showError(error.data.message !== null ? error.data.message : 'Update stack failed.');\n+      this.$log.error(error);\n+      this.stack = this.cheStack.getStackById(this.stackId);\n+      this.cancelStackChanges();\n+    });\n   }\n \n   /**\n@@ -258,6 +307,7 @@ export class StackController {\n       this.isLoading = false;\n       this.cheStack.fetchStacks();\n       this.prepareStackData();\n+      this.isCreation = false;\n     }, (error) => {\n       this.isLoading = false;\n       this.cheNotification.showError(error.data.message !== null ? error.data.message : 'Creation stack failed.');\n@@ -285,7 +335,7 @@ export class StackController {\n         this.$location.path('/stacks');\n       }, (error) => {\n         this.loading = false;\n-        let message = 'Failed to delete <b>' + this.stack.name + '</b> stack.' + (error && error.message) ? error.message : \"\";\n+        let message = 'Failed to delete <b>' + this.stack.name + '</b> stack.' + (error && error.message) ? error.message : '';\n         this.cheNotification.showError(message);\n       });\n     });"},{"sha":"743a059fcf98fd0cdc13f0efff29a2d5ecf7d3a1","filename":"dashboard/src/app/stacks/stack-details/stack.html","status":"modified","additions":54,"deletions":52,"changes":106,"blob_url":"https://github.com/eclipse/che/blob/0a61c86d069906d3d210b7ad15851cd57050d878/dashboard/src/app/stacks/stack-details/stack.html","raw_url":"https://github.com/eclipse/che/raw/0a61c86d069906d3d210b7ad15851cd57050d878/dashboard/src/app/stacks/stack-details/stack.html","contents_url":"https://api.github.com/repos/eclipse/che/contents/dashboard/src/app/stacks/stack-details/stack.html?ref=0a61c86d069906d3d210b7ad15851cd57050d878","patch":"@@ -1,24 +1,37 @@\n+<!--\n+\n+    Copyright (c) 2015 Codenvy, S.A.\n+    All rights reserved. This program and the accompanying materials\n+    are made available under the terms of the Eclipse Public License v1.0\n+    which accompanies this distribution, and is available at\n+    http://www.eclipse.org/legal/epl-v10.html\n+\n+    Contributors:\n+      Codenvy, S.A. - initial API and implementation\n+\n+-->\n+<ng-form flex layout=\"column\" name=\"stackForm\">\n <che-toolbar che-title=\"{{stackController.stack ? stackController.stack.name : stackController.stackId}}\"\n+             che-button-name=\"Save\"\n+             che-button-disabled=\"!stackController.isStackChange || !stackForm.$valid\"\n+             che-button-on-click=\"stackController.saveStack()\"\n              che-title-icons-controller=\"stackController\"\n              che-breadcrumb-title=\"All stacks\"\n              che-breadcrumb-href=\"#/stacks\"\n              che-subheader-title=\"{{stackController.stack.type}}\">\n </che-toolbar>\n <md-progress-linear md-mode=\"indeterminate\" ng-show=\"stackController.loading\"></md-progress-linear>\n-\n <md-content md-scroll-y flex class=\"stack-content\">\n-\n   <!-- Name -->\n   <che-label-container che-label-name=\"Name\">\n     <div layout=\"column\" class=\"stack-details-input\">\n-      <ng-form flex layout=\"column\" name=\"stackForm\">\n         <che-input che-form=\"stackForm\"\n                    che-name=\"name\"\n                    aria-label=\"Name of the stack\"\n                    che-place-holder=\"Name of the stack\"\n                    ng-model=\"stackController.stackName\"\n                    unique-stack-name=\"stackController.stack.name\"\n-                   ng-change=\"stackController.updateStack(stackForm.$valid)\"\n+                   ng-change=\"stackController.updateStackName(stackForm.$valid)\"\n                    required\n                    ng-maxlength=\"128\"\n                    ng-pattern=\"/^[A-Za-z0-9_\\s\\-\\.\\+]+$/\">\n@@ -29,69 +42,43 @@\n           <div ng-message=\"md-maxlength\">The name has to be less than 128 characters long.</div>\n           <div ng-message=\"uniqueStackName\">This stack name is already used.</div>\n         </che-input>\n-      </ng-form>\n     </div>\n   </che-label-container>\n-\n-  <!-- Configuration -->\n-  <che-label-container che-label-name=\"Configuration\">\n-    <div class=\"stack-editor\">\n-      <textarea ui-codemirror=\"stackController.editorOptions\"\n-                ng-model=\"stackController.stackJson\"\n-                ng-model-options=\"{ updateOn: 'default blur', debounce: { 'default': 500, 'blur': 0 } }\"\n-                ng-change=\"stackController.updateStackFromJson()\"\n-                aria-label=\"Stack configuration editor\">\n-      </textarea>\n-      <a target=\"_blank\" ng-href=\"https://eclipse-che.readme.io/docs/stacks\">Docs: Stack Structure</a>\n-    </div>\n-    <div layout=\"row\" layout-align=\"start center\" class=\"stack-editor-footer\">\n-      <che-button-primary che-button-title=\"Save\"\n-                          ng-click=\"stackController.saveStack()\"></che-button-primary>\n+  <!-- stack's environments -->\n+  <che-label-container che-label-name=\"Runtimes\">\n+    <div ng-repeat=\"(environmentName, environmentValue) in stackController.stack.workspaceConfig.environments\">\n+      <workspace-environments\n+        environment-name=\"environmentName\"\n+        workspace-config=\"stackController.stack.workspaceConfig\"\n+        machines-view-status=\"stackController.machinesViewStatus\"\n+        environment-on-change=\"stackController.updateJsonFromStack()\"></workspace-environments>\n     </div>\n   </che-label-container>\n-\n-  <!-- stack's environment -->\n-  <che-label-container che-label-name=\"Machines\">\n-    <workspace-environments ng-repeat=\"(environmentName, environmentValue) in stackController.stack.workspaceConfig.environments\"\n-                            environment-name=\"environmentName\"\n-                            workspace-config=\"stackController.stack.workspaceConfig\"\n-                            machines-view-status=\"stackController.machinesViewStatus\"\n-                            environment-on-change=\"stackController.saveStack()\"></workspace-environments>\n-  </che-label-container>\n   <!-- Commands -->\n   <che-label-container che-label-name=\"Commands\"\n                        che-label-description=\"Commands define the commands available for workspace\">\n-    <list-commands commands-on-change=\"stackController.saveStack()\"\n+    <list-commands commands-on-change=\"stackController.updateJsonFromStack()\"\n                    commands=\"stackController.stack.workspaceConfig.commands\"></list-commands>\n   </che-label-container>\n   <!-- Category -->\n   <che-label-container che-label-name=\"Category\"\n-                       che-label-description=\"Define where the stack will be displayed for users.\">\n-    <div layout=\"raw\" flex=\"100\" class=\"stack-category\">\n-      <che-button-primary che-button-title=\"Ready-to-go\"\n-                          ng-show=\"stackController.stack.scope === stackController.GENERAL_SCOPE\"\n-                          ng-click=\"stackController.setStackScope(stackController.GENERAL_SCOPE)\"></che-button-primary>\n-      <che-button-primary-flat che-button-title=\"Ready-to-go\"\n-                               ng-show=\"stackController.stack.scope !== stackController.GENERAL_SCOPE\"\n-                               ng-click=\"stackController.setStackScope(stackController.GENERAL_SCOPE)\"></che-button-primary-flat>\n-      <che-button-primary che-button-title=\"Advanced\"\n-                          ng-show=\"stackController.stack.scope === stackController.ADVANCED_SCOPE\"\n-                          ng-click=\"stackController.setStackScope(stackController.ADVANCED_SCOPE)\"></che-button-primary>\n-      <che-button-primary-flat che-button-title=\"Advanced\"\n-                               ng-show=\"stackController.stack.scope !== stackController.ADVANCED_SCOPE\"\n-                               ng-click=\"stackController.setStackScope(stackController.ADVANCED_SCOPE)\"></che-button-primary-flat>\n+                       che-label-description=\"Define the process for users in the workplace.\">\n+    <div layout=\"column\">\n+      <che-toggle ng-model=\"stackController.stack.scope\" ng-change=\"stackController.updateJsonFromStack()\" md-theme=\"default\">\n+        <che-toggle-button che-title=\"Ready-to-go\" che-value=\"{{stackController.GENERAL_SCOPE}}\"></che-toggle-button>\n+        <che-toggle-button che-title=\"Advanced\" che-value=\"{{stackController.ADVANCED_SCOPE}}\"></che-toggle-button>\n+      </che-toggle>\n     </div>\n   </che-label-container>\n   <!-- stack's tags -->\n-  <che-label-container ng-if=\"stackController.stack && stackController.stack.tags\"\n-                       che-label-description=\"Tags define the templates available for workspace.\"\n-                       che-label-name=\"Tags\">\n+  <che-label-container che-label-name=\"Tags\"\n+                       che-label-description=\"Associate the type of templates available when creating projects for this workspace.\">\n     <div layout=\"column\" flex=\"100\" class=\"stack-tags\">\n       <md-chips flex name=\"stack's tags\"\n-                ng-model=\"stackController.stack.tags\"\n+                ng-model=\"stackController.stackTags\"\n                 md-transform-chip=\"stackController.handleTagAdding($chip)\"\n-                md-on-add=\"stackController.saveStack()\"\n-                md-on-remove=\"stackController.saveStack()\"\n+                md-on-add=\"stackController.updateStackTags()\"\n+                md-on-remove=\"stackController.updateStackTags()\"\n                 secondary-placeholder=\"Enter stack's tags\">\n         <md-chip-template>\n           <div class=\"stack-library-text\">{{$chip | uppercase}}</div>\n@@ -105,6 +92,19 @@\n       </div>\n     </div>\n   </che-label-container>\n+  <!-- Configuration -->\n+  <che-label-container che-label-name=\"Configuration\"\n+                       che-label-description=\"Edit your stack's data model.\">\n+    <div class=\"stack-editor\">\n+      <textarea ui-codemirror=\"stackController.editorOptions\"\n+                ng-model=\"stackController.stackJson\"\n+                ng-model-options=\"{ updateOn: 'default blur', debounce: { 'default': 500, 'blur': 0 } }\"\n+                ng-change=\"stackController.updateStackFromJson()\"\n+                aria-label=\"Stack configuration editor\">\n+      </textarea>\n+      <a target=\"_blank\" ng-href=\"https://eclipse-che.readme.io/docs/stacks\">Docs: Stack Structure</a>\n+    </div>\n+  </che-label-container>\n   <!-- Delete stack -->\n   <che-label-container class=\"stack-delete-label\"\n                        ng-if=\"!stackController.isCreation\"\n@@ -115,8 +115,10 @@\n   </che-label-container>\n \n </md-content>\n-\n-\n+<workspace-edit-mode-overlay ng-show=\"stackController.isStackChange && stackForm.$valid\"\n+                             workspace-edit-mode-on-save=\"stackController.saveStack()\"\n+                             workspace-edit-mode-on-cancel=\"stackController.cancelStackChanges()\"></workspace-edit-mode-overlay>\n+</ng-form>\n <md-content ng-show=\"stackController.invalidStack\">\n   {{stackController.invalidStack}}\n </md-content>"},{"sha":"d61e0a12f28d19ce48c50042aad63073e0c0cd7e","filename":"dashboard/src/app/stacks/stack-details/stack.styl","status":"modified","additions":18,"deletions":7,"changes":25,"blob_url":"https://github.com/eclipse/che/blob/0a61c86d069906d3d210b7ad15851cd57050d878/dashboard/src/app/stacks/stack-details/stack.styl","raw_url":"https://github.com/eclipse/che/raw/0a61c86d069906d3d210b7ad15851cd57050d878/dashboard/src/app/stacks/stack-details/stack.styl","contents_url":"https://api.github.com/repos/eclipse/che/contents/dashboard/src/app/stacks/stack-details/stack.styl?ref=0a61c86d069906d3d210b7ad15851cd57050d878","patch":"@@ -4,17 +4,29 @@\n   .workspace-environments\n     padding 0\n \n+    & > .che-label-container:first-child\n+      padding-top 0\n+\n+  .list-commands .che-list-header-additional\n+    display none\n+\n+  .che-button,\n+  .che-toggle-button,\n+  div.stack-editor,\n+  .stack-details-input\n+    margin-left 0\n+\n .stack-details-content\n-    padding 0 14px\n+  padding 0 14px\n \n-    button\n-      margin 0 30px 0 0\n+  button\n+    margin 0 30px 0 0\n \n-    .stack-delete-label label\n-      color $che-delete-label-color\n+  .stack-delete-label label\n+    color $che-delete-label-color\n \n .stack-details-input\n-      margin 0 8px\n+  margin 0 8px\n \n .stack-editor, .stack-editor-footer\n   min-width 500px\n@@ -27,7 +39,6 @@\n   border 1px solid $list-separator-color\n   min-height 500px\n \n-\n .stack-tags md-chips\n   margin 0\n   padding 0"},{"sha":"84abaf25e70f4e753b8073ef224b367f4216920b","filename":"dashboard/src/app/stacks/stacks-config.ts","status":"modified","additions":2,"deletions":1,"changes":3,"blob_url":"https://github.com/eclipse/che/blob/0a61c86d069906d3d210b7ad15851cd57050d878/dashboard/src/app/stacks/stacks-config.ts","raw_url":"https://github.com/eclipse/che/raw/0a61c86d069906d3d210b7ad15851cd57050d878/dashboard/src/app/stacks/stacks-config.ts","contents_url":"https://api.github.com/repos/eclipse/che/contents/dashboard/src/app/stacks/stacks-config.ts?ref=0a61c86d069906d3d210b7ad15851cd57050d878","patch":"@@ -13,8 +13,9 @@\n import {ListStacksController} from './list-stacks/list-stacks.controller';\n import {StackItemController} from './list-stacks/stack-item/stack-item.controller';\n import {StackItem} from './list-stacks/stack-item/stack-item.directive';\n-\n import {StackController} from './stack-details/stack.controller';\n+\n+\n /**\n  * @ngdoc controller\n  * @name stacks:StacksConfig"},{"sha":"22f48ef0447d09e78592b46620ece551ecc40fc3","filename":"dashboard/src/app/workspaces/workspace-details/environments/add-machine-dialog/add-machine-dialog.controller.ts","status":"added","additions":181,"deletions":0,"changes":181,"blob_url":"https://github.com/eclipse/che/blob/0a61c86d069906d3d210b7ad15851cd57050d878/dashboard/src/app/workspaces/workspace-details/environments/add-machine-dialog/add-machine-dialog.controller.ts","raw_url":"https://github.com/eclipse/che/raw/0a61c86d069906d3d210b7ad15851cd57050d878/dashboard/src/app/workspaces/workspace-details/environments/add-machine-dialog/add-machine-dialog.controller.ts","contents_url":"https://api.github.com/repos/eclipse/che/contents/dashboard/src/app/workspaces/workspace-details/environments/add-machine-dialog/add-machine-dialog.controller.ts?ref=0a61c86d069906d3d210b7ad15851cd57050d878","patch":"@@ -0,0 +1,181 @@\n+/*\n+ * Copyright (c) 2015-2016 Codenvy, S.A.\n+ * All rights reserved. This program and the accompanying materials\n+ * are made available under the terms of the Eclipse Public License v1.0\n+ * which accompanies this distribution, and is available at\n+ * http://www.eclipse.org/legal/epl-v10.html\n+ *\n+ * Contributors:\n+ *   Codenvy, S.A. - initial API and implementation\n+ */\n+'use strict';\n+import {WorkspaceEnvironmentsController} from \"../environments.controller\";\n+\n+/**\n+ * @ngdoc controller\n+ * @name environments.controller:AddMachineDialogController\n+ * @description This class is handling the controller for a dialog box about adding a new machine.\n+ * @author Oleksii Orel\n+ */\n+export class AddMachineDialogController {\n+  $mdDialog: ng.material.IDialogService;\n+  $timeout: ng.ITimeoutService;\n+  callbackController: WorkspaceEnvironmentsController;\n+  machineRAM: number;\n+  machineName: string;\n+  environmentKey: string;\n+  machineRecipeScript: string;\n+  usedMachinesName: Array<string>;\n+  machine: Object;\n+  machineRecipe: Object;\n+  editorOptions: {\n+    lineWrapping: boolean,\n+    lineNumbers: boolean,\n+    matchBrackets: boolean,\n+    mode: string,\n+    onLoad: Function };\n+  environments: Map<any>;\n+\n+  /**\n+   * Default constructor that is using resource\n+   * @ngInject for Dependency injection\n+   */\n+  constructor($mdDialog: ng.material.IDialogService, $timeout: ng.ITimeoutService) {\n+    this.$mdDialog = $mdDialog;\n+    this.$timeout = $timeout;\n+\n+    this.usedMachinesName = [];\n+    angular.forEach(this.environments, (environment: {machines}, key: string) => {\n+      angular.forEach(environment.machines, (machine: Object, machineKey: string) => {\n+        this.usedMachinesName.push(machineKey);\n+      });\n+    });\n+\n+    this.editorOptions = {\n+      lineWrapping: true,\n+      lineNumbers: true,\n+      matchBrackets: true,\n+      mode: 'compose',\n+      onLoad: (editor: any) => {\n+        this.$timeout(() => {\n+          editor.refresh();\n+        }, 500);\n+      }\n+    };\n+\n+    this.setDefaultData();\n+  }\n+\n+  /**\n+   * Set default data.\n+   */\n+  setDefaultData(): void {\n+    this.machine = {\n+      'agents': [\n+        'org.eclipse.che.terminal', 'org.eclipse.che.ssh'\n+      ],\n+      'servers': {},\n+      'attributes': {}\n+    };\n+    this.machineRecipeScript = 'new-machine:\\n  image: codenvy/ubuntu_jdk8\\n  mem_limit: 2147483648\\n';\n+    this.updateMachineRecipe();\n+    if (!this.isUnique(this.machineName)) {\n+      this.machineName = 'machine-' + (('0000' + (Math.random() * Math.pow(36, 4) << 0).toString(36)).slice(-4)); // jshint ignore:line\n+      this.updateMachineName(true);\n+    }\n+  }\n+\n+  /**\n+   * Update machine recipe.\n+   */\n+  updateMachineRecipe(): void {\n+    this.machineRecipe = jsyaml.load(this.machineRecipeScript);\n+    if (!this.machineRecipe) {\n+      return;\n+    }\n+    let keys: Array<string> = Object.keys(this.machineRecipe);\n+    if (keys.length === 0) {\n+      return;\n+    }\n+    this.machineName = keys[0];\n+    this.machineRAM = this.machineRecipe[keys[0]]['mem_limit'];\n+  }\n+\n+  /**\n+   * Update machine RAM.\n+   */\n+  updateMachineRAM() {\n+    this.machineRecipe[Object.keys(this.machineRecipe)[0]]['mem_limit'] = this.machineRAM;\n+    this.machineRecipeScript = jsyaml.safeDump(this.machineRecipe, {'indent': 1});\n+  }\n+\n+  /**\n+   * Update machine name.\n+   * @param isValid: boolean\n+   */\n+  updateMachineName(isValid: boolean): void {\n+    if (!isValid) {\n+      return;\n+    }\n+    this.machineRecipe = jsyaml.load(this.machineRecipeScript);\n+    if (!this.machineRecipe) {\n+      return;\n+    }\n+    let machines: Array<string> = Object.keys(this.machineRecipe);\n+    if (machines.length > 0 && machines[0] !== this.machineName) {\n+      this.machineRecipe[this.machineName] = angular.copy(this.machineRecipe[machines[0]]);\n+      delete this.machineRecipe[machines[0]];\n+    }\n+    this.machineRecipeScript = jsyaml.safeDump(this.machineRecipe, {'indent': 1});\n+  }\n+\n+  /**\n+   * Check if recipe is valid.\n+   * @returns {boolean}\n+   */\n+  isRecipeValid(): boolean {\n+    if (!this.machineRecipe) {\n+      return false;\n+    }\n+    let machines: Array<string> = Object.keys(this.machineRecipe);\n+    if (!machines || machines.length !== 1) {\n+      return false;\n+    }\n+    let environment: any = this.environments[this.environmentKey];\n+    if (!environment.recipe || environment.recipe.type !== 'compose') {\n+      return false;\n+    }\n+    return this.machineRecipe[machines[0]]['image'] || this.machineRecipe[machines[0]]['build'];\n+  }\n+\n+  /**\n+   * Check if the machine name is unique.\n+   * @param name: string\n+   * @returns {boolean}\n+   */\n+  isUnique(name: string): boolean {\n+    return this.usedMachinesName.indexOf(name) === -1;\n+  }\n+\n+  /**\n+   * It will hide the dialog box.\n+   */\n+  hide(): void {\n+    this.$mdDialog.hide();\n+  }\n+\n+  /**\n+   * Add a new machine.\n+   */\n+  addMachine(): void {\n+    let environments: {[envName: string]: any} = angular.copy(this.environments);\n+    let environment: any = environments[this.environmentKey];\n+    let machines: any = environment.machines;\n+    machines[this.machineName] = this.machine;\n+    let recipeServices: any = jsyaml.load(environment.recipe.content);\n+    angular.extend(recipeServices.services, this.machineRecipe);\n+    environment.recipe.content = jsyaml.safeDump(recipeServices, {'indent': 1});\n+    this.callbackController.setEnvironments(environments);\n+    this.hide();\n+  }\n+}"},{"sha":"df63edd63d571916c5b2301b803d682c91ea5859","filename":"dashboard/src/app/workspaces/workspace-details/environments/add-machine-dialog/add-machine-dialog.html","status":"added","additions":73,"deletions":0,"changes":73,"blob_url":"https://github.com/eclipse/che/blob/0a61c86d069906d3d210b7ad15851cd57050d878/dashboard/src/app/workspaces/workspace-details/environments/add-machine-dialog/add-machine-dialog.html","raw_url":"https://github.com/eclipse/che/raw/0a61c86d069906d3d210b7ad15851cd57050d878/dashboard/src/app/workspaces/workspace-details/environments/add-machine-dialog/add-machine-dialog.html","contents_url":"https://api.github.com/repos/eclipse/che/contents/dashboard/src/app/workspaces/workspace-details/environments/add-machine-dialog/add-machine-dialog.html?ref=0a61c86d069906d3d210b7ad15851cd57050d878","patch":"@@ -0,0 +1,73 @@\n+<!--\n+\n+    Copyright (c) 2015 Codenvy, S.A.\n+    All rights reserved. This program and the accompanying materials\n+    are made available under the terms of the Eclipse Public License v1.0\n+    which accompanies this distribution, and is available at\n+    http://www.eclipse.org/legal/epl-v10.html\n+\n+    Contributors:\n+      Codenvy, S.A. - initial API and implementation\n+\n+-->\n+<che-popup che-title=\"Add a new machine\" che-on-close=\"addMachineDialogController.hide()\">\n+  <ng-form name=\"addMachineForm\" class=\"add-machine-form\">\n+    <div class=\"form-input-fields\" flex=\"100\" layout=\"column\">\n+      <che-input type=\"text\"\n+                 che-form=\"addMachineForm\"\n+                 che-label-name=\"Name\"\n+                 che-name=\"name\"\n+                 che-place-holder=\"enter machine's name\"\n+                 custom-validator=\"addMachineDialogController.isUnique($value)\"\n+                 ng-model-options=\"{ updateOn: 'default blur', debounce: { 'default': 500, 'blur': 0 } }\"\n+                 ng-model=\"addMachineDialogController.machineName\"\n+                 ng-change=\"addMachineDialogController.updateMachineName(addMachineForm.$valid)\"\n+                 ng-maxlength=\"128\"\n+                 ng-pattern=\"/^[A-Za-z0-9_\\-\\.]+$/\"\n+                 required>\n+        <div ng-message=\"required\">Machine's name is required.</div>\n+        <div ng-message=\"pattern\">The name should not contain special characters like space, dollar, etc.</div>\n+        <div ng-message=\"customValidator\">This machine's name is already in use.</div>\n+        <div ng-message=\"maxlength\">Machine's name should be less than 128 characters long.</div>\n+      </che-input>\n+      <div layout=\"row\" layout-align=\"start start\" class=\"ram-slider\">\n+        <div flex=\"15\">\n+          <label>RAM:</label>\n+        </div>\n+        <div flex=\"85\">\n+          <che-workspace-ram-allocation-slider ng-model=\"addMachineDialogController.machineRAM\"\n+                                               ng-if=\"addMachineDialogController.machineRAM > 0\"\n+                                               che-on-change=\"addMachineDialogController.updateMachineRAM()\">\n+          </che-workspace-ram-allocation-slider>\n+        </div>\n+      </div>\n+      <div layout=\"row\" layout-align=\"start start\">\n+        <div flex=\"15\">\n+          <label>Recipe:</label>\n+        </div>\n+        <div flex=\"85\">\n+          <ui-codemirror ui-codemirror=\"addMachineDialogController.editorOptions\"\n+                         ng-model-options=\"{ updateOn: 'default blur', debounce: { 'default': 500, 'blur': 0 } }\"\n+                         data-ng-model=\"addMachineDialogController.machineRecipeScript\"\n+                         ng-change=\"addMachineDialogController.updateMachineRecipe()\"\n+                         ng-if=\"addMachineDialogController.machineRecipeScript\"></ui-codemirror>\n+          <a href=\"https://eclipse-che.readme.io/docs/recipes#section-authoring-custom-recipes\" target=\"_blank\">\n+            Recipe Structure\n+          </a>\n+          <div class=\"recipe-errors-container\">\n+          <span ng-if=\"!addMachineDialogController.isRecipeValid()\">\n+            Syntax error or you try to add more then one machine.\n+          </span>\n+          </div>\n+        </div>\n+      </div>\n+    </div>\n+    <che-button-primary che-button-title=\"Add\"\n+                        ng-click=\"addMachineDialogController.addMachine()\"\n+                        ng-disabled=\"addMachineForm.$invalid || !addMachineDialogController.isRecipeValid()\">\n+    </che-button-primary>\n+    <che-button-notice che-button-title=\"Cancel\"\n+                       ng-click=\"addMachineDialogController.hide()\">\n+    </che-button-notice>\n+  </ng-form>\n+</che-popup>"},{"sha":"35a4fd1f526f0df139fc5e31f248f4618563ba42","filename":"dashboard/src/app/workspaces/workspace-details/environments/add-machine-dialog/add-machine-dialog.styl","status":"added","additions":65,"deletions":0,"changes":65,"blob_url":"https://github.com/eclipse/che/blob/0a61c86d069906d3d210b7ad15851cd57050d878/dashboard/src/app/workspaces/workspace-details/environments/add-machine-dialog/add-machine-dialog.styl","raw_url":"https://github.com/eclipse/che/raw/0a61c86d069906d3d210b7ad15851cd57050d878/dashboard/src/app/workspaces/workspace-details/environments/add-machine-dialog/add-machine-dialog.styl","contents_url":"https://api.github.com/repos/eclipse/che/contents/dashboard/src/app/workspaces/workspace-details/environments/add-machine-dialog/add-machine-dialog.styl?ref=0a61c86d069906d3d210b7ad15851cd57050d878","patch":"@@ -0,0 +1,65 @@\n+.add-machine-form\n+  width 550px\n+  min-height 350px\n+\n+  .form-input-fields\n+    margin-top 5px\n+    max-width 550px\n+\n+    .che-input\n+      min-height 50px\n+\n+    .ram-slider\n+      margin-top 5px\n+\n+      .che-ram-allocation-slider\n+        width 100%\n+        max-width 100%\n+\n+        .slider-actual-ram-caption,\n+        .slider-max-ram-caption,\n+        .md-input-has-value\n+          width 50px\n+\n+          *\n+            width inherit\n+            white-space nowrap\n+\n+    .che-label-description\n+      color $disabled-color\n+      font-size 10px\n+      margin-top 5px\n+\n+    ui-codemirror\n+      display inline-block\n+      border 1px solid $list-separator-color\n+      width 100%\n+      float none\n+\n+      .CodeMirror\n+        max-height 200px\n+        width inherit\n+\n+        .CodeMirror-sizer\n+          margin-left 26px\n+\n+        .CodeMirror-gutter-wrapper\n+          left 0 !important\n+\n+        .CodeMirror-linenumber\n+          margin-left -55px\n+\n+        .CodeMirror-scroll\n+          margin-left -20px\n+\n+    .recipe-errors-container\n+      color $error-color\n+      min-height 20px\n+\n+.add-machine-form che-button-primary,\n+.add-machine-form che-button-notice\n+  float right\n+\n+  button\n+    margin-right 0\n+    margin-bottom 0"},{"sha":"056eefa541ba46b1717e8b6f48325f3f1391acdb","filename":"dashboard/src/app/workspaces/workspace-details/environments/environments.controller.ts","status":"modified","additions":35,"deletions":8,"changes":43,"blob_url":"https://github.com/eclipse/che/blob/0a61c86d069906d3d210b7ad15851cd57050d878/dashboard/src/app/workspaces/workspace-details/environments/environments.controller.ts","raw_url":"https://github.com/eclipse/che/raw/0a61c86d069906d3d210b7ad15851cd57050d878/dashboard/src/app/workspaces/workspace-details/environments/environments.controller.ts","contents_url":"https://api.github.com/repos/eclipse/che/contents/dashboard/src/app/workspaces/workspace-details/environments/environments.controller.ts?ref=0a61c86d069906d3d210b7ad15851cd57050d878","patch":"@@ -26,6 +26,7 @@ const DEFAULT_WORKSPACE_RAM: number = 2 * MIN_WORKSPACE_RAM;\n export class WorkspaceEnvironmentsController {\n   cheEnvironmentRegistry: CheEnvironmentRegistry;\n   environmentManager: EnvironmentManager;\n+  $mdDialog: ng.material.IDialogService;\n \n   editorOptions: {\n     lineWrapping: boolean,\n@@ -51,7 +52,8 @@ export class WorkspaceEnvironmentsController {\n    * Default constructor that is using resource injection\n    * @ngInject for Dependency injection\n    */\n-  constructor($scope: ng.IScope, $timeout: ng.ITimeoutService, cheEnvironmentRegistry: CheEnvironmentRegistry) {\n+  constructor($scope: ng.IScope, $timeout: ng.ITimeoutService, $mdDialog: ng.material.IDialogService, cheEnvironmentRegistry: CheEnvironmentRegistry) {\n+    this.$mdDialog = $mdDialog;\n     this.cheEnvironmentRegistry = cheEnvironmentRegistry;\n \n     this.editorOptions = {\n@@ -197,7 +199,7 @@ export class WorkspaceEnvironmentsController {\n    *\n    * @returns {ng.IPromise<any>}\n    */\n-  updateMachineName(oldName: string, newName: string): ng.IPromise<any> {\n+  updateMachineName(oldName: string, newName: string): void {\n     let newEnvironment = this.environmentManager.renameMachine(this.environment, oldName, newName);\n     this.workspaceConfig.environments[this.newEnvironmentName] = newEnvironment;\n \n@@ -212,17 +214,13 @@ export class WorkspaceEnvironmentsController {\n    * Callback which is called in order to delete specified machine\n    *\n    * @param name\n-   * @returns {ng.IPromise<any>}\n    */\n-  deleteMachine(name: string): ng.IPromise<any> {\n+  deleteMachine(name: string): void {\n     let newEnvironment = this.environmentManager.deleteMachine(this.environment, name);\n     this.workspaceConfig.environments[this.newEnvironmentName] = newEnvironment;\n \n     this.doUpdateEnvironments();\n     this.init();\n-    return this.doUpdateEnvironments().then(() => {\n-      this.init();\n-    });\n   }\n \n   /**\n@@ -248,7 +246,7 @@ export class WorkspaceEnvironmentsController {\n     let environment = this.workspaceConfig.environments[this.environmentName];\n     if (environment.recipe && environment.recipe.type === 'compose') {\n       let recipeType = environment.recipe.type,\n-          environmentManager = this.cheEnvironmentRegistry.getEnvironmentManager(recipeType);\n+        environmentManager = this.cheEnvironmentRegistry.getEnvironmentManager(recipeType);\n       let machines: any = environmentManager.getMachines(environment);\n       machines.forEach((machine: any) => {\n         if (!machine.attributes.memoryLimitBytes || machine.attributes.memoryLimitBytes < MIN_WORKSPACE_RAM || machine.attributes.memoryLimitBytes > MAX_WORKSPACE_RAM) {\n@@ -277,4 +275,33 @@ export class WorkspaceEnvironmentsController {\n     return this.environmentOnChange();\n   }\n \n+  /**\n+   * Show dialog to add a new machine to config\n+   * @param $event\n+   */\n+  showAddMachineDialog($event: MouseEvent): void {\n+    this.$mdDialog.show({\n+      targetEvent: $event,\n+      controller: 'AddMachineDialogController',\n+      controllerAs: 'addMachineDialogController',\n+      bindToController: true,\n+      clickOutsideToClose: true,\n+      locals: {\n+        environmentKey: this.environmentName,\n+        environments: this.workspaceConfig.environments,\n+        callbackController: this\n+      },\n+      templateUrl: 'app/workspaces/workspace-details/environments/add-machine-dialog/add-machine-dialog.html'\n+    });\n+  }\n+\n+  /**\n+   * Sets environments\n+   * @param environments: {[envName: string]: any}\n+   */\n+  setEnvironments(environments: {[envName: string]: any}) {\n+    this.workspaceConfig.environments = environments;\n+    this.doUpdateEnvironments();\n+    this.init();\n+  }\n }"},{"sha":"0bd4e270d009ede394b03c341376b7dc9046ed8c","filename":"dashboard/src/app/workspaces/workspace-details/environments/environments.html","status":"modified","additions":10,"deletions":1,"changes":11,"blob_url":"https://github.com/eclipse/che/blob/0a61c86d069906d3d210b7ad15851cd57050d878/dashboard/src/app/workspaces/workspace-details/environments/environments.html","raw_url":"https://github.com/eclipse/che/raw/0a61c86d069906d3d210b7ad15851cd57050d878/dashboard/src/app/workspaces/workspace-details/environments/environments.html","contents_url":"https://api.github.com/repos/eclipse/che/contents/dashboard/src/app/workspaces/workspace-details/environments/environments.html?ref=0a61c86d069906d3d210b7ad15851cd57050d878","patch":"@@ -60,7 +60,9 @@\n                    type=\"hidden\"\n                    ng-model=\"workspaceEnvironmentsController.devMachineName\"\n                    ng-required>\n-          <div ng-message=\"required\">The environment should contain exactly one dev machine. Switch on Dev property to have terminal, SSH and IDE tooling injected to the machine.</div>\n+          <div ng-message=\"required\">The environment should contain exactly one dev machine. Switch on Dev property to\n+            have terminal, SSH and IDE tooling injected to the machine.\n+          </div>\n         </che-input>\n       </div>\n     </ng-form>\n@@ -94,4 +96,11 @@\n                    che-copy-clipboard=\"true\"\n                    class=\"recipe-location\"></che-text-info>\n   </che-label-container>\n+  <che-button-default class=\"add-machine-button\"\n+                      che-button-title=\"Add\" name=\"addButton\"\n+                      ng-disabled=\"workspaceEnvironmentsController.recipeType !== 'compose'\"\n+                      ng-click=\"workspaceEnvironmentsController.showAddMachineDialog($event)\"></che-button-default>\n+  <div class=\"recipe-warning-container\" ng-show=\"workspaceEnvironmentsController.recipeType !== 'compose'\">\n+    Add another machine by changing the environment type to <b>compose</b>\n+  </div>\n </div>"},{"sha":"1301591d6f521034a2c4751ec8c4c1d3bbc48503","filename":"dashboard/src/app/workspaces/workspace-details/environments/environments.styl","status":"modified","additions":13,"deletions":0,"changes":13,"blob_url":"https://github.com/eclipse/che/blob/0a61c86d069906d3d210b7ad15851cd57050d878/dashboard/src/app/workspaces/workspace-details/environments/environments.styl","raw_url":"https://github.com/eclipse/che/raw/0a61c86d069906d3d210b7ad15851cd57050d878/dashboard/src/app/workspaces/workspace-details/environments/environments.styl","contents_url":"https://api.github.com/repos/eclipse/che/contents/dashboard/src/app/workspaces/workspace-details/environments/environments.styl?ref=0a61c86d069906d3d210b7ad15851cd57050d878","patch":"@@ -14,3 +14,16 @@\n \n   .recipe-location a\n     word-break break-all\n+\n+  .add-machine-button\n+    float left\n+\n+    button\n+      margin-top 20px\n+      margin-left 0\n+\n+  .recipe-warning-container\n+    color $disabled-color\n+    margin-top 5px\n+    width 100%\n+    float left"},{"sha":"ec820b354bc5ad650c05c8fd66a98967586cc3b2","filename":"dashboard/src/app/workspaces/workspace-details/environments/machine-config/machine-config.controller.ts","status":"modified","additions":2,"deletions":2,"changes":4,"blob_url":"https://github.com/eclipse/che/blob/0a61c86d069906d3d210b7ad15851cd57050d878/dashboard/src/app/workspaces/workspace-details/environments/machine-config/machine-config.controller.ts","raw_url":"https://github.com/eclipse/che/raw/0a61c86d069906d3d210b7ad15851cd57050d878/dashboard/src/app/workspaces/workspace-details/environments/machine-config/machine-config.controller.ts","contents_url":"https://api.github.com/repos/eclipse/che/contents/dashboard/src/app/workspaces/workspace-details/environments/machine-config/machine-config.controller.ts?ref=0a61c86d069906d3d210b7ad15851cd57050d878","patch":"@@ -128,6 +128,7 @@ export class WorkspaceMachineConfigController {\n     this.environmentManager.setAgents(this.machine, this.machineConfig.agents);\n     return this.doUpdateConfig();\n   }\n+\n   /**\n    * Callback which is called in order to update list of environment variables\n    * @returns {Promise}\n@@ -193,9 +194,8 @@ export class WorkspaceMachineConfigController {\n     this.showDeleteConfirmation().then(() => {\n       this.machineOnDelete({\n         name: this.machineName\n-      }).then(() => {\n-        this.init();\n       });\n+      this.init();\n     });\n   }\n "},{"sha":"51d38ae96b4a615f598cd0b5ed3e4f1d5c3f0f9b","filename":"dashboard/src/app/workspaces/workspace-details/environments/machine-config/machine-config.html","status":"modified","additions":8,"deletions":2,"changes":10,"blob_url":"https://github.com/eclipse/che/blob/0a61c86d069906d3d210b7ad15851cd57050d878/dashboard/src/app/workspaces/workspace-details/environments/machine-config/machine-config.html","raw_url":"https://github.com/eclipse/che/raw/0a61c86d069906d3d210b7ad15851cd57050d878/dashboard/src/app/workspaces/workspace-details/environments/machine-config/machine-config.html","contents_url":"https://api.github.com/repos/eclipse/che/contents/dashboard/src/app/workspaces/workspace-details/environments/machine-config/machine-config.html?ref=0a61c86d069906d3d210b7ad15851cd57050d878","patch":"@@ -30,8 +30,14 @@\n          ng-click=\"workspaceMachineConfigController.showEditDialog($event)\">\n       <i class=\"config-title-action-edit fa fa-pencil\" aria-hidden=\"true\"></i>\n     </div>\n-    <div flex\n-         ng-click=\"workspaceMachineConfigController.machineIsOpened=!workspaceMachineConfigController.machineIsOpened\">&nbsp;</div>\n+    <div flex ng-click=\"workspaceMachineConfigController.machineIsOpened=!workspaceMachineConfigController.machineIsOpened\">\n+      <span class=\"che-list-actions\">\n+          <span ng-if=\"workspaceMachineConfigController.machineConfig.canDeleteMachine && !workspaceMachineConfigController.machineConfig.isDev\"\n+                ng-click=\"workspaceMachineConfigController.deleteMachine()\">\n+            <span class=\"fa fa-trash-o\"></span>\n+          </span>\n+      </span>\n+    </div>\n   </div>\n \n   <!-- Params -->"},{"sha":"186f274d52d0edffa0996933e08f2a2cf20a7583","filename":"dashboard/src/app/workspaces/workspace-details/environments/machine-config/machine-config.styl","status":"modified","additions":16,"deletions":3,"changes":19,"blob_url":"https://github.com/eclipse/che/blob/0a61c86d069906d3d210b7ad15851cd57050d878/dashboard/src/app/workspaces/workspace-details/environments/machine-config/machine-config.styl","raw_url":"https://github.com/eclipse/che/raw/0a61c86d069906d3d210b7ad15851cd57050d878/dashboard/src/app/workspaces/workspace-details/environments/machine-config/machine-config.styl","contents_url":"https://api.github.com/repos/eclipse/che/contents/dashboard/src/app/workspaces/workspace-details/environments/machine-config/machine-config.styl?ref=0a61c86d069906d3d210b7ad15851cd57050d878","patch":"@@ -17,7 +17,8 @@\n       font-size 12px\n       color #555c65 //TODO\n \n-    .config-title-action-show, .config-title-action-delete\n+    .config-title-action-show,\n+    .config-title-action-delete\n       color darken($stroke-color, 13%)\n       font-size 14px\n       cursor pointer\n@@ -27,6 +28,18 @@\n       font-size 14px\n       cursor pointer\n \n+    .che-list-actions\n+      float right\n+\n+      & > *:not(.tooltip)\n+        line-height 49px\n+\n+        .fa-trash-o\n+          padding 5px\n+\n+        .fa-trash-o:hover\n+          color $menu-bg-color !important\n+\n   .config-input\n     margin -6px 0\n \n@@ -39,10 +52,10 @@\n \n   .config-ram\n     margin-bottom -26px\n-  \n+\n   .config-agents\n     margin-top -30px\n-  \n+\n   .config-agent-switch\n     padding-left 13px\n "},{"sha":"824185e36f2ba0c4a2d048f02255bfe9128a0354","filename":"dashboard/src/app/workspaces/workspace-details/list-commands/add-command-dialog/add-command-dialog.html","status":"modified","additions":58,"deletions":44,"changes":102,"blob_url":"https://github.com/eclipse/che/blob/0a61c86d069906d3d210b7ad15851cd57050d878/dashboard/src/app/workspaces/workspace-details/list-commands/add-command-dialog/add-command-dialog.html","raw_url":"https://github.com/eclipse/che/raw/0a61c86d069906d3d210b7ad15851cd57050d878/dashboard/src/app/workspaces/workspace-details/list-commands/add-command-dialog/add-command-dialog.html","contents_url":"https://api.github.com/repos/eclipse/che/contents/dashboard/src/app/workspaces/workspace-details/list-commands/add-command-dialog/add-command-dialog.html?ref=0a61c86d069906d3d210b7ad15851cd57050d878","patch":"@@ -1,44 +1,58 @@\n-<ng-form name=\"addCommandForm\" class=\"add-command-form\">\n-  <div class=\"form-input-fields\">\n-    <che-input type=\"text\"\n-               che-form=\"addCommandForm\"\n-               che-label-name=\"Name\"\n-               che-name=\"name\"\n-               che-place-holder=\"enter command's name\"\n-               custom-validator=\"addCommandDialogController.isUnique($value)\"\n-               ng-model=\"addCommandDialogController.name\"\n-               ng-maxlength=\"256\"\n-               required>\n-      <div ng-message=\"required\">Command's name is required.</div>\n-      <div ng-message=\"customValidator\">This command's name is already in use.</div>\n-      <div ng-message=\"maxlength\">Command's name should be less than 256 characters long.</div>\n-    </che-input>\n-    <che-input che-form=\"addCommandForm\"\n-               che-label-name=\"Command\"\n-               che-name=\"command\"\n-               che-place-holder=\"enter command's line\"\n-               type=\"text\"\n-               ng-model=\"addCommandDialogController.commandLine\"\n-               ng-maxlength=\"256\"\n-               required>\n-      <div ng-message=\"required\">Command's line is required.</div>\n-      <div ng-message=\"maxlength\">Command's line should be less than 256 characters long.</div>\n-    </che-input>\n-    <che-input che-form=\"addCommandForm\"\n-               che-name=\"previewUrl\"\n-               che-label-name=\"Preview URL\"\n-               che-place-holder=\"enter preview URL\"\n-               ng-maxlength=\"256\"\n-               type=\"text\"\n-               ng-model=\"addCommandDialogController.previewUrl\">\n-      <div ng-message=\"maxlength\">Command's preview URL should be less than 256 characters long.</div>\n-    </che-input>\n-  </div>\n-  <che-button-primary che-button-title=\"Add\"\n-                      ng-click=\"addCommandDialogController.addCommand()\"\n-                      ng-disabled=\"addCommandForm.$invalid\">\n-  </che-button-primary>\n-  <che-button-notice che-button-title=\"Cancel\"\n-                     ng-click=\"addCommandDialogController.hide()\">\n-  </che-button-notice>\n-</ng-form>\n+<!--\n+\n+    Copyright (c) 2015 Codenvy, S.A.\n+    All rights reserved. This program and the accompanying materials\n+    are made available under the terms of the Eclipse Public License v1.0\n+    which accompanies this distribution, and is available at\n+    http://www.eclipse.org/legal/epl-v10.html\n+\n+    Contributors:\n+      Codenvy, S.A. - initial API and implementation\n+\n+-->\n+<che-popup che-title=\"Add a new command\" che-on-close=\"addCommandDialogController.hide()\">\n+  <ng-form name=\"addCommandForm\" class=\"add-command-form\">\n+    <div class=\"form-input-fields\">\n+      <che-input type=\"text\"\n+                 che-form=\"addCommandForm\"\n+                 che-label-name=\"Name\"\n+                 che-name=\"name\"\n+                 che-place-holder=\"enter command's name\"\n+                 custom-validator=\"addCommandDialogController.isUnique($value)\"\n+                 ng-model=\"addCommandDialogController.name\"\n+                 ng-maxlength=\"256\"\n+                 required>\n+        <div ng-message=\"required\">Command's name is required.</div>\n+        <div ng-message=\"customValidator\">This command's name is already in use.</div>\n+        <div ng-message=\"maxlength\">Command's name should be less than 256 characters long.</div>\n+      </che-input>\n+      <che-input che-form=\"addCommandForm\"\n+                 che-label-name=\"Command\"\n+                 che-name=\"command\"\n+                 che-place-holder=\"enter command's line\"\n+                 type=\"text\"\n+                 ng-model=\"addCommandDialogController.commandLine\"\n+                 ng-maxlength=\"256\"\n+                 required>\n+        <div ng-message=\"required\">Command's line is required.</div>\n+        <div ng-message=\"maxlength\">Command's line should be less than 256 characters long.</div>\n+      </che-input>\n+      <che-input che-form=\"addCommandForm\"\n+                 che-name=\"previewUrl\"\n+                 che-label-name=\"Preview URL\"\n+                 che-place-holder=\"enter preview URL\"\n+                 ng-maxlength=\"256\"\n+                 type=\"text\"\n+                 ng-model=\"addCommandDialogController.previewUrl\">\n+        <div ng-message=\"maxlength\">Command's preview URL should be less than 256 characters long.</div>\n+      </che-input>\n+    </div>\n+    <che-button-primary che-button-title=\"Add\"\n+                        ng-click=\"addCommandDialogController.addCommand()\"\n+                        ng-disabled=\"addCommandForm.$invalid\">\n+    </che-button-primary>\n+    <che-button-notice che-button-title=\"Cancel\"\n+                       ng-click=\"addCommandDialogController.hide()\">\n+    </che-button-notice>\n+  </ng-form>\n+</che-popup>"},{"sha":"49114f9b9f5064bb9181a681d3af4eaec060ad2f","filename":"dashboard/src/app/workspaces/workspace-details/list-commands/add-command-dialog/add-command-dialog.styl","status":"modified","additions":7,"deletions":5,"changes":12,"blob_url":"https://github.com/eclipse/che/blob/0a61c86d069906d3d210b7ad15851cd57050d878/dashboard/src/app/workspaces/workspace-details/list-commands/add-command-dialog/add-command-dialog.styl","raw_url":"https://github.com/eclipse/che/raw/0a61c86d069906d3d210b7ad15851cd57050d878/dashboard/src/app/workspaces/workspace-details/list-commands/add-command-dialog/add-command-dialog.styl","contents_url":"https://api.github.com/repos/eclipse/che/contents/dashboard/src/app/workspaces/workspace-details/list-commands/add-command-dialog/add-command-dialog.styl?ref=0a61c86d069906d3d210b7ad15851cd57050d878","patch":"@@ -1,5 +1,4 @@\n .add-command-form\n-  margin 17px 12px 17px 12px\n   min-width 520px\n   max-width 80%\n \n@@ -10,12 +9,15 @@\n     min-width 125px\n \n   .form-input-fields\n-    margin 5px\n+    margin 0\n \n   .che-input\n     min-height 38px\n \n-.add-registry-form che-button-primary,\n-.add-registry-form che-button-notice\n-  margin-right 5px\n+.add-command-form che-button-primary,\n+.add-command-form che-button-notice\n   float right\n+\n+  button\n+    margin-right 0\n+    margin-bottom 0"},{"sha":"44cfe247a5a9c5ce433c91da32a29232d523284d","filename":"dashboard/src/app/workspaces/workspace-details/list-commands/edit-command-dialog/edit-command-dialog.html","status":"modified","additions":58,"deletions":44,"changes":102,"blob_url":"https://github.com/eclipse/che/blob/0a61c86d069906d3d210b7ad15851cd57050d878/dashboard/src/app/workspaces/workspace-details/list-commands/edit-command-dialog/edit-command-dialog.html","raw_url":"https://github.com/eclipse/che/raw/0a61c86d069906d3d210b7ad15851cd57050d878/dashboard/src/app/workspaces/workspace-details/list-commands/edit-command-dialog/edit-command-dialog.html","contents_url":"https://api.github.com/repos/eclipse/che/contents/dashboard/src/app/workspaces/workspace-details/list-commands/edit-command-dialog/edit-command-dialog.html?ref=0a61c86d069906d3d210b7ad15851cd57050d878","patch":"@@ -1,44 +1,58 @@\n-<ng-form name=\"editCommandForm\" class=\"edit-command-form\">\n-  <div class=\"form-input-fields\">\n-    <che-input type=\"text\"\n-               che-form=\"editCommandForm\"\n-               che-label-name=\"Name\"\n-               che-name=\"name\"\n-               che-place-holder=\"enter command's name\"\n-               custom-validator=\"editCommandDialogController.isUnique($value)\"\n-               ng-model=\"editCommandDialogController.name\"\n-               ng-maxlength=\"256\"\n-               required>\n-      <div ng-message=\"required\">Command's name is required.</div>\n-      <div ng-message=\"customValidator\">This command's name is already in use.</div>\n-      <div ng-message=\"maxlength\">Command's name should be less than 256 characters long.</div>\n-    </che-input>\n-    <che-input che-form=\"editCommandForm\"\n-               che-label-name=\"Command\"\n-               che-name=\"command\"\n-               che-place-holder=\"enter command's line\"\n-               type=\"text\"\n-               ng-model=\"editCommandDialogController.commandLine\"\n-               ng-maxlength=\"256\"\n-               required>\n-      <div ng-message=\"required\">Command's line is required.</div>\n-      <div ng-message=\"maxlength\">Command's line should be less than 256 characters long.</div>\n-    </che-input>\n-    <che-input che-form=\"editCommandForm\"\n-               che-name=\"previewUrl\"\n-               che-label-name=\"Preview URL\"\n-               che-place-holder=\"enter preview URL\"\n-               ng-maxlength=\"256\"\n-               type=\"text\"\n-               ng-model=\"editCommandDialogController.previewUrl\">\n-      <div ng-message=\"maxlength\">Command's preview URL should be less than 256 characters long.</div>\n-    </che-input>\n-  </div>\n-  <che-button-primary che-button-title=\"Update\"\n-                      ng-click=\"editCommandDialogController.updateCommand()\"\n-                      ng-disabled=\"editCommandForm.$invalid\">\n-  </che-button-primary>\n-  <che-button-notice che-button-title=\"Cancel\"\n-                     ng-click=\"editCommandDialogController.hide()\">\n-  </che-button-notice>\n-</ng-form>\n+<!--\n+\n+    Copyright (c) 2015 Codenvy, S.A.\n+    All rights reserved. This program and the accompanying materials\n+    are made available under the terms of the Eclipse Public License v1.0\n+    which accompanies this distribution, and is available at\n+    http://www.eclipse.org/legal/epl-v10.html\n+\n+    Contributors:\n+      Codenvy, S.A. - initial API and implementation\n+\n+-->\n+<che-popup che-title=\"Edit the command\" che-on-close=\"addCommandDialogController.hide()\">\n+  <ng-form name=\"editCommandForm\" class=\"edit-command-form\">\n+    <div class=\"form-input-fields\">\n+      <che-input type=\"text\"\n+                 che-form=\"editCommandForm\"\n+                 che-label-name=\"Name\"\n+                 che-name=\"name\"\n+                 che-place-holder=\"enter command's name\"\n+                 custom-validator=\"editCommandDialogController.isUnique($value)\"\n+                 ng-model=\"editCommandDialogController.name\"\n+                 ng-maxlength=\"256\"\n+                 required>\n+        <div ng-message=\"required\">Command's name is required.</div>\n+        <div ng-message=\"customValidator\">This command's name is already in use.</div>\n+        <div ng-message=\"maxlength\">Command's name should be less than 256 characters long.</div>\n+      </che-input>\n+      <che-input che-form=\"editCommandForm\"\n+                 che-label-name=\"Command\"\n+                 che-name=\"command\"\n+                 che-place-holder=\"enter command's line\"\n+                 type=\"text\"\n+                 ng-model=\"editCommandDialogController.commandLine\"\n+                 ng-maxlength=\"256\"\n+                 required>\n+        <div ng-message=\"required\">Command's line is required.</div>\n+        <div ng-message=\"maxlength\">Command's line should be less than 256 characters long.</div>\n+      </che-input>\n+      <che-input che-form=\"editCommandForm\"\n+                 che-name=\"previewUrl\"\n+                 che-label-name=\"Preview URL\"\n+                 che-place-holder=\"enter preview URL\"\n+                 ng-maxlength=\"256\"\n+                 type=\"text\"\n+                 ng-model=\"editCommandDialogController.previewUrl\">\n+        <div ng-message=\"maxlength\">Command's preview URL should be less than 256 characters long.</div>\n+      </che-input>\n+    </div>\n+    <che-button-primary che-button-title=\"Update\"\n+                        ng-click=\"editCommandDialogController.updateCommand()\"\n+                        ng-disabled=\"editCommandForm.$invalid\">\n+    </che-button-primary>\n+    <che-button-notice che-button-title=\"Cancel\"\n+                       ng-click=\"editCommandDialogController.hide()\">\n+    </che-button-notice>\n+  </ng-form>\n+</che-popup>"},{"sha":"4fc6cd37ae42afb72853feb556fe3f454ac12bf1","filename":"dashboard/src/app/workspaces/workspace-details/list-commands/edit-command-dialog/edit-command-dialog.styl","status":"modified","additions":7,"deletions":5,"changes":12,"blob_url":"https://github.com/eclipse/che/blob/0a61c86d069906d3d210b7ad15851cd57050d878/dashboard/src/app/workspaces/workspace-details/list-commands/edit-command-dialog/edit-command-dialog.styl","raw_url":"https://github.com/eclipse/che/raw/0a61c86d069906d3d210b7ad15851cd57050d878/dashboard/src/app/workspaces/workspace-details/list-commands/edit-command-dialog/edit-command-dialog.styl","contents_url":"https://api.github.com/repos/eclipse/che/contents/dashboard/src/app/workspaces/workspace-details/list-commands/edit-command-dialog/edit-command-dialog.styl?ref=0a61c86d069906d3d210b7ad15851cd57050d878","patch":"@@ -1,5 +1,4 @@\n .edit-command-form\n-  margin 17px 12px 17px 12px\n   min-width 520px\n   max-width 80%\n \n@@ -10,12 +9,15 @@\n     min-width 125px\n \n   .form-input-fields\n-    margin 5px\n+    margin 0\n \n   .che-input\n     min-height 38px\n \n-.add-registry-form che-button-primary,\n-.add-registry-form che-button-notice\n-  margin-right 5px\n+.edit-command-form che-button-primary,\n+.edit-command-form che-button-notice\n   float right\n+\n+  button\n+    margin-right 0\n+    margin-bottom 0"},{"sha":"e57d7e4ea6887854a092551e9bb7ba5c2699fca5","filename":"dashboard/src/app/workspaces/workspace-details/list-commands/list-commands.html","status":"modified","additions":1,"deletions":4,"changes":5,"blob_url":"https://github.com/eclipse/che/blob/0a61c86d069906d3d210b7ad15851cd57050d878/dashboard/src/app/workspaces/workspace-details/list-commands/list-commands.html","raw_url":"https://github.com/eclipse/che/raw/0a61c86d069906d3d210b7ad15851cd57050d878/dashboard/src/app/workspaces/workspace-details/list-commands/list-commands.html","contents_url":"https://api.github.com/repos/eclipse/che/contents/dashboard/src/app/workspaces/workspace-details/list-commands/list-commands.html?ref=0a61c86d069906d3d210b7ad15851cd57050d878","patch":"@@ -55,7 +55,6 @@\n         </div>\n       </div>\n     </che-list-header>\n-\n     <che-list flex>\n       <che-list-item ng-mouseover=\"hover=true\" ng-mouseout=\"hover=false\"\n                      ng-repeat=\"command in listCommandsController.commands | orderBy:listCommandsController.commandsOrderBy\">\n@@ -100,12 +99,10 @@\n       </che-list-item>\n     </che-list>\n   </div>\n-\n   <!-- buttons -->\n   <div layout=\"row\" flex>\n     <div flex>\n-      <che-button-default class=\"che-list-add-button\"\n-                          che-button-title=\"Add\" name=\"addButton\"\n+      <che-button-default che-button-title=\"Add\" name=\"addButton\"\n                           ng-click=\"listCommandsController.showAddDialog($event)\"></che-button-default>\n     </div>\n     <div flex-offset=\"5\" ng-if=\"listCommandsController.commands.length > 0\">"},{"sha":"aa1608ba3b48d90f29182c0c147bc5a09b0c15a9","filename":"dashboard/src/app/workspaces/workspace-ram-slider/che-workspace-ram-allocation-slider.controller.ts","status":"modified","additions":21,"deletions":11,"changes":32,"blob_url":"https://github.com/eclipse/che/blob/0a61c86d069906d3d210b7ad15851cd57050d878/dashboard/src/app/workspaces/workspace-ram-slider/che-workspace-ram-allocation-slider.controller.ts","raw_url":"https://github.com/eclipse/che/raw/0a61c86d069906d3d210b7ad15851cd57050d878/dashboard/src/app/workspaces/workspace-ram-slider/che-workspace-ram-allocation-slider.controller.ts","contents_url":"https://api.github.com/repos/eclipse/che/contents/dashboard/src/app/workspaces/workspace-ram-slider/che-workspace-ram-allocation-slider.controller.ts?ref=0a61c86d069906d3d210b7ad15851cd57050d878","patch":"@@ -15,12 +15,17 @@\n  * @author Florent Benoit\n  */\n export class CheWorkspaceRamAllocationSliderController {\n+  onChangeTimeoutPromise: ng.IPromise;\n+  $timeout: ng.ITimeoutService;\n+  ngModel: number;\n+  inputVal: number;\n+  cheOnChange: any;\n \n   /**\n    * Default constructor that is using resource\n    * @ngInject for Dependency injection\n    */\n-  constructor ($timeout, $scope) {\n+  constructor ($timeout: ng.ITimeoutService, $scope: ng.IScope) {\n     \"ngInject\";\n     this.$timeout = $timeout;\n \n@@ -33,24 +38,29 @@ export class CheWorkspaceRamAllocationSliderController {\n \n   /**\n    * Rounds value to first decimal\n-   * @param value original value\n+   * @param value: number original value\n    * @returns {number} rounded value\n    */\n-  init(value) {\n-    var factor = Math.pow(10, 1);\n-    var tempValue = value * factor;\n-    var roundedTempValue = Math.round(tempValue);\n+  init(value: number): number {\n+    var factor: number = Math.pow(10, 1);\n+    var tempValue: number = value * factor;\n+    var roundedTempValue: number = Math.round(tempValue);\n     return roundedTempValue / factor;\n   }\n \n-  onChange() {\n+  /**\n+   * Update model value\n+   */\n+  onChange(): void {\n     if (!this.inputVal) {\n       return;\n     }\n-    this.ngModel = this.inputVal * Math.pow(1024,3);\n-\n-    this.$timeout(() => {\n+    this.ngModel = this.inputVal * Math.pow(1024, 3);\n+    if (this.onChangeTimeoutPromise) {\n+      this.$timeout.cancel(this.onChangeTimeoutPromise);\n+    }\n+    this.onChangeTimeoutPromise = this.$timeout(() => {\n       this.cheOnChange();\n-    });\n+    }, 500);\n   }\n }"},{"sha":"1604ab4f6f1f6828486b2c18d81748e2764797bc","filename":"dashboard/src/app/workspaces/workspace-ram-slider/che-workspace-ram-allocation-slider.styl","status":"modified","additions":1,"deletions":0,"changes":1,"blob_url":"https://github.com/eclipse/che/blob/0a61c86d069906d3d210b7ad15851cd57050d878/dashboard/src/app/workspaces/workspace-ram-slider/che-workspace-ram-allocation-slider.styl","raw_url":"https://github.com/eclipse/che/raw/0a61c86d069906d3d210b7ad15851cd57050d878/dashboard/src/app/workspaces/workspace-ram-slider/che-workspace-ram-allocation-slider.styl","contents_url":"https://api.github.com/repos/eclipse/che/contents/dashboard/src/app/workspaces/workspace-ram-slider/che-workspace-ram-allocation-slider.styl?ref=0a61c86d069906d3d210b7ad15851cd57050d878","patch":"@@ -57,3 +57,4 @@\n \n   .slider-max-ram-subtitle, .slider-actual-ram-caption-disabled\n     color $clear-foggy-sky-color\n+    white-space nowrap"},{"sha":"e75b0fc925526ff10327d14a972b361ca499c9a9","filename":"dashboard/src/app/workspaces/workspaces-config.ts","status":"modified","additions":2,"deletions":0,"changes":2,"blob_url":"https://github.com/eclipse/che/blob/0a61c86d069906d3d210b7ad15851cd57050d878/dashboard/src/app/workspaces/workspaces-config.ts","raw_url":"https://github.com/eclipse/che/raw/0a61c86d069906d3d210b7ad15851cd57050d878/dashboard/src/app/workspaces/workspaces-config.ts","contents_url":"https://api.github.com/repos/eclipse/che/contents/dashboard/src/app/workspaces/workspaces-config.ts?ref=0a61c86d069906d3d210b7ad15851cd57050d878","patch":"@@ -68,6 +68,7 @@ import {AddCommandDialogController} from  './workspace-details/list-commands/add\n import {EditCommandDialogController} from  './workspace-details/list-commands/edit-command-dialog/edit-command-dialog.controller';\n \n import {ListAgentsController} from  './workspace-details/environments/list-agents/list-agents.controller';\n+import {AddMachineDialogController} from  './workspace-details/environments/add-machine-dialog/add-machine-dialog.controller';\n import {ListAgents} from  './workspace-details/environments/list-agents/list-agents.directive';\n \n \n@@ -150,6 +151,7 @@ export class WorkspacesConfig {\n     register.controller('AddCommandDialogController', AddCommandDialogController);\n     register.controller('EditCommandDialogController', EditCommandDialogController);\n \n+    register.controller('AddMachineDialogController', AddMachineDialogController);\n     register.controller('ListAgentsController', ListAgentsController);\n     register.directive('listAgents', ListAgents);\n "},{"sha":"df5ceb6c05ce9a1b9d75964da886b620fe77442c","filename":"dashboard/src/components/widget/popup/che-popup.directive.ts","status":"added","additions":52,"deletions":0,"changes":52,"blob_url":"https://github.com/eclipse/che/blob/0a61c86d069906d3d210b7ad15851cd57050d878/dashboard/src/components/widget/popup/che-popup.directive.ts","raw_url":"https://github.com/eclipse/che/raw/0a61c86d069906d3d210b7ad15851cd57050d878/dashboard/src/components/widget/popup/che-popup.directive.ts","contents_url":"https://api.github.com/repos/eclipse/che/contents/dashboard/src/components/widget/popup/che-popup.directive.ts?ref=0a61c86d069906d3d210b7ad15851cd57050d878","patch":"@@ -0,0 +1,52 @@\n+/*\n+ * Copyright (c) 2015-2016 Codenvy, S.A.\n+ * All rights reserved. This program and the accompanying materials\n+ * are made available under the terms of the Eclipse Public License v1.0\n+ * which accompanies this distribution, and is available at\n+ * http://www.eclipse.org/legal/epl-v10.html\n+ *\n+ * Contributors:\n+ *   Codenvy, S.A. - initial API and implementation\n+ */\n+'use strict';\n+\n+/**\n+ * @ngdoc directive\n+ * @name components.directive:chePopup\n+ * @restrict E\n+ * @function\n+ * @element\n+ *\n+ * @description\n+ * `<che-popup>` defines popup component as wrapper for popup massages\n+ *\n+ * @param {string=} che-title the title of popup massage\n+ * @param {Function=} che-on-close close popup function\n+ *\n+ * @author Oleksii Orel\n+ */\n+export class ChePopup {\n+  restrict: string;\n+  templateUrl: string;\n+  transclude: boolean;\n+  scope: {\n+    [propName: string]: string\n+  };\n+\n+  /**\n+   * Default constructor that is using resource\n+   * @ngInject for Dependency injection\n+   */\n+  constructor() {\n+    this.restrict = 'E';\n+    this.transclude = true;\n+    this.templateUrl = 'components/widget/popup/che-popup.html';\n+\n+    // scope values\n+    this.scope = {\n+      title: '@cheTitle',\n+      onClose: '&cheOnClose'\n+    };\n+  }\n+\n+}"},{"sha":"4c99b53117c67905564c98ab3607cdef019b870a","filename":"dashboard/src/components/widget/popup/che-popup.html","status":"added","additions":23,"deletions":0,"changes":23,"blob_url":"https://github.com/eclipse/che/blob/0a61c86d069906d3d210b7ad15851cd57050d878/dashboard/src/components/widget/popup/che-popup.html","raw_url":"https://github.com/eclipse/che/raw/0a61c86d069906d3d210b7ad15851cd57050d878/dashboard/src/components/widget/popup/che-popup.html","contents_url":"https://api.github.com/repos/eclipse/che/contents/dashboard/src/components/widget/popup/che-popup.html?ref=0a61c86d069906d3d210b7ad15851cd57050d878","patch":"@@ -0,0 +1,23 @@\n+<!--\n+\n+    Copyright (c) 2015 Codenvy, S.A.\n+    All rights reserved. This program and the accompanying materials\n+    are made available under the terms of the Eclipse Public License v1.0\n+    which accompanies this distribution, and is available at\n+    http://www.eclipse.org/legal/epl-v10.html\n+\n+    Contributors:\n+      Codenvy, S.A. - initial API and implementation\n+\n+-->\n+<div class=\"che-popup\" layout=\"column\" flex>\n+  <div layout=\"row\" flex=\"100\" layout-align=\"start stretch\">\n+    <div layout=\"row\" flex layout-align=\"start center\" class=\"che-popup-header\">\n+      <div flex=\"90\">{{title}}</div>\n+      <div flex=\"10\" ng-click=\"onClose()\">\n+        <i class=\"fa fa-times\" aria-hidden=\"true\"></i>\n+      </div>\n+    </div>\n+  </div>\n+  <div layout=\"row\" flex=\"100\" layout-align=\"start stretch\" class=\"che-popup-body\" ng-transclude></div>\n+</div>"},{"sha":"62e640ffd3256808f9e77bc815ea759aca9043d3","filename":"dashboard/src/components/widget/popup/che-popup.styl","status":"added","additions":27,"deletions":0,"changes":27,"blob_url":"https://github.com/eclipse/che/blob/0a61c86d069906d3d210b7ad15851cd57050d878/dashboard/src/components/widget/popup/che-popup.styl","raw_url":"https://github.com/eclipse/che/raw/0a61c86d069906d3d210b7ad15851cd57050d878/dashboard/src/components/widget/popup/che-popup.styl","contents_url":"https://api.github.com/repos/eclipse/che/contents/dashboard/src/components/widget/popup/che-popup.styl?ref=0a61c86d069906d3d210b7ad15851cd57050d878","patch":"@@ -0,0 +1,27 @@\n+.che-popup\n+  background-color inherit\n+\n+  .che-popup-header\n+    font-size 16px\n+    line-height 35px\n+    background-color $table-header-color\n+\n+    div:first-child\n+      text-align left\n+      margin-left 24px\n+      font-weight 100\n+\n+    div:last-child\n+      text-align center\n+      cursor pointer\n+      outline none\n+\n+      &:hover i.fa\n+        color $label-secondary-color\n+\n+      .fa\n+        font-size 16px\n+        color rgba($label-secondary-color, 0.8)\n+\n+  .che-popup-body\n+    margin 5px 24px 24px 24px"},{"sha":"5e7984f7568a85c7bbf962fa29ef4ff4efbf4b77","filename":"dashboard/src/components/widget/toggle-button/che-toggle-button.directive.ts","status":"modified","additions":11,"deletions":8,"changes":19,"blob_url":"https://github.com/eclipse/che/blob/0a61c86d069906d3d210b7ad15851cd57050d878/dashboard/src/components/widget/toggle-button/che-toggle-button.directive.ts","raw_url":"https://github.com/eclipse/che/raw/0a61c86d069906d3d210b7ad15851cd57050d878/dashboard/src/components/widget/toggle-button/che-toggle-button.directive.ts","contents_url":"https://api.github.com/repos/eclipse/che/contents/dashboard/src/components/widget/toggle-button/che-toggle-button.directive.ts?ref=0a61c86d069906d3d210b7ad15851cd57050d878","patch":"@@ -15,27 +15,30 @@\n  * @author Florent Benoit\n  */\n export class CheToggleButton {\n+  restrict: string;\n+  templateUrl: string;\n+  scope: {\n+    [propName: string]: string\n+  };\n \n   /**\n    * Default constructor that is using resource\n    * @ngInject for Dependency injection\n    */\n-  constructor () {\n-    this.restrict='E';\n+  constructor() {\n+    this.restrict = 'E';\n     this.templateUrl = 'components/widget/toggle-button/che-toggle-button.html';\n \n     // scope values\n     this.scope = {\n-      title:'@cheTitle',\n+      title: '@cheTitle',\n+      value: '@?cheValue',\n       fontIcon: '@cheFontIcon',\n       ngDisabled: '@ngDisabled'\n     };\n-\n   }\n \n-  link($scope) {\n-    $scope.controller = $scope.$parent.$parent.cheToggleCtrl || $scope.$parent.$parent.$parent.cheToggleCtrl;\n+  link($scope: ng.IScope): void {\n+    ($scope as any).controller = ($scope.$parent.$parent as any).cheToggleController || ($scope.$parent.$parent.$parent as any).cheToggleController;\n   }\n-\n-\n }"},{"sha":"4a88055bc9cd99807b2f62cddccdb15afbdf0449","filename":"dashboard/src/components/widget/toggle-button/che-toggle-button.html","status":"modified","additions":3,"deletions":1,"changes":4,"blob_url":"https://github.com/eclipse/che/blob/0a61c86d069906d3d210b7ad15851cd57050d878/dashboard/src/components/widget/toggle-button/che-toggle-button.html","raw_url":"https://github.com/eclipse/che/raw/0a61c86d069906d3d210b7ad15851cd57050d878/dashboard/src/components/widget/toggle-button/che-toggle-button.html","contents_url":"https://api.github.com/repos/eclipse/che/contents/dashboard/src/components/widget/toggle-button/che-toggle-button.html?ref=0a61c86d069906d3d210b7ad15851cd57050d878","patch":"@@ -1,4 +1,6 @@\n-<md-button class=\"che-toggle-button\" ng-class=\"controller.getCss(title)\" ng-click=\"controller.onClick(title)\">\n+<md-button class=\"che-toggle-button\"\n+           ng-class=\"controller.getCss(value ? value : title)\"\n+           ng-click=\"controller.onClick(value ? value : title)\">\n   <md-icon md-font-icon=\"{{fontIcon}}\" ng-if=\"fontIcon\"></md-icon>\n   <span class=\"che-toggle-title\">{{title}}</span>\n </md-button>"},{"sha":"74f5a57bc018e02da15bbc39056d7832d2efe3e2","filename":"dashboard/src/components/widget/toggle-button/che-toggle-button.styl","status":"modified","additions":15,"deletions":4,"changes":19,"blob_url":"https://github.com/eclipse/che/blob/0a61c86d069906d3d210b7ad15851cd57050d878/dashboard/src/components/widget/toggle-button/che-toggle-button.styl","raw_url":"https://github.com/eclipse/che/raw/0a61c86d069906d3d210b7ad15851cd57050d878/dashboard/src/components/widget/toggle-button/che-toggle-button.styl","contents_url":"https://api.github.com/repos/eclipse/che/contents/dashboard/src/components/widget/toggle-button/che-toggle-button.styl?ref=0a61c86d069906d3d210b7ad15851cd57050d878","patch":"@@ -6,24 +6,35 @@ che-toggle-button .md-button\n che-toggle-button .md-button\n   height 20px\n   line-height 20px\n-  padding 0px 20px\n+  padding 0 20px\n \n che-toggle-button .md-button.md-default-theme\n-  background-color transparent\n   color $primary-color\n   che-border-radius(2px)\n   border 2px solid $primary-color\n \n+  & > span\n+    text-transform none\n+\n che-toggle-button .md-button.md-default-theme md-icon\n   color inherit\n \n che-toggle-button .md-button.md-default-theme:not([disabled]):focus\n   background-color transparent\n \n che-toggle-button .md-button.md-default-theme.che-toggle-button-disabled\n+  border none\n+  color $primary-color\n   background-color $background-color\n-  color $label-secondary-color\n-  border-color $form-element-border-color\n+  box-shadow inset 0 0 0 2px alpha($primary-color, 0.5)\n+\n+che-toggle-button .md-button.md-default-theme:not([disabled]).che-toggle-button-enabled\n+  background-color $primary-color !important\n+  color alpha($che-white-color, 0.87) !important\n+\n+che-toggle-button .md-button.md-default-theme.che-toggle-button-enabled:hover\n+  border-color $button-primary-hover-color\n+  background-color $button-primary-hover-color !important\n \n che-toggle-button md-icon\n   padding-right 10px"},{"sha":"ca63454a2b818fe51a3565db623a3f18c2894ce8","filename":"dashboard/src/components/widget/toggle-button/che-toggle.controller.ts","status":"modified","additions":9,"deletions":10,"changes":19,"blob_url":"https://github.com/eclipse/che/blob/0a61c86d069906d3d210b7ad15851cd57050d878/dashboard/src/components/widget/toggle-button/che-toggle.controller.ts","raw_url":"https://github.com/eclipse/che/raw/0a61c86d069906d3d210b7ad15851cd57050d878/dashboard/src/components/widget/toggle-button/che-toggle.controller.ts","contents_url":"https://api.github.com/repos/eclipse/che/contents/dashboard/src/components/widget/toggle-button/che-toggle.controller.ts?ref=0a61c86d069906d3d210b7ad15851cd57050d878","patch":"@@ -14,30 +14,29 @@\n  * Defines a directive for the toggle button.\n  * @author Florent Benoit\n  */\n-export class CheToggleCtrl {\n+export class CheToggleController {\n+  $scope: ng.IScope;\n \n   /**\n    * Default constructor that is using resource\n    * @ngInject for Dependency injection\n    */\n-  constructor ($scope) {\n+  constructor($scope: ng.IScope) {\n     this.$scope = $scope;\n   }\n \n-  getSelected() {\n-    return this.$scope.setupModelController.$viewValue;\n+  getSelected(): string {\n+    return (this.$scope as any).setupModelController.$viewValue;\n   }\n \n-  getCss(title) {\n-    if (this.getSelected() !== title) {\n+  getCss(selected: string): string {\n+    if (this.getSelected() !== selected) {\n       return 'che-toggle-button-disabled';\n     }\n     return 'che-toggle-button-enabled';\n   }\n \n-  onClick(selected) {\n-    this.$scope.setupModelController.$setViewValue(selected);\n+  onClick(selected: string): void {\n+    (this.$scope as any).setupModelController.$setViewValue(selected);\n   }\n-\n-\n }"},{"sha":"f08d4377f7f7dff4854e85818eb76777a6cba87d","filename":"dashboard/src/components/widget/toggle-button/che-toggle.directive.ts","status":"modified","additions":14,"deletions":8,"changes":22,"blob_url":"https://github.com/eclipse/che/blob/0a61c86d069906d3d210b7ad15851cd57050d878/dashboard/src/components/widget/toggle-button/che-toggle.directive.ts","raw_url":"https://github.com/eclipse/che/raw/0a61c86d069906d3d210b7ad15851cd57050d878/dashboard/src/components/widget/toggle-button/che-toggle.directive.ts","contents_url":"https://api.github.com/repos/eclipse/che/contents/dashboard/src/components/widget/toggle-button/che-toggle.directive.ts?ref=0a61c86d069906d3d210b7ad15851cd57050d878","patch":"@@ -9,24 +9,32 @@\n  *   Codenvy, S.A. - initial API and implementation\n  */\n 'use strict';\n+import {CheToggleController} from \"./che-toggle.controller\";\n \n /**\n  * Defines a directive for the toggle button.\n  * @author Florent Benoit\n  */\n export class CheToggle {\n+  scope: Object;\n+  controllerAs: string;\n+  templateUrl: string;\n+  controller: string;\n+  restrict: string;\n+  require: string;\n+  transclude: boolean;\n \n   /**\n    * Default constructor that is using resource\n    * @ngInject for Dependency injection\n    */\n-  constructor () {\n-    this.restrict='E';\n+  constructor() {\n+    this.restrict = 'E';\n     this.templateUrl = 'components/widget/toggle-button/che-toggle.html';\n \n     this.transclude = true;\n-    this.controller = 'CheToggleCtrl';\n-    this.controllerAs = 'cheToggleCtrl';\n+    this.controller = 'CheToggleController';\n+    this.controllerAs = 'cheToggleController';\n \n     // we require ngModel as we want to use it inside our directive\n     this.require = 'ngModel';\n@@ -39,9 +47,7 @@ export class CheToggle {\n   /**\n    * Keep reference to the model controller\n    */\n-  link($scope, element, attr, ngModelCtrl) {\n-    $scope.setupModelController = ngModelCtrl;\n+  link($scope: ng.IScope, element: ng.IAugmentedJQuery, attrs: ng.IAttributes, ngModelController: CheToggleController) {\n+    ($scope as any).setupModelController = ngModelController;\n   }\n-\n-\n }"},{"sha":"e8ff68c38a200246d7fd1abb055dabe5e04960fd","filename":"dashboard/src/components/widget/toggle-button/che-toggle.html","status":"modified","additions":1,"deletions":1,"changes":2,"blob_url":"https://github.com/eclipse/che/blob/0a61c86d069906d3d210b7ad15851cd57050d878/dashboard/src/components/widget/toggle-button/che-toggle.html","raw_url":"https://github.com/eclipse/che/raw/0a61c86d069906d3d210b7ad15851cd57050d878/dashboard/src/components/widget/toggle-button/che-toggle.html","contents_url":"https://api.github.com/repos/eclipse/che/contents/dashboard/src/components/widget/toggle-button/che-toggle.html?ref=0a61c86d069906d3d210b7ad15851cd57050d878","patch":"@@ -1,3 +1,3 @@\n-<span ng-click=\"cheToggleCtrl.onClick()\"> {{cheToggleCtrl.name}}</span>\n+<span ng-click=\"cheToggleController.onClick()\"> {{cheToggleController.name}}</span>\n <div ng-transclude >\n </div>"},{"sha":"13bf6844862fd14d94b96091c3d4162a09c44f0c","filename":"dashboard/src/components/widget/toolbar/che-toolbar.directive.ts","status":"modified","additions":38,"deletions":22,"changes":60,"blob_url":"https://github.com/eclipse/che/blob/0a61c86d069906d3d210b7ad15851cd57050d878/dashboard/src/components/widget/toolbar/che-toolbar.directive.ts","raw_url":"https://github.com/eclipse/che/raw/0a61c86d069906d3d210b7ad15851cd57050d878/dashboard/src/components/widget/toolbar/che-toolbar.directive.ts","contents_url":"https://api.github.com/repos/eclipse/che/contents/dashboard/src/components/widget/toolbar/che-toolbar.directive.ts?ref=0a61c86d069906d3d210b7ad15851cd57050d878","patch":"@@ -36,29 +36,35 @@\n  <example module=\"userDashboard\">\n  <file name=\"index.html\">\n  <che-toolbar che-title=\"Hello\"\n-               che-button-name=\"My Button\"\n-               che-button-href=\"http://www.eclipse.org/che\"\n-               che-breadcrumb-title=\"My Breadcrumb\"\n-               che-breadcrumb-href=\"http://www.eclipse.org/che\"\n-               che-subheader-title=\"subtitle\"\n+ che-button-name=\"My Button\"\n+ che-button-href=\"http://www.eclipse.org/che\"\n+ che-breadcrumb-title=\"My Breadcrumb\"\n+ che-breadcrumb-href=\"http://www.eclipse.org/che\"\n+ che-subheader-title=\"subtitle\"\n  ></che-toolbar>\n  </file>\n  </example>\n  * @author Florent Benoit\n  */\n export class CheToolbar {\n+  restrict: string;\n+  controller: string;\n+  controllerAs: string;\n+  replace: boolean;\n+  transclude: boolean;\n+  bindToController: boolean;\n \n   /**\n    * Default constructor that is using resource\n    * @ngInject for Dependency injection\n    */\n-  constructor () {\n-    this.restrict='E';\n+  constructor() {\n+    this.restrict = 'E';\n     this.replace = true;\n     this.controller = 'CheNavBarCtrl';\n     this.controllerAs = 'controller';\n     this.bindToController = true;\n-    this.transclude= true;\n+    this.transclude = true;\n \n   }\n \n@@ -68,14 +74,16 @@ export class CheToolbar {\n    * @param attrs\n    * @returns {string} the template\n    */\n-  template( element, attrs) {\n+  template(element, attrs) {\n     var title = attrs.cheTitle;\n-    var titleController  = attrs.cheTitleIconsController;\n+    var titleController = attrs.cheTitleIconsController;\n     var buttonHref = attrs.cheButtonHref;\n     var buttonHrefTarget = attrs.cheButtonHrefTarget;\n     var buttonName = attrs.cheButtonName;\n     var buttonIcon = attrs.cheButtonIcon;\n     var addButtonName = attrs.cheAddButtonName;\n+    var buttonOnClick = attrs.cheButtonOnClick;\n+    var buttonDisabled = attrs.cheButtonDisabled;\n     var addButtonHref = attrs.cheAddButtonHref;\n \n     var breadcrumbTitle = attrs.cheBreadcrumbTitle;\n@@ -92,30 +100,30 @@ export class CheToolbar {\n       theme = 'toolbar-theme';\n     }\n \n-    var template = '<div class=\\\"che-toolbar\\\"><md-toolbar md-theme=\\\"' + theme +'\\\">\\n'\n+    var template = '<div class=\\\"che-toolbar\\\"><md-toolbar md-theme=\\\"' + theme + '\\\">\\n'\n       + '<div layout=\\\"row\\\" layout-align=\\\"start center\\\" flex>';\n \n     if (breadcrumbHref) {\n       template += '<a class=\\\"che-toolbar-control-button che-toolbar-breadcrumb\\\" href=\\\"' + breadcrumbHref\n-      + '\\\" title=\\\"' + breadcrumbTitle + '\\\">'\n-      + '<md-icon md-font-icon=\\\"fa fa-chevron-left\\\"></md-icon>'\n-      + '</a>';\n+        + '\\\" title=\\\"' + breadcrumbTitle + '\\\">'\n+        + '<md-icon md-font-icon=\\\"fa fa-chevron-left\\\"></md-icon>'\n+        + '</a>';\n     }\n \n     template += '<div layout=\\\"row\\\" flex layout-align=\\\"start center\\\" class=\\\"che-toolbar-header\\\">'\n-    + '<div class=\\\"che-toolbar-title\\\" id=\\\"'+ id +'\\\" flex layout=\\\"row\\\" layout-align=\\\"center center\\\">'\n-    + '<span class=\\\"che-toolbar-title-label\\\">'\n-    + title + '</span><span class=\\\"che-toolbar-title-icons\\\">';\n+      + '<div class=\\\"che-toolbar-title\\\" id=\\\"' + id + '\\\" flex layout=\\\"row\\\" layout-align=\\\"center center\\\">'\n+      + '<span class=\\\"che-toolbar-title-label\\\">'\n+      + title + '</span><span class=\\\"che-toolbar-title-icons\\\">';\n \n     if (titleController) {\n       template = template\n-      + '<md-icon ng-repeat=\\\"icon in ' + titleController + '.toolbarIcons\\\" md-font-icon=\\\"{{icon.font}}\\\" ng-click=\\\"'\n-      + titleController + '.callbackToolbarClick(icon.name)\\\"';\n+        + '<md-icon ng-repeat=\\\"icon in ' + titleController + '.toolbarIcons\\\" md-font-icon=\\\"{{icon.font}}\\\" ng-click=\\\"'\n+        + titleController + '.callbackToolbarClick(icon.name)\\\"';\n     }\n     template += '</span></div>';\n \n     if (searchModel) {\n-      template += '<che-search che-placeholder=\\\"' + searchPlaceholder+ '\\\" ng-model=\\\"' + searchModel + '\\\" che-replace-element=\\\"' + id + '\\\"></che-search>';\n+      template += '<che-search che-placeholder=\\\"' + searchPlaceholder + '\\\" ng-model=\\\"' + searchModel + '\\\" che-replace-element=\\\"' + id + '\\\"></che-search>';\n     }\n \n     template += '<div layout=\\\"row\\\" layout-align=\\\"start center\\\">';\n@@ -132,10 +140,18 @@ export class CheToolbar {\n     if (buttonName) {\n       template += '<che-button-default class=\\\"che-toolbar-open-button\\\"';\n       template += ' che-button-title=\\\"' + buttonName + '\\\"';\n+      if (buttonDisabled) {\n+        template += ' ng-disabled=\\\"' + buttonDisabled + '\\\"';\n+      }\n+      if (buttonOnClick) {\n+        template += ' ng-click=\\\"' + buttonOnClick + '\\\"';\n+      }\n       if (buttonIcon) {\n         template += ' che-button-icon=\\\"' + buttonIcon + '\\\"';\n       }\n-      template += ' href=\\\"' + buttonHref + '\\\"';\n+      if (buttonHref) {\n+        template += ' href=\\\"' + buttonHref + '\\\"';\n+      }\n       if (buttonHrefTarget) {\n         template = template + ' target=\\\"' + buttonHrefTarget + '\\\"';\n       }\n@@ -150,7 +166,7 @@ export class CheToolbar {\n     template += '<ng-transclude></ng-transclude>';\n     template += '</div></div>';\n     template += '</div>'\n-    + '</md-toolbar></div>';\n+      + '</md-toolbar></div>';\n \n     return template;\n   }"},{"sha":"0bef73093847bc8f6701fb019a32757f28f3163f","filename":"dashboard/src/components/widget/widget-config.ts","status":"modified","additions":5,"deletions":2,"changes":7,"blob_url":"https://github.com/eclipse/che/blob/0a61c86d069906d3d210b7ad15851cd57050d878/dashboard/src/components/widget/widget-config.ts","raw_url":"https://github.com/eclipse/che/raw/0a61c86d069906d3d210b7ad15851cd57050d878/dashboard/src/components/widget/widget-config.ts","contents_url":"https://api.github.com/repos/eclipse/che/contents/dashboard/src/components/widget/widget-config.ts?ref=0a61c86d069906d3d210b7ad15851cd57050d878","patch":"@@ -57,12 +57,13 @@ import {CheSelecter} from './selecter/che-selecter.directive';\n import {CheSlider} from './slider/che-slider.directive';\n import {CheLogsOutput} from './logs-output/che-logs-output.directive';\n import {CheTextInfo} from './text-info/che-text-info.directive';\n-import {CheToggleCtrl} from './toggle-button/che-toggle.controller';\n+import {CheToggleController} from './toggle-button/che-toggle.controller';\n import {CheToggleButton} from './toggle-button/che-toggle-button.directive';\n import {CheToggle} from './toggle-button/che-toggle.directive';\n import {CheToolbar} from './toolbar/che-toolbar.directive';\n import {CheErrorNotification} from './notification/che-error-notification.directive';\n import {CheInfoNotification} from './notification/che-info-notification.directive';\n+import {ChePopup} from './popup/che-popup.directive';\n \n \n export class WidgetConfig {\n@@ -134,14 +135,16 @@ export class WidgetConfig {\n \n       .directive('cheTextInfo', CheTextInfo)\n \n-      .controller('CheToggleCtrl', CheToggleCtrl)\n+      .controller('CheToggleController', CheToggleController)\n       .directive('cheToggleButton', CheToggleButton)\n       .directive('cheToggle', CheToggle)\n \n       .directive('cheToolbar', CheToolbar)\n       //notifications\n       .directive('cheErrorNotification', CheErrorNotification)\n       .directive('cheInfoNotification', CheInfoNotification)\n+      //wrapper for popup\n+      .directive('chePopup', ChePopup)\n \n   }\n }"},{"sha":"f07788bcbd16d497b4171ab7204edb32d0114d39","filename":"dashboard/typings.json","status":"modified","additions":6,"deletions":5,"changes":11,"blob_url":"https://github.com/eclipse/che/blob/0a61c86d069906d3d210b7ad15851cd57050d878/dashboard/typings.json","raw_url":"https://github.com/eclipse/che/raw/0a61c86d069906d3d210b7ad15851cd57050d878/dashboard/typings.json","contents_url":"https://api.github.com/repos/eclipse/che/contents/dashboard/typings.json?ref=0a61c86d069906d3d210b7ad15851cd57050d878","patch":"@@ -1,16 +1,17 @@\n {\n   \"name\": \"che-dashboard\",\n   \"globalDependencies\": {\n+    \"angular\": \"github:DefinitelyTyped/DefinitelyTyped/angularjs/angular.d.ts#bb051830df88f5a55dcf06b7fe85bf6b62cc97f2\",\n     \"angular-animate\": \"github:DefinitelyTyped/DefinitelyTyped/angularjs/angular-animate.d.ts#bb051830df88f5a55dcf06b7fe85bf6b62cc97f2\",\n     \"angular-cookies\": \"github:DefinitelyTyped/DefinitelyTyped/angularjs/angular-cookies.d.ts#bb051830df88f5a55dcf06b7fe85bf6b62cc97f2\",\n-    \"angular-sanitize\": \"github:DefinitelyTyped/DefinitelyTyped/angularjs/angular-sanitize.d.ts#bb051830df88f5a55dcf06b7fe85bf6b62cc97f2\",\n-    \"jquery\": \"github:DefinitelyTyped/DefinitelyTyped/jquery/jquery.d.ts#bb051830df88f5a55dcf06b7fe85bf6b62cc97f2\",\n-    \"angular-resource\": \"github:DefinitelyTyped/DefinitelyTyped/angularjs/angular-resource.d.ts#bb051830df88f5a55dcf06b7fe85bf6b62cc97f2\",\n-    \"angular-route\": \"github:DefinitelyTyped/DefinitelyTyped/angularjs/angular-route.d.ts#bb051830df88f5a55dcf06b7fe85bf6b62cc97f2\",\n     \"angular-material\": \"github:DefinitelyTyped/DefinitelyTyped/angular-material/angular-material.d.ts#bb051830df88f5a55dcf06b7fe85bf6b62cc97f2\",\n-    \"angular\": \"github:DefinitelyTyped/DefinitelyTyped/angularjs/angular.d.ts#bb051830df88f5a55dcf06b7fe85bf6b62cc97f2\",\n     \"angular-mocks\": \"github:DefinitelyTyped/DefinitelyTyped/angularjs/angular-mocks.d.ts#bb051830df88f5a55dcf06b7fe85bf6b62cc97f2\",\n+    \"angular-resource\": \"github:DefinitelyTyped/DefinitelyTyped/angularjs/angular-resource.d.ts#bb051830df88f5a55dcf06b7fe85bf6b62cc97f2\",\n+    \"angular-route\": \"github:DefinitelyTyped/DefinitelyTyped/angularjs/angular-route.d.ts#bb051830df88f5a55dcf06b7fe85bf6b62cc97f2\",\n+    \"angular-sanitize\": \"github:DefinitelyTyped/DefinitelyTyped/angularjs/angular-sanitize.d.ts#bb051830df88f5a55dcf06b7fe85bf6b62cc97f2\",\n     \"jasmine\": \"github:DefinitelyTyped/DefinitelyTyped/jasmine/jasmine.d.ts#bb051830df88f5a55dcf06b7fe85bf6b62cc97f2\",\n+    \"jquery\": \"github:DefinitelyTyped/DefinitelyTyped/jquery/jquery.d.ts#bb051830df88f5a55dcf06b7fe85bf6b62cc97f2\",\n+    \"js-yaml\": \"registry:dt/js-yaml#3.5.2+20160316171810\",\n     \"karma-jasmine\": \"github:DefinitelyTyped/DefinitelyTyped/karma-jasmine/karma-jasmine.d.ts#bb051830df88f5a55dcf06b7fe85bf6b62cc97f2\",\n     \"moment\": \"github:DefinitelyTyped/DefinitelyTyped/moment/moment.d.ts#bb051830df88f5a55dcf06b7fe85bf6b62cc97f2\",\n     \"moment-node\": \"github:DefinitelyTyped/DefinitelyTyped/moment/moment-node.d.ts#bb051830df88f5a55dcf06b7fe85bf6b62cc97f2\""}]}
