{"sha":"0a624b4c4f3210241800e8f5f486eb8a8b06277e","commit":{"author":{"name":"Sergii Leschenko","email":"sleschenko@codenvy.com","date":"2017-02-28T18:10:17Z"},"committer":{"name":"GitHub","email":"noreply@github.com","date":"2017-02-28T18:10:17Z"},"message":"Move account out of user object (#3823)","tree":{"sha":"d8a64d27c241b0b0bd5bd974227235925e960fef","url":"https://api.github.com/repos/eclipse/che/git/trees/d8a64d27c241b0b0bd5bd974227235925e960fef"},"url":"https://api.github.com/repos/eclipse/che/git/commits/0a624b4c4f3210241800e8f5f486eb8a8b06277e","comment_count":0,"verification":{"verified":false,"reason":"unsigned","signature":null,"payload":null}},"url":"https://api.github.com/repos/eclipse/che/commits/0a624b4c4f3210241800e8f5f486eb8a8b06277e","html_url":"https://github.com/eclipse/che/commit/0a624b4c4f3210241800e8f5f486eb8a8b06277e","comments_url":"https://api.github.com/repos/eclipse/che/commits/0a624b4c4f3210241800e8f5f486eb8a8b06277e/comments","author":{"login":"sleshchenko","id":5887312,"avatar_url":"https://avatars0.githubusercontent.com/u/5887312?v=4","gravatar_id":"","url":"https://api.github.com/users/sleshchenko","html_url":"https://github.com/sleshchenko","followers_url":"https://api.github.com/users/sleshchenko/followers","following_url":"https://api.github.com/users/sleshchenko/following{/other_user}","gists_url":"https://api.github.com/users/sleshchenko/gists{/gist_id}","starred_url":"https://api.github.com/users/sleshchenko/starred{/owner}{/repo}","subscriptions_url":"https://api.github.com/users/sleshchenko/subscriptions","organizations_url":"https://api.github.com/users/sleshchenko/orgs","repos_url":"https://api.github.com/users/sleshchenko/repos","events_url":"https://api.github.com/users/sleshchenko/events{/privacy}","received_events_url":"https://api.github.com/users/sleshchenko/received_events","type":"User","site_admin":false},"committer":{"login":"web-flow","id":19864447,"avatar_url":"https://avatars3.githubusercontent.com/u/19864447?v=4","gravatar_id":"","url":"https://api.github.com/users/web-flow","html_url":"https://github.com/web-flow","followers_url":"https://api.github.com/users/web-flow/followers","following_url":"https://api.github.com/users/web-flow/following{/other_user}","gists_url":"https://api.github.com/users/web-flow/gists{/gist_id}","starred_url":"https://api.github.com/users/web-flow/starred{/owner}{/repo}","subscriptions_url":"https://api.github.com/users/web-flow/subscriptions","organizations_url":"https://api.github.com/users/web-flow/orgs","repos_url":"https://api.github.com/users/web-flow/repos","events_url":"https://api.github.com/users/web-flow/events{/privacy}","received_events_url":"https://api.github.com/users/web-flow/received_events","type":"User","site_admin":false},"parents":[{"sha":"c8145259e55502d6cdc8bdfd2ee862f758b34e31","url":"https://api.github.com/repos/eclipse/che/commits/c8145259e55502d6cdc8bdfd2ee862f758b34e31","html_url":"https://github.com/eclipse/che/commit/c8145259e55502d6cdc8bdfd2ee862f758b34e31"}],"stats":{"total":384,"additions":335,"deletions":49},"files":[{"sha":"8337fc1bab2d2bb79121c5774bdc1039e0134003","filename":"wsmaster/che-core-api-account/src/main/java/org/eclipse/che/account/api/AccountManager.java","status":"modified","additions":53,"deletions":0,"changes":53,"blob_url":"https://github.com/eclipse/che/blob/0a624b4c4f3210241800e8f5f486eb8a8b06277e/wsmaster/che-core-api-account/src/main/java/org/eclipse/che/account/api/AccountManager.java","raw_url":"https://github.com/eclipse/che/raw/0a624b4c4f3210241800e8f5f486eb8a8b06277e/wsmaster/che-core-api-account/src/main/java/org/eclipse/che/account/api/AccountManager.java","contents_url":"https://api.github.com/repos/eclipse/che/contents/wsmaster/che-core-api-account/src/main/java/org/eclipse/che/account/api/AccountManager.java?ref=0a624b4c4f3210241800e8f5f486eb8a8b06277e","patch":"@@ -12,6 +12,8 @@\n \n import org.eclipse.che.account.shared.model.Account;\n import org.eclipse.che.account.spi.AccountDao;\n+import org.eclipse.che.account.spi.AccountImpl;\n+import org.eclipse.che.api.core.ConflictException;\n import org.eclipse.che.api.core.NotFoundException;\n import org.eclipse.che.api.core.ServerException;\n \n@@ -35,6 +37,42 @@ public AccountManager(AccountDao accountDao) {\n         this.accountDao = accountDao;\n     }\n \n+    /**\n+     * Creates account.\n+     *\n+     * @param account\n+     *         account to create\n+     * @throws NullPointerException\n+     *         when {@code account} is null\n+     * @throws ConflictException\n+     *         when account with such name or id already exists\n+     * @throws ServerException\n+     *         when any other error occurs during account creating\n+     */\n+    public void create(Account account) throws ConflictException, ServerException {\n+        requireNonNull(account, \"Required non-null account\");\n+        accountDao.create(new AccountImpl(account));\n+    }\n+\n+    /**\n+     * Updates account by replacing an existing account entity with a new one.\n+     *\n+     * @param account\n+     *         account to update\n+     * @throws NullPointerException\n+     *         when {@code account} is null\n+     * @throws NotFoundException\n+     *         when account with id {@code account.getId()} is not found\n+     * @throws ConflictException\n+     *         when account's new name is not unique\n+     * @throws ServerException\n+     *         when any other error occurs\n+     */\n+    public void update(Account account) throws NotFoundException, ConflictException, ServerException {\n+        requireNonNull(account, \"Required non-null account\");\n+        accountDao.update(new AccountImpl(account));\n+    }\n+\n     /**\n      * Gets account by identifier.\n      *\n@@ -70,4 +108,19 @@ public Account getByName(String name) throws NotFoundException, ServerException\n         requireNonNull(name, \"Required non-null account name\");\n         return accountDao.getByName(name);\n     }\n+\n+    /**\n+     * Removes account by specified {@code id}\n+     *\n+     * @param id\n+     *         account identifier\n+     * @throws NullPointerException\n+     *         when {@code id} is null\n+     * @throws ServerException\n+     *         when any other error occurs\n+     */\n+    public void remove(String id) throws ServerException {\n+        requireNonNull(id, \"Required non-null account id\");\n+        accountDao.remove(id);\n+    }\n }"},{"sha":"ee1af99cd4f0a32d2d03903953d1b5d1930d02d8","filename":"wsmaster/che-core-api-account/src/main/java/org/eclipse/che/account/spi/AccountDao.java","status":"modified","additions":43,"deletions":0,"changes":43,"blob_url":"https://github.com/eclipse/che/blob/0a624b4c4f3210241800e8f5f486eb8a8b06277e/wsmaster/che-core-api-account/src/main/java/org/eclipse/che/account/spi/AccountDao.java","raw_url":"https://github.com/eclipse/che/raw/0a624b4c4f3210241800e8f5f486eb8a8b06277e/wsmaster/che-core-api-account/src/main/java/org/eclipse/che/account/spi/AccountDao.java","contents_url":"https://api.github.com/repos/eclipse/che/contents/wsmaster/che-core-api-account/src/main/java/org/eclipse/che/account/spi/AccountDao.java?ref=0a624b4c4f3210241800e8f5f486eb8a8b06277e","patch":"@@ -10,6 +10,7 @@\n  *******************************************************************************/\n package org.eclipse.che.account.spi;\n \n+import org.eclipse.che.api.core.ConflictException;\n import org.eclipse.che.api.core.NotFoundException;\n import org.eclipse.che.api.core.ServerException;\n \n@@ -19,6 +20,36 @@\n  * @author Sergii Leschenko\n  */\n public interface AccountDao {\n+    /**\n+     * Creates account.\n+     *\n+     * @param account\n+     *         account to create\n+     * @throws NullPointerException\n+     *         when {@code account} is null\n+     * @throws ConflictException\n+     *         when account with such name or id already exists\n+     * @throws ServerException\n+     *         when any other error occurs during account creating\n+     */\n+    void create(AccountImpl account) throws ConflictException, ServerException;\n+\n+    /**\n+     * Updates account by replacing an existing entity with a new one.\n+     *\n+     * @param account\n+     *         account to update\n+     * @throws NullPointerException\n+     *         when {@code account} is null\n+     * @throws NotFoundException\n+     *         when account with id {@code account.getId()} doesn't exist\n+     * @throws ConflictException\n+     *         when name updated with a value which is not unique\n+     * @throws ServerException\n+     *         when any other error occurs\n+     */\n+    void update(AccountImpl account) throws NotFoundException, ConflictException, ServerException;\n+\n     /**\n      * Gets account by identifier.\n      *\n@@ -48,4 +79,16 @@\n      *         when any other error occurs during account fetching\n      */\n     AccountImpl getByName(String name) throws ServerException, NotFoundException;\n+\n+    /**\n+     * Removes account by specified {@code id}\n+     *\n+     * @param id\n+     *         account identifier\n+     * @throws NullPointerException\n+     *         when {@code id} is null\n+     * @throws ServerException\n+     *         when any other error occurs\n+     */\n+    void remove(String id) throws ServerException;\n }"},{"sha":"e6521d92e6d70f5e4f2139e2bf142e10f59bb4fa","filename":"wsmaster/che-core-api-account/src/main/java/org/eclipse/che/account/spi/jpa/JpaAccountDao.java","status":"modified","additions":61,"deletions":0,"changes":61,"blob_url":"https://github.com/eclipse/che/blob/0a624b4c4f3210241800e8f5f486eb8a8b06277e/wsmaster/che-core-api-account/src/main/java/org/eclipse/che/account/spi/jpa/JpaAccountDao.java","raw_url":"https://github.com/eclipse/che/raw/0a624b4c4f3210241800e8f5f486eb8a8b06277e/wsmaster/che-core-api-account/src/main/java/org/eclipse/che/account/spi/jpa/JpaAccountDao.java","contents_url":"https://api.github.com/repos/eclipse/che/contents/wsmaster/che-core-api-account/src/main/java/org/eclipse/che/account/spi/jpa/JpaAccountDao.java?ref=0a624b4c4f3210241800e8f5f486eb8a8b06277e","patch":"@@ -14,14 +14,17 @@\n \n import org.eclipse.che.account.spi.AccountDao;\n import org.eclipse.che.account.spi.AccountImpl;\n+import org.eclipse.che.api.core.ConflictException;\n import org.eclipse.che.api.core.NotFoundException;\n import org.eclipse.che.api.core.ServerException;\n+import org.eclipse.che.core.db.jpa.DuplicateKeyException;\n \n import javax.inject.Inject;\n import javax.inject.Provider;\n import javax.inject.Singleton;\n import javax.persistence.EntityManager;\n import javax.persistence.NoResultException;\n+import java.util.Optional;\n \n import static java.lang.String.format;\n import static java.util.Objects.requireNonNull;\n@@ -40,6 +43,30 @@ public JpaAccountDao(Provider<EntityManager> managerProvider) {\n         this.managerProvider = managerProvider;\n     }\n \n+    @Override\n+    public void create(AccountImpl account) throws ConflictException, ServerException {\n+        requireNonNull(account, \"Required non-null account\");\n+        try {\n+            doCreate(account);\n+        } catch (DuplicateKeyException e) {\n+            throw new ConflictException(\"Account with such id or name already exists\");\n+        } catch (RuntimeException e) {\n+            throw new ServerException(e.getLocalizedMessage(), e);\n+        }\n+    }\n+\n+    @Override\n+    public void update(AccountImpl account) throws NotFoundException, ConflictException, ServerException {\n+        requireNonNull(account, \"Required non-null account\");\n+        try {\n+            doUpdate(account);\n+        } catch (DuplicateKeyException x) {\n+            throw new ConflictException(\"Account with such name already exists\");\n+        } catch (RuntimeException x) {\n+            throw new ServerException(x.getLocalizedMessage(), x);\n+        }\n+    }\n+\n     @Override\n     @Transactional\n     public AccountImpl getById(String id) throws NotFoundException, ServerException {\n@@ -72,4 +99,38 @@ public AccountImpl getByName(String name) throws ServerException, NotFoundExcept\n             throw new ServerException(e.getLocalizedMessage(), e);\n         }\n     }\n+\n+    @Override\n+    public void remove(String id) throws ServerException {\n+        requireNonNull(id, \"Required non-null account id\");\n+        try {\n+            doRemove(id);\n+        } catch (RuntimeException e) {\n+            throw new ServerException(e.getLocalizedMessage(), e);\n+        }\n+    }\n+\n+    @Transactional\n+    protected void doCreate(AccountImpl account) {\n+        managerProvider.get().persist(account);\n+    }\n+\n+    @Transactional\n+    protected void doUpdate(AccountImpl update) throws NotFoundException {\n+        final EntityManager manager = managerProvider.get();\n+        final AccountImpl account = manager.find(AccountImpl.class, update.getId());\n+        if (account == null) {\n+            throw new NotFoundException(format(\"Couldn't update account with id '%s' because it doesn't exist\", update.getId()));\n+        }\n+        manager.merge(update);\n+        manager.flush();\n+    }\n+\n+    @Transactional\n+    protected Optional<AccountImpl> doRemove(String id) {\n+        final EntityManager manager = managerProvider.get();\n+        final Optional<AccountImpl> account = Optional.ofNullable(manager.find(AccountImpl.class, id));\n+        account.ifPresent(manager::remove);\n+        return account;\n+    }\n }"},{"sha":"d99898d0f9f01a5f51effa2efadcb2614ff85ebd","filename":"wsmaster/che-core-api-account/src/test/java/org/eclipse/che/account/spi/tck/AccountDaoTest.java","status":"modified","additions":63,"deletions":1,"changes":64,"blob_url":"https://github.com/eclipse/che/blob/0a624b4c4f3210241800e8f5f486eb8a8b06277e/wsmaster/che-core-api-account/src/test/java/org/eclipse/che/account/spi/tck/AccountDaoTest.java","raw_url":"https://github.com/eclipse/che/raw/0a624b4c4f3210241800e8f5f486eb8a8b06277e/wsmaster/che-core-api-account/src/test/java/org/eclipse/che/account/spi/tck/AccountDaoTest.java","contents_url":"https://api.github.com/repos/eclipse/che/contents/wsmaster/che-core-api-account/src/test/java/org/eclipse/che/account/spi/tck/AccountDaoTest.java?ref=0a624b4c4f3210241800e8f5f486eb8a8b06277e","patch":"@@ -12,6 +12,7 @@\n \n import org.eclipse.che.account.spi.AccountDao;\n import org.eclipse.che.account.spi.AccountImpl;\n+import org.eclipse.che.api.core.ConflictException;\n import org.eclipse.che.api.core.NotFoundException;\n import org.eclipse.che.commons.lang.NameGenerator;\n import org.eclipse.che.commons.test.tck.TckListener;\n@@ -60,6 +61,52 @@ private void cleanup() throws TckRepositoryException {\n         accountRepo.removeAll();\n     }\n \n+    @Test(dependsOnMethods = \"shouldGetAccountById\")\n+    public void shouldCreateAccount() throws Exception {\n+        AccountImpl toCreate = new AccountImpl(\"account123\", \"test123\", \"test\");\n+\n+        accountDao.create(toCreate);\n+\n+        assertEquals(toCreate, accountDao.getById(toCreate.getId()));\n+    }\n+\n+    @Test(expectedExceptions = NullPointerException.class)\n+    public void shouldThrowNpeOnCreatingNullAccount() throws Exception {\n+        accountDao.create(null);\n+    }\n+\n+    @Test(dependsOnMethods = \"shouldGetAccountById\")\n+    public void shouldUpdateAccount() throws Exception {\n+        AccountImpl account = accounts[0];\n+        account.setName(\"newName\");\n+        account.setType(\"newType\");\n+\n+        accountDao.update(account);\n+\n+        assertEquals(account, accountDao.getById(account.getId()));\n+    }\n+\n+    @Test(expectedExceptions = NullPointerException.class)\n+    public void shouldThrowNpeOnUpdatingNullAccount() throws Exception {\n+        accountDao.update(null);\n+    }\n+\n+    @Test(expectedExceptions = ConflictException.class)\n+    public void shouldThrowConflictExceptionWhenUpdatingAccountWithExistingName() throws Exception {\n+        AccountImpl account = accounts[0];\n+        account.setName(accounts[1].getName());\n+\n+        accountDao.update(account);\n+    }\n+\n+    @Test(expectedExceptions = NotFoundException.class)\n+    public void shouldThrowNotFoundExceptionWhenUpdatingNonExistingAccount() throws Exception {\n+        AccountImpl account = accounts[0];\n+        account.setId(\"nonExisting\");\n+\n+        accountDao.update(account);\n+    }\n+\n     @Test\n     public void shouldGetAccountById() throws Exception {\n         final AccountImpl account = accounts[0];\n@@ -89,12 +136,27 @@ public void shouldGetAccountByName() throws Exception {\n     }\n \n     @Test(expectedExceptions = NotFoundException.class)\n-    public void shouldThrowNotFoundExceptionOnGettingNonExistingaccountByName() throws Exception {\n+    public void shouldThrowNotFoundExceptionOnGettingNonExistingAccountByName() throws Exception {\n         accountDao.getByName(\"non-existing-account\");\n     }\n \n     @Test(expectedExceptions = NullPointerException.class)\n     public void shouldThrowNpeOnGettingAccountByNullName() throws Exception {\n         accountDao.getByName(null);\n     }\n+\n+    @Test(dependsOnMethods = \"shouldThrowNotFoundExceptionOnGettingNonExistingAccountById\",\n+          expectedExceptions = NotFoundException.class)\n+    public void shouldRemoveAccount() throws Exception {\n+        String toRemove = accounts[0].getId();\n+\n+        accountDao.remove(toRemove);\n+\n+        accountDao.getById(toRemove);\n+    }\n+\n+    @Test(expectedExceptions = NullPointerException.class)\n+    public void shouldThrowNpeOnRemovingAccountByNullId() throws Exception {\n+        accountDao.remove(null);\n+    }\n }"},{"sha":"364f38b4351d2b999d3099c21ecd8250e8d6a540","filename":"wsmaster/che-core-api-user/src/main/java/org/eclipse/che/api/user/server/CheUserCreator.java","status":"modified","additions":13,"deletions":0,"changes":13,"blob_url":"https://github.com/eclipse/che/blob/0a624b4c4f3210241800e8f5f486eb8a8b06277e/wsmaster/che-core-api-user/src/main/java/org/eclipse/che/api/user/server/CheUserCreator.java","raw_url":"https://github.com/eclipse/che/raw/0a624b4c4f3210241800e8f5f486eb8a8b06277e/wsmaster/che-core-api-user/src/main/java/org/eclipse/che/api/user/server/CheUserCreator.java","contents_url":"https://api.github.com/repos/eclipse/che/contents/wsmaster/che-core-api-user/src/main/java/org/eclipse/che/api/user/server/CheUserCreator.java?ref=0a624b4c4f3210241800e8f5f486eb8a8b06277e","patch":"@@ -10,6 +10,8 @@\n  *******************************************************************************/\n package org.eclipse.che.api.user.server;\n \n+import org.eclipse.che.account.api.AccountManager;\n+import org.eclipse.che.account.spi.AccountImpl;\n import org.eclipse.che.api.core.ConflictException;\n import org.eclipse.che.api.core.NotFoundException;\n import org.eclipse.che.api.core.ServerException;\n@@ -34,6 +36,8 @@\n     private UserManager userManager;\n \n     @Inject\n+    private AccountManager accountManager;\n+\n     @SuppressWarnings(\"unused\")\n     private DBInitializer initializer;\n \n@@ -52,5 +56,14 @@ public void createCheUser() throws ServerException {\n             } catch (ConflictException ignore) {\n             }\n         }\n+\n+        try {\n+            accountManager.getById(\"che\");\n+        } catch (NotFoundException e) {\n+            try {\n+                accountManager.create(new AccountImpl(\"che\", \"che\", \"personal\"));\n+            } catch (ConflictException ignore) {\n+            }\n+        }\n     }\n }"},{"sha":"a72316a3410592fbfbed05f3ef5989903b50a592","filename":"wsmaster/che-core-api-user/src/main/java/org/eclipse/che/api/user/server/model/impl/UserImpl.java","status":"modified","additions":11,"deletions":35,"changes":46,"blob_url":"https://github.com/eclipse/che/blob/0a624b4c4f3210241800e8f5f486eb8a8b06277e/wsmaster/che-core-api-user/src/main/java/org/eclipse/che/api/user/server/model/impl/UserImpl.java","raw_url":"https://github.com/eclipse/che/raw/0a624b4c4f3210241800e8f5f486eb8a8b06277e/wsmaster/che-core-api-user/src/main/java/org/eclipse/che/api/user/server/model/impl/UserImpl.java","contents_url":"https://api.github.com/repos/eclipse/che/contents/wsmaster/che-core-api-user/src/main/java/org/eclipse/che/api/user/server/model/impl/UserImpl.java?ref=0a624b4c4f3210241800e8f5f486eb8a8b06277e","patch":"@@ -10,10 +10,8 @@\n  *******************************************************************************/\n package org.eclipse.che.api.user.server.model.impl;\n \n-import org.eclipse.che.account.spi.AccountImpl;\n import org.eclipse.che.api.core.model.user.User;\n \n-import javax.persistence.CascadeType;\n import javax.persistence.CollectionTable;\n import javax.persistence.Column;\n import javax.persistence.ElementCollection;\n@@ -23,7 +21,6 @@\n import javax.persistence.JoinColumn;\n import javax.persistence.NamedQueries;\n import javax.persistence.NamedQuery;\n-import javax.persistence.OneToOne;\n import javax.persistence.Table;\n import java.util.ArrayList;\n import java.util.Collection;\n@@ -41,12 +38,12 @@\n                 @NamedQuery(name = \"User.getByAliasAndPassword\",\n                             query = \"SELECT u \" +\n                                     \"FROM Usr u \" +\n-                                    \"WHERE :alias = u.account.name OR\" +\n+                                    \"WHERE :alias = u.name OR\" +\n                                     \"      :alias = u.email\"),\n                 @NamedQuery(name = \"User.getByAlias\",\n                             query = \"SELECT u FROM Usr u WHERE :alias MEMBER OF u.aliases\"),\n                 @NamedQuery(name = \"User.getByName\",\n-                            query = \"SELECT u FROM Usr u WHERE u.account.name = :name\"),\n+                            query = \"SELECT u FROM Usr u WHERE u.name = :name\"),\n                 @NamedQuery(name = \"User.getByEmail\",\n                             query = \"SELECT u FROM Usr u WHERE u.email = :email\"),\n                 @NamedQuery(name = \"User.getAll\",\n@@ -58,19 +55,16 @@\n )\n @Table(name = \"usr\")\n public class UserImpl implements User {\n-    public static final String PERSONAL_ACCOUNT = \"personal\";\n-\n     @Id\n     @Column(name = \"id\")\n     private String id;\n \n-    @OneToOne(cascade = CascadeType.ALL)\n-    @JoinColumn(nullable = false, name = \"account_id\")\n-    private AccountImpl account;\n-\n     @Column(nullable = false, name = \"email\")\n     private String email;\n \n+    @Column(nullable = false, name = \"name\")\n+    private String name;\n+\n     @Column(name = \"password\")\n     private String password;\n \n@@ -82,13 +76,11 @@\n     private List<String> aliases;\n \n     public UserImpl() {\n-        this.account = new AccountImpl();\n-        account.setType(PERSONAL_ACCOUNT);\n     }\n \n     public UserImpl(String id, String email, String name) {\n-        this.account = new AccountImpl(id, name, PERSONAL_ACCOUNT);\n         this.id = id;\n+        this.name = name;\n         this.email = email;\n     }\n \n@@ -119,9 +111,6 @@ public String getId() {\n \n     public void setId(String id) {\n         this.id = id;\n-        if (account != null) {\n-            account.setId(id);\n-        }\n     }\n \n     @Override\n@@ -135,16 +124,11 @@ public void setEmail(String email) {\n \n     @Override\n     public String getName() {\n-        if (account != null) {\n-            return account.getName();\n-        }\n-        return null;\n+        return name;\n     }\n \n     public void setName(String name) {\n-        if (account != null) {\n-            account.setName(name);\n-        }\n+        this.name = name;\n     }\n \n     @Override\n@@ -168,14 +152,6 @@ public void setAliases(List<String> aliases) {\n         this.aliases = aliases;\n     }\n \n-    public AccountImpl getAccount() {\n-        return account;\n-    }\n-\n-    public void setAccount(AccountImpl account) {\n-        this.account = account;\n-    }\n-\n     @Override\n     public boolean equals(Object obj) {\n         if (this == obj) {\n@@ -187,7 +163,7 @@ public boolean equals(Object obj) {\n         final UserImpl that = (UserImpl)obj;\n         return Objects.equals(id, that.id)\n                && Objects.equals(email, that.email)\n-               && Objects.equals(getName(), that.getName())\n+               && Objects.equals(name, that.name)\n                && Objects.equals(password, that.password)\n                && getAliases().equals(that.getAliases());\n     }\n@@ -197,7 +173,7 @@ public int hashCode() {\n         int hash = 7;\n         hash = 31 * hash + Objects.hashCode(id);\n         hash = 31 * hash + Objects.hashCode(email);\n-        hash = 31 * hash + Objects.hashCode(getName());\n+        hash = 31 * hash + Objects.hashCode(name);\n         hash = 31 * hash + Objects.hashCode(password);\n         hash = 31 * hash + getAliases().hashCode();\n         return hash;\n@@ -208,7 +184,7 @@ public String toString() {\n         return \"UserImpl{\" +\n                \"id='\" + id + '\\'' +\n                \", email='\" + email + '\\'' +\n-               \", name='\" + getName() + '\\'' +\n+               \", name='\" + name + '\\'' +\n                \", password='\" + password + '\\'' +\n                \", aliases=\" + aliases +\n                '}';"},{"sha":"9a4f47828d7c223310e1a9400caf5625b2c139a7","filename":"wsmaster/che-core-sql-schema/src/main/resources/che-schema/5.4.0/1__drop_user_to_account_relation.sql","status":"added","additions":23,"deletions":0,"changes":23,"blob_url":"https://github.com/eclipse/che/blob/0a624b4c4f3210241800e8f5f486eb8a8b06277e/wsmaster/che-core-sql-schema/src/main/resources/che-schema/5.4.0/1__drop_user_to_account_relation.sql","raw_url":"https://github.com/eclipse/che/raw/0a624b4c4f3210241800e8f5f486eb8a8b06277e/wsmaster/che-core-sql-schema/src/main/resources/che-schema/5.4.0/1__drop_user_to_account_relation.sql","contents_url":"https://api.github.com/repos/eclipse/che/contents/wsmaster/che-core-sql-schema/src/main/resources/che-schema/5.4.0/1__drop_user_to_account_relation.sql?ref=0a624b4c4f3210241800e8f5f486eb8a8b06277e","patch":"@@ -0,0 +1,23 @@\n+--\n+-- Copyright (c) 2012-2017 Codenvy, S.A.\n+-- All rights reserved. This program and the accompanying materials\n+-- are made available under the terms of the Eclipse Public License v1.0\n+-- which accompanies this distribution, and is available at\n+-- http://www.eclipse.org/legal/epl-v10.html\n+--\n+-- Contributors:\n+--   Codenvy, S.A. - initial API and implementation\n+--\n+\n+ALTER TABLE usr ADD name VARCHAR(255);\n+\n+UPDATE usr\n+SET name = ( SELECT name\n+             FROM account\n+             WHERE id = usr.account_id );\n+\n+ALTER TABLE usr ALTER COLUMN name SET NOT NULL;\n+\n+CREATE UNIQUE INDEX index_user_name ON usr (name);\n+\n+ALTER TABLE usr DROP COLUMN account_id;"},{"sha":"5f0164a366da8cf0a389078f7eebca301f117f32","filename":"wsmaster/che-core-sql-schema/src/main/resources/che-schema/5.4.0/2__create_missed_account_indexes.sql","status":"added","additions":13,"deletions":0,"changes":13,"blob_url":"https://github.com/eclipse/che/blob/0a624b4c4f3210241800e8f5f486eb8a8b06277e/wsmaster/che-core-sql-schema/src/main/resources/che-schema/5.4.0/2__create_missed_account_indexes.sql","raw_url":"https://github.com/eclipse/che/raw/0a624b4c4f3210241800e8f5f486eb8a8b06277e/wsmaster/che-core-sql-schema/src/main/resources/che-schema/5.4.0/2__create_missed_account_indexes.sql","contents_url":"https://api.github.com/repos/eclipse/che/contents/wsmaster/che-core-sql-schema/src/main/resources/che-schema/5.4.0/2__create_missed_account_indexes.sql?ref=0a624b4c4f3210241800e8f5f486eb8a8b06277e","patch":"@@ -0,0 +1,13 @@\n+--\n+-- Copyright (c) 2012-2017 Codenvy, S.A.\n+-- All rights reserved. This program and the accompanying materials\n+-- are made available under the terms of the Eclipse Public License v1.0\n+-- which accompanies this distribution, and is available at\n+-- http://www.eclipse.org/legal/epl-v10.html\n+--\n+-- Contributors:\n+--   Codenvy, S.A. - initial API and implementation\n+--\n+\n+CREATE INDEX index_account_type ON account (type);\n+CREATE INDEX index_workspace_accountid ON workspace (accountid);"},{"sha":"609d2388a0c7ce543c400e5e6633593595d00935","filename":"wsmaster/integration-tests/cascade-removal/src/test/java/org/eclipse/che/core/db/jpa/CascadeRemovalTest.java","status":"modified","additions":48,"deletions":13,"changes":61,"blob_url":"https://github.com/eclipse/che/blob/0a624b4c4f3210241800e8f5f486eb8a8b06277e/wsmaster/integration-tests/cascade-removal/src/test/java/org/eclipse/che/core/db/jpa/CascadeRemovalTest.java","raw_url":"https://github.com/eclipse/che/raw/0a624b4c4f3210241800e8f5f486eb8a8b06277e/wsmaster/integration-tests/cascade-removal/src/test/java/org/eclipse/che/core/db/jpa/CascadeRemovalTest.java","contents_url":"https://api.github.com/repos/eclipse/che/contents/wsmaster/integration-tests/cascade-removal/src/test/java/org/eclipse/che/core/db/jpa/CascadeRemovalTest.java?ref=0a624b4c4f3210241800e8f5f486eb8a8b06277e","patch":"@@ -20,6 +20,8 @@\n import org.eclipse.che.account.api.AccountManager;\n import org.eclipse.che.account.api.AccountModule;\n import org.eclipse.che.account.event.BeforeAccountRemovedEvent;\n+import org.eclipse.che.account.spi.AccountDao;\n+import org.eclipse.che.account.spi.AccountImpl;\n import org.eclipse.che.api.core.ConflictException;\n import org.eclipse.che.api.core.NotFoundException;\n import org.eclipse.che.api.core.ServerException;\n@@ -67,6 +69,7 @@\n import java.util.concurrent.Callable;\n \n import static org.eclipse.che.commons.test.db.H2TestHelper.inMemoryDefault;\n+import static org.eclipse.che.core.db.jpa.TestObjectsFactory.createAccount;\n import static org.eclipse.che.core.db.jpa.TestObjectsFactory.createPreferences;\n import static org.eclipse.che.core.db.jpa.TestObjectsFactory.createProfile;\n import static org.eclipse.che.core.db.jpa.TestObjectsFactory.createSnapshot;\n@@ -91,15 +94,17 @@\n \n     private Injector      injector;\n     private EventService  eventService;\n+    private AccountDao    accountDao;\n     private PreferenceDao preferenceDao;\n     private UserDao       userDao;\n     private ProfileDao    profileDao;\n     private WorkspaceDao  workspaceDao;\n     private SnapshotDao   snapshotDao;\n     private SshDao        sshDao;\n \n-    /** User is a root of dependency tree. */\n-    private UserImpl user;\n+    /** Account and User are a root of dependency tree. */\n+    private AccountImpl account;\n+    private UserImpl    user;\n \n     /** Profile depends on user. */\n     private ProfileImpl profile;\n@@ -148,6 +153,7 @@ protected void configure() {\n         });\n \n         eventService = injector.getInstance(EventService.class);\n+        accountDao = injector.getInstance(AccountDao.class);\n         userDao = injector.getInstance(UserDao.class);\n         preferenceDao = injector.getInstance(PreferenceDao.class);\n         profileDao = injector.getInstance(ProfileDao.class);\n@@ -162,24 +168,25 @@ public void cleanup() {\n     }\n \n     @Test\n-    public void shouldDeleteAllTheEntitiesWhenUserIsDeleted() throws Exception {\n+    public void shouldDeleteAllTheEntitiesWhenUserAndAccountIsDeleted() throws Exception {\n         createTestData();\n \n         // Remove the user, all entries must be removed along with the user\n+        accountDao.remove(account.getId());\n         userDao.remove(user.getId());\n \n         // Check all the entities are removed\n         assertNull(notFoundToNull(() -> userDao.getById(user.getId())));\n         assertNull(notFoundToNull(() -> profileDao.getById(user.getId())));\n         assertTrue(preferenceDao.getPreferences(user.getId()).isEmpty());\n         assertTrue(sshDao.get(user.getId()).isEmpty());\n-        assertTrue(workspaceDao.getByNamespace(user.getId()).isEmpty());\n+        assertTrue(workspaceDao.getByNamespace(user.getName()).isEmpty());\n         assertTrue(snapshotDao.findSnapshots(workspace1.getId()).isEmpty());\n         assertTrue(snapshotDao.findSnapshots(workspace2.getId()).isEmpty());\n     }\n \n-    @Test(dataProvider = \"beforeRemoveRollbackActions\")\n-    public void shouldRollbackTransactionWhenFailedToRemoveAnyOfEntries(\n+    @Test(dataProvider = \"beforeUserRemoveRollbackActions\")\n+    public void shouldRollbackTransactionWhenFailedToRemoveAnyOfEntriesDuringUserRemoving(\n             Class<CascadeEventSubscriber<CascadeEvent>> subscriberClass,\n             Class<CascadeEvent> eventClass) throws Exception {\n         createTestData();\n@@ -197,32 +204,58 @@ public void shouldRollbackTransactionWhenFailedToRemoveAnyOfEntries(\n         assertNotNull(profileDao.getById(user.getId()));\n         assertFalse(preferenceDao.getPreferences(user.getId()).isEmpty());\n         assertFalse(sshDao.get(user.getId()).isEmpty());\n+        wipeTestData();\n+    }\n+\n+    @DataProvider(name = \"beforeUserRemoveRollbackActions\")\n+    public Object[][] beforeUserRemoveActions() {\n+        return new Class[][] {\n+                {RemovePreferencesBeforeUserRemovedEventSubscriber.class, BeforeUserRemovedEvent.class},\n+                {RemoveProfileBeforeUserRemovedEventSubscriber.class, BeforeUserRemovedEvent.class},\n+                {RemoveSshKeysBeforeUserRemovedEventSubscriber.class, BeforeUserRemovedEvent.class},\n+                };\n+    }\n+\n+    @Test(dataProvider = \"beforeAccountRemoveRollbackActions\")\n+    public void shouldRollbackTransactionWhenFailedToRemoveAnyOfEntriesDuringAccountRemoving(\n+            Class<CascadeEventSubscriber<CascadeEvent>> subscriberClass,\n+            Class<CascadeEvent> eventClass) throws Exception {\n+        createTestData();\n+        eventService.unsubscribe(injector.getInstance(subscriberClass), eventClass);\n+\n+        // Remove the user, all entries must be rolled back after fail\n+        try {\n+            accountDao.remove(account.getId());\n+            fail(\"AccountDao#remove had to throw exception\");\n+        } catch (Exception ignored) {\n+        }\n+\n+        // Check all the data rolled back\n         assertFalse(workspaceDao.getByNamespace(user.getName()).isEmpty());\n         assertFalse(snapshotDao.findSnapshots(workspace1.getId()).isEmpty());\n         assertFalse(snapshotDao.findSnapshots(workspace2.getId()).isEmpty());\n         wipeTestData();\n     }\n \n-    @DataProvider(name = \"beforeRemoveRollbackActions\")\n-    public Object[][] beforeRemoveActions() {\n+    @DataProvider(name = \"beforeAccountRemoveRollbackActions\")\n+    public Object[][] beforeAccountRemoveActions() {\n         return new Class[][] {\n-                {RemovePreferencesBeforeUserRemovedEventSubscriber.class, BeforeUserRemovedEvent.class},\n-                {RemoveProfileBeforeUserRemovedEventSubscriber.class, BeforeUserRemovedEvent.class},\n                 {RemoveWorkspaceBeforeAccountRemovedEventSubscriber.class, BeforeAccountRemovedEvent.class},\n                 {RemoveSnapshotsBeforeWorkspaceRemovedEventSubscriber.class, BeforeWorkspaceRemovedEvent.class},\n-                {RemoveSshKeysBeforeUserRemovedEventSubscriber.class, BeforeUserRemovedEvent.class},\n                 };\n     }\n \n     private void createTestData() throws ConflictException, ServerException {\n+        accountDao.create(account = createAccount(\"bobby\"));\n+\n         userDao.create(user = createUser(\"bobby\"));\n \n         profileDao.create(profile = createProfile(user.getId()));\n \n         preferenceDao.setPreferences(user.getId(), preferences = createPreferences());\n \n-        workspaceDao.create(workspace1 = createWorkspace(\"workspace1\", user.getAccount()));\n-        workspaceDao.create(workspace2 = createWorkspace(\"workspace2\", user.getAccount()));\n+        workspaceDao.create(workspace1 = createWorkspace(\"workspace1\", account));\n+        workspaceDao.create(workspace2 = createWorkspace(\"workspace2\", account));\n \n         sshDao.create(sshPair1 = createSshPair(user.getId(), \"service\", \"name1\"));\n         sshDao.create(sshPair2 = createSshPair(user.getId(), \"service\", \"name2\"));\n@@ -250,6 +283,8 @@ private void wipeTestData() throws ConflictException, ServerException, NotFoundE\n         profileDao.remove(user.getId());\n \n         userDao.remove(user.getId());\n+\n+        accountDao.remove(account.getId());\n     }\n \n     private static <T> T notFoundToNull(Callable<T> action) throws Exception {"},{"sha":"bbcb86a14b6e06076246a9b7ae00fb2cdc1b1f4d","filename":"wsmaster/integration-tests/cascade-removal/src/test/java/org/eclipse/che/core/db/jpa/TestObjectsFactory.java","status":"modified","additions":7,"deletions":0,"changes":7,"blob_url":"https://github.com/eclipse/che/blob/0a624b4c4f3210241800e8f5f486eb8a8b06277e/wsmaster/integration-tests/cascade-removal/src/test/java/org/eclipse/che/core/db/jpa/TestObjectsFactory.java","raw_url":"https://github.com/eclipse/che/raw/0a624b4c4f3210241800e8f5f486eb8a8b06277e/wsmaster/integration-tests/cascade-removal/src/test/java/org/eclipse/che/core/db/jpa/TestObjectsFactory.java","contents_url":"https://api.github.com/repos/eclipse/che/contents/wsmaster/integration-tests/cascade-removal/src/test/java/org/eclipse/che/core/db/jpa/TestObjectsFactory.java?ref=0a624b4c4f3210241800e8f5f486eb8a8b06277e","patch":"@@ -14,6 +14,7 @@\n import com.google.common.collect.ImmutableMap;\n \n import org.eclipse.che.account.shared.model.Account;\n+import org.eclipse.che.account.spi.AccountImpl;\n import org.eclipse.che.api.machine.server.model.impl.CommandImpl;\n import org.eclipse.che.api.machine.server.model.impl.SnapshotImpl;\n import org.eclipse.che.api.machine.server.recipe.RecipeImpl;\n@@ -47,6 +48,12 @@\n  */\n public final class TestObjectsFactory {\n \n+    public static AccountImpl createAccount(String id) {\n+        return new AccountImpl(id,\n+                               id + \"_name\",\n+                               \"personal\");\n+    }\n+\n     public static UserImpl createUser(String id) {\n         return new UserImpl(id,\n                             id + \"@eclipse.org\","}]}
