{"sha":"0aa01a84ecf55138ac38bf8037ecfd46459b9565","commit":{"author":{"name":"Sergii Leshchenko","email":"sleshche@redhat.com","date":"2017-11-27T14:47:14Z"},"committer":{"name":"Sergii Leshchenko","email":"sleshche@redhat.com","date":"2017-11-29T09:36:10Z"},"message":"CHE-7155 Add an ability to throw an exception while OpenShift client creation","tree":{"sha":"e1592e2a67de602e9aefc8b3baca8e28ee66a84b","url":"https://api.github.com/repos/eclipse/che/git/trees/e1592e2a67de602e9aefc8b3baca8e28ee66a84b"},"url":"https://api.github.com/repos/eclipse/che/git/commits/0aa01a84ecf55138ac38bf8037ecfd46459b9565","comment_count":0,"verification":{"verified":false,"reason":"unsigned","signature":null,"payload":null}},"url":"https://api.github.com/repos/eclipse/che/commits/0aa01a84ecf55138ac38bf8037ecfd46459b9565","html_url":"https://github.com/eclipse/che/commit/0aa01a84ecf55138ac38bf8037ecfd46459b9565","comments_url":"https://api.github.com/repos/eclipse/che/commits/0aa01a84ecf55138ac38bf8037ecfd46459b9565/comments","author":{"login":"sleshchenko","id":5887312,"avatar_url":"https://avatars0.githubusercontent.com/u/5887312?v=4","gravatar_id":"","url":"https://api.github.com/users/sleshchenko","html_url":"https://github.com/sleshchenko","followers_url":"https://api.github.com/users/sleshchenko/followers","following_url":"https://api.github.com/users/sleshchenko/following{/other_user}","gists_url":"https://api.github.com/users/sleshchenko/gists{/gist_id}","starred_url":"https://api.github.com/users/sleshchenko/starred{/owner}{/repo}","subscriptions_url":"https://api.github.com/users/sleshchenko/subscriptions","organizations_url":"https://api.github.com/users/sleshchenko/orgs","repos_url":"https://api.github.com/users/sleshchenko/repos","events_url":"https://api.github.com/users/sleshchenko/events{/privacy}","received_events_url":"https://api.github.com/users/sleshchenko/received_events","type":"User","site_admin":false},"committer":{"login":"sleshchenko","id":5887312,"avatar_url":"https://avatars0.githubusercontent.com/u/5887312?v=4","gravatar_id":"","url":"https://api.github.com/users/sleshchenko","html_url":"https://github.com/sleshchenko","followers_url":"https://api.github.com/users/sleshchenko/followers","following_url":"https://api.github.com/users/sleshchenko/following{/other_user}","gists_url":"https://api.github.com/users/sleshchenko/gists{/gist_id}","starred_url":"https://api.github.com/users/sleshchenko/starred{/owner}{/repo}","subscriptions_url":"https://api.github.com/users/sleshchenko/subscriptions","organizations_url":"https://api.github.com/users/sleshchenko/orgs","repos_url":"https://api.github.com/users/sleshchenko/repos","events_url":"https://api.github.com/users/sleshchenko/events{/privacy}","received_events_url":"https://api.github.com/users/sleshchenko/received_events","type":"User","site_admin":false},"parents":[{"sha":"a4275228ffa5d4964c48bb4d0a64eb9abece1af4","url":"https://api.github.com/repos/eclipse/che/commits/a4275228ffa5d4964c48bb4d0a64eb9abece1af4","html_url":"https://github.com/eclipse/che/commit/a4275228ffa5d4964c48bb4d0a64eb9abece1af4"}],"stats":{"total":37,"additions":26,"deletions":11},"files":[{"sha":"b130c97f43fb537715f899a7cb16e99b38be0cdf","filename":"infrastructures/openshift/src/main/java/org/eclipse/che/workspace/infrastructure/openshift/OpenShiftClientFactory.java","status":"modified","additions":7,"deletions":1,"changes":8,"blob_url":"https://github.com/eclipse/che/blob/0aa01a84ecf55138ac38bf8037ecfd46459b9565/infrastructures/openshift/src/main/java/org/eclipse/che/workspace/infrastructure/openshift/OpenShiftClientFactory.java","raw_url":"https://github.com/eclipse/che/raw/0aa01a84ecf55138ac38bf8037ecfd46459b9565/infrastructures/openshift/src/main/java/org/eclipse/che/workspace/infrastructure/openshift/OpenShiftClientFactory.java","contents_url":"https://api.github.com/repos/eclipse/che/contents/infrastructures/openshift/src/main/java/org/eclipse/che/workspace/infrastructure/openshift/OpenShiftClientFactory.java?ref=0aa01a84ecf55138ac38bf8037ecfd46459b9565","patch":"@@ -18,6 +18,7 @@\n import io.fabric8.openshift.client.OpenShiftConfigBuilder;\n import javax.inject.Inject;\n import javax.inject.Named;\n+import org.eclipse.che.api.workspace.server.spi.InfrastructureException;\n import org.eclipse.che.commons.annotation.Nullable;\n \n /** @author Sergii Leshchenko */\n@@ -54,7 +55,12 @@ public OpenShiftClientFactory(\n     config = configBuilder.build();\n   }\n \n-  public OpenShiftClient create() {\n+  /**\n+   * Creates instance of {@link OpenShiftClient}.\n+   *\n+   * @throws InfrastructureException if any error occurs on client instance creation.\n+   */\n+  public OpenShiftClient create() throws InfrastructureException {\n     return new DefaultOpenShiftClient(config);\n   }\n }"},{"sha":"ebf11a2ab3d8f5e8ef293aa3896ffcc325891a1d","filename":"infrastructures/openshift/src/main/java/org/eclipse/che/workspace/infrastructure/openshift/project/RemoveProjectOnWorkspaceRemove.java","status":"modified","additions":13,"deletions":2,"changes":15,"blob_url":"https://github.com/eclipse/che/blob/0aa01a84ecf55138ac38bf8037ecfd46459b9565/infrastructures/openshift/src/main/java/org/eclipse/che/workspace/infrastructure/openshift/project/RemoveProjectOnWorkspaceRemove.java","raw_url":"https://github.com/eclipse/che/raw/0aa01a84ecf55138ac38bf8037ecfd46459b9565/infrastructures/openshift/src/main/java/org/eclipse/che/workspace/infrastructure/openshift/project/RemoveProjectOnWorkspaceRemove.java","contents_url":"https://api.github.com/repos/eclipse/che/contents/infrastructures/openshift/src/main/java/org/eclipse/che/workspace/infrastructure/openshift/project/RemoveProjectOnWorkspaceRemove.java?ref=0aa01a84ecf55138ac38bf8037ecfd46459b9565","patch":"@@ -19,9 +19,12 @@\n import javax.inject.Named;\n import org.eclipse.che.api.core.notification.EventService;\n import org.eclipse.che.api.core.notification.EventSubscriber;\n+import org.eclipse.che.api.workspace.server.spi.InfrastructureException;\n import org.eclipse.che.api.workspace.shared.event.WorkspaceRemovedEvent;\n import org.eclipse.che.commons.annotation.Nullable;\n import org.eclipse.che.workspace.infrastructure.openshift.OpenShiftClientFactory;\n+import org.slf4j.Logger;\n+import org.slf4j.LoggerFactory;\n \n /**\n  * Listener for removing OpenShift project on {@code WorkspaceRemovedEvent}.\n@@ -30,6 +33,7 @@\n  */\n @Singleton\n public class RemoveProjectOnWorkspaceRemove implements EventSubscriber<WorkspaceRemovedEvent> {\n+  private static final Logger LOG = LoggerFactory.getLogger(RemoveProjectOnWorkspaceRemove.class);\n \n   private final OpenShiftClientFactory clientFactory;\n   private final String projectName;\n@@ -51,11 +55,18 @@ public void subscribe(EventService eventService) {\n \n   @Override\n   public void onEvent(WorkspaceRemovedEvent event) {\n-    doRemoveProject(event.getWorkspace().getId());\n+    try {\n+      doRemoveProject(event.getWorkspace().getId());\n+    } catch (InfrastructureException e) {\n+      LOG.warn(\n+          \"Fail to remove OpenShift project for workspace with id {}. Cause: {}\",\n+          event.getWorkspace().getId(),\n+          e.getMessage());\n+    }\n   }\n \n   @VisibleForTesting\n-  void doRemoveProject(String projectName) {\n+  void doRemoveProject(String projectName) throws InfrastructureException {\n     try (OpenShiftClient client = clientFactory.create()) {\n       client.projects().withName(projectName).delete();\n     }"},{"sha":"7b2dcacca32f175f16b8f0780f61ef11c4bb728b","filename":"infrastructures/openshift/src/main/java/org/eclipse/che/workspace/infrastructure/openshift/project/pvc/UniqueWorkspacePVCStrategy.java","status":"modified","additions":1,"deletions":1,"changes":2,"blob_url":"https://github.com/eclipse/che/blob/0aa01a84ecf55138ac38bf8037ecfd46459b9565/infrastructures/openshift/src/main/java/org/eclipse/che/workspace/infrastructure/openshift/project/pvc/UniqueWorkspacePVCStrategy.java","raw_url":"https://github.com/eclipse/che/raw/0aa01a84ecf55138ac38bf8037ecfd46459b9565/infrastructures/openshift/src/main/java/org/eclipse/che/workspace/infrastructure/openshift/project/pvc/UniqueWorkspacePVCStrategy.java","contents_url":"https://api.github.com/repos/eclipse/che/contents/infrastructures/openshift/src/main/java/org/eclipse/che/workspace/infrastructure/openshift/project/pvc/UniqueWorkspacePVCStrategy.java?ref=0aa01a84ecf55138ac38bf8037ecfd46459b9565","patch":"@@ -108,7 +108,7 @@ private void addMachineVolumes(\n   }\n \n   @Override\n-  public void cleanup(String workspaceId) {\n+  public void cleanup(String workspaceId) throws InfrastructureException {\n     try (OpenShiftClient client = clientFactory.create()) {\n       final String pvcUniqueName = pvcName + '-' + workspaceId;\n       client.persistentVolumeClaims().inNamespace(projectName).withName(pvcUniqueName).delete();"},{"sha":"849b775a46dccba189a28a5296c09cbd4485c470","filename":"infrastructures/openshift/src/test/java/org/eclipse/che/workspace/infrastructure/openshift/OpenShiftInternalRuntimeTest.java","status":"modified","additions":2,"deletions":4,"changes":6,"blob_url":"https://github.com/eclipse/che/blob/0aa01a84ecf55138ac38bf8037ecfd46459b9565/infrastructures/openshift/src/test/java/org/eclipse/che/workspace/infrastructure/openshift/OpenShiftInternalRuntimeTest.java","raw_url":"https://github.com/eclipse/che/raw/0aa01a84ecf55138ac38bf8037ecfd46459b9565/infrastructures/openshift/src/test/java/org/eclipse/che/workspace/infrastructure/openshift/OpenShiftInternalRuntimeTest.java","contents_url":"https://api.github.com/repos/eclipse/che/contents/infrastructures/openshift/src/test/java/org/eclipse/che/workspace/infrastructure/openshift/OpenShiftInternalRuntimeTest.java?ref=0aa01a84ecf55138ac38bf8037ecfd46459b9565","patch":"@@ -18,7 +18,7 @@\n import static org.eclipse.che.api.core.model.workspace.runtime.MachineStatus.STARTING;\n import static org.eclipse.che.workspace.infrastructure.openshift.Constants.CHE_ORIGINAL_NAME_LABEL;\n import static org.mockito.ArgumentMatchers.any;\n-import static org.mockito.ArgumentMatchers.anyListOf;\n+import static org.mockito.ArgumentMatchers.anyList;\n import static org.mockito.ArgumentMatchers.anyString;\n import static org.mockito.Mockito.atLeastOnce;\n import static org.mockito.Mockito.doNothing;\n@@ -60,7 +60,6 @@\n import org.eclipse.che.api.core.model.workspace.runtime.RuntimeIdentity;\n import org.eclipse.che.api.core.notification.EventService;\n import org.eclipse.che.api.installer.server.model.impl.InstallerImpl;\n-import org.eclipse.che.api.installer.shared.model.Installer;\n import org.eclipse.che.api.workspace.server.DtoConverter;\n import org.eclipse.che.api.workspace.server.URLRewriter;\n import org.eclipse.che.api.workspace.server.hc.ServersChecker;\n@@ -151,8 +150,7 @@ public void setup() throws Exception {\n     when(project.services()).thenReturn(services);\n     when(project.routes()).thenReturn(routes);\n     when(project.pods()).thenReturn(pods);\n-    when(bootstrapperFactory.create(any(), anyListOf(Installer.class), any()))\n-        .thenReturn(bootstrapper);\n+    when(bootstrapperFactory.create(any(), anyList(), any())).thenReturn(bootstrapper);\n     when(context.getEnvironment()).thenReturn(osEnv);\n     doReturn(\n             ImmutableMap.of("},{"sha":"45ed94b27b1060f387995c7b6f162e723be70dc9","filename":"infrastructures/openshift/src/test/java/org/eclipse/che/workspace/infrastructure/openshift/environment/OpenShiftEnvironmentFactoryTest.java","status":"modified","additions":1,"deletions":1,"changes":2,"blob_url":"https://github.com/eclipse/che/blob/0aa01a84ecf55138ac38bf8037ecfd46459b9565/infrastructures/openshift/src/test/java/org/eclipse/che/workspace/infrastructure/openshift/environment/OpenShiftEnvironmentFactoryTest.java","raw_url":"https://github.com/eclipse/che/raw/0aa01a84ecf55138ac38bf8037ecfd46459b9565/infrastructures/openshift/src/test/java/org/eclipse/che/workspace/infrastructure/openshift/environment/OpenShiftEnvironmentFactoryTest.java","contents_url":"https://api.github.com/repos/eclipse/che/contents/infrastructures/openshift/src/test/java/org/eclipse/che/workspace/infrastructure/openshift/environment/OpenShiftEnvironmentFactoryTest.java?ref=0aa01a84ecf55138ac38bf8037ecfd46459b9565","patch":"@@ -68,7 +68,7 @@\n       serverGettable;\n \n   @BeforeMethod\n-  public void setup() {\n+  public void setup() throws Exception {\n     osEnvironmentFactory =\n         new OpenShiftEnvironmentFactory(null, null, null, factory, osEnvValidator);\n     when(factory.create()).thenReturn(client);"},{"sha":"dab541e454d87c9ea8984e16764a2ddded19e1fc","filename":"infrastructures/openshift/src/test/java/org/eclipse/che/workspace/infrastructure/openshift/project/RemoveProjectOnWorkspaceRemoveTest.java","status":"modified","additions":2,"deletions":2,"changes":4,"blob_url":"https://github.com/eclipse/che/blob/0aa01a84ecf55138ac38bf8037ecfd46459b9565/infrastructures/openshift/src/test/java/org/eclipse/che/workspace/infrastructure/openshift/project/RemoveProjectOnWorkspaceRemoveTest.java","raw_url":"https://github.com/eclipse/che/raw/0aa01a84ecf55138ac38bf8037ecfd46459b9565/infrastructures/openshift/src/test/java/org/eclipse/che/workspace/infrastructure/openshift/project/RemoveProjectOnWorkspaceRemoveTest.java","contents_url":"https://api.github.com/repos/eclipse/che/contents/infrastructures/openshift/src/test/java/org/eclipse/che/workspace/infrastructure/openshift/project/RemoveProjectOnWorkspaceRemoveTest.java?ref=0aa01a84ecf55138ac38bf8037ecfd46459b9565","patch":"@@ -41,7 +41,7 @@\n   private RemoveProjectOnWorkspaceRemove removeProjectOnWorkspaceRemove;\n \n   @BeforeMethod\n-  public void setUp() {\n+  public void setUp() throws Exception {\n     removeProjectOnWorkspaceRemove = spy(new RemoveProjectOnWorkspaceRemove(null, null));\n \n     doNothing().when(removeProjectOnWorkspaceRemove).doRemoveProject(anyString());\n@@ -59,7 +59,7 @@ public void shouldSubscribeListenerToEventService() {\n   }\n \n   @Test\n-  public void shouldRemoveProjectOnWorkspaceRemovedEvent() {\n+  public void shouldRemoveProjectOnWorkspaceRemovedEvent() throws Exception {\n     removeProjectOnWorkspaceRemove.onEvent(new WorkspaceRemovedEvent(workspace));\n \n     verify(removeProjectOnWorkspaceRemove).doRemoveProject(WORKSPACE_ID);"}]}
