{"sha":"0aa4e4fdaf3865544b6f2410e44909f9edd4b613","commit":{"author":{"name":"Aleksandr Shmaraiev","email":"oshmarai@redhat.com","date":"2017-11-03T15:39:59Z"},"committer":{"name":"GitHub","email":"noreply@github.com","date":"2017-11-03T15:39:59Z"},"message":"Add changes to page objects (#7185)\n\n* Add some changes to page objects 'Preferences' and 'AskDialog' for increase stability selenium tests","tree":{"sha":"7991295c47bf1308e61715fef26ba48f3d927b37","url":"https://api.github.com/repos/eclipse/che/git/trees/7991295c47bf1308e61715fef26ba48f3d927b37"},"url":"https://api.github.com/repos/eclipse/che/git/commits/0aa4e4fdaf3865544b6f2410e44909f9edd4b613","comment_count":0,"verification":{"verified":true,"reason":"valid","signature":"-----BEGIN PGP SIGNATURE-----\n\nwsBcBAABCAAQBQJZ/I3PCRBK7hj4Ov3rIwAAdHIIAJWX3EKLA0taTbVqx+FL3UeO\nXKJmIidhZGWy3DQEKgEsj8mkM67DZwxIdX/+zKkpb08dguHySoymY1RLQ2L5eiNC\n4jgC+hc48h8KQuJh/qdXYVMVWqkjU5nxwh+UX5FvTldLb1cUisRfZByJAkcymD0X\naQfp0ysxTq1mG+p4F5BGMFu3WLKuAl5+2jtw2GfZbBKbW0Axi1lPWPjSLQkMVRej\nkoxrDCN/eKKJlZJvVZy27ysKgp2drNr9YQFc4QHgG0LneK5zoY08T9BR41DDQMEy\n24Nhb+jH/TtKKbQXAcWiV1eBAHhyCe3no+UJhF/xTtfE+Tvrfx0YlXQAzsowC3Y=\n=2k5p\n-----END PGP SIGNATURE-----\n","payload":"tree 7991295c47bf1308e61715fef26ba48f3d927b37\nparent 270172a8b9ef024d42848d94c74d73978e885e26\nauthor Aleksandr Shmaraiev <oshmarai@redhat.com> 1509723599 +0200\ncommitter GitHub <noreply@github.com> 1509723599 +0200\n\nAdd changes to page objects (#7185)\n\n* Add some changes to page objects 'Preferences' and 'AskDialog' for increase stability selenium tests\r\n\r\n"}},"url":"https://api.github.com/repos/eclipse/che/commits/0aa4e4fdaf3865544b6f2410e44909f9edd4b613","html_url":"https://github.com/eclipse/che/commit/0aa4e4fdaf3865544b6f2410e44909f9edd4b613","comments_url":"https://api.github.com/repos/eclipse/che/commits/0aa4e4fdaf3865544b6f2410e44909f9edd4b613/comments","author":{"login":"artaleks9","id":5408906,"avatar_url":"https://avatars1.githubusercontent.com/u/5408906?v=4","gravatar_id":"","url":"https://api.github.com/users/artaleks9","html_url":"https://github.com/artaleks9","followers_url":"https://api.github.com/users/artaleks9/followers","following_url":"https://api.github.com/users/artaleks9/following{/other_user}","gists_url":"https://api.github.com/users/artaleks9/gists{/gist_id}","starred_url":"https://api.github.com/users/artaleks9/starred{/owner}{/repo}","subscriptions_url":"https://api.github.com/users/artaleks9/subscriptions","organizations_url":"https://api.github.com/users/artaleks9/orgs","repos_url":"https://api.github.com/users/artaleks9/repos","events_url":"https://api.github.com/users/artaleks9/events{/privacy}","received_events_url":"https://api.github.com/users/artaleks9/received_events","type":"User","site_admin":false},"committer":{"login":"web-flow","id":19864447,"avatar_url":"https://avatars3.githubusercontent.com/u/19864447?v=4","gravatar_id":"","url":"https://api.github.com/users/web-flow","html_url":"https://github.com/web-flow","followers_url":"https://api.github.com/users/web-flow/followers","following_url":"https://api.github.com/users/web-flow/following{/other_user}","gists_url":"https://api.github.com/users/web-flow/gists{/gist_id}","starred_url":"https://api.github.com/users/web-flow/starred{/owner}{/repo}","subscriptions_url":"https://api.github.com/users/web-flow/subscriptions","organizations_url":"https://api.github.com/users/web-flow/orgs","repos_url":"https://api.github.com/users/web-flow/repos","events_url":"https://api.github.com/users/web-flow/events{/privacy}","received_events_url":"https://api.github.com/users/web-flow/received_events","type":"User","site_admin":false},"parents":[{"sha":"270172a8b9ef024d42848d94c74d73978e885e26","url":"https://api.github.com/repos/eclipse/che/commits/270172a8b9ef024d42848d94c74d73978e885e26","html_url":"https://github.com/eclipse/che/commit/270172a8b9ef024d42848d94c74d73978e885e26"}],"stats":{"total":16,"additions":10,"deletions":6},"files":[{"sha":"57c2e0b452e3dcf4a3cddd491ee0e232f091c8b3","filename":"selenium/che-selenium-test/src/main/java/org/eclipse/che/selenium/pageobject/AskDialog.java","status":"modified","additions":6,"deletions":2,"changes":8,"blob_url":"https://github.com/eclipse/che/blob/0aa4e4fdaf3865544b6f2410e44909f9edd4b613/selenium/che-selenium-test/src/main/java/org/eclipse/che/selenium/pageobject/AskDialog.java","raw_url":"https://github.com/eclipse/che/raw/0aa4e4fdaf3865544b6f2410e44909f9edd4b613/selenium/che-selenium-test/src/main/java/org/eclipse/che/selenium/pageobject/AskDialog.java","contents_url":"https://api.github.com/repos/eclipse/che/contents/selenium/che-selenium-test/src/main/java/org/eclipse/che/selenium/pageobject/AskDialog.java?ref=0aa4e4fdaf3865544b6f2410e44909f9edd4b613","patch":"@@ -59,12 +59,16 @@ public AskDialog(SeleniumWebDriver seleniumWebDriver, Loader loader) {\n   WebElement warning_Text;\n \n   public void clickOkBtn() {\n-    okBtn.click();\n+    new WebDriverWait(seleniumWebDriver, LOAD_PAGE_TIMEOUT_SEC)\n+        .until(ExpectedConditions.visibilityOf(okBtn))\n+        .click();\n   }\n \n   public void clickCancelBtn() {\n     waitFormToOpen();\n-    cancelBtn.click();\n+    new WebDriverWait(seleniumWebDriver, LOAD_PAGE_TIMEOUT_SEC)\n+        .until(ExpectedConditions.visibilityOf(cancelBtn))\n+        .click();\n   }\n \n   /** wait opening the confirmation form */"},{"sha":"6218b664f3c65eda270186e65f25574d68ab860c","filename":"selenium/che-selenium-test/src/main/java/org/eclipse/che/selenium/pageobject/Preferences.java","status":"modified","additions":4,"deletions":4,"changes":8,"blob_url":"https://github.com/eclipse/che/blob/0aa4e4fdaf3865544b6f2410e44909f9edd4b613/selenium/che-selenium-test/src/main/java/org/eclipse/che/selenium/pageobject/Preferences.java","raw_url":"https://github.com/eclipse/che/raw/0aa4e4fdaf3865544b6f2410e44909f9edd4b613/selenium/che-selenium-test/src/main/java/org/eclipse/che/selenium/pageobject/Preferences.java","contents_url":"https://api.github.com/repos/eclipse/che/contents/selenium/che-selenium-test/src/main/java/org/eclipse/che/selenium/pageobject/Preferences.java?ref=0aa4e4fdaf3865544b6f2410e44909f9edd4b613","patch":"@@ -103,7 +103,7 @@ public Preferences(\n   }\n \n   public interface DropDownSshKeysMenu {\n-    String SSH_Keystore = \"VCS\";\n+    String VCS = \"VCS\";\n     String MACHINE = \"Machine\";\n   }\n \n@@ -530,8 +530,8 @@ public void generateNewSshKey(String titleOfKey) {\n \n   public void regenerateAndUploadSshKeyOnGithub(String githubUsername, String githubPassword)\n       throws Exception {\n-    waitMenuInCollapsedDropdown(Preferences.DropDownSshKeysMenu.SSH_Keystore);\n-    selectDroppedMenuByName(Preferences.DropDownSshKeysMenu.SSH_Keystore);\n+    waitMenuInCollapsedDropdown(Preferences.DropDownSshKeysMenu.VCS);\n+    selectDroppedMenuByName(Preferences.DropDownSshKeysMenu.VCS);\n \n     loader.waitOnClosed();\n \n@@ -540,7 +540,7 @@ public void regenerateAndUploadSshKeyOnGithub(String githubUsername, String gith\n     // regenerate key and upload it on the gitHub\n     clickOnGenerateAndUploadToGitHub();\n \n-    askDialog.waitFormToOpen();\n+    askDialog.waitFormToOpen(25);\n     askDialog.clickOkBtn();\n     askDialog.waitFormToClose();\n     seleniumWebDriver.switchToNoneCurrentWindow(ideWin);"}]}
