{"sha":"0aaf476af6a3d18c983599e28c2627bcf0bd0831","commit":{"author":{"name":"Sun Tan","email":"sutan@redhat.com","date":"2017-11-16T10:05:11Z"},"committer":{"name":"Sun Seng David TAN","email":"sutan@redhat.com","date":"2018-01-05T12:46:28Z"},"message":"Adding request_id header to the logs through MDC Context\n\nSigned-off-by: Sun Tan <sutan@redhat.com>","tree":{"sha":"f5204d337bc26271cd72f6dc699419f999994d13","url":"https://api.github.com/repos/eclipse/che/git/trees/f5204d337bc26271cd72f6dc699419f999994d13"},"url":"https://api.github.com/repos/eclipse/che/git/commits/0aaf476af6a3d18c983599e28c2627bcf0bd0831","comment_count":0,"verification":{"verified":false,"reason":"unsigned","signature":null,"payload":null}},"url":"https://api.github.com/repos/eclipse/che/commits/0aaf476af6a3d18c983599e28c2627bcf0bd0831","html_url":"https://github.com/eclipse/che/commit/0aaf476af6a3d18c983599e28c2627bcf0bd0831","comments_url":"https://api.github.com/repos/eclipse/che/commits/0aaf476af6a3d18c983599e28c2627bcf0bd0831/comments","author":{"login":"sunix","id":650571,"avatar_url":"https://avatars0.githubusercontent.com/u/650571?v=4","gravatar_id":"","url":"https://api.github.com/users/sunix","html_url":"https://github.com/sunix","followers_url":"https://api.github.com/users/sunix/followers","following_url":"https://api.github.com/users/sunix/following{/other_user}","gists_url":"https://api.github.com/users/sunix/gists{/gist_id}","starred_url":"https://api.github.com/users/sunix/starred{/owner}{/repo}","subscriptions_url":"https://api.github.com/users/sunix/subscriptions","organizations_url":"https://api.github.com/users/sunix/orgs","repos_url":"https://api.github.com/users/sunix/repos","events_url":"https://api.github.com/users/sunix/events{/privacy}","received_events_url":"https://api.github.com/users/sunix/received_events","type":"User","site_admin":false},"committer":{"login":"sunix","id":650571,"avatar_url":"https://avatars0.githubusercontent.com/u/650571?v=4","gravatar_id":"","url":"https://api.github.com/users/sunix","html_url":"https://github.com/sunix","followers_url":"https://api.github.com/users/sunix/followers","following_url":"https://api.github.com/users/sunix/following{/other_user}","gists_url":"https://api.github.com/users/sunix/gists{/gist_id}","starred_url":"https://api.github.com/users/sunix/starred{/owner}{/repo}","subscriptions_url":"https://api.github.com/users/sunix/subscriptions","organizations_url":"https://api.github.com/users/sunix/orgs","repos_url":"https://api.github.com/users/sunix/repos","events_url":"https://api.github.com/users/sunix/events{/privacy}","received_events_url":"https://api.github.com/users/sunix/received_events","type":"User","site_admin":false},"parents":[{"sha":"0f1d682bb2602d6aa12f10c5adfb1b143562fb1e","url":"https://api.github.com/repos/eclipse/che/commits/0f1d682bb2602d6aa12f10c5adfb1b143562fb1e","html_url":"https://github.com/eclipse/che/commit/0f1d682bb2602d6aa12f10c5adfb1b143562fb1e"}],"stats":{"total":104,"additions":104,"deletions":0},"files":[{"sha":"f62104a23c7dce6103dd249adb2837553113a003","filename":"assembly/assembly-wsmaster-war/pom.xml","status":"modified","additions":4,"deletions":0,"changes":4,"blob_url":"https://github.com/eclipse/che/blob/0aaf476af6a3d18c983599e28c2627bcf0bd0831/assembly/assembly-wsmaster-war/pom.xml","raw_url":"https://github.com/eclipse/che/raw/0aaf476af6a3d18c983599e28c2627bcf0bd0831/assembly/assembly-wsmaster-war/pom.xml","contents_url":"https://api.github.com/repos/eclipse/che/contents/assembly/assembly-wsmaster-war/pom.xml?ref=0aaf476af6a3d18c983599e28c2627bcf0bd0831","patch":"@@ -168,6 +168,10 @@\n             <groupId>org.eclipse.che.core</groupId>\n             <artifactId>che-core-commons-inject</artifactId>\n         </dependency>\n+        <dependency>\n+            <groupId>org.eclipse.che.core</groupId>\n+            <artifactId>che-core-commons-logback</artifactId>\n+        </dependency>\n         <dependency>\n             <groupId>org.eclipse.che.core</groupId>\n             <artifactId>che-core-db</artifactId>"},{"sha":"9fbb6f32499131ce0443e4c71349e5542e456be9","filename":"assembly/assembly-wsmaster-war/src/main/java/org/eclipse/che/api/deploy/WsMasterServletModule.java","status":"modified","additions":2,"deletions":0,"changes":2,"blob_url":"https://github.com/eclipse/che/blob/0aaf476af6a3d18c983599e28c2627bcf0bd0831/assembly/assembly-wsmaster-war/src/main/java/org/eclipse/che/api/deploy/WsMasterServletModule.java","raw_url":"https://github.com/eclipse/che/raw/0aaf476af6a3d18c983599e28c2627bcf0bd0831/assembly/assembly-wsmaster-war/src/main/java/org/eclipse/che/api/deploy/WsMasterServletModule.java","contents_url":"https://api.github.com/repos/eclipse/che/contents/assembly/assembly-wsmaster-war/src/main/java/org/eclipse/che/api/deploy/WsMasterServletModule.java?ref=0aaf476af6a3d18c983599e28c2627bcf0bd0831","patch":"@@ -15,6 +15,7 @@\n import java.util.Map;\n import javax.inject.Singleton;\n import org.apache.catalina.filters.CorsFilter;\n+import org.eclipse.che.commons.logback.filter.RequestIdLoggerFilter;\n import org.eclipse.che.inject.DynaModule;\n import org.eclipse.che.multiuser.keycloak.server.deploy.KeycloakServletModule;\n import org.eclipse.che.multiuser.machine.authentication.server.MachineLoginFilter;\n@@ -45,6 +46,7 @@ protected void configureServlets() {\n     bind(CorsFilter.class).in(Singleton.class);\n \n     filter(\"/*\").through(CorsFilter.class, corsFilterParams);\n+    filter(\"/*\").through(RequestIdLoggerFilter.class);\n \n     serveRegex(\"^/(?!ws$|ws/|websocket.?)(.*)\").with(GuiceEverrestServlet.class);\n     install(new org.eclipse.che.swagger.deploy.BasicSwaggerConfigurationModule());"},{"sha":"0d16d1e1bc174a025aeca61185f65fbaa10184e2","filename":"core/commons/che-core-commons-logback/pom.xml","status":"added","additions":39,"deletions":0,"changes":39,"blob_url":"https://github.com/eclipse/che/blob/0aaf476af6a3d18c983599e28c2627bcf0bd0831/core/commons/che-core-commons-logback/pom.xml","raw_url":"https://github.com/eclipse/che/raw/0aaf476af6a3d18c983599e28c2627bcf0bd0831/core/commons/che-core-commons-logback/pom.xml","contents_url":"https://api.github.com/repos/eclipse/che/contents/core/commons/che-core-commons-logback/pom.xml?ref=0aaf476af6a3d18c983599e28c2627bcf0bd0831","patch":"@@ -0,0 +1,39 @@\n+<?xml version=\"1.0\" encoding=\"UTF-8\"?>\n+<!--\n+\n+    Copyright (c) 2012-2017 Red Hat, Inc.\n+    All rights reserved. This program and the accompanying materials\n+    are made available under the terms of the Eclipse Public License v1.0\n+    which accompanies this distribution, and is available at\n+    http://www.eclipse.org/legal/epl-v10.html\n+\n+    Contributors:\n+      Red Hat, Inc. - initial API and implementation\n+\n+-->\n+<project xmlns=\"http://maven.apache.org/POM/4.0.0\" xmlns:xsi=\"http://www.w3.org/2001/XMLSchema-instance\" xsi:schemaLocation=\"http://maven.apache.org/POM/4.0.0 http://maven.apache.org/maven-v4_0_0.xsd\">\n+    <modelVersion>4.0.0</modelVersion>\n+    <parent>\n+        <artifactId>che-core-commons-parent</artifactId>\n+        <groupId>org.eclipse.che.core</groupId>\n+        <version>6.0.0-M5-SNAPSHOT</version>\n+    </parent>\n+    <artifactId>che-core-commons-logback</artifactId>\n+    <packaging>jar</packaging>\n+    <name>Che Core :: Commons :: Commons Logback</name>\n+    <dependencies>\n+        <dependency>\n+            <groupId>javax.inject</groupId>\n+            <artifactId>javax.inject</artifactId>\n+        </dependency>\n+        <dependency>\n+            <groupId>org.slf4j</groupId>\n+            <artifactId>slf4j-api</artifactId>\n+        </dependency>\n+        <dependency>\n+            <groupId>javax.servlet</groupId>\n+            <artifactId>javax.servlet-api</artifactId>\n+            <scope>provided</scope>\n+        </dependency>\n+    </dependencies>\n+</project>"},{"sha":"9698ad92f6ed1f5c19ba886fe373c810668b43dd","filename":"core/commons/che-core-commons-logback/src/main/java/org/eclipse/che/commons/logback/filter/RequestIdLoggerFilter.java","status":"added","additions":53,"deletions":0,"changes":53,"blob_url":"https://github.com/eclipse/che/blob/0aaf476af6a3d18c983599e28c2627bcf0bd0831/core/commons/che-core-commons-logback/src/main/java/org/eclipse/che/commons/logback/filter/RequestIdLoggerFilter.java","raw_url":"https://github.com/eclipse/che/raw/0aaf476af6a3d18c983599e28c2627bcf0bd0831/core/commons/che-core-commons-logback/src/main/java/org/eclipse/che/commons/logback/filter/RequestIdLoggerFilter.java","contents_url":"https://api.github.com/repos/eclipse/che/contents/core/commons/che-core-commons-logback/src/main/java/org/eclipse/che/commons/logback/filter/RequestIdLoggerFilter.java?ref=0aaf476af6a3d18c983599e28c2627bcf0bd0831","patch":"@@ -0,0 +1,53 @@\n+/*\n+ * Copyright (c) 2012-2017 Red Hat, Inc.\n+ * All rights reserved. This program and the accompanying materials\n+ * are made available under the terms of the Eclipse Public License v1.0\n+ * which accompanies this distribution, and is available at\n+ * http://www.eclipse.org/legal/epl-v10.html\n+ *\n+ * Contributors:\n+ *   Red Hat, Inc. - initial API and implementation\n+ */\n+package org.eclipse.che.commons.logback.filter;\n+\n+import java.io.IOException;\n+import javax.inject.Singleton;\n+import javax.servlet.Filter;\n+import javax.servlet.FilterChain;\n+import javax.servlet.FilterConfig;\n+import javax.servlet.ServletException;\n+import javax.servlet.ServletRequest;\n+import javax.servlet.ServletResponse;\n+import javax.servlet.http.HttpServletRequest;\n+import org.slf4j.MDC;\n+\n+/**\n+ * A servlet filter that retrieves the X-Request-Id header from the http request and put it in the\n+ * MDC context. Logback can be configured to display this value in each log message when available.\n+ * MDC property name is `req_id`.\n+ */\n+@Singleton\n+public class RequestIdLoggerFilter implements Filter {\n+\n+  private static final String REQUEST_ID_HEADER = \"X-Request-Id\";\n+  private static final String REQUEST_ID_MDC_KEY = \"req_id\";\n+\n+  @Override\n+  public void init(FilterConfig filterConfig) throws ServletException {}\n+\n+  @Override\n+  public final void doFilter(\n+      ServletRequest request, ServletResponse response, FilterChain filterChain)\n+      throws IOException, ServletException {\n+    final HttpServletRequest httpRequest = (HttpServletRequest) request;\n+    String requestId = httpRequest.getHeader(REQUEST_ID_HEADER);\n+    if (requestId != null) {\n+      MDC.put(REQUEST_ID_MDC_KEY, requestId);\n+    }\n+\n+    filterChain.doFilter(request, response);\n+  }\n+\n+  @Override\n+  public void destroy() {}\n+}"},{"sha":"15d953ae08e76a56efbcfaa98db0e2ecb5d9588f","filename":"core/commons/pom.xml","status":"modified","additions":1,"deletions":0,"changes":1,"blob_url":"https://github.com/eclipse/che/blob/0aaf476af6a3d18c983599e28c2627bcf0bd0831/core/commons/pom.xml","raw_url":"https://github.com/eclipse/che/raw/0aaf476af6a3d18c983599e28c2627bcf0bd0831/core/commons/pom.xml","contents_url":"https://api.github.com/repos/eclipse/che/contents/core/commons/pom.xml?ref=0aaf476af6a3d18c983599e28c2627bcf0bd0831","patch":"@@ -26,6 +26,7 @@\n         <module>che-core-commons-annotations</module>\n         <module>che-core-commons-auth</module>\n         <module>che-core-commons-lang</module>\n+        <module>che-core-commons-logback</module>\n         <module>che-core-commons-inject</module>\n         <module>che-core-commons-json</module>\n         <module>che-core-commons-xml</module>"},{"sha":"db3e499d990eb2935f848c615f3ca75082c198d2","filename":"pom.xml","status":"modified","additions":5,"deletions":0,"changes":5,"blob_url":"https://github.com/eclipse/che/blob/0aaf476af6a3d18c983599e28c2627bcf0bd0831/pom.xml","raw_url":"https://github.com/eclipse/che/raw/0aaf476af6a3d18c983599e28c2627bcf0bd0831/pom.xml","contents_url":"https://api.github.com/repos/eclipse/che/contents/pom.xml?ref=0aaf476af6a3d18c983599e28c2627bcf0bd0831","patch":"@@ -560,6 +560,11 @@\n                 <artifactId>che-core-commons-lang</artifactId>\n                 <version>${che.version}</version>\n             </dependency>\n+            <dependency>\n+                <groupId>org.eclipse.che.core</groupId>\n+                <artifactId>che-core-commons-logback</artifactId>\n+                <version>${che.version}</version>\n+            </dependency>\n             <dependency>\n                 <groupId>org.eclipse.che.core</groupId>\n                 <artifactId>che-core-commons-mail</artifactId>"}]}
