{"sha":"0adad4a033b7c862991a8b084da1d3cd623b9c4f","commit":{"author":{"name":"Dmitry Kuleshov","email":"dkuleshov@codenvy.com","date":"2016-05-25T11:00:12Z"},"committer":{"name":"Vitalii Parfonov","email":"vparfonov@codenvy.com","date":"2016-05-25T11:00:12Z"},"message":"CHE-1143: fixed minor synchronization issue during removal of several projects (#1343)\n\nSigned-off-by: Dmitry Kuleshov <dkuleshov@codenvy.com>","tree":{"sha":"ee922bd3a5b2254359ca9e3667075c6f6179095f","url":"https://api.github.com/repos/eclipse/che/git/trees/ee922bd3a5b2254359ca9e3667075c6f6179095f"},"url":"https://api.github.com/repos/eclipse/che/git/commits/0adad4a033b7c862991a8b084da1d3cd623b9c4f","comment_count":0,"verification":{"verified":false,"reason":"unsigned","signature":null,"payload":null}},"url":"https://api.github.com/repos/eclipse/che/commits/0adad4a033b7c862991a8b084da1d3cd623b9c4f","html_url":"https://github.com/eclipse/che/commit/0adad4a033b7c862991a8b084da1d3cd623b9c4f","comments_url":"https://api.github.com/repos/eclipse/che/commits/0adad4a033b7c862991a8b084da1d3cd623b9c4f/comments","author":{"login":"dkuleshov","id":1632360,"avatar_url":"https://avatars0.githubusercontent.com/u/1632360?v=4","gravatar_id":"","url":"https://api.github.com/users/dkuleshov","html_url":"https://github.com/dkuleshov","followers_url":"https://api.github.com/users/dkuleshov/followers","following_url":"https://api.github.com/users/dkuleshov/following{/other_user}","gists_url":"https://api.github.com/users/dkuleshov/gists{/gist_id}","starred_url":"https://api.github.com/users/dkuleshov/starred{/owner}{/repo}","subscriptions_url":"https://api.github.com/users/dkuleshov/subscriptions","organizations_url":"https://api.github.com/users/dkuleshov/orgs","repos_url":"https://api.github.com/users/dkuleshov/repos","events_url":"https://api.github.com/users/dkuleshov/events{/privacy}","received_events_url":"https://api.github.com/users/dkuleshov/received_events","type":"User","site_admin":false},"committer":{"login":"vparfonov","id":1636592,"avatar_url":"https://avatars1.githubusercontent.com/u/1636592?v=4","gravatar_id":"","url":"https://api.github.com/users/vparfonov","html_url":"https://github.com/vparfonov","followers_url":"https://api.github.com/users/vparfonov/followers","following_url":"https://api.github.com/users/vparfonov/following{/other_user}","gists_url":"https://api.github.com/users/vparfonov/gists{/gist_id}","starred_url":"https://api.github.com/users/vparfonov/starred{/owner}{/repo}","subscriptions_url":"https://api.github.com/users/vparfonov/subscriptions","organizations_url":"https://api.github.com/users/vparfonov/orgs","repos_url":"https://api.github.com/users/vparfonov/repos","events_url":"https://api.github.com/users/vparfonov/events{/privacy}","received_events_url":"https://api.github.com/users/vparfonov/received_events","type":"User","site_admin":false},"parents":[{"sha":"2984925f47f11414ca45a6e11cd1b553faa7c2e3","url":"https://api.github.com/repos/eclipse/che/commits/2984925f47f11414ca45a6e11cd1b553faa7c2e3","html_url":"https://github.com/eclipse/che/commit/2984925f47f11414ca45a6e11cd1b553faa7c2e3"}],"stats":{"total":95,"additions":75,"deletions":20},"files":[{"sha":"e125485c65ad99775ca0230438ca68cac1e19fa5","filename":"wsagent/che-core-api-project/src/main/java/org/eclipse/che/api/vfs/impl/file/LocalVirtualFileSystem.java","status":"modified","additions":1,"deletions":1,"changes":2,"blob_url":"https://github.com/eclipse/che/blob/0adad4a033b7c862991a8b084da1d3cd623b9c4f/wsagent/che-core-api-project/src/main/java/org/eclipse/che/api/vfs/impl/file/LocalVirtualFileSystem.java","raw_url":"https://github.com/eclipse/che/raw/0adad4a033b7c862991a8b084da1d3cd623b9c4f/wsagent/che-core-api-project/src/main/java/org/eclipse/che/api/vfs/impl/file/LocalVirtualFileSystem.java","contents_url":"https://api.github.com/repos/eclipse/che/contents/wsagent/che-core-api-project/src/main/java/org/eclipse/che/api/vfs/impl/file/LocalVirtualFileSystem.java?ref=0adad4a033b7c862991a8b084da1d3cd623b9c4f","patch":"@@ -243,7 +243,7 @@ private boolean isVfsServicePath(Path path) {\n         return newArrayList(path.elements()).contains(\".vfs\");\n     }\n \n-    List<VirtualFile> getChildren(LocalVirtualFile parent, VirtualFileFilter filter) throws ServerException {\n+    synchronized List<VirtualFile> getChildren(LocalVirtualFile parent, VirtualFileFilter filter) throws ServerException {\n         if (parent.isFolder()) {\n             final List<VirtualFile> children = doGetChildren(parent, DOT_VFS_DIR_FILTER, filter);\n             Collections.sort(children);"},{"sha":"76ffacacd55985e461166c6aac64ab92f86566b8","filename":"wsagent/che-core-api-project/src/test/java/org/eclipse/che/api/project/server/ProjectServiceTest.java","status":"modified","additions":74,"deletions":19,"changes":93,"blob_url":"https://github.com/eclipse/che/blob/0adad4a033b7c862991a8b084da1d3cd623b9c4f/wsagent/che-core-api-project/src/test/java/org/eclipse/che/api/project/server/ProjectServiceTest.java","raw_url":"https://github.com/eclipse/che/raw/0adad4a033b7c862991a8b084da1d3cd623b9c4f/wsagent/che-core-api-project/src/test/java/org/eclipse/che/api/project/server/ProjectServiceTest.java","contents_url":"https://api.github.com/repos/eclipse/che/contents/wsagent/che-core-api-project/src/test/java/org/eclipse/che/api/project/server/ProjectServiceTest.java?ref=0adad4a033b7c862991a8b084da1d3cd623b9c4f","patch":"@@ -92,11 +92,17 @@\n import java.util.HashSet;\n import java.util.LinkedHashMap;\n import java.util.LinkedHashSet;\n+import java.util.LinkedList;\n import java.util.List;\n import java.util.Map;\n import java.util.Scanner;\n import java.util.Set;\n+import java.util.concurrent.CountDownLatch;\n+import java.util.concurrent.ExecutorService;\n+import java.util.concurrent.Executors;\n+import java.util.concurrent.Future;\n import java.util.stream.Collectors;\n+import java.util.stream.IntStream;\n import java.util.zip.ZipEntry;\n import java.util.zip.ZipOutputStream;\n \n@@ -219,39 +225,23 @@ public void setUp() throws Exception {\n         FileWatcherNotificationHandler fileWatcherNotificationHandler = new DefaultFileWatcherNotificationHandler(vfsProvider);\n         FileTreeWatcher fileTreeWatcher = new FileTreeWatcher(root, new HashSet<>(), fileWatcherNotificationHandler);\n \n-        pm = new ProjectManager(vfsProvider, null, ptRegistry, projectRegistry, phRegistry,\n+        pm = new ProjectManager(vfsProvider, new EventService(), ptRegistry, projectRegistry, phRegistry,\n                                 importerRegistry, fileWatcherNotificationHandler, fileTreeWatcher, workspaceHolder);\n         pm.initWatcher();\n \n         HttpJsonRequest httpJsonRequest = mock(HttpJsonRequest.class, new SelfReturningAnswer());\n \n         //List<ProjectConfigDto> modules = new ArrayList<>();\n \n-        final ProjectConfigDto testProjectConfigMock = mock(ProjectConfigDto.class);\n-        when(testProjectConfigMock.getPath()).thenReturn(\"/my_project\");\n-        when(testProjectConfigMock.getName()).thenReturn(\"my_project\");\n-        when(testProjectConfigMock.getDescription()).thenReturn(\"my test project\");\n-        when(testProjectConfigMock.getType()).thenReturn(\"my_project_type\");\n-//        when(testProjectConfigMock.getModules()).thenReturn(modules);\n-        when(testProjectConfigMock.getSource()).thenReturn(DtoFactory.getInstance().createDto(SourceStorageDto.class));\n-//        when(testProjectConfigMock.findModule(anyString())).thenReturn(testProjectConfigMock);\n-\n-        Map<String, List<String>> attr = new HashMap<>();\n-        for (Attribute attribute : myProjectType.getAttributes()) {\n-            attr.put(attribute.getName(), attribute.getValue().getList());\n-        }\n-        when(testProjectConfigMock.getAttributes()).thenReturn(attr);\n-\n         projects = new ArrayList<>();\n-        projects.add(testProjectConfigMock);\n+        addMockedProjectConfigDto(myProjectType, \"my_project\");\n+\n         when(httpJsonRequestFactory.fromLink(any())).thenReturn(httpJsonRequest);\n         when(httpJsonRequest.request()).thenReturn(httpJsonResponse);\n         when(httpJsonResponse.asDto(WorkspaceDto.class)).thenReturn(usersWorkspaceMock);\n         when(usersWorkspaceMock.getConfig()).thenReturn(workspaceConfigMock);\n         when(workspaceConfigMock.getProjects()).thenReturn(projects);\n \n-        pm.createProject(testProjectConfigMock, null);\n-\n //        verify(httpJsonRequestFactory).fromLink(eq(DtoFactory.newDto(Link.class)\n //                                                             .withHref(apiEndpoint + \"/workspace/\" + workspace + \"/project\")\n //                                                             .withMethod(PUT)));\n@@ -288,6 +278,27 @@ public void setUp() throws Exception {\n         env = org.eclipse.che.commons.env.EnvironmentContext.getCurrent();\n     }\n \n+    private void addMockedProjectConfigDto(org.eclipse.che.api.project.server.type.ProjectTypeDef myProjectType, String projectName)\n+            throws ForbiddenException, ServerException, NotFoundException, ConflictException {\n+        final ProjectConfigDto testProjectConfigMock = mock(ProjectConfigDto.class);\n+        when(testProjectConfigMock.getPath()).thenReturn(\"/\" + projectName);\n+        when(testProjectConfigMock.getName()).thenReturn(projectName);\n+        when(testProjectConfigMock.getDescription()).thenReturn(\"my test project\");\n+        when(testProjectConfigMock.getType()).thenReturn(\"my_project_type\");\n+        when(testProjectConfigMock.getSource()).thenReturn(DtoFactory.getInstance().createDto(SourceStorageDto.class));\n+        //        when(testProjectConfigMock.getModules()).thenReturn(modules);\n+        //        when(testProjectConfigMock.findModule(anyString())).thenReturn(testProjectConfigMock);\n+\n+        Map<String, List<String>> attr = new HashMap<>();\n+        for (Attribute attribute : myProjectType.getAttributes()) {\n+            attr.put(attribute.getName(), attribute.getValue().getList());\n+        }\n+        when(testProjectConfigMock.getAttributes()).thenReturn(attr);\n+\n+        projects.add(testProjectConfigMock);\n+\n+        pm.createProject(testProjectConfigMock, null);\n+    }\n \n     @Test\n     @SuppressWarnings(\"unchecked\")\n@@ -927,6 +938,50 @@ public void testDeleteProject() throws Exception {\n         pm.getProject(\"my_project\");\n     }\n \n+    @Test\n+    public void testDeleteProjectsConcurrently() throws Exception {\n+        int threadNumber = 100;\n+        ExecutorService executor = Executors.newFixedThreadPool(threadNumber);\n+        CountDownLatch countDownLatch = new CountDownLatch(threadNumber);\n+        List<Future<ContainerResponse>> futures = new LinkedList<>();\n+\n+\n+        for (int i = 0; i < threadNumber; i++) {\n+            addMockedProjectConfigDto(ptRegistry.getProjectType(\"my_project_type\"), \"my_project_name\" + i);\n+        }\n+\n+        IntStream.range(0, threadNumber).forEach(\n+                i -> {\n+                    futures.add(executor.submit(() -> {\n+                        countDownLatch.countDown();\n+                        countDownLatch.await();\n+\n+                        try {\n+                            return launcher.service(DELETE,\n+                                                    \"http://localhost:8080/api/project/my_project_name\" + i,\n+                                                    \"http://localhost:8080/api\", null, null, null);\n+                        } catch (Exception e) {\n+                            throw new IllegalStateException(e);\n+                        }\n+                    }));\n+                }\n+                                                );\n+\n+        boolean isNotDone;\n+        do {\n+            isNotDone = false;\n+            for (Future<ContainerResponse> future : futures) {\n+                if (!future.isDone()) {\n+                    isNotDone = true;\n+                }\n+            }\n+        } while (isNotDone);\n+\n+        for (Future<ContainerResponse> future : futures) {\n+            assertEquals(future.get().getStatus(), 204, \"Error: \" + future.get().getEntity());\n+        }\n+    }\n+\n     @Test\n     public void testCopyFile() throws Exception {\n         RegisteredProject myProject = pm.getProject(\"my_project\");"}]}
