{"sha":"0aec9af40c9ecb742b86351f12033834f535905b","commit":{"author":{"name":"Mykola Morhun","email":"mmorhun@codenvy.com","date":"2016-04-14T13:30:37Z"},"committer":{"name":"Mykola Morhun","email":"mmorhun@codenvy.com","date":"2016-04-14T14:33:19Z"},"message":"CHE-728: Fix an error that occurred while writing line to the line consumer during che shutting down\n\nSigned-off-by: Mykola Morhun <mmorhun@codenvy.com>","tree":{"sha":"e81aa181d8b754a716f8039523c8c07b1e45d84f","url":"https://api.github.com/repos/eclipse/che/git/trees/e81aa181d8b754a716f8039523c8c07b1e45d84f"},"url":"https://api.github.com/repos/eclipse/che/git/commits/0aec9af40c9ecb742b86351f12033834f535905b","comment_count":0,"verification":{"verified":false,"reason":"unsigned","signature":null,"payload":null}},"url":"https://api.github.com/repos/eclipse/che/commits/0aec9af40c9ecb742b86351f12033834f535905b","html_url":"https://github.com/eclipse/che/commit/0aec9af40c9ecb742b86351f12033834f535905b","comments_url":"https://api.github.com/repos/eclipse/che/commits/0aec9af40c9ecb742b86351f12033834f535905b/comments","author":{"login":"mmorhun","id":15607393,"avatar_url":"https://avatars2.githubusercontent.com/u/15607393?v=4","gravatar_id":"","url":"https://api.github.com/users/mmorhun","html_url":"https://github.com/mmorhun","followers_url":"https://api.github.com/users/mmorhun/followers","following_url":"https://api.github.com/users/mmorhun/following{/other_user}","gists_url":"https://api.github.com/users/mmorhun/gists{/gist_id}","starred_url":"https://api.github.com/users/mmorhun/starred{/owner}{/repo}","subscriptions_url":"https://api.github.com/users/mmorhun/subscriptions","organizations_url":"https://api.github.com/users/mmorhun/orgs","repos_url":"https://api.github.com/users/mmorhun/repos","events_url":"https://api.github.com/users/mmorhun/events{/privacy}","received_events_url":"https://api.github.com/users/mmorhun/received_events","type":"User","site_admin":false},"committer":{"login":"mmorhun","id":15607393,"avatar_url":"https://avatars2.githubusercontent.com/u/15607393?v=4","gravatar_id":"","url":"https://api.github.com/users/mmorhun","html_url":"https://github.com/mmorhun","followers_url":"https://api.github.com/users/mmorhun/followers","following_url":"https://api.github.com/users/mmorhun/following{/other_user}","gists_url":"https://api.github.com/users/mmorhun/gists{/gist_id}","starred_url":"https://api.github.com/users/mmorhun/starred{/owner}{/repo}","subscriptions_url":"https://api.github.com/users/mmorhun/subscriptions","organizations_url":"https://api.github.com/users/mmorhun/orgs","repos_url":"https://api.github.com/users/mmorhun/repos","events_url":"https://api.github.com/users/mmorhun/events{/privacy}","received_events_url":"https://api.github.com/users/mmorhun/received_events","type":"User","site_admin":false},"parents":[{"sha":"9c2460f18399887a028a484b51e886209b3b2b73","url":"https://api.github.com/repos/eclipse/che/commits/9c2460f18399887a028a484b51e886209b3b2b73","html_url":"https://github.com/eclipse/che/commit/9c2460f18399887a028a484b51e886209b3b2b73"}],"stats":{"total":35,"additions":21,"deletions":14},"files":[{"sha":"8de6b7814af3efd0a21649ff040c0458554694cb","filename":"wsmaster/che-core-api-machine/src/main/java/org/eclipse/che/api/machine/server/MachineManager.java","status":"modified","additions":15,"deletions":12,"changes":27,"blob_url":"https://github.com/eclipse/che/blob/0aec9af40c9ecb742b86351f12033834f535905b/wsmaster/che-core-api-machine/src/main/java/org/eclipse/che/api/machine/server/MachineManager.java","raw_url":"https://github.com/eclipse/che/raw/0aec9af40c9ecb742b86351f12033834f535905b/wsmaster/che-core-api-machine/src/main/java/org/eclipse/che/api/machine/server/MachineManager.java","contents_url":"https://api.github.com/repos/eclipse/che/contents/wsmaster/che-core-api-machine/src/main/java/org/eclipse/che/api/machine/server/MachineManager.java?ref=0aec9af40c9ecb742b86351f12033834f535905b","patch":"@@ -1011,24 +1011,14 @@ private void createLogsDir() {\n     private void cleanup() {\n         eventService.unsubscribe(machineCleaner);\n \n-        boolean interrupted = false;\n         executor.shutdown();\n-        try {\n-            if (!executor.awaitTermination(10, TimeUnit.SECONDS)) {\n-                executor.shutdownNow();\n-                if (!executor.awaitTermination(10, TimeUnit.SECONDS)) {\n-                    LOG.warn(\"Unable terminate main pool\");\n-                }\n-            }\n-        } catch (InterruptedException e) {\n-            interrupted = true;\n-            executor.shutdownNow();\n-        }\n \n         try {\n             for (MachineImpl machine : machineRegistry.getMachines()) {\n                 try {\n                     destroy(machine.getId(), false);\n+                } catch (NotFoundException ignore) {\n+                    // it is ok, machine has been already destroyed\n                 } catch (Exception e) {\n                     LOG.warn(e.getMessage());\n                 }\n@@ -1037,6 +1027,19 @@ private void cleanup() {\n             LOG.error(e.getLocalizedMessage(), e);\n         }\n \n+        boolean interrupted = false;\n+        try {\n+            if (!executor.awaitTermination(10, TimeUnit.SECONDS)) {\n+                executor.shutdownNow();\n+                if (!executor.awaitTermination(10, TimeUnit.SECONDS)) {\n+                    LOG.warn(\"Unable terminate main pool\");\n+                }\n+            }\n+        } catch (InterruptedException e) {\n+            interrupted = true;\n+            executor.shutdownNow();\n+        }\n+\n         final java.io.File[] files = machineLogsDir.listFiles();\n         if (files != null && files.length > 0) {\n             for (java.io.File f : files) {"},{"sha":"abd1f0a798f83225f0b027ee6362cc2b3b3e0432","filename":"wsmaster/che-core-api-workspace/src/main/java/org/eclipse/che/api/workspace/server/WorkspaceRuntimes.java","status":"modified","additions":6,"deletions":2,"changes":8,"blob_url":"https://github.com/eclipse/che/blob/0aec9af40c9ecb742b86351f12033834f535905b/wsmaster/che-core-api-workspace/src/main/java/org/eclipse/che/api/workspace/server/WorkspaceRuntimes.java","raw_url":"https://github.com/eclipse/che/raw/0aec9af40c9ecb742b86351f12033834f535905b/wsmaster/che-core-api-workspace/src/main/java/org/eclipse/che/api/workspace/server/WorkspaceRuntimes.java","contents_url":"https://api.github.com/repos/eclipse/che/contents/wsmaster/che-core-api-workspace/src/main/java/org/eclipse/che/api/workspace/server/WorkspaceRuntimes.java?ref=0aec9af40c9ecb742b86351f12033834f535905b","patch":"@@ -336,7 +336,9 @@ private void destroyRuntime(String wsId, WorkspaceRuntimeImpl workspace) throws\n         for (MachineImpl machine : machines) {\n             try {\n                 machineManager.destroy(machine.getId(), false);\n-            } catch (RuntimeException | NotFoundException | MachineException ex) {\n+            } catch (NotFoundException ignore) {\n+                // it is ok, machine has been already destroyed\n+            } catch (RuntimeException | MachineException ex) {\n                 LOG.error(format(\"Could not destroy machine '%s' of workspace '%s'\",\n                                  machine.getId(),\n                                  machine.getWorkspaceId()),\n@@ -347,7 +349,9 @@ private void destroyRuntime(String wsId, WorkspaceRuntimeImpl workspace) throws\n         try {\n             machineManager.destroy(devMachine.getId(), false);\n             publishEvent(EventType.STOPPED, wsId, null);\n-        } catch (RuntimeException | NotFoundException | ServerException ex) {\n+        } catch (NotFoundException ignore) {\n+            // it is ok, machine has been already destroyed\n+        } catch (RuntimeException | ServerException ex) {\n             publishEvent(EventType.ERROR, wsId, ex.getLocalizedMessage());\n             throw ex;\n         } finally {"}]}
