{"sha":"0af0f966ed6a794322d8b62ae5855b9cf5c28b28","commit":{"author":{"name":"Igor Vinokur","email":"ivinokur@codenvy.com","date":"2016-02-29T09:02:55Z"},"committer":{"name":"Igor Vinokur","email":"ivinokur@codenvy.com","date":"2016-02-29T09:02:55Z"},"message":"CHE-521: Perform git init command without initial commit","tree":{"sha":"6c18ebbc58aa9af6cdee0b195a2eb0bf2a615843","url":"https://api.github.com/repos/eclipse/che/git/trees/6c18ebbc58aa9af6cdee0b195a2eb0bf2a615843"},"url":"https://api.github.com/repos/eclipse/che/git/commits/0af0f966ed6a794322d8b62ae5855b9cf5c28b28","comment_count":0,"verification":{"verified":false,"reason":"unsigned","signature":null,"payload":null}},"url":"https://api.github.com/repos/eclipse/che/commits/0af0f966ed6a794322d8b62ae5855b9cf5c28b28","html_url":"https://github.com/eclipse/che/commit/0af0f966ed6a794322d8b62ae5855b9cf5c28b28","comments_url":"https://api.github.com/repos/eclipse/che/commits/0af0f966ed6a794322d8b62ae5855b9cf5c28b28/comments","author":null,"committer":null,"parents":[{"sha":"8482352de547abb3a0fd5bbb8ca40ef585ae5893","url":"https://api.github.com/repos/eclipse/che/commits/8482352de547abb3a0fd5bbb8ca40ef585ae5893","html_url":"https://github.com/eclipse/che/commit/8482352de547abb3a0fd5bbb8ca40ef585ae5893"}],"stats":{"total":269,"additions":151,"deletions":118},"files":[{"sha":"c261fae0ea970ee3a6800d0a7ca3b984e1929fec","filename":"core/che-core-git-impl-native/src/main/java/org/eclipse/che/git/impl/nativegit/NativeGitConnection.java","status":"modified","additions":20,"deletions":17,"changes":37,"blob_url":"https://github.com/eclipse/che/blob/0af0f966ed6a794322d8b62ae5855b9cf5c28b28/core/che-core-git-impl-native/src/main/java/org/eclipse/che/git/impl/nativegit/NativeGitConnection.java","raw_url":"https://github.com/eclipse/che/raw/0af0f966ed6a794322d8b62ae5855b9cf5c28b28/core/che-core-git-impl-native/src/main/java/org/eclipse/che/git/impl/nativegit/NativeGitConnection.java","contents_url":"https://api.github.com/repos/eclipse/che/contents/core/che-core-git-impl-native/src/main/java/org/eclipse/che/git/impl/nativegit/NativeGitConnection.java?ref=0af0f966ed6a794322d8b62ae5855b9cf5c28b28","patch":"@@ -14,6 +14,7 @@\n import com.google.common.collect.ImmutableMap;\n \n import org.eclipse.che.api.core.ErrorCodes;\n+import org.eclipse.che.api.core.ServerException;\n import org.eclipse.che.api.core.UnauthorizedException;\n import org.eclipse.che.api.core.util.LineConsumerFactory;\n import org.eclipse.che.api.git.Config;\n@@ -175,8 +176,15 @@ public void checkout(CheckoutRequest request) throws GitException {\n     public Branch branchCreate(BranchCreateRequest request) throws GitException {\n         BranchCreateCommand branchCreateCommand = nativeGit.createBranchCreateCommand();\n         branchCreateCommand.setBranchName(request.getName())\n-                           .setStartPoint(request.getStartPoint())\n-                           .execute();\n+                           .setStartPoint(request.getStartPoint());\n+        try {\n+            branchCreateCommand.execute();\n+        } catch (ServerException exception) {\n+            Pattern errorPattern = Pattern.compile(\"fatal: Not a valid object name: '.*'.\\n\");\n+            if (errorPattern.matcher(exception.getMessage()).find()) {\n+                throw new GitException(exception.getMessage(), ErrorCodes.INIT_COMMIT_WAS_NOT_PERFORMED);\n+            }\n+        }\n         return DtoFactory.getInstance().createDto(Branch.class).withName(getBranchRef(request.getName())).withActive(false)\n                          .withDisplayName(request.getName()).withRemote(false);\n     }\n@@ -358,25 +366,20 @@ public void init(InitRequest request) throws GitException {\n         InitCommand initCommand = nativeGit.createInitCommand();\n         initCommand.setBare(request.isBare());\n         initCommand.execute();\n-        //make initial commit.\n-        if (!request.isBare() && request.isInitCommit()) {\n-            try {\n-                nativeGit.createAddCommand()\n-                         .setFilePattern(new ArrayList<>(Collections.singletonList(\".\")))\n-                         .execute();\n-                nativeGit.createCommitCommand()\n-                         .setCommitter(getLocalCommitter())\n-                         .setMessage(\"init\")\n-                         .execute();\n-            } catch (GitException ignored) {\n-                //if nothing to commit\n-            }\n-        }\n     }\n \n     @Override\n     public LogPage log(LogRequest request) throws GitException {\n-        return new LogPage(nativeGit.createLogCommand().setFileFilter(request.getFileFilter()).execute());\n+        try {\n+            return new LogPage(nativeGit.createLogCommand().setFileFilter(request.getFileFilter()).execute());\n+        } catch (ServerException exception) {\n+            Pattern errorPattern = Pattern.compile(\"fatal: your current branch '.*' does not have any commits yet\\n\");\n+            if (errorPattern.matcher(exception.getMessage()).find()) {\n+                throw new GitException(exception.getMessage(), ErrorCodes.INIT_COMMIT_WAS_NOT_PERFORMED);\n+            } else {\n+                throw exception;\n+            }\n+        }        \n     }\n \n     @Override"},{"sha":"e1fb1fb1d211f5c23711d3790cad79a31358e6a8","filename":"core/che-core-git-impl-native/src/main/java/org/eclipse/che/git/impl/nativegit/commands/BranchRenameCommand.java","status":"modified","additions":3,"deletions":3,"changes":6,"blob_url":"https://github.com/eclipse/che/blob/0af0f966ed6a794322d8b62ae5855b9cf5c28b28/core/che-core-git-impl-native/src/main/java/org/eclipse/che/git/impl/nativegit/commands/BranchRenameCommand.java","raw_url":"https://github.com/eclipse/che/raw/0af0f966ed6a794322d8b62ae5855b9cf5c28b28/core/che-core-git-impl-native/src/main/java/org/eclipse/che/git/impl/nativegit/commands/BranchRenameCommand.java","contents_url":"https://api.github.com/repos/eclipse/che/contents/core/che-core-git-impl-native/src/main/java/org/eclipse/che/git/impl/nativegit/commands/BranchRenameCommand.java?ref=0af0f966ed6a794322d8b62ae5855b9cf5c28b28","patch":"@@ -65,10 +65,10 @@ private void renameRemoteBranch() throws GitException {\n             commandLine.add(\"-t\");\n             commandLine.add(branchName);\n             start();\n-        } catch (GitException e) {\n-            String errorMessage = e.getMessage();\n+        } catch (GitException exception) {\n+            String errorMessage = exception.getMessage();\n             if (!checkoutErrorPattern.matcher(errorMessage).find()) {\n-                throw new GitException(errorMessage);\n+                throw exception;\n             }\n             //local branch already exist - so ignore and try perform the next step\n         }"},{"sha":"ee30382bee5525788e8babb1682813e1f60887d8","filename":"core/ide/che-core-ide-app/src/main/resources/org/eclipse/che/ide/CoreLocalizationConstant.properties","status":"modified","additions":1,"deletions":1,"changes":2,"blob_url":"https://github.com/eclipse/che/blob/0af0f966ed6a794322d8b62ae5855b9cf5c28b28/core/ide/che-core-ide-app/src/main/resources/org/eclipse/che/ide/CoreLocalizationConstant.properties","raw_url":"https://github.com/eclipse/che/raw/0af0f966ed6a794322d8b62ae5855b9cf5c28b28/core/ide/che-core-ide-app/src/main/resources/org/eclipse/che/ide/CoreLocalizationConstant.properties","contents_url":"https://api.github.com/repos/eclipse/che/contents/core/ide/che-core-ide-app/src/main/resources/org/eclipse/che/ide/CoreLocalizationConstant.properties?ref=0af0f966ed6a794322d8b62ae5855b9cf5c28b28","patch":"@@ -147,7 +147,7 @@ importProject.message.failure = Failed to import project {0}\n importProject.message.startWithWhiteSpace = The url can not start with a whitespace.\n importProject.message.urlInvalid = The URL provided for the project to import is invalid.\n importProject.message.unableGetSshKey = Unable get private ssh key. \\\n-  You can create a new SSH key pair in Window->Preferences->Keys->SSH Keystore.\n+  You can create a new SSH key pair in Help->Preferences->SSH->Git.\n importProject.importer.info = Importer Information\n importProject.project.info = Project Information\n importProject.name.prompt = Define the name of your project..."},{"sha":"e2cd3a83cae8e58623ac1eb51c1885c0b08524b0","filename":"core/platform-api-client-gwt/che-core-client-gwt-git/src/main/java/org/eclipse/che/api/git/gwt/client/GitServiceClientImpl.java","status":"modified","additions":0,"deletions":1,"changes":1,"blob_url":"https://github.com/eclipse/che/blob/0af0f966ed6a794322d8b62ae5855b9cf5c28b28/core/platform-api-client-gwt/che-core-client-gwt-git/src/main/java/org/eclipse/che/api/git/gwt/client/GitServiceClientImpl.java","raw_url":"https://github.com/eclipse/che/raw/0af0f966ed6a794322d8b62ae5855b9cf5c28b28/core/platform-api-client-gwt/che-core-client-gwt-git/src/main/java/org/eclipse/che/api/git/gwt/client/GitServiceClientImpl.java","contents_url":"https://api.github.com/repos/eclipse/che/contents/core/platform-api-client-gwt/che-core-client-gwt-git/src/main/java/org/eclipse/che/api/git/gwt/client/GitServiceClientImpl.java?ref=0af0f966ed6a794322d8b62ae5855b9cf5c28b28","patch":"@@ -142,7 +142,6 @@ public void init(String workspaceId, ProjectConfigDto project, boolean bare, fin\n         InitRequest initRequest = dtoFactory.createDto(InitRequest.class);\n         initRequest.setBare(bare);\n         initRequest.setWorkingDir(project.getName());\n-        initRequest.setInitCommit(true);\n \n         String url = \"/git/\" + workspaceId + INIT + \"?projectPath=\" + project.getPath();\n "},{"sha":"0267dda372e56837e085ba806bf69be2ff517020","filename":"core/platform-api/che-core-api-core/src/main/java/org/eclipse/che/api/core/ErrorCodes.java","status":"modified","additions":1,"deletions":0,"changes":1,"blob_url":"https://github.com/eclipse/che/blob/0af0f966ed6a794322d8b62ae5855b9cf5c28b28/core/platform-api/che-core-api-core/src/main/java/org/eclipse/che/api/core/ErrorCodes.java","raw_url":"https://github.com/eclipse/che/raw/0af0f966ed6a794322d8b62ae5855b9cf5c28b28/core/platform-api/che-core-api-core/src/main/java/org/eclipse/che/api/core/ErrorCodes.java","contents_url":"https://api.github.com/repos/eclipse/che/contents/core/platform-api/che-core-api-core/src/main/java/org/eclipse/che/api/core/ErrorCodes.java?ref=0af0f966ed6a794322d8b62ae5855b9cf5c28b28","patch":"@@ -24,4 +24,5 @@ private ErrorCodes() {\n     public static final int UNAUTHORIZED_GIT_OPERATION         = 32080;\n     public static final int FAILED_CHECKOUT                    = 32063;\n     public static final int FAILED_CHECKOUT_WITH_START_POINT   = 32064;\n+    public static final int INIT_COMMIT_WAS_NOT_PERFORMED      = 32082;\n }"},{"sha":"2f3c3f0d4ff6698ff4e67d2c246f05832f93e93a","filename":"core/platform-api/che-core-api-git/src/main/java/org/eclipse/che/api/git/GitProjectImporter.java","status":"modified","additions":1,"deletions":1,"changes":2,"blob_url":"https://github.com/eclipse/che/blob/0af0f966ed6a794322d8b62ae5855b9cf5c28b28/core/platform-api/che-core-api-git/src/main/java/org/eclipse/che/api/git/GitProjectImporter.java","raw_url":"https://github.com/eclipse/che/raw/0af0f966ed6a794322d8b62ae5855b9cf5c28b28/core/platform-api/che-core-api-git/src/main/java/org/eclipse/che/api/git/GitProjectImporter.java","contents_url":"https://api.github.com/repos/eclipse/che/contents/core/platform-api/che-core-api-git/src/main/java/org/eclipse/che/api/git/GitProjectImporter.java?ref=0af0f966ed6a794322d8b62ae5855b9cf5c28b28","patch":"@@ -224,7 +224,7 @@ private void cloneRepository(GitConnection git, String remoteName, String url, D\n     }\n \n     private void initRepository(GitConnection git, DtoFactory dtoFactory) throws GitException {\n-        final InitRequest request = dtoFactory.createDto(InitRequest.class).withInitCommit(false).withBare(false);\n+        final InitRequest request = dtoFactory.createDto(InitRequest.class).withBare(false);\n         git.init(request);\n     }\n "},{"sha":"1eb03d17c3cd1e4d5eb0c4fcbda4185931b71181","filename":"core/platform-api/che-core-api-git/src/main/java/org/eclipse/che/api/git/shared/InitRequest.java","status":"modified","additions":1,"deletions":8,"changes":9,"blob_url":"https://github.com/eclipse/che/blob/0af0f966ed6a794322d8b62ae5855b9cf5c28b28/core/platform-api/che-core-api-git/src/main/java/org/eclipse/che/api/git/shared/InitRequest.java","raw_url":"https://github.com/eclipse/che/raw/0af0f966ed6a794322d8b62ae5855b9cf5c28b28/core/platform-api/che-core-api-git/src/main/java/org/eclipse/che/api/git/shared/InitRequest.java","contents_url":"https://api.github.com/repos/eclipse/che/contents/core/platform-api/che-core-api-git/src/main/java/org/eclipse/che/api/git/shared/InitRequest.java?ref=0af0f966ed6a794322d8b62ae5855b9cf5c28b28","patch":"@@ -34,11 +34,4 @@\n     void setBare(boolean bare);\n     \n     InitRequest withBare(boolean bare);\n-\n-    /** @return <code>true</code> then all files in newly initialized repository will be commited with \"init\" message  */\n-    boolean isInitCommit();\n-\n-    void setInitCommit(boolean initCommit);\n-\n-    InitRequest withInitCommit(boolean initCommit);\n-}\n\\ No newline at end of file\n+}"},{"sha":"81a895928edb52879f3fe15de4a63aeb58dbc32b","filename":"plugins/plugin-git/che-plugin-git-ext-git/src/main/java/org/eclipse/che/ide/ext/git/client/GitLocalizationConstant.java","status":"modified","additions":3,"deletions":3,"changes":6,"blob_url":"https://github.com/eclipse/che/blob/0af0f966ed6a794322d8b62ae5855b9cf5c28b28/plugins/plugin-git/che-plugin-git-ext-git/src/main/java/org/eclipse/che/ide/ext/git/client/GitLocalizationConstant.java","raw_url":"https://github.com/eclipse/che/raw/0af0f966ed6a794322d8b62ae5855b9cf5c28b28/plugins/plugin-git/che-plugin-git-ext-git/src/main/java/org/eclipse/che/ide/ext/git/client/GitLocalizationConstant.java","contents_url":"https://api.github.com/repos/eclipse/che/contents/plugins/plugin-git/che-plugin-git-ext-git/src/main/java/org/eclipse/che/ide/ext/git/client/GitLocalizationConstant.java?ref=0af0f966ed6a794322d8b62ae5855b9cf5c28b28","patch":"@@ -71,9 +71,6 @@\n     String buttonScroll();\n \n     // MESSAGES\n-    @Key(\"messages.unableGetSshKeyTitle\")\n-    String messagesUnableGetSshKeyTitle();\n-\n     @Key(\"messages.unableGetSshKey\")\n     String messagesUnableGetSshKey();\n \n@@ -121,6 +118,9 @@\n \n     @Key(\"messages.committer_identity_info_empty\")\n     String committerIdentityInfoEmpty();\n+    \n+    @Key(\"messages.init_commit_was_not_performed\")\n+    String initCommitWasNotPerformed();\n \n     @Key(\"messages.diff.failed\")\n     String diffFailed();"},{"sha":"84e231505901cddff5ee77db16ed4534b8a2731a","filename":"plugins/plugin-git/che-plugin-git-ext-git/src/main/java/org/eclipse/che/ide/ext/git/client/branch/BranchPresenter.java","status":"modified","additions":56,"deletions":70,"changes":126,"blob_url":"https://github.com/eclipse/che/blob/0af0f966ed6a794322d8b62ae5855b9cf5c28b28/plugins/plugin-git/che-plugin-git-ext-git/src/main/java/org/eclipse/che/ide/ext/git/client/branch/BranchPresenter.java","raw_url":"https://github.com/eclipse/che/raw/0af0f966ed6a794322d8b62ae5855b9cf5c28b28/plugins/plugin-git/che-plugin-git-ext-git/src/main/java/org/eclipse/che/ide/ext/git/client/branch/BranchPresenter.java","contents_url":"https://api.github.com/repos/eclipse/che/contents/plugins/plugin-git/che-plugin-git-ext-git/src/main/java/org/eclipse/che/ide/ext/git/client/branch/BranchPresenter.java?ref=0af0f966ed6a794322d8b62ae5855b9cf5c28b28","patch":"@@ -16,7 +16,7 @@\n import com.google.inject.Singleton;\n import com.google.web.bindery.event.shared.EventBus;\n \n-import org.eclipse.che.api.core.rest.shared.dto.ServiceError;\n+import org.eclipse.che.api.core.ErrorCodes;\n import org.eclipse.che.api.git.gwt.client.GitServiceClient;\n import org.eclipse.che.api.git.shared.Branch;\n import org.eclipse.che.api.git.shared.CheckoutRequest;\n@@ -49,10 +49,12 @@\n import org.eclipse.che.ide.ui.dialogs.InputCallback;\n \n import javax.validation.constraints.NotNull;\n+\n import java.util.List;\n \n import static org.eclipse.che.api.git.shared.BranchListRequest.LIST_ALL;\n import static org.eclipse.che.ide.api.notification.StatusNotification.Status.FAIL;\n+import static org.eclipse.che.ide.util.ExceptionUtils.getErrorCode;\n \n /**\n  * Presenter for displaying and work with branches.\n@@ -174,12 +176,7 @@ protected void onSuccess(String result) {\n \n                                  @Override\n                                  protected void onFailure(Throwable exception) {\n-                                     String errorMessage =\n-                                             (exception.getMessage() != null) ? exception.getMessage() : constant.branchRenameFailed();\n-                                     final GitOutputConsole console = gitOutputConsoleFactory.create(BRANCH_RENAME_COMMAND_NAME);\n-                                     console.printError(errorMessage);\n-                                     consolesPanelPresenter.addCommandOutput(appContext.getDevMachineId(), console);\n-                                     notificationManager.notify(constant.branchRenameFailed(), FAIL, true, project.getRootProject());\n+                                     handleError(exception, BRANCH_RENAME_COMMAND_NAME);\n                                      getBranches();//rename of remote branch occurs in three stages, so needs update list of branches on view\n                                  }\n                              });\n@@ -205,9 +202,7 @@ protected void onSuccess(String result) {\n \n             @Override\n             protected void onFailure(Throwable exception) {\n-                GitOutputConsole console = gitOutputConsoleFactory.create(BRANCH_DELETE_COMMAND_NAME);\n-                handleError(exception, console);\n-                consolesPanelPresenter.addCommandOutput(appContext.getDevMachineId(), console);\n+                handleError(exception, BRANCH_DELETE_COMMAND_NAME);\n             }\n         });\n     }\n@@ -257,9 +252,7 @@ protected void onFailure(Throwable exception) {\n \n             @Override\n             protected void onFailure(Throwable exception) {\n-                final GitOutputConsole console = gitOutputConsoleFactory.create(BRANCH_CHECKOUT_COMMAND_NAME);\n-                printGitMessage(exception.getMessage(), console);\n-                consolesPanelPresenter.addCommandOutput(appContext.getDevMachineId(), console);\n+                handleError(exception, BRANCH_CHECKOUT_COMMAND_NAME);\n             }\n         });\n     }\n@@ -302,44 +295,25 @@ protected void onFailure(Throwable throwable) {\n         }\n     }\n \n-    private void printGitMessage(String messageText, GitOutputConsole console) {\n-        if (messageText == null || messageText.isEmpty()) {\n-            return;\n-        }\n-        JSONObject jsonObject = JSONParser.parseStrict(messageText).isObject();\n-        if (jsonObject == null) {\n-            return;\n-        }\n-        String message = \"\";\n-        if (jsonObject.containsKey(\"message\")) {\n-            message = jsonObject.get(\"message\").isString().stringValue();\n-        }\n-\n-        console.print(\"\");\n-        String[] lines = message.split(\"\\n\");\n-        for (String line : lines) {\n-            console.printError(line);\n-        }\n-    }\n-\n     /** Get the list of branches. */\n     private void getBranches() {\n         service.branchList(workspaceId, project.getRootProject(), LIST_ALL,\n                            new AsyncRequestCallback<List<Branch>>(dtoUnmarshallerFactory.newListUnmarshaller(Branch.class)) {\n                                @Override\n                                protected void onSuccess(List<Branch> result) {\n-                                   view.setBranches(result);\n-                                   view.showDialogIfClosed();\n+                                   if (result.isEmpty()) {\n+                                       dialogFactory.createMessageDialog(constant.branchTitle(),\n+                                                                         constant.initCommitWasNotPerformed(),\n+                                                                         null).show();\n+                                   } else {\n+                                       view.setBranches(result);\n+                                       view.showDialogIfClosed();\n+                                   }\n                                }\n \n                                @Override\n                                protected void onFailure(Throwable exception) {\n-                                   final String errorMessage =\n-                                           (exception.getMessage() != null) ? exception.getMessage() : constant.branchesListFailed();\n-                                   final GitOutputConsole console = gitOutputConsoleFactory.create(BRANCH_LIST_COMMAND_NAME);\n-                                   console.printError(errorMessage);\n-                                   consolesPanelPresenter.addCommandOutput(appContext.getDevMachineId(), console);\n-                                   notificationManager.notify(constant.branchesListFailed(), FAIL, true, project.getRootProject());\n+                                   handleError(exception, BRANCH_LIST_COMMAND_NAME);\n                                }\n                            }\n                           );\n@@ -361,16 +335,10 @@ protected void onSuccess(Branch result) {\n \n                                              @Override\n                                              protected void onFailure(Throwable exception) {\n-                                                 final String errorMessage = (exception.getMessage() != null)\n-                                                                             ? exception.getMessage()\n-                                                                             : constant.branchCreateFailed();\n-                                                 final GitOutputConsole console = gitOutputConsoleFactory.create(BRANCH_CREATE_COMMAND_NAME);\n-                                                 console.printError(errorMessage);\n-                                                 consolesPanelPresenter.addCommandOutput(appContext.getDevMachineId(), console);\n-                                                 notificationManager.notify(constant.branchCreateFailed(), FAIL, true, project.getRootProject());\n+                                                 handleError(exception, BRANCH_CREATE_COMMAND_NAME);\n                                              }\n-                                         }\n-                                        );\n+\n+                                         });\n                 }\n \n             }\n@@ -400,32 +368,50 @@ public void onBranchSelected(@NotNull Branch branch) {\n     /**\n      * Handler some action whether some exception happened.\n      *\n-     * @param throwable\n+     * @param exception\n      *         exception what happened\n-     * @param console\n-     *         console for displaying error\n+     * @param commandName\n+     *         name of the executed command\n      */\n-    void handleError(@NotNull Throwable throwable, GitOutputConsole console) {\n-        String errorMessage = throwable.getMessage();\n-        if (errorMessage == null) {\n-            console.printError(constant.branchDeleteFailed());\n-            notificationManager.notify(constant.branchDeleteFailed(), FAIL, true, project.getRootProject());\n+    void handleError(@NotNull Throwable exception, String commandName) {\n+        if (getErrorCode(exception) == ErrorCodes.UNABLE_GET_PRIVATE_SSH_KEY) {\n+            dialogFactory.createMessageDialog(commandName, constant.messagesUnableGetSshKey(), null).show();\n             return;\n         }\n \n-        try {\n-            errorMessage = dtoFactory.createDtoFromJson(errorMessage, ServiceError.class).getMessage();\n-            if (errorMessage.equals(\"Unable get private ssh key\")) {\n-                console.printError(constant.messagesUnableGetSshKey());\n-                notificationManager.notify(constant.messagesUnableGetSshKeyTitle(), constant.messagesUnableGetSshKey(), FAIL, true,\n-                                           project.getRootProject());\n-                return;\n+        String errorMessage = exception.getMessage();\n+        if (errorMessage == null) {\n+            switch (commandName) {\n+                case BRANCH_CREATE_COMMAND_NAME:\n+                    errorMessage = constant.branchCreateFailed();\n+                    break;\n+                case BRANCH_DELETE_COMMAND_NAME:\n+                    errorMessage = constant.branchDeleteFailed();\n+                    break;\n+                case BRANCH_LIST_COMMAND_NAME:\n+                    errorMessage = constant.branchesListFailed();\n+                    break;\n+                case BRANCH_RENAME_COMMAND_NAME:\n+                    errorMessage = constant.branchRenameFailed();\n+                    break;\n+                case BRANCH_CHECKOUT_COMMAND_NAME:\n+                    errorMessage = constant.branchCheckoutFailed();\n+                    break;\n             }\n-            console.printError(errorMessage);\n-            notificationManager.notify(errorMessage, FAIL, true, project.getRootProject());\n-        } catch (Exception e) {\n-            console.printError(errorMessage);\n-            notificationManager.notify(errorMessage, FAIL, true, project.getRootProject());\n         }\n+\n+        GitOutputConsole console = gitOutputConsoleFactory.create(commandName);\n+        printGitMessage(errorMessage, console);\n+        consolesPanelPresenter.addCommandOutput(appContext.getDevMachineId(), console);\n+        notificationManager.notify(errorMessage, FAIL, true, project.getRootProject());\n     }\n+\n+    private void printGitMessage(String messageText, GitOutputConsole console) {\n+        console.print(\"\");\n+        String[] lines = messageText.split(\"\\n\");\n+        for (String line : lines) {\n+            console.printError(line);\n+        }\n+    }\n+\n }"},{"sha":"d467a4bbeac914ec1c34f7c041aabb99f0bda340","filename":"plugins/plugin-git/che-plugin-git-ext-git/src/main/java/org/eclipse/che/ide/ext/git/client/commit/CommitPresenter.java","status":"modified","additions":13,"deletions":3,"changes":16,"blob_url":"https://github.com/eclipse/che/blob/0af0f966ed6a794322d8b62ae5855b9cf5c28b28/plugins/plugin-git/che-plugin-git-ext-git/src/main/java/org/eclipse/che/ide/ext/git/client/commit/CommitPresenter.java","raw_url":"https://github.com/eclipse/che/raw/0af0f966ed6a794322d8b62ae5855b9cf5c28b28/plugins/plugin-git/che-plugin-git-ext-git/src/main/java/org/eclipse/che/ide/ext/git/client/commit/CommitPresenter.java","contents_url":"https://api.github.com/repos/eclipse/che/contents/plugins/plugin-git/che-plugin-git-ext-git/src/main/java/org/eclipse/che/ide/ext/git/client/commit/CommitPresenter.java?ref=0af0f966ed6a794322d8b62ae5855b9cf5c28b28","patch":"@@ -17,6 +17,7 @@\n import org.eclipse.che.api.git.gwt.client.GitServiceClient;\n import org.eclipse.che.api.git.shared.LogResponse;\n import org.eclipse.che.api.git.shared.Revision;\n+import org.eclipse.che.api.workspace.shared.dto.ProjectConfigDto;\n import org.eclipse.che.ide.api.app.AppContext;\n import org.eclipse.che.ide.api.notification.NotificationManager;\n import org.eclipse.che.ide.api.project.node.HasStorablePath;\n@@ -43,6 +44,7 @@\n import java.util.List;\n \n import static org.eclipse.che.ide.api.notification.StatusNotification.Status.FAIL;\n+import static org.eclipse.che.ide.util.ExceptionUtils.getErrorCode;\n \n /**\n  * Presenter for commit changes on git.\n@@ -275,8 +277,9 @@ public void onValueChanged() {\n \n     @Override\n     public void setAmendCommitMessage() {\n+        final ProjectConfigDto project = appContext.getCurrentProject().getRootProject();\n         final Unmarshallable<LogResponse> unmarshall = dtoUnmarshallerFactory.newUnmarshaller(LogResponse.class);\n-        this.service.log(workspaceId, appContext.getCurrentProject().getRootProject(), null, false,\n+        this.service.log(workspaceId, project, null, false,\n                          new AsyncRequestCallback<LogResponse>(unmarshall) {\n                              @Override\n                              protected void onSuccess(final LogResponse result) {\n@@ -294,8 +297,15 @@ protected void onSuccess(final LogResponse result) {\n \n                              @Override\n                              protected void onFailure(final Throwable exception) {\n-                                 Log.warn(CommitPresenter.class, \"Git log failed\", exception);\n-                                 CommitPresenter.this.view.setMessage(\"\");\n+                                 if (getErrorCode(exception) == ErrorCodes.INIT_COMMIT_WAS_NOT_PERFORMED) {\n+                                     dialogFactory.createMessageDialog(constant.commitTitle(),\n+                                                                       constant.initCommitWasNotPerformed(),\n+                                                                       null).show();\n+                                 } else {\n+                                     Log.warn(CommitPresenter.class, \"Git log failed\", exception);\n+                                     CommitPresenter.this.view.setMessage(\"\");\n+                                     notificationManager.notify(constant.logFailed(), FAIL, false, project);\n+                                 }\n                              }\n                          });\n     }"},{"sha":"661863c24c336ae60cb548901a1f1391a64ea332","filename":"plugins/plugin-git/che-plugin-git-ext-git/src/main/java/org/eclipse/che/ide/ext/git/client/compare/revisionsList/RevisionListPresenter.java","status":"modified","additions":10,"deletions":1,"changes":11,"blob_url":"https://github.com/eclipse/che/blob/0af0f966ed6a794322d8b62ae5855b9cf5c28b28/plugins/plugin-git/che-plugin-git-ext-git/src/main/java/org/eclipse/che/ide/ext/git/client/compare/revisionsList/RevisionListPresenter.java","raw_url":"https://github.com/eclipse/che/raw/0af0f966ed6a794322d8b62ae5855b9cf5c28b28/plugins/plugin-git/che-plugin-git-ext-git/src/main/java/org/eclipse/che/ide/ext/git/client/compare/revisionsList/RevisionListPresenter.java","contents_url":"https://api.github.com/repos/eclipse/che/contents/plugins/plugin-git/che-plugin-git-ext-git/src/main/java/org/eclipse/che/ide/ext/git/client/compare/revisionsList/RevisionListPresenter.java?ref=0af0f966ed6a794322d8b62ae5855b9cf5c28b28","patch":"@@ -13,6 +13,7 @@\n import com.google.inject.Inject;\n import com.google.inject.Singleton;\n \n+import org.eclipse.che.api.core.ErrorCodes;\n import org.eclipse.che.api.git.gwt.client.GitServiceClient;\n import org.eclipse.che.api.git.shared.LogResponse;\n import org.eclipse.che.api.git.shared.Revision;\n@@ -36,6 +37,7 @@\n \n import static org.eclipse.che.api.git.shared.DiffRequest.DiffType.NAME_STATUS;\n import static org.eclipse.che.ide.api.notification.StatusNotification.Status.FAIL;\n+import static org.eclipse.che.ide.util.ExceptionUtils.getErrorCode;\n \n /**\n  * Presenter for displaying list of revisions for comparing selected with local changes.\n@@ -149,7 +151,14 @@ protected void onSuccess(LogResponse result) {\n \n                            @Override\n                            protected void onFailure(Throwable exception) {\n-                               notificationManager.notify(locale.logFailed(), FAIL, false);\n+                               if (getErrorCode(exception) == ErrorCodes.INIT_COMMIT_WAS_NOT_PERFORMED) {\n+                                   dialogFactory.createMessageDialog(locale.compareWithRevisionTitle(),\n+                                                                     locale.initCommitWasNotPerformed(),\n+                                                                     null).show();\n+                               } else {\n+                                   notificationManager.notify(locale.logFailed(), FAIL, false);\n+                               }\n+\n                            }\n                        });\n     }"},{"sha":"f1b71763f16f99e3cedf43a74e3360579e39aac5","filename":"plugins/plugin-git/che-plugin-git-ext-git/src/main/java/org/eclipse/che/ide/ext/git/client/history/HistoryPresenter.java","status":"modified","additions":23,"deletions":7,"changes":30,"blob_url":"https://github.com/eclipse/che/blob/0af0f966ed6a794322d8b62ae5855b9cf5c28b28/plugins/plugin-git/che-plugin-git-ext-git/src/main/java/org/eclipse/che/ide/ext/git/client/history/HistoryPresenter.java","raw_url":"https://github.com/eclipse/che/raw/0af0f966ed6a794322d8b62ae5855b9cf5c28b28/plugins/plugin-git/che-plugin-git-ext-git/src/main/java/org/eclipse/che/ide/ext/git/client/history/HistoryPresenter.java","contents_url":"https://api.github.com/repos/eclipse/che/contents/plugins/plugin-git/che-plugin-git-ext-git/src/main/java/org/eclipse/che/ide/ext/git/client/history/HistoryPresenter.java?ref=0af0f966ed6a794322d8b62ae5855b9cf5c28b28","patch":"@@ -17,6 +17,7 @@\n import com.google.inject.Singleton;\n import com.google.web.bindery.event.shared.EventBus;\n \n+import org.eclipse.che.api.core.ErrorCodes;\n import org.eclipse.che.api.git.gwt.client.GitServiceClient;\n import org.eclipse.che.api.git.shared.LogResponse;\n import org.eclipse.che.api.git.shared.Revision;\n@@ -42,15 +43,18 @@\n import org.eclipse.che.ide.rest.AsyncRequestCallback;\n import org.eclipse.che.ide.rest.DtoUnmarshallerFactory;\n import org.eclipse.che.ide.rest.StringUnmarshaller;\n+import org.eclipse.che.ide.ui.dialogs.DialogFactory;\n import org.vectomatic.dom.svg.ui.SVGResource;\n \n import javax.validation.constraints.NotNull;\n+\n import java.util.ArrayList;\n import java.util.Arrays;\n import java.util.List;\n \n import static org.eclipse.che.api.git.shared.DiffRequest.DiffType.RAW;\n import static org.eclipse.che.ide.api.notification.StatusNotification.Status.FAIL;\n+import static org.eclipse.che.ide.util.ExceptionUtils.getErrorCode;\n \n /**\n  * Presenter for showing git history.\n@@ -71,6 +75,7 @@\n     private final GitLocalizationConstant constant;\n     private final GitResources            resources;\n     private final AppContext              appContext;\n+    private final DialogFactory           dialogFactory;    \n     private final WorkspaceAgent          workspaceAgent;\n     private final DateTimeFormatter       dateTimeFormatter;\n     private final GitOutputConsoleFactory gitOutputConsoleFactory;\n@@ -94,12 +99,14 @@ public HistoryPresenter(final HistoryView view,\n                             GitLocalizationConstant constant,\n                             AppContext appContext,\n                             NotificationManager notificationManager,\n+                            DialogFactory dialogFactory,\n                             DtoUnmarshallerFactory dtoUnmarshallerFactory,\n                             DateTimeFormatter dateTimeFormatter,\n                             SelectionAgent selectionAgent,\n                             GitOutputConsoleFactory gitOutputConsoleFactory,\n                             ConsolesPanelPresenter consolesPanelPresenter) {\n         this.view = view;\n+        this.dialogFactory = dialogFactory;\n         this.dateTimeFormatter = dateTimeFormatter;\n         this.gitOutputConsoleFactory = gitOutputConsoleFactory;\n         this.consolesPanelPresenter = consolesPanelPresenter;\n@@ -155,7 +162,7 @@ public void showDialog() {\n \n     /** Get the log of the commits. If successfully received, then display in revision grid, otherwise - show error in output panel. */\n     private void getCommitsLog(final ProjectConfigDto project) {\n-        service.log(workspaceId, project, null, false, \n+        service.log(workspaceId, project, null, false,\n                     new AsyncRequestCallback<LogResponse>(dtoUnmarshallerFactory.newUnmarshaller(LogResponse.class)) {\n                         @Override\n                         protected void onSuccess(LogResponse result) {\n@@ -165,12 +172,21 @@ protected void onSuccess(LogResponse result) {\n \n                         @Override\n                         protected void onFailure(Throwable exception) {\n-                            nothingToDisplay(null);\n-                            String errorMessage = exception.getMessage() != null ? exception.getMessage() : constant.logFailed();\n-                            GitOutputConsole console = gitOutputConsoleFactory.create(LOG_COMMAND_NAME);\n-                            console.printError(errorMessage);\n-                            consolesPanelPresenter.addCommandOutput(appContext.getDevMachineId(), console);\n-                            notificationManager.notify(constant.logFailed(), FAIL, true, project);\n+                            if (getErrorCode(exception) == ErrorCodes.INIT_COMMIT_WAS_NOT_PERFORMED) {\n+                                dialogFactory.createMessageDialog(constant.historyTitle(),\n+                                                                  constant.initCommitWasNotPerformed(),\n+                                                                  null).show();\n+                            } else {\n+                                nothingToDisplay(null);\n+                                String errorMessage = exception.getMessage() != null ? exception.getMessage() : constant.logFailed();\n+                                GitOutputConsole console = gitOutputConsoleFactory.create(LOG_COMMAND_NAME);\n+                                console.printError(errorMessage);\n+                                consolesPanelPresenter.addCommandOutput(appContext.getDevMachineId(), console);\n+                                notificationManager.notify(constant.logFailed(), FAIL, true, project);\n+                            }\n+                            partStack.hidePart(HistoryPresenter.this);\n+                            workspaceAgent.removePart(HistoryPresenter.this);\n+                            isViewClosed = true;\n                         }\n                     });\n     }"},{"sha":"d2966dcc5929077df9832d17a78f8bffbb284c3b","filename":"plugins/plugin-git/che-plugin-git-ext-git/src/main/java/org/eclipse/che/ide/ext/git/client/reset/commit/ResetToCommitPresenter.java","status":"modified","additions":13,"deletions":0,"changes":13,"blob_url":"https://github.com/eclipse/che/blob/0af0f966ed6a794322d8b62ae5855b9cf5c28b28/plugins/plugin-git/che-plugin-git-ext-git/src/main/java/org/eclipse/che/ide/ext/git/client/reset/commit/ResetToCommitPresenter.java","raw_url":"https://github.com/eclipse/che/raw/0af0f966ed6a794322d8b62ae5855b9cf5c28b28/plugins/plugin-git/che-plugin-git-ext-git/src/main/java/org/eclipse/che/ide/ext/git/client/reset/commit/ResetToCommitPresenter.java","contents_url":"https://api.github.com/repos/eclipse/che/contents/plugins/plugin-git/che-plugin-git-ext-git/src/main/java/org/eclipse/che/ide/ext/git/client/reset/commit/ResetToCommitPresenter.java?ref=0af0f966ed6a794322d8b62ae5855b9cf5c28b28","patch":"@@ -14,6 +14,7 @@\n import com.google.inject.Singleton;\n import com.google.web.bindery.event.shared.EventBus;\n \n+import org.eclipse.che.api.core.ErrorCodes;\n import org.eclipse.che.api.git.gwt.client.GitServiceClient;\n import org.eclipse.che.api.git.shared.LogResponse;\n import org.eclipse.che.api.git.shared.ResetRequest;\n@@ -30,13 +31,16 @@\n import org.eclipse.che.ide.extension.machine.client.processes.ConsolesPanelPresenter;\n import org.eclipse.che.ide.rest.AsyncRequestCallback;\n import org.eclipse.che.ide.rest.DtoUnmarshallerFactory;\n+import org.eclipse.che.ide.ui.dialogs.DialogFactory;\n \n import javax.validation.constraints.NotNull;\n+\n import java.util.ArrayList;\n import java.util.List;\n \n import static org.eclipse.che.ide.api.notification.StatusNotification.Status.FAIL;\n import static org.eclipse.che.ide.ext.git.client.history.HistoryPresenter.LOG_COMMAND_NAME;\n+import static org.eclipse.che.ide.util.ExceptionUtils.getErrorCode;\n \n /**\n  * Presenter for resetting head to commit.\n@@ -50,6 +54,7 @@\n     private final DtoUnmarshallerFactory  dtoUnmarshallerFactory;\n     private final ResetToCommitView       view;\n     private final GitOutputConsoleFactory gitOutputConsoleFactory;\n+    private final DialogFactory           dialogFactory;\n     private final ConsolesPanelPresenter  consolesPanelPresenter;\n     private final GitServiceClient        service;\n     private final AppContext              appContext;\n@@ -68,12 +73,14 @@ public ResetToCommitPresenter(ResetToCommitView view,\n                                   GitLocalizationConstant constant,\n                                   EventBus eventBus,\n                                   EditorAgent editorAgent,\n+                                  DialogFactory dialogFactory,\n                                   AppContext appContext,\n                                   NotificationManager notificationManager,\n                                   DtoUnmarshallerFactory dtoUnmarshallerFactory,\n                                   GitOutputConsoleFactory gitOutputConsoleFactory,\n                                   ConsolesPanelPresenter consolesPanelPresenter) {\n         this.view = view;\n+        this.dialogFactory = dialogFactory;\n         this.gitOutputConsoleFactory = gitOutputConsoleFactory;\n         this.consolesPanelPresenter = consolesPanelPresenter;\n         this.view.setDelegate(this);\n@@ -103,6 +110,12 @@ protected void onSuccess(LogResponse result) {\n \n                         @Override\n                         protected void onFailure(Throwable exception) {\n+                            if (getErrorCode(exception) == ErrorCodes.INIT_COMMIT_WAS_NOT_PERFORMED) {\n+                                dialogFactory.createMessageDialog(constant.resetCommitViewTitle(),\n+                                                                  constant.initCommitWasNotPerformed(),\n+                                                                  null).show();\n+                                return;\n+                            }\n                             String errorMessage = (exception.getMessage() != null) ? exception.getMessage() : constant.logFailed();\n                             GitOutputConsole console = gitOutputConsoleFactory.create(LOG_COMMAND_NAME);\n                             console.printError(errorMessage);"},{"sha":"59ce4317de85736eed05ca9ac847abaadeb7eaa6","filename":"plugins/plugin-git/che-plugin-git-ext-git/src/main/resources/org/eclipse/che/ide/ext/git/client/GitLocalizationConstant.properties","status":"modified","additions":3,"deletions":2,"changes":5,"blob_url":"https://github.com/eclipse/che/blob/0af0f966ed6a794322d8b62ae5855b9cf5c28b28/plugins/plugin-git/che-plugin-git-ext-git/src/main/resources/org/eclipse/che/ide/ext/git/client/GitLocalizationConstant.properties","raw_url":"https://github.com/eclipse/che/raw/0af0f966ed6a794322d8b62ae5855b9cf5c28b28/plugins/plugin-git/che-plugin-git-ext-git/src/main/resources/org/eclipse/che/ide/ext/git/client/GitLocalizationConstant.properties","contents_url":"https://api.github.com/repos/eclipse/che/contents/plugins/plugin-git/che-plugin-git-ext-git/src/main/resources/org/eclipse/che/ide/ext/git/client/GitLocalizationConstant.properties?ref=0af0f966ed6a794322d8b62ae5855b9cf5c28b28","patch":"@@ -28,8 +28,8 @@ button.push=Push\n button.pull=Pull\n \n ############MESSAGES################\n-messages.unableGetSshKeyTitle=Failed to get private ssh key\n-messages.unableGetSshKey = You can create a new SSH key pair in Window->Preferences->Keys->SSH Keystore.\n+messages.unableGetSshKey = Failed to get private ssh key. \\\n+  You can create a new SSH key pair in Help->Preferences->SSH->Git.\n messages.warningTitle = Warning\n messages.index_empty=Index is empty\n messages.add_success=Git index updated\n@@ -50,6 +50,7 @@ messages.committer_identity_info_empty=Git user name and (or) email was not set.\n   You can set this information in Help -> Preferences -> Git -> Committer.\n messages.diff.failed=Failed to get diff\n messages.log_failed=Failed to load commits history\n+messages.init_commit_was_not_performed=Initial commit is required to perform this operation.\n messages.init_success=Repository initialized\n messages.init_failed=Failed to initialize repository\n messages.initRepoQuestion = Do you want to initialize the local repository {0}?"},{"sha":"eb70661d17b26ef18829c3d7f1d1410a780e0b0f","filename":"plugins/plugin-git/che-plugin-git-ext-git/src/test/java/org/eclipse/che/ide/ext/git/client/history/HistoryPresenterTest.java","status":"modified","additions":1,"deletions":0,"changes":1,"blob_url":"https://github.com/eclipse/che/blob/0af0f966ed6a794322d8b62ae5855b9cf5c28b28/plugins/plugin-git/che-plugin-git-ext-git/src/test/java/org/eclipse/che/ide/ext/git/client/history/HistoryPresenterTest.java","raw_url":"https://github.com/eclipse/che/raw/0af0f966ed6a794322d8b62ae5855b9cf5c28b28/plugins/plugin-git/che-plugin-git-ext-git/src/test/java/org/eclipse/che/ide/ext/git/client/history/HistoryPresenterTest.java","contents_url":"https://api.github.com/repos/eclipse/che/contents/plugins/plugin-git/che-plugin-git-ext-git/src/test/java/org/eclipse/che/ide/ext/git/client/history/HistoryPresenterTest.java?ref=0af0f966ed6a794322d8b62ae5855b9cf5c28b28","patch":"@@ -98,6 +98,7 @@ public void disarm() {\n                                          constant,\n                                          appContext,\n                                          notificationManager,\n+                                         dialogFactory,\n                                          dtoUnmarshallerFactory,\n                                          dateTimeFormatter,\n                                          selectionAgent,"},{"sha":"9c01e32f4c119c94540e9592dd954279b1834ac2","filename":"plugins/plugin-git/che-plugin-git-ext-git/src/test/java/org/eclipse/che/ide/ext/git/client/reset/commit/ResetToCommitPresenterTest.java","status":"modified","additions":1,"deletions":0,"changes":1,"blob_url":"https://github.com/eclipse/che/blob/0af0f966ed6a794322d8b62ae5855b9cf5c28b28/plugins/plugin-git/che-plugin-git-ext-git/src/test/java/org/eclipse/che/ide/ext/git/client/reset/commit/ResetToCommitPresenterTest.java","raw_url":"https://github.com/eclipse/che/raw/0af0f966ed6a794322d8b62ae5855b9cf5c28b28/plugins/plugin-git/che-plugin-git-ext-git/src/test/java/org/eclipse/che/ide/ext/git/client/reset/commit/ResetToCommitPresenterTest.java","contents_url":"https://api.github.com/repos/eclipse/che/contents/plugins/plugin-git/che-plugin-git-ext-git/src/test/java/org/eclipse/che/ide/ext/git/client/reset/commit/ResetToCommitPresenterTest.java?ref=0af0f966ed6a794322d8b62ae5855b9cf5c28b28","patch":"@@ -83,6 +83,7 @@ public void disarm() {\n                                                constant,\n                                                eventBus,\n                                                editorAgent,\n+                                               dialogFactory,\n                                                appContext,\n                                                notificationManager,\n                                                dtoUnmarshallerFactory,"},{"sha":"32cf7e72c3ddbf371bf71b04b85956531a4d6a49","filename":"plugins/plugin-github/che-plugin-github-ext-github/src/main/resources/org/eclipse/che/ide/ext/github/client/GitHubLocalizationConstant.properties","status":"modified","additions":1,"deletions":1,"changes":2,"blob_url":"https://github.com/eclipse/che/blob/0af0f966ed6a794322d8b62ae5855b9cf5c28b28/plugins/plugin-github/che-plugin-github-ext-github/src/main/resources/org/eclipse/che/ide/ext/github/client/GitHubLocalizationConstant.properties","raw_url":"https://github.com/eclipse/che/raw/0af0f966ed6a794322d8b62ae5855b9cf5c28b28/plugins/plugin-github/che-plugin-github-ext-github/src/main/resources/org/eclipse/che/ide/ext/github/client/GitHubLocalizationConstant.properties","contents_url":"https://api.github.com/repos/eclipse/che/contents/plugins/plugin-github/che-plugin-github-ext-github/src/main/resources/org/eclipse/che/ide/ext/github/client/GitHubLocalizationConstant.properties?ref=0af0f966ed6a794322d8b62ae5855b9cf5c28b28","patch":"@@ -16,7 +16,7 @@ authorization.dialog.title = Authorization\n authorization.dialog.text = {0} requests authorization through OAuth2 protocol\n authorization.generateKeyLabel = generate ssh key and upload it on GitHub\n authorization.message.unableCreateSshKey = Unable create private ssh key. \\\n-  You can create a new SSH key pair in Window->Preferences->Keys->SSH Keystore.\n+  You can create a new SSH key pair in Help->Preferences->SSH->Git.\n authorization.message.keyUploadSuccess = Ssh key uploaded\n ############### SamplesListGrid ###############\n samplesListGrid.column.name=Project"}]}
