{"sha":"0afb3564872be993ae43c3ab1beb286c470b281a","commit":{"author":{"name":"Anton Korneta","email":"akorneta@redhat.com","date":"2018-03-22T12:56:23Z"},"committer":{"name":"Anton Korneta","email":"akorneta@redhat.com","date":"2018-03-28T08:17:20Z"},"message":"Disable che-data pvc creation for musltiuser che deployment","tree":{"sha":"f498ed4d51aaa82c3e2d2b6928b250b35369e0ef","url":"https://api.github.com/repos/eclipse/che/git/trees/f498ed4d51aaa82c3e2d2b6928b250b35369e0ef"},"url":"https://api.github.com/repos/eclipse/che/git/commits/0afb3564872be993ae43c3ab1beb286c470b281a","comment_count":0,"verification":{"verified":false,"reason":"unsigned","signature":null,"payload":null}},"url":"https://api.github.com/repos/eclipse/che/commits/0afb3564872be993ae43c3ab1beb286c470b281a","html_url":"https://github.com/eclipse/che/commit/0afb3564872be993ae43c3ab1beb286c470b281a","comments_url":"https://api.github.com/repos/eclipse/che/commits/0afb3564872be993ae43c3ab1beb286c470b281a/comments","author":{"login":"akorneta","id":12269156,"avatar_url":"https://avatars1.githubusercontent.com/u/12269156?v=4","gravatar_id":"","url":"https://api.github.com/users/akorneta","html_url":"https://github.com/akorneta","followers_url":"https://api.github.com/users/akorneta/followers","following_url":"https://api.github.com/users/akorneta/following{/other_user}","gists_url":"https://api.github.com/users/akorneta/gists{/gist_id}","starred_url":"https://api.github.com/users/akorneta/starred{/owner}{/repo}","subscriptions_url":"https://api.github.com/users/akorneta/subscriptions","organizations_url":"https://api.github.com/users/akorneta/orgs","repos_url":"https://api.github.com/users/akorneta/repos","events_url":"https://api.github.com/users/akorneta/events{/privacy}","received_events_url":"https://api.github.com/users/akorneta/received_events","type":"User","site_admin":false},"committer":{"login":"akorneta","id":12269156,"avatar_url":"https://avatars1.githubusercontent.com/u/12269156?v=4","gravatar_id":"","url":"https://api.github.com/users/akorneta","html_url":"https://github.com/akorneta","followers_url":"https://api.github.com/users/akorneta/followers","following_url":"https://api.github.com/users/akorneta/following{/other_user}","gists_url":"https://api.github.com/users/akorneta/gists{/gist_id}","starred_url":"https://api.github.com/users/akorneta/starred{/owner}{/repo}","subscriptions_url":"https://api.github.com/users/akorneta/subscriptions","organizations_url":"https://api.github.com/users/akorneta/orgs","repos_url":"https://api.github.com/users/akorneta/repos","events_url":"https://api.github.com/users/akorneta/events{/privacy}","received_events_url":"https://api.github.com/users/akorneta/received_events","type":"User","site_admin":false},"parents":[{"sha":"e1df4ead64bfbbbf0dccc0089b966b44c2e84283","url":"https://api.github.com/repos/eclipse/che/commits/e1df4ead64bfbbbf0dccc0089b966b44c2e84283","html_url":"https://github.com/eclipse/che/commit/e1df4ead64bfbbbf0dccc0089b966b44c2e84283"}],"stats":{"total":61,"additions":40,"deletions":21},"files":[{"sha":"e1bd90cf95b6918b2bad23bebae6200e303dfb03","filename":"deploy/kubernetes/helm/che/templates/deployment.yaml","status":"modified","additions":8,"deletions":4,"changes":12,"blob_url":"https://github.com/eclipse/che/blob/0afb3564872be993ae43c3ab1beb286c470b281a/deploy/kubernetes/helm/che/templates/deployment.yaml","raw_url":"https://github.com/eclipse/che/raw/0afb3564872be993ae43c3ab1beb286c470b281a/deploy/kubernetes/helm/che/templates/deployment.yaml","contents_url":"https://api.github.com/repos/eclipse/che/contents/deploy/kubernetes/helm/che/templates/deployment.yaml?ref=0afb3564872be993ae43c3ab1beb286c470b281a","patch":"@@ -35,13 +35,15 @@ spec:\n               fieldRef:\n                 fieldPath: metadata.namespace\n {{- end }}\n+{{- if not .Values.global.multiuser }}\n       - name: fmp-volume-permission\n         image: busybox\n         command: [\"chmod\", \"777\", \"/data\"]\n         volumeMounts: [{\n               \"mountPath\": \"/data\",\n               \"name\": \"che-data-volume\"\n         }]\n+{{- end }}\n       containers:\n       - env:\n         - name: CHE_DOMAIN\n@@ -233,17 +235,19 @@ spec:\n             memory: 600Mi\n           requests:\n             memory: 256Mi\n+{{- if not .Values.global.multiuser }}\n         volumeMounts:\n         - mountPath: /data\n           name: che-data-volume\n+      volumes:\n+      - name: che-data-volume\n+        persistentVolumeClaim:\n+          claimName: che-data-volume\n+{{- end }}\n {{- if .Values.registry }}\n {{- if and .Values.registry.password .Values.registry.username }}\n       imagePullSecrets:\n         - name: registry-pull-secret\n {{- end }}\n {{- end }}\n       serviceAccountName: che\n-      volumes:\n-      - name: che-data-volume\n-        persistentVolumeClaim:\n-          claimName: che-data-volume"},{"sha":"05da56ef42c8122875dc3ffaf8063622a8c2da67","filename":"deploy/kubernetes/helm/che/templates/pvc.yaml","status":"modified","additions":2,"deletions":0,"changes":2,"blob_url":"https://github.com/eclipse/che/blob/0afb3564872be993ae43c3ab1beb286c470b281a/deploy/kubernetes/helm/che/templates/pvc.yaml","raw_url":"https://github.com/eclipse/che/raw/0afb3564872be993ae43c3ab1beb286c470b281a/deploy/kubernetes/helm/che/templates/pvc.yaml","contents_url":"https://api.github.com/repos/eclipse/che/contents/deploy/kubernetes/helm/che/templates/pvc.yaml?ref=0afb3564872be993ae43c3ab1beb286c470b281a","patch":"@@ -5,6 +5,7 @@\n # http://www.eclipse.org/legal/epl-v10.html\n #\n \n+{{- if not .Values.global.multiuser }}\n apiVersion: v1\n kind: PersistentVolumeClaim\n metadata:\n@@ -17,3 +18,4 @@ spec:\n   resources:\n     requests:\n       storage: 1Gi\n+{{- end }}"},{"sha":"a44aa1e58f204aae8c02d6bbce15693637068ca9","filename":"deploy/openshift/che-openshift.yml","status":"modified","additions":3,"deletions":17,"changes":20,"blob_url":"https://github.com/eclipse/che/blob/0afb3564872be993ae43c3ab1beb286c470b281a/deploy/openshift/che-openshift.yml","raw_url":"https://github.com/eclipse/che/raw/0afb3564872be993ae43c3ab1beb286c470b281a/deploy/openshift/che-openshift.yml","contents_url":"https://api.github.com/repos/eclipse/che/contents/deploy/openshift/che-openshift.yml?ref=0afb3564872be993ae43c3ab1beb286c470b281a","patch":"@@ -2,18 +2,7 @@\n apiVersion: v1\n kind: List\n items:\n-- apiVersion: v1\n-  kind: PersistentVolumeClaim\n-  metadata:\n-    labels:\n-      app: che\n-    name: che-data-volume\n-  spec:\n-    accessModes:\n-    - ReadWriteOnce\n-    resources:\n-      requests:\n-        storage: 1Gi\n+#CHE_MASTER_PVC\n - apiVersion: v1\n   kind: PersistentVolumeClaim\n   metadata:\n@@ -77,12 +66,9 @@ items:\n             requests:\n               memory: 256Mi\n           volumeMounts:\n-          - mountPath: /data\n-            name: che-data-volume\n+          #CHE_MASTER_VOLUME_MOUNTS\n         serviceAccountName: che\n         volumes:\n-        - name: che-data-volume\n-          persistentVolumeClaim:\n-            claimName: che-data-volume\n+        #CHE_MASTER_VOLUMES\n     triggers:\n     - type: ConfigChange"},{"sha":"6f28dc6aa1aa6da63aa48da853e028507e9ac299","filename":"deploy/openshift/deploy_che.sh","status":"modified","additions":27,"deletions":0,"changes":27,"blob_url":"https://github.com/eclipse/che/blob/0afb3564872be993ae43c3ab1beb286c470b281a/deploy/openshift/deploy_che.sh","raw_url":"https://github.com/eclipse/che/raw/0afb3564872be993ae43c3ab1beb286c470b281a/deploy/openshift/deploy_che.sh","contents_url":"https://api.github.com/repos/eclipse/che/contents/deploy/openshift/deploy_che.sh?ref=0afb3564872be993ae43c3ab1beb286c470b281a","patch":"@@ -284,6 +284,29 @@ CHE_IMAGE_SANITIZED=$(echo \"${CHE_IMAGE}\" | sed 's/\\//\\\\\\//g')\n CHE_KEYCLOAK_OSO_ENDPOINT=${CHE_KEYCLOAK_OSO_ENDPOINT:-${DEFAULT_CHE_KEYCLOAK_OSO_ENDPOINT}}\n KEYCLOAK_GITHUB_ENDPOINT=${KEYCLOAK_GITHUB_ENDPOINT:-${DEFAULT_KEYCLOAK_GITHUB_ENDPOINT}}\n \n+CHE_MASTER_PVC=\"\\\n+- apiVersion: v1\\n \\\n+ kind: PersistentVolumeClaim\\n \\\n+ metadata:\\n \\\n+   labels:\\n \\\n+     app: che\\n \\\n+   name: che-data-volume\\n \\\n+ spec:\\n \\\n+   accessModes:\\n \\\n+   - ReadWriteOnce\\n \\\n+   resources:\\n \\\n+     requests:\\n \\\n+       storage: 1Gi\"\n+\n+CHE_MASTER_VOLUME_MOUNTS=\"\\\n+- mountPath: /data\\n \\\n+           name: che-data-volume\"\n+\n+CHE_MASTER_VOLUMES=\"\\\n+- name: che-data-volume\\n \\\n+         persistentVolumeClaim:\\n \\\n+           claimName: che-data-volume\"\n+\n get_che_pod_config() {\n DEFAULT_CHE_DEPLOYMENT_FILE_PATH=${BASE_DIR}/che-openshift.yml\n CHE_DEPLOYMENT_FILE_PATH=${CHE_DEPLOYMENT_FILE_PATH:-${DEFAULT_CHE_DEPLOYMENT_FILE_PATH}}\n@@ -292,6 +315,10 @@ CHE_CONFIG_FILE_PATH=${CHE_CONFIG_FILE_PATH:-${DEFAULT_CHE_CONFIG_FILE_PATH}}\n cat \"${CHE_DEPLOYMENT_FILE_PATH}\" | \\\n     sed \"s/          image:.*/          image: \\\"${CHE_IMAGE_SANITIZED}\\\"/\" | \\\n     sed \"s/          imagePullPolicy:.*/          imagePullPolicy: \\\"${IMAGE_PULL_POLICY}\\\"/\" | \\\n+    if [[ \"${CHE_MULTIUSER}\" != \"true\" ]]; then\n+    sed \"s|#CHE_MASTER_PVC|$CHE_MASTER_PVC|\" | \\\n+    sed \"s|#CHE_MASTER_VOLUME_MOUNTS.*|$CHE_MASTER_VOLUME_MOUNTS|\" | \\\n+    sed \"s|#CHE_MASTER_VOLUMES.*|$CHE_MASTER_VOLUMES|\";else cat -; fi | \\\n     inject_che_config \"#CHE_MASTER_CONFIG\" \"${CHE_CONFIG_FILE_PATH}\"\n }\n "}]}
