{"sha":"0b0cdb35ad1b13a0c534014cdb106d41e8005e2d","commit":{"author":{"name":"RomanNikitenko","email":"rnikitenko@codenvy.com","date":"2016-03-10T14:21:19Z"},"committer":{"name":"RomanNikitenko","email":"rnikitenko@codenvy.com","date":"2016-03-10T14:21:19Z"},"message":"Merge pull request #659 from eclipse/CHE-176\n\nCHE-176. Set 'accept' button in the focus for Choice dialog and Confirm dialog","tree":{"sha":"affe347d20f014c436d531368c2ae1321eabc561","url":"https://api.github.com/repos/eclipse/che/git/trees/affe347d20f014c436d531368c2ae1321eabc561"},"url":"https://api.github.com/repos/eclipse/che/git/commits/0b0cdb35ad1b13a0c534014cdb106d41e8005e2d","comment_count":0,"verification":{"verified":false,"reason":"unsigned","signature":null,"payload":null}},"url":"https://api.github.com/repos/eclipse/che/commits/0b0cdb35ad1b13a0c534014cdb106d41e8005e2d","html_url":"https://github.com/eclipse/che/commit/0b0cdb35ad1b13a0c534014cdb106d41e8005e2d","comments_url":"https://api.github.com/repos/eclipse/che/commits/0b0cdb35ad1b13a0c534014cdb106d41e8005e2d/comments","author":{"login":"RomanNikitenko","id":5676062,"avatar_url":"https://avatars1.githubusercontent.com/u/5676062?v=4","gravatar_id":"","url":"https://api.github.com/users/RomanNikitenko","html_url":"https://github.com/RomanNikitenko","followers_url":"https://api.github.com/users/RomanNikitenko/followers","following_url":"https://api.github.com/users/RomanNikitenko/following{/other_user}","gists_url":"https://api.github.com/users/RomanNikitenko/gists{/gist_id}","starred_url":"https://api.github.com/users/RomanNikitenko/starred{/owner}{/repo}","subscriptions_url":"https://api.github.com/users/RomanNikitenko/subscriptions","organizations_url":"https://api.github.com/users/RomanNikitenko/orgs","repos_url":"https://api.github.com/users/RomanNikitenko/repos","events_url":"https://api.github.com/users/RomanNikitenko/events{/privacy}","received_events_url":"https://api.github.com/users/RomanNikitenko/received_events","type":"User","site_admin":false},"committer":{"login":"RomanNikitenko","id":5676062,"avatar_url":"https://avatars1.githubusercontent.com/u/5676062?v=4","gravatar_id":"","url":"https://api.github.com/users/RomanNikitenko","html_url":"https://github.com/RomanNikitenko","followers_url":"https://api.github.com/users/RomanNikitenko/followers","following_url":"https://api.github.com/users/RomanNikitenko/following{/other_user}","gists_url":"https://api.github.com/users/RomanNikitenko/gists{/gist_id}","starred_url":"https://api.github.com/users/RomanNikitenko/starred{/owner}{/repo}","subscriptions_url":"https://api.github.com/users/RomanNikitenko/subscriptions","organizations_url":"https://api.github.com/users/RomanNikitenko/orgs","repos_url":"https://api.github.com/users/RomanNikitenko/repos","events_url":"https://api.github.com/users/RomanNikitenko/events{/privacy}","received_events_url":"https://api.github.com/users/RomanNikitenko/received_events","type":"User","site_admin":false},"parents":[{"sha":"bf11c05893f22bd1efe6afa6afaa370324f542fc","url":"https://api.github.com/repos/eclipse/che/commits/bf11c05893f22bd1efe6afa6afaa370324f542fc","html_url":"https://github.com/eclipse/che/commit/bf11c05893f22bd1efe6afa6afaa370324f542fc"},{"sha":"bf12ac8833bd9099f1e9c3e00ec90fc45dca8ef7","url":"https://api.github.com/repos/eclipse/che/commits/bf12ac8833bd9099f1e9c3e00ec90fc45dca8ef7","html_url":"https://github.com/eclipse/che/commit/bf12ac8833bd9099f1e9c3e00ec90fc45dca8ef7"}],"stats":{"total":33,"additions":20,"deletions":13},"files":[{"sha":"bb40fc44f57ddddfe1f662de6061909ccbc1ac73","filename":"core/ide/che-core-ide-ui/src/main/java/org/eclipse/che/ide/ui/dialogs/choice/ChoiceDialogView.java","status":"modified","additions":4,"deletions":1,"changes":5,"blob_url":"https://github.com/eclipse/che/blob/0b0cdb35ad1b13a0c534014cdb106d41e8005e2d/core/ide/che-core-ide-ui/src/main/java/org/eclipse/che/ide/ui/dialogs/choice/ChoiceDialogView.java","raw_url":"https://github.com/eclipse/che/raw/0b0cdb35ad1b13a0c534014cdb106d41e8005e2d/core/ide/che-core-ide-ui/src/main/java/org/eclipse/che/ide/ui/dialogs/choice/ChoiceDialogView.java","contents_url":"https://api.github.com/repos/eclipse/che/contents/core/ide/che-core-ide-ui/src/main/java/org/eclipse/che/ide/ui/dialogs/choice/ChoiceDialogView.java?ref=0b0cdb35ad1b13a0c534014cdb106d41e8005e2d","patch":"@@ -23,7 +23,10 @@\n     /** Sets the action delegate. */\n     void setDelegate(ActionDelegate delegate);\n \n-    /** Displays the dialog window. */\n+    /**\n+     * Displays the dialog window.\n+     * Sets \"first-choice\" button in the focus.\n+     */\n     void showDialog();\n \n     /** Closes the dialog window. */"},{"sha":"f70c66e41625affaf006242bc85585471350aafa","filename":"core/ide/che-core-ide-ui/src/main/java/org/eclipse/che/ide/ui/dialogs/choice/ChoiceDialogViewImpl.java","status":"modified","additions":1,"deletions":1,"changes":2,"blob_url":"https://github.com/eclipse/che/blob/0b0cdb35ad1b13a0c534014cdb106d41e8005e2d/core/ide/che-core-ide-ui/src/main/java/org/eclipse/che/ide/ui/dialogs/choice/ChoiceDialogViewImpl.java","raw_url":"https://github.com/eclipse/che/raw/0b0cdb35ad1b13a0c534014cdb106d41e8005e2d/core/ide/che-core-ide-ui/src/main/java/org/eclipse/che/ide/ui/dialogs/choice/ChoiceDialogViewImpl.java","contents_url":"https://api.github.com/repos/eclipse/che/contents/core/ide/che-core-ide-ui/src/main/java/org/eclipse/che/ide/ui/dialogs/choice/ChoiceDialogViewImpl.java?ref=0b0cdb35ad1b13a0c534014cdb106d41e8005e2d","patch":"@@ -59,7 +59,7 @@ protected void onClose() {\n \n     @Override\n     public void showDialog() {\n-        this.show();\n+        this.show(footer.firstChoiceButton);\n     }\n \n     @Override"},{"sha":"195ce54a0041b05058c398222119d401659082ea","filename":"core/ide/che-core-ide-ui/src/main/java/org/eclipse/che/ide/ui/dialogs/confirm/ConfirmDialogView.java","status":"modified","additions":4,"deletions":1,"changes":5,"blob_url":"https://github.com/eclipse/che/blob/0b0cdb35ad1b13a0c534014cdb106d41e8005e2d/core/ide/che-core-ide-ui/src/main/java/org/eclipse/che/ide/ui/dialogs/confirm/ConfirmDialogView.java","raw_url":"https://github.com/eclipse/che/raw/0b0cdb35ad1b13a0c534014cdb106d41e8005e2d/core/ide/che-core-ide-ui/src/main/java/org/eclipse/che/ide/ui/dialogs/confirm/ConfirmDialogView.java","contents_url":"https://api.github.com/repos/eclipse/che/contents/core/ide/che-core-ide-ui/src/main/java/org/eclipse/che/ide/ui/dialogs/confirm/ConfirmDialogView.java?ref=0b0cdb35ad1b13a0c534014cdb106d41e8005e2d","patch":"@@ -23,7 +23,10 @@\n     /** Sets the action delegate. */\n     void setDelegate(ActionDelegate delegate);\n \n-    /** Displays the dialog window. */\n+    /**\n+     * Displays the dialog window.\n+     * Sets \"accept\" button in the focus.\n+     */\n     void showDialog();\n \n     /** Closes the dialog window. */"},{"sha":"28890c268527b7e4533c98315c786dd46ef5770b","filename":"core/ide/che-core-ide-ui/src/main/java/org/eclipse/che/ide/ui/dialogs/confirm/ConfirmDialogViewImpl.java","status":"modified","additions":1,"deletions":1,"changes":2,"blob_url":"https://github.com/eclipse/che/blob/0b0cdb35ad1b13a0c534014cdb106d41e8005e2d/core/ide/che-core-ide-ui/src/main/java/org/eclipse/che/ide/ui/dialogs/confirm/ConfirmDialogViewImpl.java","raw_url":"https://github.com/eclipse/che/raw/0b0cdb35ad1b13a0c534014cdb106d41e8005e2d/core/ide/che-core-ide-ui/src/main/java/org/eclipse/che/ide/ui/dialogs/confirm/ConfirmDialogViewImpl.java","contents_url":"https://api.github.com/repos/eclipse/che/contents/core/ide/che-core-ide-ui/src/main/java/org/eclipse/che/ide/ui/dialogs/confirm/ConfirmDialogViewImpl.java?ref=0b0cdb35ad1b13a0c534014cdb106d41e8005e2d","patch":"@@ -64,7 +64,7 @@ protected void onEnterClicked() {\n \n     @Override\n     public void showDialog() {\n-        this.show();\n+        this.show(footer.okButton);\n     }\n \n     @Override"},{"sha":"9886f721752d270d6ed74ee7a2c18b212d684d33","filename":"core/ide/che-core-ide-ui/src/main/java/org/eclipse/che/ide/ui/window/Window.java","status":"modified","additions":10,"deletions":9,"changes":19,"blob_url":"https://github.com/eclipse/che/blob/0b0cdb35ad1b13a0c534014cdb106d41e8005e2d/core/ide/che-core-ide-ui/src/main/java/org/eclipse/che/ide/ui/window/Window.java","raw_url":"https://github.com/eclipse/che/raw/0b0cdb35ad1b13a0c534014cdb106d41e8005e2d/core/ide/che-core-ide-ui/src/main/java/org/eclipse/che/ide/ui/window/Window.java","contents_url":"https://api.github.com/repos/eclipse/che/contents/core/ide/che-core-ide-ui/src/main/java/org/eclipse/che/ide/ui/window/Window.java?ref=0b0cdb35ad1b13a0c534014cdb106d41e8005e2d","patch":"@@ -230,20 +230,21 @@ public void show(@Nullable final Focusable selectAndFocusElement) {\n             RootLayoutPanel.get().add(view);\n         }\n \n-        // Start the animation after the element is attached.\n-        Scheduler.get().scheduleDeferred(new ScheduledCommand() {\n-            @Override\n-            public void execute() {\n-                // The popup may have been hidden before this timer executes.\n-                if (isShowing) {\n-                    popup.getStyle().removeProperty(\"visibility\");\n+        // The popup may have been hidden before this timer executes.\n+        if (isShowing) {\n+            popup.getStyle().removeProperty(\"visibility\");\n+            // Start the animation after the element is attached.\n+            Scheduler.get().scheduleDeferred(new ScheduledCommand() {\n+                @Override\n+                public void execute() {\n+                    // The popup may have been hidden before this timer executes.\n                     view.setShowing(true);\n                     if (selectAndFocusElement != null) {\n                         selectAndFocusElement.setFocus(true);\n                     }\n                 }\n-            }\n-        });\n+            });\n+        }\n     }\n \n     private void handleViewEvents() {"}]}
