{"sha":"0b0d8051f60edfed151ebf6e0503c1fc1e082041","commit":{"author":{"name":"Vladyslav Zhukovskii","email":"vzhukovskii@codenvy.com","date":"2017-03-28T07:22:43Z"},"committer":{"name":"GitHub","email":"noreply@github.com","date":"2017-03-28T07:22:43Z"},"message":"Add macros for retrieving file base name (#4574)\n\n* Add macros for retrieving file base name\r\n\r\nSigned-off-by: Vladyslav Zhukovskii <vzhukovskii@codenvy.com>\r\n\r\n* New line\r\n\r\nSigned-off-by: Vladyslav Zhukovskii <vzhukovskii@codenvy.com>","tree":{"sha":"224a452529c66fafbaaa0228d480293f62709da2","url":"https://api.github.com/repos/eclipse/che/git/trees/224a452529c66fafbaaa0228d480293f62709da2"},"url":"https://api.github.com/repos/eclipse/che/git/commits/0b0d8051f60edfed151ebf6e0503c1fc1e082041","comment_count":0,"verification":{"verified":false,"reason":"unsigned","signature":null,"payload":null}},"url":"https://api.github.com/repos/eclipse/che/commits/0b0d8051f60edfed151ebf6e0503c1fc1e082041","html_url":"https://github.com/eclipse/che/commit/0b0d8051f60edfed151ebf6e0503c1fc1e082041","comments_url":"https://api.github.com/repos/eclipse/che/commits/0b0d8051f60edfed151ebf6e0503c1fc1e082041/comments","author":{"login":"vzhukovskii","id":1968177,"avatar_url":"https://avatars2.githubusercontent.com/u/1968177?v=4","gravatar_id":"","url":"https://api.github.com/users/vzhukovskii","html_url":"https://github.com/vzhukovskii","followers_url":"https://api.github.com/users/vzhukovskii/followers","following_url":"https://api.github.com/users/vzhukovskii/following{/other_user}","gists_url":"https://api.github.com/users/vzhukovskii/gists{/gist_id}","starred_url":"https://api.github.com/users/vzhukovskii/starred{/owner}{/repo}","subscriptions_url":"https://api.github.com/users/vzhukovskii/subscriptions","organizations_url":"https://api.github.com/users/vzhukovskii/orgs","repos_url":"https://api.github.com/users/vzhukovskii/repos","events_url":"https://api.github.com/users/vzhukovskii/events{/privacy}","received_events_url":"https://api.github.com/users/vzhukovskii/received_events","type":"User","site_admin":false},"committer":{"login":"web-flow","id":19864447,"avatar_url":"https://avatars3.githubusercontent.com/u/19864447?v=4","gravatar_id":"","url":"https://api.github.com/users/web-flow","html_url":"https://github.com/web-flow","followers_url":"https://api.github.com/users/web-flow/followers","following_url":"https://api.github.com/users/web-flow/following{/other_user}","gists_url":"https://api.github.com/users/web-flow/gists{/gist_id}","starred_url":"https://api.github.com/users/web-flow/starred{/owner}{/repo}","subscriptions_url":"https://api.github.com/users/web-flow/subscriptions","organizations_url":"https://api.github.com/users/web-flow/orgs","repos_url":"https://api.github.com/users/web-flow/repos","events_url":"https://api.github.com/users/web-flow/events{/privacy}","received_events_url":"https://api.github.com/users/web-flow/received_events","type":"User","site_admin":false},"parents":[{"sha":"01ad2e7f070a35fbfc6724dcf13f6c5e0d2085c5","url":"https://api.github.com/repos/eclipse/che/commits/01ad2e7f070a35fbfc6724dcf13f6c5e0d2085c5","html_url":"https://github.com/eclipse/che/commit/01ad2e7f070a35fbfc6724dcf13f6c5e0d2085c5"}],"stats":{"total":399,"additions":386,"deletions":13},"files":[{"sha":"f03877a6825dd0db6dc6dc1b312a4026656f42b1","filename":"ide/che-core-ide-app/src/main/java/org/eclipse/che/ide/CoreLocalizationConstant.java","status":"modified","additions":6,"deletions":0,"changes":6,"blob_url":"https://github.com/eclipse/che/blob/0b0d8051f60edfed151ebf6e0503c1fc1e082041/ide/che-core-ide-app/src/main/java/org/eclipse/che/ide/CoreLocalizationConstant.java","raw_url":"https://github.com/eclipse/che/raw/0b0d8051f60edfed151ebf6e0503c1fc1e082041/ide/che-core-ide-app/src/main/java/org/eclipse/che/ide/CoreLocalizationConstant.java","contents_url":"https://api.github.com/repos/eclipse/che/contents/ide/che-core-ide-app/src/main/java/org/eclipse/che/ide/CoreLocalizationConstant.java?ref=0b0d8051f60edfed151ebf6e0503c1fc1e082041","patch":"@@ -889,6 +889,9 @@\n     @Key(\"macro.editor.current.file.name.description\")\n     String macroEditorCurrentFileNameDescription();\n \n+    @Key(\"macro.editor.current.file.base.name.description\")\n+    String macroEditorCurrentFileBaseNameDescription();\n+\n     @Key(\"macro.editor.current.file.path.description\")\n     String macroEditorCurrentFilePathDescription();\n \n@@ -898,6 +901,9 @@\n     @Key(\"macro.explorer.current.file.name.description\")\n     String macroExplorerCurrentFileNameDescription();\n \n+    @Key(\"macro.explorer.current.file.base.name.description\")\n+    String macroExplorerCurrentFileBaseNameDescription();\n+\n     @Key(\"macro.explorer.current.project.name.description\")\n     String macroExplorerCurrentProjectNameDescription();\n "},{"sha":"020fef63bf424c8975da99b9040e6ddcf022601b","filename":"ide/che-core-ide-app/src/main/java/org/eclipse/che/ide/editor/macro/EditorCurrentFileBaseNameMacro.java","status":"added","additions":87,"deletions":0,"changes":87,"blob_url":"https://github.com/eclipse/che/blob/0b0d8051f60edfed151ebf6e0503c1fc1e082041/ide/che-core-ide-app/src/main/java/org/eclipse/che/ide/editor/macro/EditorCurrentFileBaseNameMacro.java","raw_url":"https://github.com/eclipse/che/raw/0b0d8051f60edfed151ebf6e0503c1fc1e082041/ide/che-core-ide-app/src/main/java/org/eclipse/che/ide/editor/macro/EditorCurrentFileBaseNameMacro.java","contents_url":"https://api.github.com/repos/eclipse/che/contents/ide/che-core-ide-app/src/main/java/org/eclipse/che/ide/editor/macro/EditorCurrentFileBaseNameMacro.java?ref=0b0d8051f60edfed151ebf6e0503c1fc1e082041","patch":"@@ -0,0 +1,87 @@\n+/*******************************************************************************\n+ * Copyright (c) 2012-2017 Codenvy, S.A.\n+ * All rights reserved. This program and the accompanying materials\n+ * are made available under the terms of the Eclipse Public License v1.0\n+ * which accompanies this distribution, and is available at\n+ * http://www.eclipse.org/legal/epl-v10.html\n+ *\n+ * Contributors:\n+ *   Codenvy, S.A. - initial API and implementation\n+ *******************************************************************************/\n+package org.eclipse.che.ide.editor.macro;\n+\n+import com.google.common.annotations.Beta;\n+import com.google.inject.Inject;\n+import com.google.inject.Singleton;\n+\n+import org.eclipse.che.api.promises.client.Promise;\n+import org.eclipse.che.api.promises.client.PromiseProvider;\n+import org.eclipse.che.ide.CoreLocalizationConstant;\n+import org.eclipse.che.ide.api.editor.EditorAgent;\n+import org.eclipse.che.ide.api.editor.EditorPartPresenter;\n+import org.eclipse.che.ide.api.resources.File;\n+import org.eclipse.che.ide.api.resources.VirtualFile;\n+\n+/**\n+ * Provider which is responsible for retrieving the file name without extension from the opened editor.\n+ *\n+ * Macro provided: <code>${editor.current.file.basename}</code>\n+ *\n+ * @see AbstractEditorMacro\n+ * @see EditorAgent\n+ * @since 5.6.0\n+ */\n+@Beta\n+@Singleton\n+public class EditorCurrentFileBaseNameMacro extends AbstractEditorMacro {\n+\n+    public static final String KEY = \"${editor.current.file.basename}\";\n+\n+    private PromiseProvider promises;\n+    private final CoreLocalizationConstant localizationConstants;\n+\n+    @Inject\n+    public EditorCurrentFileBaseNameMacro(EditorAgent editorAgent,\n+                                          PromiseProvider promises,\n+                                          CoreLocalizationConstant localizationConstants) {\n+        super(editorAgent);\n+        this.promises = promises;\n+        this.localizationConstants = localizationConstants;\n+    }\n+\n+    /** {@inheritDoc} */\n+    @Override\n+    public String getName() {\n+        return KEY;\n+    }\n+\n+    @Override\n+    public String getDescription() {\n+        return localizationConstants.macroEditorCurrentFileBaseNameDescription();\n+    }\n+\n+    /** {@inheritDoc} */\n+    @Override\n+    public Promise<String> expand() {\n+        final EditorPartPresenter editor = getActiveEditor();\n+\n+        if (editor == null) {\n+            return promises.resolve(\"\");\n+        }\n+\n+        final VirtualFile virtualFile = editor.getEditorInput().getFile();\n+\n+        if (virtualFile instanceof File) {\n+            return promises.resolve(((File)virtualFile).getNameWithoutExtension());\n+        }\n+\n+        final String rawName = virtualFile.getName();\n+\n+        final int lastDotIndex = rawName.lastIndexOf('.');\n+        if (lastDotIndex == -1) {\n+            return promises.resolve(rawName);\n+        }\n+\n+        return promises.resolve(rawName.substring(0, lastDotIndex));\n+    }\n+}"},{"sha":"30b0a15c59c66ccba6d2ccbb806f307f4d771f8b","filename":"ide/che-core-ide-app/src/main/java/org/eclipse/che/ide/macro/MacroApiModule.java","status":"modified","additions":4,"deletions":0,"changes":4,"blob_url":"https://github.com/eclipse/che/blob/0b0d8051f60edfed151ebf6e0503c1fc1e082041/ide/che-core-ide-app/src/main/java/org/eclipse/che/ide/macro/MacroApiModule.java","raw_url":"https://github.com/eclipse/che/raw/0b0d8051f60edfed151ebf6e0503c1fc1e082041/ide/che-core-ide-app/src/main/java/org/eclipse/che/ide/macro/MacroApiModule.java","contents_url":"https://api.github.com/repos/eclipse/che/contents/ide/che-core-ide-app/src/main/java/org/eclipse/che/ide/macro/MacroApiModule.java?ref=0b0d8051f60edfed151ebf6e0503c1fc1e082041","patch":"@@ -17,13 +17,15 @@\n import org.eclipse.che.ide.api.macro.Macro;\n import org.eclipse.che.ide.api.macro.MacroProcessor;\n import org.eclipse.che.ide.api.macro.MacroRegistry;\n+import org.eclipse.che.ide.editor.macro.EditorCurrentFileBaseNameMacro;\n import org.eclipse.che.ide.editor.macro.EditorCurrentFileNameMacro;\n import org.eclipse.che.ide.editor.macro.EditorCurrentFilePathMacro;\n import org.eclipse.che.ide.editor.macro.EditorCurrentFileRelativePathMacro;\n import org.eclipse.che.ide.editor.macro.EditorCurrentProjectNameMacro;\n import org.eclipse.che.ide.editor.macro.EditorCurrentProjectTypeMacro;\n import org.eclipse.che.ide.macro.chooser.MacroChooserView;\n import org.eclipse.che.ide.macro.chooser.MacroChooserViewImpl;\n+import org.eclipse.che.ide.part.explorer.project.macro.ExplorerCurrentFileBaseNameMacro;\n import org.eclipse.che.ide.part.explorer.project.macro.ExplorerCurrentFileNameMacro;\n import org.eclipse.che.ide.part.explorer.project.macro.ExplorerCurrentFileParentPathMacro;\n import org.eclipse.che.ide.part.explorer.project.macro.ExplorerCurrentFilePathMacro;\n@@ -47,11 +49,13 @@ protected void configure() {\n \n         GinMultibinder<Macro> macrosBinder = GinMultibinder.newSetBinder(binder(), Macro.class);\n         macrosBinder.addBinding().to(EditorCurrentFileNameMacro.class);\n+        macrosBinder.addBinding().to(EditorCurrentFileBaseNameMacro.class);\n         macrosBinder.addBinding().to(EditorCurrentFilePathMacro.class);\n         macrosBinder.addBinding().to(EditorCurrentFileRelativePathMacro.class);\n         macrosBinder.addBinding().to(EditorCurrentProjectNameMacro.class);\n         macrosBinder.addBinding().to(EditorCurrentProjectTypeMacro.class);\n         macrosBinder.addBinding().to(ExplorerCurrentFileNameMacro.class);\n+        macrosBinder.addBinding().to(ExplorerCurrentFileBaseNameMacro.class);\n         macrosBinder.addBinding().to(ExplorerCurrentFilePathMacro.class);\n         macrosBinder.addBinding().to(ExplorerCurrentFileParentPathMacro.class);\n         macrosBinder.addBinding().to(ExplorerCurrentFileRelativePathMacro.class);"},{"sha":"51156d70ce2608a6b0c40a76cf77a685615692a8","filename":"ide/che-core-ide-app/src/main/java/org/eclipse/che/ide/part/explorer/project/macro/ExplorerCurrentFileBaseNameMacro.java","status":"added","additions":124,"deletions":0,"changes":124,"blob_url":"https://github.com/eclipse/che/blob/0b0d8051f60edfed151ebf6e0503c1fc1e082041/ide/che-core-ide-app/src/main/java/org/eclipse/che/ide/part/explorer/project/macro/ExplorerCurrentFileBaseNameMacro.java","raw_url":"https://github.com/eclipse/che/raw/0b0d8051f60edfed151ebf6e0503c1fc1e082041/ide/che-core-ide-app/src/main/java/org/eclipse/che/ide/part/explorer/project/macro/ExplorerCurrentFileBaseNameMacro.java","contents_url":"https://api.github.com/repos/eclipse/che/contents/ide/che-core-ide-app/src/main/java/org/eclipse/che/ide/part/explorer/project/macro/ExplorerCurrentFileBaseNameMacro.java?ref=0b0d8051f60edfed151ebf6e0503c1fc1e082041","patch":"@@ -0,0 +1,124 @@\n+/*******************************************************************************\n+ * Copyright (c) 2012-2017 Codenvy, S.A.\n+ * All rights reserved. This program and the accompanying materials\n+ * are made available under the terms of the Eclipse Public License v1.0\n+ * which accompanies this distribution, and is available at\n+ * http://www.eclipse.org/legal/epl-v10.html\n+ *\n+ * Contributors:\n+ *   Codenvy, S.A. - initial API and implementation\n+ *******************************************************************************/\n+package org.eclipse.che.ide.part.explorer.project.macro;\n+\n+import com.google.common.annotations.Beta;\n+import com.google.common.base.Function;\n+import com.google.common.base.Joiner;\n+import com.google.common.base.Predicate;\n+import com.google.inject.Inject;\n+import com.google.inject.Singleton;\n+\n+import org.eclipse.che.api.promises.client.Promise;\n+import org.eclipse.che.api.promises.client.PromiseProvider;\n+import org.eclipse.che.ide.CoreLocalizationConstant;\n+import org.eclipse.che.ide.api.data.tree.Node;\n+import org.eclipse.che.ide.api.macro.Macro;\n+import org.eclipse.che.ide.api.resources.Resource;\n+import org.eclipse.che.ide.part.explorer.project.ProjectExplorerPresenter;\n+import org.eclipse.che.ide.resources.tree.ResourceNode;\n+\n+import javax.annotation.Nullable;\n+import java.util.List;\n+\n+import static com.google.common.base.Preconditions.checkNotNull;\n+import static com.google.common.base.Preconditions.checkState;\n+import static com.google.common.collect.Iterables.filter;\n+import static com.google.common.collect.Iterables.transform;\n+\n+/**\n+ * Provider which is responsible for retrieving the resource name without extension from the project explorer.\n+ * <p>\n+ * Macro provided: <code>${explorer.current.file.basename}</code>\n+ * <p>\n+ * In case if project explorer has more than one selected file, comma separated file list is returned.\n+ *\n+ * @author Vlad Zhukovskyi\n+ * @see Macro\n+ * @see ProjectExplorerPresenter\n+ * @since 5.6.0\n+ */\n+@Beta\n+@Singleton\n+public class ExplorerCurrentFileBaseNameMacro implements Macro {\n+\n+    public static final String KEY = \"${explorer.current.file.basename}\";\n+\n+    private final CoreLocalizationConstant localizationConstants;\n+\n+    private Predicate<Node> resNodePredicate = input -> {\n+        checkNotNull(input);\n+\n+        return input instanceof ResourceNode;\n+    };\n+\n+    private Function<Node, Resource>   nodeToResourceFun = new Function<Node, Resource>() {\n+        @Nullable\n+        @Override\n+        public Resource apply(@Nullable Node input) {\n+            checkNotNull(input);\n+            checkState(input instanceof ResourceNode);\n+\n+            return ((ResourceNode)input).getData();\n+        }\n+    };\n+    private Function<Resource, String> resourceToNameFun = new Function<Resource, String>() {\n+        @Nullable\n+        @Override\n+        public String apply(@Nullable Resource input) {\n+            checkNotNull(input);\n+\n+            if (input.isFile()) {\n+                return input.asFile().getNameWithoutExtension();\n+            }\n+\n+            return input.getName();\n+        }\n+    };\n+    private ProjectExplorerPresenter projectExplorer;\n+    private PromiseProvider          promises;\n+\n+    @Inject\n+    public ExplorerCurrentFileBaseNameMacro(ProjectExplorerPresenter projectExplorer,\n+                                            PromiseProvider promises,\n+                                            CoreLocalizationConstant localizationConstants) {\n+        this.projectExplorer = projectExplorer;\n+        this.promises = promises;\n+        this.localizationConstants = localizationConstants;\n+    }\n+\n+    /** {@inheritDoc} */\n+    @Override\n+    public String getName() {\n+        return KEY;\n+    }\n+\n+    @Override\n+    public String getDescription() {\n+        return localizationConstants.macroExplorerCurrentFileBaseNameDescription();\n+    }\n+\n+    /** {@inheritDoc} */\n+    @Override\n+    public Promise<String> expand() {\n+\n+        List<Node> selectedNodes = projectExplorer.getTree().getSelectionModel().getSelectedNodes();\n+\n+        if (selectedNodes.isEmpty()) {\n+            return promises.resolve(\"\");\n+        }\n+\n+        final Iterable<Resource> resources = transform(filter(selectedNodes, resNodePredicate), nodeToResourceFun);\n+        final String commaSeparated = Joiner.on(\", \").join(transform(resources, resourceToNameFun));\n+\n+        return promises.resolve(commaSeparated);\n+    }\n+}"},{"sha":"4c99c1176db7a8f7f8b3114c43e611be745780c8","filename":"ide/che-core-ide-app/src/main/resources/org/eclipse/che/ide/CoreLocalizationConstant.properties","status":"modified","additions":2,"deletions":0,"changes":2,"blob_url":"https://github.com/eclipse/che/blob/0b0d8051f60edfed151ebf6e0503c1fc1e082041/ide/che-core-ide-app/src/main/resources/org/eclipse/che/ide/CoreLocalizationConstant.properties","raw_url":"https://github.com/eclipse/che/raw/0b0d8051f60edfed151ebf6e0503c1fc1e082041/ide/che-core-ide-app/src/main/resources/org/eclipse/che/ide/CoreLocalizationConstant.properties","contents_url":"https://api.github.com/repos/eclipse/che/contents/ide/che-core-ide-app/src/main/resources/org/eclipse/che/ide/CoreLocalizationConstant.properties?ref=0b0d8051f60edfed151ebf6e0503c1fc1e082041","patch":"@@ -390,9 +390,11 @@ macro.editor.current.project.name.description=Project name of the file currently\n macro.editor.current.project.type.description=Project type of the file currently selected in editor\n macro.editor.current.file.relpath.description=Path relative to the /projects folder to the selected file in editor\n macro.editor.current.file.name.description=Currently selected file in editor\n+macro.editor.current.file.base.name.description=Currently selected file in editor without extension\n macro.editor.current.file.path.description=Absolute path to the selected file in editor\n macro.workspace.name.description=Returns the name of the workspace\n macro.explorer.current.file.name.description=Currently selected file in project tree\n+macro.explorer.current.file.base.name.description=Currently selected file in project tree without extension\n macro.explorer.current.project.name.description=Project name of the file currently selected in explorer\n macro.explorer.current.file.relpath.description=Path relative to the /projects folder in project tree\n macro.explorer.current.project.type.description=Project type of the file currently selected in explorer"},{"sha":"80c368fab51a1c11dc788d813429bd56a85f7750","filename":"ide/che-core-ide-app/src/test/java/org/eclipse/che/ide/editor/macro/AbstractEditorMacroTest.java","status":"modified","additions":7,"deletions":5,"changes":12,"blob_url":"https://github.com/eclipse/che/blob/0b0d8051f60edfed151ebf6e0503c1fc1e082041/ide/che-core-ide-app/src/test/java/org/eclipse/che/ide/editor/macro/AbstractEditorMacroTest.java","raw_url":"https://github.com/eclipse/che/raw/0b0d8051f60edfed151ebf6e0503c1fc1e082041/ide/che-core-ide-app/src/test/java/org/eclipse/che/ide/editor/macro/AbstractEditorMacroTest.java","contents_url":"https://api.github.com/repos/eclipse/che/contents/ide/che-core-ide-app/src/test/java/org/eclipse/che/ide/editor/macro/AbstractEditorMacroTest.java?ref=0b0d8051f60edfed151ebf6e0503c1fc1e082041","patch":"@@ -30,11 +30,12 @@\n  */\n public abstract class AbstractEditorMacroTest {\n \n-    public static final String FILE_NAME     = \"name\";\n-    public static final String FILE_PATH     = \"/project/name\";\n-    public static final String PROJECTS_ROOT = \"/projects\";\n-    public static final String PROJECT_NAME  = \"project-name\";\n-    public static final String PROJECT_TYPE  = \"type\";\n+    public static final String FILE_NAME             = \"name.ext\";\n+    public static final String FILE_NAME_WITHOUT_EXT = \"name\";\n+    public static final String FILE_PATH             = \"/project/name.ext\";\n+    public static final String PROJECTS_ROOT         = \"/projects\";\n+    public static final String PROJECT_NAME          = \"project-name\";\n+    public static final String PROJECT_TYPE          = \"type\";\n \n     @Mock\n     protected EditorAgent editorAgent;\n@@ -67,6 +68,7 @@ protected void initEditorWithTestFile() {\n         when(activeEditor.getEditorInput()).thenReturn(activeEditorInput);\n         when(activeEditorInput.getFile()).thenReturn(activeFile);\n         when(activeFile.getName()).thenReturn(FILE_NAME);\n+        when(activeFile.getNameWithoutExtension()).thenReturn(FILE_NAME_WITHOUT_EXT);\n         when(activeFile.getLocation()).thenReturn(Path.valueOf(FILE_PATH));\n         when(appContext.getProjectsRoot()).thenReturn(Path.valueOf(PROJECTS_ROOT));\n         when(activeFile.getRelatedProject()).thenReturn(Optional.of(project));"},{"sha":"ecf99d887d6d3faa8ff1c2332fb79bec91f0d2fa","filename":"ide/che-core-ide-app/src/test/java/org/eclipse/che/ide/editor/macro/EditorCurrentFileBaseNameMacroTest.java","status":"added","additions":65,"deletions":0,"changes":65,"blob_url":"https://github.com/eclipse/che/blob/0b0d8051f60edfed151ebf6e0503c1fc1e082041/ide/che-core-ide-app/src/test/java/org/eclipse/che/ide/editor/macro/EditorCurrentFileBaseNameMacroTest.java","raw_url":"https://github.com/eclipse/che/raw/0b0d8051f60edfed151ebf6e0503c1fc1e082041/ide/che-core-ide-app/src/test/java/org/eclipse/che/ide/editor/macro/EditorCurrentFileBaseNameMacroTest.java","contents_url":"https://api.github.com/repos/eclipse/che/contents/ide/che-core-ide-app/src/test/java/org/eclipse/che/ide/editor/macro/EditorCurrentFileBaseNameMacroTest.java?ref=0b0d8051f60edfed151ebf6e0503c1fc1e082041","patch":"@@ -0,0 +1,65 @@\n+/*******************************************************************************\n+ * Copyright (c) 2012-2017 Codenvy, S.A.\n+ * All rights reserved. This program and the accompanying materials\n+ * are made available under the terms of the Eclipse Public License v1.0\n+ * which accompanies this distribution, and is available at\n+ * http://www.eclipse.org/legal/epl-v10.html\n+ *\n+ * Contributors:\n+ *   Codenvy, S.A. - initial API and implementation\n+ *******************************************************************************/\n+package org.eclipse.che.ide.editor.macro;\n+\n+import org.junit.Before;\n+import org.junit.Test;\n+import org.junit.runner.RunWith;\n+import org.mockito.runners.MockitoJUnitRunner;\n+\n+import static org.junit.Assert.assertSame;\n+import static org.mockito.Matchers.eq;\n+import static org.mockito.Mockito.verify;\n+\n+/**\n+ * Unit tests for the {@link EditorCurrentFileBaseNameMacro}\n+ *\n+ * @author Vlad Zhukovskyi\n+ */\n+@RunWith(MockitoJUnitRunner.class)\n+public class EditorCurrentFileBaseNameMacroTest extends AbstractEditorMacroTest {\n+\n+    private EditorCurrentFileBaseNameMacro provider;\n+\n+    @Override\n+    protected AbstractEditorMacro getProvider() {\n+        return provider;\n+    }\n+\n+    @Before\n+    public void init() throws Exception {\n+        provider = new EditorCurrentFileBaseNameMacro(editorAgent, promiseProvider, localizationConstants);\n+    }\n+\n+    @Test\n+    public void testGetKey() throws Exception {\n+        assertSame(provider.getName(), EditorCurrentFileBaseNameMacro.KEY);\n+    }\n+\n+    @Test\n+    public void getValue() throws Exception {\n+        initEditorWithTestFile();\n+\n+        provider.expand();\n+\n+        verify(editorAgent).getActiveEditor();\n+        verify(promiseProvider).resolve(eq(FILE_NAME_WITHOUT_EXT));\n+    }\n+\n+    @Test\n+    public void getEmptyValue() throws Exception {\n+        provider.expand();\n+\n+        verify(editorAgent).getActiveEditor();\n+        verify(promiseProvider).resolve(eq(\"\"));\n+    }\n+\n+}"},{"sha":"55094e950a615897ace6155f17b761a162e9a081","filename":"ide/che-core-ide-app/src/test/java/org/eclipse/che/ide/part/explorer/project/macro/AbstractExplorerMacroTest.java","status":"modified","additions":19,"deletions":8,"changes":27,"blob_url":"https://github.com/eclipse/che/blob/0b0d8051f60edfed151ebf6e0503c1fc1e082041/ide/che-core-ide-app/src/test/java/org/eclipse/che/ide/part/explorer/project/macro/AbstractExplorerMacroTest.java","raw_url":"https://github.com/eclipse/che/raw/0b0d8051f60edfed151ebf6e0503c1fc1e082041/ide/che-core-ide-app/src/test/java/org/eclipse/che/ide/part/explorer/project/macro/AbstractExplorerMacroTest.java","contents_url":"https://api.github.com/repos/eclipse/che/contents/ide/che-core-ide-app/src/test/java/org/eclipse/che/ide/part/explorer/project/macro/AbstractExplorerMacroTest.java?ref=0b0d8051f60edfed151ebf6e0503c1fc1e082041","patch":"@@ -37,14 +37,16 @@\n  */\n public class AbstractExplorerMacroTest {\n \n-    public static final String FILE_1_NAME   = \"file_1\";\n-    public static final String FILE_2_NAME   = \"file_2\";\n-    public static final String FOLDER_PATH   = \"/project\";\n-    public static final String FILE_1_PATH   = FOLDER_PATH + \"/file_1\";\n-    public static final String FILE_2_PATH   = FOLDER_PATH + \"/file_2\";\n-    public static final String PROJECTS_ROOT = \"/projects\";\n-    public static final String PROJECT_NAME  = \"project-name\";\n-    public static final String PROJECT_TYPE  = \"type\";\n+    public static final String FILE_1_NAME             = \"file_1.ext\";\n+    public static final String FILE_1_NAME_WITHOUT_EXT = \"file_1\";\n+    public static final String FILE_2_NAME             = \"file_2.ext\";\n+    public static final String FILE_2_NAME_WITHOUT_EXT = \"file_2\";\n+    public static final String FOLDER_PATH             = \"/project\";\n+    public static final String FILE_1_PATH             = FOLDER_PATH + \"/file_1.ext\";\n+    public static final String FILE_2_PATH             = FOLDER_PATH + \"/file_2.ext\";\n+    public static final String PROJECTS_ROOT           = \"/projects\";\n+    public static final String PROJECT_NAME            = \"project-name\";\n+    public static final String PROJECT_TYPE            = \"type\";\n \n     @Mock\n     PromiseProvider promiseProvider;\n@@ -97,6 +99,9 @@ protected void initWithOneFile() throws Exception {\n         when(selectionModel.getSelectedNodes()).thenReturn(Lists.<Node>newArrayList(node1));\n         when(node1.getData()).thenReturn(file1);\n         when(file1.getName()).thenReturn(FILE_1_NAME);\n+        when(file1.isFile()).thenReturn(true);\n+        when(file1.asFile()).thenReturn(file1);\n+        when(file1.getNameWithoutExtension()).thenReturn(FILE_1_NAME_WITHOUT_EXT);\n         when(file1.getParent()).thenReturn(folder);\n         when(file1.getLocation()).thenReturn(Path.valueOf(FILE_1_PATH));\n         when(file1.getRelatedProject()).thenReturn(Optional.of(project));\n@@ -110,12 +115,18 @@ protected void initWithTwoFiles() throws Exception {\n         when(node1.getData()).thenReturn(file1);\n         when(node2.getData()).thenReturn(file2);\n         when(file1.getName()).thenReturn(FILE_1_NAME);\n+        when(file1.isFile()).thenReturn(true);\n+        when(file1.asFile()).thenReturn(file1);\n+        when(file1.getNameWithoutExtension()).thenReturn(FILE_1_NAME_WITHOUT_EXT);\n         when(file1.getParent()).thenReturn(folder);\n         when(file1.getLocation()).thenReturn(Path.valueOf(FILE_1_PATH));\n         when(file1.getRelatedProject()).thenReturn(Optional.of(project));\n         when(project.getName()).thenReturn(PROJECT_NAME);\n         when(project.getType()).thenReturn(PROJECT_TYPE);\n         when(file2.getName()).thenReturn(FILE_2_NAME);\n+        when(file2.isFile()).thenReturn(true);\n+        when(file2.asFile()).thenReturn(file2);\n+        when(file2.getNameWithoutExtension()).thenReturn(FILE_2_NAME_WITHOUT_EXT);\n         when(file2.getParent()).thenReturn(folder);\n         when(file2.getLocation()).thenReturn(Path.valueOf(FILE_2_PATH));\n         when(file2.getRelatedProject()).thenReturn(Optional.of(project));"},{"sha":"124c450c8beb51c0d752134c628fb6c618c76a4f","filename":"ide/che-core-ide-app/src/test/java/org/eclipse/che/ide/part/explorer/project/macro/ExplorerCurrentFileBaseNameMacroTest.java","status":"added","additions":72,"deletions":0,"changes":72,"blob_url":"https://github.com/eclipse/che/blob/0b0d8051f60edfed151ebf6e0503c1fc1e082041/ide/che-core-ide-app/src/test/java/org/eclipse/che/ide/part/explorer/project/macro/ExplorerCurrentFileBaseNameMacroTest.java","raw_url":"https://github.com/eclipse/che/raw/0b0d8051f60edfed151ebf6e0503c1fc1e082041/ide/che-core-ide-app/src/test/java/org/eclipse/che/ide/part/explorer/project/macro/ExplorerCurrentFileBaseNameMacroTest.java","contents_url":"https://api.github.com/repos/eclipse/che/contents/ide/che-core-ide-app/src/test/java/org/eclipse/che/ide/part/explorer/project/macro/ExplorerCurrentFileBaseNameMacroTest.java?ref=0b0d8051f60edfed151ebf6e0503c1fc1e082041","patch":"@@ -0,0 +1,72 @@\n+/*******************************************************************************\n+ * Copyright (c) 2012-2017 Codenvy, S.A.\n+ * All rights reserved. This program and the accompanying materials\n+ * are made available under the terms of the Eclipse Public License v1.0\n+ * which accompanies this distribution, and is available at\n+ * http://www.eclipse.org/legal/epl-v10.html\n+ *\n+ * Contributors:\n+ *   Codenvy, S.A. - initial API and implementation\n+ *******************************************************************************/\n+package org.eclipse.che.ide.part.explorer.project.macro;\n+\n+import com.google.common.base.Joiner;\n+import com.google.gwtmockito.GwtMockitoTestRunner;\n+\n+import org.junit.Before;\n+import org.junit.Test;\n+import org.junit.runner.RunWith;\n+\n+import static org.junit.Assert.assertSame;\n+import static org.mockito.Matchers.eq;\n+import static org.mockito.Mockito.verify;\n+\n+/**\n+ * Unit tests for the {@link ExplorerCurrentFileBaseNameMacro}\n+ *\n+ * @author Vlad Zhukovskyi\n+ */\n+@RunWith(GwtMockitoTestRunner.class)\n+public class ExplorerCurrentFileBaseNameMacroTest extends AbstractExplorerMacroTest {\n+\n+    private ExplorerCurrentFileBaseNameMacro provider;\n+\n+    @Before\n+    public void init() throws Exception {\n+        super.init();\n+        provider = new ExplorerCurrentFileBaseNameMacro(projectExplorer, promiseProvider, localizationConstants);\n+    }\n+\n+    @Test\n+    public void testGetKey() throws Exception {\n+        assertSame(provider.getName(), ExplorerCurrentFileBaseNameMacro.KEY);\n+    }\n+\n+    @Test\n+    public void getValue() throws Exception {\n+        initWithOneFile();\n+\n+        provider.expand();\n+\n+        verify(promiseProvider).resolve(eq(FILE_1_NAME_WITHOUT_EXT));\n+    }\n+\n+    @Test\n+    public void getMultipleValues() throws Exception {\n+        initWithTwoFiles();\n+\n+        provider.expand();\n+\n+        verify(promiseProvider).resolve(eq(Joiner.on(\", \").join(FILE_1_NAME_WITHOUT_EXT, FILE_2_NAME_WITHOUT_EXT)));\n+    }\n+\n+    @Test\n+    public void getEmptyValues() throws Exception {\n+        initWithNoFiles();\n+\n+        provider.expand();\n+\n+        verify(promiseProvider).resolve(eq(\"\"));\n+    }\n+\n+}"}]}
