{"sha":"0b213640aa616699d847f3cc44f7c3c678ca1a7b","commit":{"author":{"name":"Oleksandr Andriienko","email":"oandriie@redhat.com","date":"2017-09-11T16:35:47Z"},"committer":{"name":"GitHub","email":"noreply@github.com","date":"2017-09-11T16:35:47Z"},"message":"CHE-5741: Auto focus after selection terminal. (#6192)\n\nSigned-off-by: Oleksandr Andriienko <oandriie@redhat.com>","tree":{"sha":"173ffee37bca2f1412f757a2876eb01f76420ba9","url":"https://api.github.com/repos/eclipse/che/git/trees/173ffee37bca2f1412f757a2876eb01f76420ba9"},"url":"https://api.github.com/repos/eclipse/che/git/commits/0b213640aa616699d847f3cc44f7c3c678ca1a7b","comment_count":0,"verification":{"verified":false,"reason":"unsigned","signature":null,"payload":null}},"url":"https://api.github.com/repos/eclipse/che/commits/0b213640aa616699d847f3cc44f7c3c678ca1a7b","html_url":"https://github.com/eclipse/che/commit/0b213640aa616699d847f3cc44f7c3c678ca1a7b","comments_url":"https://api.github.com/repos/eclipse/che/commits/0b213640aa616699d847f3cc44f7c3c678ca1a7b/comments","author":{"login":"AndrienkoAleksandr","id":6873095,"avatar_url":"https://avatars2.githubusercontent.com/u/6873095?v=4","gravatar_id":"","url":"https://api.github.com/users/AndrienkoAleksandr","html_url":"https://github.com/AndrienkoAleksandr","followers_url":"https://api.github.com/users/AndrienkoAleksandr/followers","following_url":"https://api.github.com/users/AndrienkoAleksandr/following{/other_user}","gists_url":"https://api.github.com/users/AndrienkoAleksandr/gists{/gist_id}","starred_url":"https://api.github.com/users/AndrienkoAleksandr/starred{/owner}{/repo}","subscriptions_url":"https://api.github.com/users/AndrienkoAleksandr/subscriptions","organizations_url":"https://api.github.com/users/AndrienkoAleksandr/orgs","repos_url":"https://api.github.com/users/AndrienkoAleksandr/repos","events_url":"https://api.github.com/users/AndrienkoAleksandr/events{/privacy}","received_events_url":"https://api.github.com/users/AndrienkoAleksandr/received_events","type":"User","site_admin":false},"committer":{"login":"web-flow","id":19864447,"avatar_url":"https://avatars3.githubusercontent.com/u/19864447?v=4","gravatar_id":"","url":"https://api.github.com/users/web-flow","html_url":"https://github.com/web-flow","followers_url":"https://api.github.com/users/web-flow/followers","following_url":"https://api.github.com/users/web-flow/following{/other_user}","gists_url":"https://api.github.com/users/web-flow/gists{/gist_id}","starred_url":"https://api.github.com/users/web-flow/starred{/owner}{/repo}","subscriptions_url":"https://api.github.com/users/web-flow/subscriptions","organizations_url":"https://api.github.com/users/web-flow/orgs","repos_url":"https://api.github.com/users/web-flow/repos","events_url":"https://api.github.com/users/web-flow/events{/privacy}","received_events_url":"https://api.github.com/users/web-flow/received_events","type":"User","site_admin":false},"parents":[{"sha":"4dfeb91959ffebfb6e95cc3f4f96936991859f69","url":"https://api.github.com/repos/eclipse/che/commits/4dfeb91959ffebfb6e95cc3f4f96936991859f69","html_url":"https://github.com/eclipse/che/commit/4dfeb91959ffebfb6e95cc3f4f96936991859f69"}],"stats":{"total":180,"additions":104,"deletions":76},"files":[{"sha":"0918798349d1c2f71c2a992ac5cc6c3fd7e13e56","filename":"ide/che-core-ide-app/src/main/java/org/eclipse/che/ide/processes/NewTerminalAction.java","status":"modified","additions":2,"deletions":1,"changes":3,"blob_url":"https://github.com/eclipse/che/blob/0b213640aa616699d847f3cc44f7c3c678ca1a7b/ide/che-core-ide-app/src/main/java/org/eclipse/che/ide/processes/NewTerminalAction.java","raw_url":"https://github.com/eclipse/che/raw/0b213640aa616699d847f3cc44f7c3c678ca1a7b/ide/che-core-ide-app/src/main/java/org/eclipse/che/ide/processes/NewTerminalAction.java","contents_url":"https://api.github.com/repos/eclipse/che/contents/ide/che-core-ide-app/src/main/java/org/eclipse/che/ide/processes/NewTerminalAction.java?ref=0b213640aa616699d847f3cc44f7c3c678ca1a7b","patch":"@@ -21,6 +21,7 @@\n import org.eclipse.che.ide.api.action.ActionEvent;\n import org.eclipse.che.ide.machine.MachineResources;\n import org.eclipse.che.ide.processes.panel.ProcessesPanelPresenter;\n+import org.eclipse.che.ide.terminal.TerminalOptionsJso;\n \n /**\n  * Action to open new terminal for the selected machine.\n@@ -79,7 +80,7 @@ public void updateInPerspective(ActionEvent event) {\n \n   @Override\n   public void actionPerformed(ActionEvent event) {\n-    processesPanelPresenter.newTerminal(this);\n+    processesPanelPresenter.newTerminal(TerminalOptionsJso.createDefault());\n   }\n \n   @Override"},{"sha":"69c81ca40b5bcc136dfb680de60f69fb3990f76a","filename":"ide/che-core-ide-app/src/main/java/org/eclipse/che/ide/processes/panel/ProcessesPanelPresenter.java","status":"modified","additions":9,"deletions":7,"changes":16,"blob_url":"https://github.com/eclipse/che/blob/0b213640aa616699d847f3cc44f7c3c678ca1a7b/ide/che-core-ide-app/src/main/java/org/eclipse/che/ide/processes/panel/ProcessesPanelPresenter.java","raw_url":"https://github.com/eclipse/che/raw/0b213640aa616699d847f3cc44f7c3c678ca1a7b/ide/che-core-ide-app/src/main/java/org/eclipse/che/ide/processes/panel/ProcessesPanelPresenter.java","contents_url":"https://api.github.com/repos/eclipse/che/contents/ide/che-core-ide-app/src/main/java/org/eclipse/che/ide/processes/panel/ProcessesPanelPresenter.java?ref=0b213640aa616699d847f3cc44f7c3c678ca1a7b","patch":"@@ -98,6 +98,7 @@\n import org.eclipse.che.ide.processes.actions.ConsoleTreeContextMenu;\n import org.eclipse.che.ide.processes.actions.ConsoleTreeContextMenuFactory;\n import org.eclipse.che.ide.terminal.TerminalFactory;\n+import org.eclipse.che.ide.terminal.TerminalOptionsJso;\n import org.eclipse.che.ide.terminal.TerminalPresenter;\n import org.eclipse.che.ide.ui.loaders.DownloadWorkspaceOutputEvent;\n import org.eclipse.che.ide.ui.multisplitpanel.SubPanel;\n@@ -363,11 +364,11 @@ private void closeTerminal(ProcessTreeNode node) {\n   }\n \n   /** Opens new terminal for the selected machine. */\n-  public void newTerminal(Object source) {\n+  public void newTerminal(TerminalOptionsJso options) {\n     final ProcessTreeNode selectedTreeNode = view.getSelectedTreeNode();\n     final MachineEntity devMachine = appContext.getDevMachine();\n     if (selectedTreeNode == null && devMachine != null) {\n-      onAddTerminal(devMachine.getId(), source);\n+      onAddTerminal(devMachine.getId(), options);\n       return;\n     }\n \n@@ -380,14 +381,14 @@ public void newTerminal(Object source) {\n \n     if (selectedTreeNode.getType() == MACHINE_NODE) {\n       MachineEntity machine = (MachineEntity) selectedTreeNode.getData();\n-      onAddTerminal(machine.getId(), source);\n+      onAddTerminal(machine.getId(), options);\n       return;\n     }\n \n     ProcessTreeNode parent = selectedTreeNode.getParent();\n     if (parent != null && parent.getType() == MACHINE_NODE) {\n       MachineEntity machine = (MachineEntity) parent.getData();\n-      onAddTerminal(machine.getId(), source);\n+      onAddTerminal(machine.getId(), options);\n     }\n   }\n \n@@ -429,7 +430,7 @@ private void setActiveProcessOutput(int pid) {\n    * @param machineId id of machine in which the terminal will be added\n    */\n   @Override\n-  public void onAddTerminal(final String machineId, Object source) {\n+  public void onAddTerminal(final String machineId, TerminalOptionsJso options) {\n     final MachineEntity machine = getMachine(machineId);\n     if (machine == null) {\n       notificationManager.notify(\n@@ -442,7 +443,7 @@ public void onAddTerminal(final String machineId, Object source) {\n     }\n \n     final ProcessTreeNode machineTreeNode = provideMachineNode(machine, false);\n-    final TerminalPresenter newTerminal = terminalFactory.create(machine, source);\n+    final TerminalPresenter newTerminal = terminalFactory.create(machine, options);\n     final IsWidget terminalWidget = newTerminal.getView();\n     final String terminalName = getUniqueTerminalName(machineTreeNode);\n     final ProcessTreeNode terminalNode =\n@@ -1057,7 +1058,8 @@ public void onWsAgentStarted(WsAgentStateEvent event) {\n     }\n \n     selectDevMachine();\n-    newTerminal(this);\n+    TerminalOptionsJso options = TerminalOptionsJso.createDefault().withFocusOnOpen(false);\n+    newTerminal(options);\n   }\n \n   private void restoreState(final MachineEntity machine) {"},{"sha":"b0a925ce6c8c2764751f00052cfd61ce93b3f313","filename":"ide/che-core-ide-app/src/main/java/org/eclipse/che/ide/processes/panel/ProcessesPanelView.java","status":"modified","additions":3,"deletions":2,"changes":5,"blob_url":"https://github.com/eclipse/che/blob/0b213640aa616699d847f3cc44f7c3c678ca1a7b/ide/che-core-ide-app/src/main/java/org/eclipse/che/ide/processes/panel/ProcessesPanelView.java","raw_url":"https://github.com/eclipse/che/raw/0b213640aa616699d847f3cc44f7c3c678ca1a7b/ide/che-core-ide-app/src/main/java/org/eclipse/che/ide/processes/panel/ProcessesPanelView.java","contents_url":"https://api.github.com/repos/eclipse/che/contents/ide/che-core-ide-app/src/main/java/org/eclipse/che/ide/processes/panel/ProcessesPanelView.java?ref=0b213640aa616699d847f3cc44f7c3c678ca1a7b","patch":"@@ -16,6 +16,7 @@\n import org.eclipse.che.ide.api.mvp.View;\n import org.eclipse.che.ide.api.parts.base.BaseActionDelegate;\n import org.eclipse.che.ide.processes.ProcessTreeNode;\n+import org.eclipse.che.ide.terminal.TerminalOptionsJso;\n import org.eclipse.che.ide.ui.multisplitpanel.SubPanel;\n import org.vectomatic.dom.svg.ui.SVGResource;\n \n@@ -109,9 +110,9 @@ void addWidget(\n      * Will be called when user clicks 'Add new terminal' button\n      *\n      * @param machineId id of machine in which the terminal will be added\n-     * @param source source object that called current method\n+     * @param options context creation terminal. @see {@link TerminalOptionsJso}\n      */\n-    void onAddTerminal(String machineId, Object source);\n+    void onAddTerminal(String machineId, TerminalOptionsJso options);\n \n     /**\n      * Will be called when user clicks 'Preview Ssh' button"},{"sha":"3206d35c35f2398c4ca7a94ac6114e552aa289c2","filename":"ide/che-core-ide-app/src/main/java/org/eclipse/che/ide/processes/panel/ProcessesPanelViewImpl.java","status":"modified","additions":9,"deletions":1,"changes":10,"blob_url":"https://github.com/eclipse/che/blob/0b213640aa616699d847f3cc44f7c3c678ca1a7b/ide/che-core-ide-app/src/main/java/org/eclipse/che/ide/processes/panel/ProcessesPanelViewImpl.java","raw_url":"https://github.com/eclipse/che/raw/0b213640aa616699d847f3cc44f7c3c678ca1a7b/ide/che-core-ide-app/src/main/java/org/eclipse/che/ide/processes/panel/ProcessesPanelViewImpl.java","contents_url":"https://api.github.com/repos/eclipse/che/contents/ide/che-core-ide-app/src/main/java/org/eclipse/che/ide/processes/panel/ProcessesPanelViewImpl.java?ref=0b213640aa616699d847f3cc44f7c3c678ca1a7b","patch":"@@ -43,6 +43,7 @@\n import org.eclipse.che.ide.processes.ProcessTreeNode;\n import org.eclipse.che.ide.processes.ProcessTreeRenderer;\n import org.eclipse.che.ide.processes.StopProcessHandler;\n+import org.eclipse.che.ide.terminal.TerminalOptionsJso;\n import org.eclipse.che.ide.ui.multisplitpanel.SubPanel;\n import org.eclipse.che.ide.ui.multisplitpanel.SubPanelFactory;\n import org.eclipse.che.ide.ui.multisplitpanel.WidgetToShow;\n@@ -107,7 +108,8 @@ public ProcessesPanelViewImpl(\n     processWidgets = new HashMap<>();\n     widget2TreeNodes = new HashMap<>();\n \n-    renderer.addAddTerminalClickHandler(machineId -> delegate.onAddTerminal(machineId, this));\n+    renderer.addAddTerminalClickHandler(\n+        machineId -> delegate.onAddTerminal(machineId, TerminalOptionsJso.createDefault()));\n     renderer.addPreviewSshClickHandler(machineId -> delegate.onPreviewSsh(machineId));\n     renderer.addStopProcessHandler(\n         new StopProcessHandler() {\n@@ -158,6 +160,12 @@ public void onNodeExpanded(TreeNodeElement<ProcessTreeNode> node) {}\n           @Override\n           public void onNodeSelected(TreeNodeElement<ProcessTreeNode> node, SignalEvent event) {\n             delegate.onTreeNodeSelected(node.getData());\n+\n+            WidgetToShow widgetToFocus = processWidgets.get(node.getData().getId());\n+            if (widgetToFocus != null) {\n+              SubPanel panelToFocus = widget2Panels.get(widgetToFocus);\n+              focusGained(panelToFocus, widgetToFocus.getWidget());\n+            }\n           }\n \n           @Override"},{"sha":"d486b4a3b873122157c02102338436a0f542bdc8","filename":"ide/che-core-ide-app/src/main/java/org/eclipse/che/ide/terminal/CustomKeyDownTerminalHandler.java","status":"modified","additions":3,"deletions":7,"changes":10,"blob_url":"https://github.com/eclipse/che/blob/0b213640aa616699d847f3cc44f7c3c678ca1a7b/ide/che-core-ide-app/src/main/java/org/eclipse/che/ide/terminal/CustomKeyDownTerminalHandler.java","raw_url":"https://github.com/eclipse/che/raw/0b213640aa616699d847f3cc44f7c3c678ca1a7b/ide/che-core-ide-app/src/main/java/org/eclipse/che/ide/terminal/CustomKeyDownTerminalHandler.java","contents_url":"https://api.github.com/repos/eclipse/che/contents/ide/che-core-ide-app/src/main/java/org/eclipse/che/ide/terminal/CustomKeyDownTerminalHandler.java?ref=0b213640aa616699d847f3cc44f7c3c678ca1a7b","patch":"@@ -26,17 +26,13 @@ public static native CustomKeyDownTerminalHandler create() /*-{\n             var V = 86;\n             if (ev.ctrlKey && !(ev.shiftKey || ev.metaKey || ev.altKey)) {\n \n-                //handle Ctrl + V\n+                // handle Ctrl + V\n                 if (ev.keyCode === V) {\n                     return false;\n                 }\n \n-                var selection = this.document.getSelection(),\n-                    collapsed = selection.isCollapsed,\n-                    isRange = typeof collapsed === 'boolean' ? !collapsed : selection.type === 'Range';\n-\n-                //handle Ctrl + C\n-                if (ev.keyCode === C && isRange) {\n+                // handle Ctrl + C. Notice: scope \"this\" it's a terminal scope.\n+                if (ev.keyCode === C && this.hasSelection()) {\n                     return false;\n                 }\n             }"},{"sha":"80e04247de43c4d9470e4084e04fe23394301617","filename":"ide/che-core-ide-app/src/main/java/org/eclipse/che/ide/terminal/TerminalFactory.java","status":"modified","additions":4,"deletions":1,"changes":5,"blob_url":"https://github.com/eclipse/che/blob/0b213640aa616699d847f3cc44f7c3c678ca1a7b/ide/che-core-ide-app/src/main/java/org/eclipse/che/ide/terminal/TerminalFactory.java","raw_url":"https://github.com/eclipse/che/raw/0b213640aa616699d847f3cc44f7c3c678ca1a7b/ide/che-core-ide-app/src/main/java/org/eclipse/che/ide/terminal/TerminalFactory.java","contents_url":"https://api.github.com/repos/eclipse/che/contents/ide/che-core-ide-app/src/main/java/org/eclipse/che/ide/terminal/TerminalFactory.java?ref=0b213640aa616699d847f3cc44f7c3c678ca1a7b","patch":"@@ -18,14 +18,17 @@\n  * Special factory for creating {@link TerminalPresenter} instances.\n  *\n  * @author Dmitry Shnurenko\n+ * @author Alexander Andrienko\n  */\n public interface TerminalFactory {\n \n   /**\n    * Creates terminal for current machine.\n    *\n    * @param machine machine for which terminal will be created\n+   * @param options options for new terminal\n    * @return an instance of {@link TerminalPresenter}\n    */\n-  TerminalPresenter create(@NotNull @Assisted MachineEntity machine, Object source);\n+  TerminalPresenter create(\n+      @NotNull @Assisted MachineEntity machine, @Assisted TerminalOptionsJso options);\n }"},{"sha":"705dc2cb6e06a7fea9e6dad50cdcd08c8fb5c000","filename":"ide/che-core-ide-app/src/main/java/org/eclipse/che/ide/terminal/TerminalJso.java","status":"modified","additions":6,"deletions":2,"changes":8,"blob_url":"https://github.com/eclipse/che/blob/0b213640aa616699d847f3cc44f7c3c678ca1a7b/ide/che-core-ide-app/src/main/java/org/eclipse/che/ide/terminal/TerminalJso.java","raw_url":"https://github.com/eclipse/che/raw/0b213640aa616699d847f3cc44f7c3c678ca1a7b/ide/che-core-ide-app/src/main/java/org/eclipse/che/ide/terminal/TerminalJso.java","contents_url":"https://api.github.com/repos/eclipse/che/contents/ide/che-core-ide-app/src/main/java/org/eclipse/che/ide/terminal/TerminalJso.java?ref=0b213640aa616699d847f3cc44f7c3c678ca1a7b","patch":"@@ -59,10 +59,14 @@ public final native void write(String data) /*-{\n     }-*/;\n \n   public final native void focus() /*-{\n-        this.element.focus();\n+        this.focus();\n     }-*/;\n \n   public final native void blur() /*-{\n-        this.element.blur();\n+        this.blur();\n+    }-*/;\n+\n+  public final native boolean hasSelection() /*-{\n+      return this.hasSelection();\n     }-*/;\n }"},{"sha":"609e8225bd293a7bf3cca956a97178fc6dc1c76d","filename":"ide/che-core-ide-app/src/main/java/org/eclipse/che/ide/terminal/TerminalOptionsJso.java","status":"modified","additions":3,"deletions":2,"changes":5,"blob_url":"https://github.com/eclipse/che/blob/0b213640aa616699d847f3cc44f7c3c678ca1a7b/ide/che-core-ide-app/src/main/java/org/eclipse/che/ide/terminal/TerminalOptionsJso.java","raw_url":"https://github.com/eclipse/che/raw/0b213640aa616699d847f3cc44f7c3c678ca1a7b/ide/che-core-ide-app/src/main/java/org/eclipse/che/ide/terminal/TerminalOptionsJso.java","contents_url":"https://api.github.com/repos/eclipse/che/contents/ide/che-core-ide-app/src/main/java/org/eclipse/che/ide/terminal/TerminalOptionsJso.java?ref=0b213640aa616699d847f3cc44f7c3c678ca1a7b","patch":"@@ -13,19 +13,20 @@\n import org.eclipse.che.ide.collections.Jso;\n \n /** @author Evgen Vidolob */\n-class TerminalOptionsJso extends Jso {\n+public class TerminalOptionsJso extends Jso {\n   protected TerminalOptionsJso() {}\n \n   public static native TerminalOptionsJso createDefault() /*-{\n         return {\n             cols: 80,\n             rows: 24,\n             screenKeys: true,\n-            focusOnOpen: false\n+            focusOnOpen: true\n         }\n     }-*/;\n \n   public final native TerminalOptionsJso withFocusOnOpen(boolean focusOnOpen) /*-{\n         this.focusOnOpen = focusOnOpen;\n+        return this;\n     }-*/;\n }"},{"sha":"ce3a31b7c5eff5b88452ac0fdae8dec1872715d9","filename":"ide/che-core-ide-app/src/main/java/org/eclipse/che/ide/terminal/TerminalPresenter.java","status":"modified","additions":24,"deletions":50,"changes":74,"blob_url":"https://github.com/eclipse/che/blob/0b213640aa616699d847f3cc44f7c3c678ca1a7b/ide/che-core-ide-app/src/main/java/org/eclipse/che/ide/terminal/TerminalPresenter.java","raw_url":"https://github.com/eclipse/che/raw/0b213640aa616699d847f3cc44f7c3c678ca1a7b/ide/che-core-ide-app/src/main/java/org/eclipse/che/ide/terminal/TerminalPresenter.java","contents_url":"https://api.github.com/repos/eclipse/che/contents/ide/che-core-ide-app/src/main/java/org/eclipse/che/ide/terminal/TerminalPresenter.java?ref=0b213640aa616699d847f3cc44f7c3c678ca1a7b","patch":"@@ -27,18 +27,12 @@\n import org.eclipse.che.api.promises.client.OperationException;\n import org.eclipse.che.api.promises.client.PromiseError;\n import org.eclipse.che.ide.CoreLocalizationConstant;\n-import org.eclipse.che.ide.api.action.Action;\n import org.eclipse.che.ide.api.machine.MachineEntity;\n import org.eclipse.che.ide.api.mvp.Presenter;\n import org.eclipse.che.ide.api.notification.NotificationManager;\n import org.eclipse.che.ide.collections.Jso;\n import org.eclipse.che.ide.websocket.WebSocket;\n-import org.eclipse.che.ide.websocket.events.ConnectionClosedHandler;\n import org.eclipse.che.ide.websocket.events.ConnectionErrorHandler;\n-import org.eclipse.che.ide.websocket.events.ConnectionOpenedHandler;\n-import org.eclipse.che.ide.websocket.events.MessageReceivedEvent;\n-import org.eclipse.che.ide.websocket.events.MessageReceivedHandler;\n-import org.eclipse.che.ide.websocket.events.WebSocketClosedEvent;\n import org.eclipse.che.requirejs.ModuleHolder;\n \n /**\n@@ -53,7 +47,7 @@\n   private static final int TIME_BETWEEN_CONNECTIONS = 2_000;\n \n   private final TerminalView view;\n-  private final Object source;\n+  private final TerminalOptionsJso options;\n   private final NotificationManager notificationManager;\n   private final CoreLocalizationConstant locale;\n   private final MachineEntity machine;\n@@ -73,12 +67,12 @@ public TerminalPresenter(\n       TerminalView view,\n       NotificationManager notificationManager,\n       CoreLocalizationConstant locale,\n-      @Assisted MachineEntity machine,\n-      @Assisted Object source,\n+      @NotNull @Assisted MachineEntity machine,\n+      @Assisted TerminalOptionsJso options,\n       final TerminalInitializePromiseHolder terminalHolder,\n       final ModuleHolder moduleHolder) {\n     this.view = view;\n-    this.source = source;\n+    this.options = options != null ? options : TerminalOptionsJso.createDefault();\n     view.setDelegate(this);\n     this.notificationManager = notificationManager;\n     this.locale = locale;\n@@ -143,52 +137,32 @@ private void connectToTerminalWebSocket(@NotNull String wsUrl) {\n \n     socket = WebSocket.create(wsUrl);\n \n-    socket.setOnMessageHandler(\n-        new MessageReceivedHandler() {\n-          @Override\n-          public void onMessageReceived(MessageReceivedEvent event) {\n-            terminal.write(event.getMessage());\n-          }\n-        });\n+    socket.setOnMessageHandler(event -> terminal.write(event.getMessage()));\n \n     socket.setOnCloseHandler(\n-        new ConnectionClosedHandler() {\n-          @Override\n-          public void onClose(WebSocketClosedEvent event) {\n-            if (CLOSE_NORMAL == event.getCode()) {\n-              connected = false;\n-              terminalStateListener.onExit();\n-            }\n+        event -> {\n+          if (CLOSE_NORMAL == event.getCode()) {\n+            connected = false;\n+            terminalStateListener.onExit();\n           }\n         });\n \n     socket.setOnOpenHandler(\n-        new ConnectionOpenedHandler() {\n-          @Override\n-          public void onOpen() {\n-            JavaScriptObject terminalJso = moduleHolder.getModule(\"Xterm\");\n-            // if terminal was created programmatically then we don't set focus on it\n-            TerminalOptionsJso terminalOptionsJso = TerminalOptionsJso.createDefault();\n-            if (source instanceof AddTerminalClickHandler || source instanceof Action) {\n-              terminalOptionsJso.withFocusOnOpen(true);\n-            }\n-            terminal = TerminalJso.create(terminalJso, terminalOptionsJso);\n-            connected = true;\n-\n-            view.openTerminal(terminal);\n-\n-            terminal.on(\n-                DATA_EVENT_NAME,\n-                new Operation<String>() {\n-                  @Override\n-                  public void apply(String arg) throws OperationException {\n-                    Jso jso = Jso.create();\n-                    jso.addField(\"type\", \"data\");\n-                    jso.addField(\"data\", arg);\n-                    socket.send(jso.serialize());\n-                  }\n-                });\n-          }\n+        () -> {\n+          JavaScriptObject terminalJso = moduleHolder.getModule(\"Xterm\");\n+          terminal = TerminalJso.create(terminalJso, options);\n+          connected = true;\n+\n+          view.openTerminal(terminal);\n+\n+          terminal.on(\n+              DATA_EVENT_NAME,\n+              data -> {\n+                Jso jso = Jso.create();\n+                jso.addField(\"type\", \"data\");\n+                jso.addField(\"data\", data);\n+                socket.send(jso.serialize());\n+              });\n         });\n \n     socket.setOnErrorHandler("},{"sha":"9bc8f983b85adfd7874330be125b1574b5c64324","filename":"ide/che-core-ide-app/src/main/java/org/eclipse/che/ide/terminal/TerminalView.java","status":"modified","additions":7,"deletions":0,"changes":7,"blob_url":"https://github.com/eclipse/che/blob/0b213640aa616699d847f3cc44f7c3c678ca1a7b/ide/che-core-ide-app/src/main/java/org/eclipse/che/ide/terminal/TerminalView.java","raw_url":"https://github.com/eclipse/che/raw/0b213640aa616699d847f3cc44f7c3c678ca1a7b/ide/che-core-ide-app/src/main/java/org/eclipse/che/ide/terminal/TerminalView.java","contents_url":"https://api.github.com/repos/eclipse/che/contents/ide/che-core-ide-app/src/main/java/org/eclipse/che/ide/terminal/TerminalView.java?ref=0b213640aa616699d847f3cc44f7c3c678ca1a7b","patch":"@@ -23,6 +23,13 @@\n interface TerminalView extends View<TerminalView.ActionDelegate> {\n \n   interface ActionDelegate {\n+\n+    /**\n+     * Set terminal size\n+     *\n+     * @param x amount of terminal columns\n+     * @param y amount of terminal rows\n+     */\n     void setTerminalSize(int x, int y);\n   }\n "},{"sha":"c1079f56f81bb2159552333696baec85d11aede1","filename":"ide/che-core-ide-app/src/main/java/org/eclipse/che/ide/terminal/TerminalViewImpl.java","status":"modified","additions":32,"deletions":1,"changes":33,"blob_url":"https://github.com/eclipse/che/blob/0b213640aa616699d847f3cc44f7c3c678ca1a7b/ide/che-core-ide-app/src/main/java/org/eclipse/che/ide/terminal/TerminalViewImpl.java","raw_url":"https://github.com/eclipse/che/raw/0b213640aa616699d847f3cc44f7c3c678ca1a7b/ide/che-core-ide-app/src/main/java/org/eclipse/che/ide/terminal/TerminalViewImpl.java","contents_url":"https://api.github.com/repos/eclipse/che/contents/ide/che-core-ide-app/src/main/java/org/eclipse/che/ide/terminal/TerminalViewImpl.java?ref=0b213640aa616699d847f3cc44f7c3c678ca1a7b","patch":"@@ -16,6 +16,7 @@\n import com.google.gwt.uibinder.client.UiField;\n import com.google.gwt.user.client.Timer;\n import com.google.gwt.user.client.ui.Composite;\n+import com.google.gwt.user.client.ui.Focusable;\n import com.google.gwt.user.client.ui.Label;\n import com.google.gwt.user.client.ui.ResizeLayoutPanel;\n import com.google.gwt.user.client.ui.Widget;\n@@ -26,7 +27,7 @@\n  *\n  * @author Dmitry Shnurenko\n  */\n-final class TerminalViewImpl extends Composite implements TerminalView {\n+final class TerminalViewImpl extends Composite implements TerminalView, Focusable {\n \n   interface TerminalViewImplUiBinder extends UiBinder<Widget, TerminalViewImpl> {}\n \n@@ -106,4 +107,34 @@ private void resizeTerminal() {\n \n     delegate.setTerminalSize(x, y);\n   }\n+\n+  @Override\n+  public int getTabIndex() {\n+    return 0;\n+  }\n+\n+  @Override\n+  public void setAccessKey(char key) {}\n+\n+  private Timer focusTimer =\n+      new Timer() {\n+        @Override\n+        public void run() {\n+          terminal.focus();\n+        }\n+      };\n+\n+  @Override\n+  public void setFocus(boolean focused) {\n+    if (terminal == null || terminal.getElement() == null) {\n+      return;\n+    }\n+\n+    if (focused && !terminal.hasSelection()) {\n+      focusTimer.schedule(10);\n+    }\n+  }\n+\n+  @Override\n+  public void setTabIndex(int index) {}\n }"},{"sha":"bb749052505ecb407b4c6ed45a306142551dceaa","filename":"ide/che-core-ide-app/src/test/java/org/eclipse/che/ide/processes/NewTerminalActionTest.java","status":"modified","additions":2,"deletions":2,"changes":4,"blob_url":"https://github.com/eclipse/che/blob/0b213640aa616699d847f3cc44f7c3c678ca1a7b/ide/che-core-ide-app/src/test/java/org/eclipse/che/ide/processes/NewTerminalActionTest.java","raw_url":"https://github.com/eclipse/che/raw/0b213640aa616699d847f3cc44f7c3c678ca1a7b/ide/che-core-ide-app/src/test/java/org/eclipse/che/ide/processes/NewTerminalActionTest.java","contents_url":"https://api.github.com/repos/eclipse/che/contents/ide/che-core-ide-app/src/test/java/org/eclipse/che/ide/processes/NewTerminalActionTest.java?ref=0b213640aa616699d847f3cc44f7c3c678ca1a7b","patch":"@@ -11,7 +11,7 @@\n package org.eclipse.che.ide.processes;\n \n import static org.mockito.Answers.RETURNS_DEEP_STUBS;\n-import static org.mockito.Matchers.eq;\n+import static org.mockito.Matchers.any;\n import static org.mockito.Mockito.verify;\n \n import com.google.gwtmockito.GwtMockitoTestRunner;\n@@ -49,6 +49,6 @@ public void constructorShouldBeVerified() {\n   public void actionShouldBePerformed() throws Exception {\n     action.actionPerformed(actionEvent);\n \n-    verify(processesPanelPresenter).newTerminal(eq(action));\n+    verify(processesPanelPresenter).newTerminal(any());\n   }\n }"}]}
