{"sha":"0b272001e611b0a1a4093da25efac5f6eb7e9cb7","commit":{"author":{"name":"Oleksii Orel","email":"oorel@codenvy.com","date":"2016-03-18T12:21:46Z"},"committer":{"name":"Oleksii Orel","email":"oorel@codenvy.com","date":"2016-03-18T12:21:46Z"},"message":"Merge pull request #741 from eclipse/dashboard_error_notification\n\nimprove secret key error notification","tree":{"sha":"98fe79d6ad404fc7ab9395963c529fae19e8d5d7","url":"https://api.github.com/repos/eclipse/che/git/trees/98fe79d6ad404fc7ab9395963c529fae19e8d5d7"},"url":"https://api.github.com/repos/eclipse/che/git/commits/0b272001e611b0a1a4093da25efac5f6eb7e9cb7","comment_count":0,"verification":{"verified":false,"reason":"unsigned","signature":null,"payload":null}},"url":"https://api.github.com/repos/eclipse/che/commits/0b272001e611b0a1a4093da25efac5f6eb7e9cb7","html_url":"https://github.com/eclipse/che/commit/0b272001e611b0a1a4093da25efac5f6eb7e9cb7","comments_url":"https://api.github.com/repos/eclipse/che/commits/0b272001e611b0a1a4093da25efac5f6eb7e9cb7/comments","author":{"login":"olexii4","id":6310786,"avatar_url":"https://avatars3.githubusercontent.com/u/6310786?v=4","gravatar_id":"","url":"https://api.github.com/users/olexii4","html_url":"https://github.com/olexii4","followers_url":"https://api.github.com/users/olexii4/followers","following_url":"https://api.github.com/users/olexii4/following{/other_user}","gists_url":"https://api.github.com/users/olexii4/gists{/gist_id}","starred_url":"https://api.github.com/users/olexii4/starred{/owner}{/repo}","subscriptions_url":"https://api.github.com/users/olexii4/subscriptions","organizations_url":"https://api.github.com/users/olexii4/orgs","repos_url":"https://api.github.com/users/olexii4/repos","events_url":"https://api.github.com/users/olexii4/events{/privacy}","received_events_url":"https://api.github.com/users/olexii4/received_events","type":"User","site_admin":false},"committer":{"login":"olexii4","id":6310786,"avatar_url":"https://avatars3.githubusercontent.com/u/6310786?v=4","gravatar_id":"","url":"https://api.github.com/users/olexii4","html_url":"https://github.com/olexii4","followers_url":"https://api.github.com/users/olexii4/followers","following_url":"https://api.github.com/users/olexii4/following{/other_user}","gists_url":"https://api.github.com/users/olexii4/gists{/gist_id}","starred_url":"https://api.github.com/users/olexii4/starred{/owner}{/repo}","subscriptions_url":"https://api.github.com/users/olexii4/subscriptions","organizations_url":"https://api.github.com/users/olexii4/orgs","repos_url":"https://api.github.com/users/olexii4/repos","events_url":"https://api.github.com/users/olexii4/events{/privacy}","received_events_url":"https://api.github.com/users/olexii4/received_events","type":"User","site_admin":false},"parents":[{"sha":"ba4cc74129289cd2fc4ae517de312f6fb4ec686c","url":"https://api.github.com/repos/eclipse/che/commits/ba4cc74129289cd2fc4ae517de312f6fb4ec686c","html_url":"https://github.com/eclipse/che/commit/ba4cc74129289cd2fc4ae517de312f6fb4ec686c"},{"sha":"ce8c001e494a61bf38e3ca3ab5664bba389e40a6","url":"https://api.github.com/repos/eclipse/che/commits/ce8c001e494a61bf38e3ca3ab5664bba389e40a6","html_url":"https://github.com/eclipse/che/commit/ce8c001e494a61bf38e3ca3ab5664bba389e40a6"}],"stats":{"total":58,"additions":23,"deletions":35},"files":[{"sha":"4d1f0b4a4a17513614adc7f7dabea3acaa0c0a26","filename":"dashboard/src/app/projects/create-project/add-ssh-key-notification/add-ssh-key-notification.controller.js","status":"modified","additions":17,"deletions":28,"changes":45,"blob_url":"https://github.com/eclipse/che/blob/0b272001e611b0a1a4093da25efac5f6eb7e9cb7/dashboard/src/app/projects/create-project/add-ssh-key-notification/add-ssh-key-notification.controller.js","raw_url":"https://github.com/eclipse/che/raw/0b272001e611b0a1a4093da25efac5f6eb7e9cb7/dashboard/src/app/projects/create-project/add-ssh-key-notification/add-ssh-key-notification.controller.js","contents_url":"https://api.github.com/repos/eclipse/che/contents/dashboard/src/app/projects/create-project/add-ssh-key-notification/add-ssh-key-notification.controller.js?ref=0b272001e611b0a1a4093da25efac5f6eb7e9cb7","patch":"@@ -11,7 +11,7 @@\n 'use strict';\n \n /**\n- * This class is handling the controller for the add secret key\n+ * This class is handling the controller for the secret key error notification\n  * @author Oleksii Orel\n  */\n export class AddSecretKeyNotificationCtrl {\n@@ -20,44 +20,33 @@ export class AddSecretKeyNotificationCtrl {\n    * Default constructor.\n    * @ngInject for Dependency injection\n    */\n-  constructor($mdDialog, cheAPI, lodash) {\n+  constructor($mdDialog, $location, cheAPI, lodash) {\n     this.$mdDialog = $mdDialog;\n+    this.$location = $location;\n     this.cheAPI = cheAPI;\n     this.lodash = lodash;\n \n-    this.configURL = '#/workspaces';\n+    this.workspacesById = cheAPI.getWorkspace().getWorkspacesById();\n+    this.workspace = this.workspacesById.get(this.workspaceId);\n \n-    // fetch workspaces when initializing\n-    let promise = cheAPI.getWorkspace().fetchWorkspaces();\n-    promise.then(() => {\n-      this.updateConfigURL(this.workspaceId);\n-    }, (error) => {\n-      if (error.status === 304) {\n-        this.updateConfigURL(this.workspaceId);\n-      }\n-    });\n+    if (!this.workspace) {\n+      cheAPI.getWorkspace().fetchWorkspaces().then(() => {\n+        this.workspace = this.workspacesById.get(this.workspaceId);\n+      });\n+    }\n \n   }\n \n   /**\n-   * Update config url.\n-   * @param workspaceId - the ID of the current workspace\n+   * Redirect to IDE preferences.\n    */\n-  updateConfigURL(workspaceId) {\n-    let workspaces = this.cheAPI.getWorkspace().getWorkspaces();\n-\n-    let findWorkspace = this.lodash.find(workspaces, (workspace) => {\n-      return workspace.id === workspaceId;\n-    });\n-\n-    if (findWorkspace) {\n-      let findLink = this.lodash.find(findWorkspace.links, (link) => {\n-        return link.rel === 'ide url';\n-      });\n-      if (findLink) {\n-        this.configURL = findLink.href + '?action=showPreferences';\n-      }\n+  redirectToConfig() {\n+    if (!this.workspace) {\n+      return false;\n     }\n+    this.$location.path('ide/' + this.workspace.config.name).search({action: 'showPreferences'});\n+    this.$mdDialog.hide();\n+    return true;\n   }\n \n   /**"},{"sha":"b93bacc023ca80ad4a8f5584d8785891ef11ec1c","filename":"dashboard/src/app/projects/create-project/add-ssh-key-notification/add-ssh-key-notification.html","status":"modified","additions":6,"deletions":7,"changes":13,"blob_url":"https://github.com/eclipse/che/blob/0b272001e611b0a1a4093da25efac5f6eb7e9cb7/dashboard/src/app/projects/create-project/add-ssh-key-notification/add-ssh-key-notification.html","raw_url":"https://github.com/eclipse/che/raw/0b272001e611b0a1a4093da25efac5f6eb7e9cb7/dashboard/src/app/projects/create-project/add-ssh-key-notification/add-ssh-key-notification.html","contents_url":"https://api.github.com/repos/eclipse/che/contents/dashboard/src/app/projects/create-project/add-ssh-key-notification/add-ssh-key-notification.html?ref=0b272001e611b0a1a4093da25efac5f6eb7e9cb7","patch":"@@ -12,16 +12,15 @@\n -->\n <div class=\"add-ssh-key-notification\">\n   <div class=\"dialog-content\">\n-    <h2>Impossible to import from SSH</h2>\n+    <h2>Cannot clone the repository</h2>\n \n-    <p>The private SSH key is not configured for the repository <b>{{addSecretKeyNotificationCtrl.repoURL}}</b>.</p>\n-\n-    <p>\n-      <che-link ng-href=\"{{addSecretKeyNotificationCtrl.configURL}}\" che-link-text=\"Configure\" che-new-window></che-link>\n-      &nbsp;or Cancel.\n-    </p>\n+    <p>This repository requires an SSH key that is not configured:<b>{{addSecretKeyNotificationCtrl.repoURL}}</b>.</p>\n   </div>\n   <che-button-notice che-button-title=\"Cancel\"\n                      ng-click=\"addSecretKeyNotificationCtrl.abort()\">\n   </che-button-notice>\n+  <che-button-primary che-button-title=\"Generate Key\"\n+                      ng-click=\"addSecretKeyNotificationCtrl.redirectToConfig()\"\n+                      ng-disabled=\"!addSecretKeyNotificationCtrl.workspace\">\n+  </che-button-primary>\n </div>"}]}
